codigo_sku;nome_produto;marca;tamanho;peso_oz;categoria;alergenos;codigo_barras;data_lancamento
BR-00000;Luminos Tomato Ketchup;Luminos;200 mL;5.29;Alimentos > Condimentos;glúten;1819600133891;19/04/2018
BR-00001;Hevara Laundry Powder;Hevara;1000 mL;17.64;Casa > Lavanderia;soja,crustáceos,amendoim;0265423511612;10/01/2022
BR-00002;Verdant Whitening Deodorant;Verdant;50 mL;14.11;Cuidados Pessoais > Desodorante;ovos,peixe,glúten,amendoim;4959310341319;06/04/2022
BR-00003;Teraxis Intensive Moisturiser;Teraxis;250 mL;3.53;Cuidados Pessoais > Rosto > Hidratação;castanhas,soja;4192832764833;21/08/2021
BR-00004;Vanta Refreshing Shower Gel;Vanta;250 mL;10.58;Cuidados Pessoais > Banho;ovos,soja;9537672423888;12/12/2020
BR-00005;TEST-Sovara Oat Protein Bar;Sovara;750 mL;10.58;Alimentos > Petiscos;soja,trigo;8710122691667;02/04/2023
BR-00006;Luxara Fabric Softener;Luxara;50 mL;2.65;Casa > Lavanderia;amendoim,castanhas,ovos,trigo;6270482814899;25/03/2020
BR-00007;Krisol Repair Conditioner;Krisol;100 mL;17.64;Cuidados Pessoais > Cabelo > Condicionador;leite,castanhas,crustáceos,glúten;1543039117183;31/05/2019
BR-00008;Luxara Volumising Conditioner;Luxara;100 mL;7.05;Cuidados Pessoais > Cabelo > Condicionador;glúten,peixe,soja,amendoim;3465787133155;28/03/2018
BR-00009;Plexum Eco Dish Liquid;Plexum;750 mL;5.29;Casa > Limpeza > Louças;;1031051834732;26/06/2019
BR-00010;Clarity Oat Protein Bar;Clarity;400 mL;5.29;Alimentos > Petiscos;peixe,soja,ovos;1656670106512;15/10/2020
BR-00011;Novix Oil Control Face Wash;Novix;400 mL;3.53;Cuidados Pessoais > Rosto > Limpeza;trigo,amendoim,crustáceos;3178108013264;13/06/2023
BR-00012;Cladis Kitchen Cleaner;Cladis;50 mL;3.53;Casa > Limpeza > Superfícies;leite,peixe,amendoim;7468723430987;07/09/2018
BR-00013;Oralix Granola Bar;Oralix;50 mL;14.11;Alimentos > Petiscos;gergelim,trigo,leite,amendoim;1219136193992;12/06/2018
BR-00014;Purelix Dish Liquid;Purelix;1000 mL;17.64;Casa > Limpeza > Louças;amendoim,soja;5346247510793;14/02/2019
BR-00015;Aurova Colour Protect Shampoo;Aurova;500 mL;7.05;Cuidados Pessoais > Cabelo > Shampoo;castanhas;1354278498083;11/05/2021
BR-00016;Tresol Tomato Ketchup;Tresol;200 mL;2.65;Alimentos > Condimentos;;8244935348741;28/07/2018
BR-00017;Nuvelo Repair Shampoo;Nuvelo;50 mL;1.76;Cuidados Pessoais > Cabelo > Shampoo;trigo,amendoim;2786801128058;30/08/2019
BR-00018;Vanta Moisturising Hand Wash;Vanta;200 mL;8.82;Cuidados Pessoais > Sabonete Líquido;;5331586923229;16/08/2022
BR-00019;Tolvex Refreshing Shower Gel;Tolvex;250 mL;10.58;Cuidados Pessoais > Banho;amendoim;2160733754330;07/04/2018
BR-00020;Cladis Mayonnaise;Cladis;250 mL;7.05;Alimentos > Condimentos;;4586850142948;06/06/2018
BR-00021;Sovara Colour Protect Shampoo;Sovara;250 mL;8.82;Cuidados Pessoais > Cabelo > Shampoo;glúten,gergelim,ovos;6934060883560;14/10/2018
BR-00022;Lumeva Mustard Sauce;Lumeva;250 mL;2.65;Alimentos > Condimentos;gergelim,amendoim;6564823662998;17/05/2021
BR-00023;Zephyr Aloe Hand Wash;Zephyr;200 mL;7.05;Cuidados Pessoais > Sabonete Líquido;peixe;9957773872147;13/10/2023
BR-00024;Qualis Vinegar Dressing;Qualis;75 mL;5.29;Alimentos > Condimentos;soja,glúten;2003791769369;18/07/2023
BR-00025;Brightway Moisturising Hand Wash;Brightway;1000 mL;1.76;Cuidados Pessoais > Sabonete Líquido;;6328708317270;16/12/2023
BR-00026;TEST-Toreva Stain Remover;Toreva;400 mL;17.64;Casa > Lavanderia;gergelim,crustáceos,trigo;7743487347147;18/08/2020
BR-00027;Toreva SPF Moisturiser;Toreva;500 mL;2.65;Cuidados Pessoais > Rosto > Hidratação;trigo;3623166587603;27/04/2020
BR-00028;Arovia Foaming Hand Wash;Arovia;750 mL;1.76;Cuidados Pessoais > Sabonete Líquido;peixe,crustáceos,leite,trigo;4668893734677;29/04/2018
BR-00029;Polvera Fragrance-Free Hand Wash;Polvera;1000 mL;10.58;Cuidados Pessoais > Sabonete Líquido;crustáceos;2980699016279;15/01/2020
BR-00030;Motivo Nourishing Body Cleanser;Motivo;250 mL;5.29;Cuidados Pessoais > Banho;castanhas,glúten,peixe;4641708053101;08/05/2018
BR-00031;Luminos Oil Control Face Wash;Luminos;750 mL;3.53;Cuidados Pessoais > Rosto > Limpeza;trigo;7193745299129;28/06/2021
BR-00032;Luminos Colour Protect Shampoo;Luminos;200 mL;10.58;Cuidados Pessoais > Cabelo > Shampoo;soja,ovos,glúten;1491905865181;29/10/2021
BR-00033;Solaris Deep Clean Body Wash;Solaris;75 mL;10.58;Cuidados Pessoais > Banho;glúten,amendoim,peixe;6284987769455;02/10/2020
BR-00034;Orinum Anti-Dandruff Shampoo;Orinum;150 mL;14.11;Cuidados Pessoais > Cabelo > Shampoo;glúten,peixe,castanhas,leite;7527354549489;11/02/2018
BR-00035;Helix Laundry Powder;Helix;150 mL;10.58;Casa > Lavanderia;gergelim,soja,crustáceos;7701436349574;15/12/2023
BR-00036;Tolvex Sensitive Deodorant;Tolvex;500 mL;8.82;Cuidados Pessoais > Desodorante;crustáceos,amendoim;4431351823370;06/02/2021
BR-00037;Krisol Oat Protein Bar;Krisol;500 mL;7.05;Alimentos > Petiscos;;3435240824005;11/04/2021
BR-00038;Teraxis Mixed Nuts Blend;Teraxis;400 mL;2.65;Alimentos > Petiscos;;9477752047118;30/06/2022
00039;Clarity Multi-Surface Spray;Clarity;1000 mL;1.76;Casa > Limpeza > Superfícies;trigo;9413186999388;08/04/2022
BR-00040;DUMMY-Frostine Glass Cleaner;Frostine;750 mL;10.58;Casa > Limpeza > Superfícies;glúten,leite;9133412328125;11/01/2018
BR-00041;Nuarix Foaming Hand Wash;Nuarix;750 mL;14.11;Cuidados Pessoais > Sabonete Líquido;leite,soja;4471349361835;03/09/2019
BR-00042;Purevex Night Cream;Purevex;50 mL;3.53;Cuidados Pessoais > Rosto > Hidratação;glúten,amendoim;7174648877195;13/06/2018
BR-00043;Aevum Fragrance-Free Hand Wash;Aevum;200 mL;1.76;Cuidados Pessoais > Sabonete Líquido;;3990490278744;14/01/2020
BR-00044;Teraxis Heavy Duty Dish Soap;Teraxis;400 mL;2.65;Casa > Limpeza > Louças;castanhas,peixe,glúten;5125674680718;12/07/2021
BR-00045;Glova SPF Moisturiser;Glova;300 mL;17.64;Cuidados Pessoais > Rosto > Hidratação;trigo;8760385977039;29/12/2020
BR-00046;Elaris Laundry Powder;Elaris;400 mL;14.11;Casa > Lavanderia;;0932480861317;06/03/2023
BR-00047;Solaris Volumising Shampoo;Solaris;200 mL;17.64;Cuidados Pessoais > Cabelo > Shampoo;peixe,crustáceos;7378263982146;27/08/2022
BR-00048;Nuvelo Whitening Deodorant;Nuvelo;50 mL;7.05;Cuidados Pessoais > Desodorante;glúten,crustáceos;2787558867535;05/09/2020
BR-00049;Plexum Heavy Duty Dish Soap;Plexum;300 mL;1.76;Casa > Limpeza > Louças;crustáceos,peixe;6270289517184;15/02/2023
BR-00050;Purelix Refreshing Shower Gel;Purelix;1000 mL;3.53;Cuidados Pessoais > Banho;;7459615865789;28/05/2018
BR-00051;Cristalix Dish Liquid;Cristalix;1000 mL;7.05;Casa > Limpeza > Louças;ovos;6117240050451;16/03/2022
BR-00052;Cristalix Moisturising Hand Wash;Cristalix;500 mL;10.58;Cuidados Pessoais > Sabonete Líquido;trigo,glúten,gergelim,leite;9693792374742;08/02/2018
BR-00053;Solvix Bathroom Cleaner;Solvix;500 mL;3.53;Casa > Limpeza > Superfícies;;7594647436719;29/08/2020
BR-00054;Zenpur Aloe Hand Wash;Zenpur;750 mL;7.05;Cuidados Pessoais > Sabonete Líquido;leite,peixe;4090974395338;23/10/2020
BR-00055;Teraxis Mayonnaise;Teraxis;75 mL;1.76;Alimentos > Condimentos;crustáceos,leite;9521456232858;15/12/2023
BR-00056;Nexpur Fabric Softener;Nexpur;200 mL;14.11;Casa > Lavanderia;castanhas,ovos;7123685160487;22/05/2019
BR-00057;Solvix Bathroom Cleaner;Solvix;1000 mL;7.05;Casa > Limpeza > Superfícies;peixe,castanhas,ovos,gergelim;3709859317464;23/04/2019
BR-00058;Vanta Deep Conditioner;Vanta;200 mL;14.11;Cuidados Pessoais > Cabelo > Condicionador;;1382675869267;10/02/2019
BR-00059;Purelix Disinfectant Spray;Purelix;200 mL;1.76;Casa > Limpeza > Superfícies;soja,crustáceos;7351585064318;06/02/2023
BR-00060;Gleam Volumising Shampoo;Gleam;1000 mL;1.76;Cuidados Pessoais > Cabelo > Shampoo;;5329318393358;28/08/2019
BR-00061;Nuvelo Dish Liquid;Nuvelo;100 mL;3.53;Casa > Limpeza > Louças;amendoim,trigo,ovos,castanhas;0205395024024;21/09/2022
BR-00062;Tolvex Liquid Laundry Detergent;Tolvex;75 mL;14.11;Casa > Lavanderia;castanhas,gergelim,ovos;7839084700765;13/10/2022
BR-00063;Solaris Tomato Ketchup;Solaris;400 mL;2.65;Alimentos > Condimentos;;5921249985697;14/12/2023
BR-00064;Primus Intensive Moisturiser;Primus;750 mL;10.58;Cuidados Pessoais > Rosto > Hidratação;;1836736576613;04/07/2021
BR-00065;Polvera Fragrance-Free Hand Wash;Polvera;200 mL;8.82;Cuidados Pessoais > Sabonete Líquido;crustáceos;1111615280981;12/09/2021
BR-00066;Purelix Tomato Ketchup;Purelix;250 mL;10.58;Alimentos > Condimentos;;4945198327316;05/12/2021
BR-00067;Glova Fabric Softener;Glova;200 mL;5.29;Casa > Lavanderia;gergelim,glúten,leite;9402445502292;30/06/2022
BR-00068;Tolvex Volumising Shampoo;Tolvex;1000 mL;1.76;Cuidados Pessoais > Cabelo > Shampoo;;8366752545995;14/12/2018
BR-00069;Nexpur Refreshing Shower Gel;Nexpur;750 mL;1.76;Cuidados Pessoais > Banho;;4767976438157;27/10/2022
BR-00070;XXX-Solvix Anti-Dandruff Shampoo;Solvix;1000 mL;14.11;Cuidados Pessoais > Cabelo > Shampoo;amendoim,leite,soja,crustáceos;9003432445105;31/07/2023
BR-00071;Kaleo Rice Cakes;Kaleo;100 mL;10.58;Alimentos > Petiscos;soja,gergelim,castanhas,leite;6060715969669;31/03/2021
BR-00072;Luminos Repair Shampoo;Luminos;250 mL;3.53;Cuidados Pessoais > Cabelo > Shampoo;crustáceos,castanhas,ovos,soja;1369681645351;20/11/2019
BR-00073;Teraxis Colour Protect Shampoo;Teraxis;75 mL;17.64;Cuidados Pessoais > Cabelo > Shampoo;soja,castanhas,gergelim,crustáceos;2312432921272;16/03/2023
BR-00074;Orinum Eco Dish Liquid;Orinum;1000 mL;8.82;Casa > Limpeza > Louças;trigo,crustáceos;1774490581477;26/01/2023
BR-00075;Vivara Moisturising Body Wash;Vivara;200 mL;2.65;Cuidados Pessoais > Banho;;9986798079354;03/05/2023
BR-00076;Oralix Laundry Powder;Oralix;400 mL;2.65;Casa > Lavanderia;ovos,gergelim;2037788925544;06/05/2022
BR-00077;Solvix Fragrance-Free Hand Wash;Solvix;750 mL;1.76;Cuidados Pessoais > Sabonete Líquido;ovos,castanhas;1864492519254;24/06/2021
BR-00078;Tresol Hot Chilli Sauce;Tresol;750 mL;2.65;Alimentos > Condimentos;;5281685054235;31/10/2021
BR-00079;Plexum Kitchen Cleaner;Plexum;100 mL;3.53;Casa > Limpeza > Superfícies;;4188805929620;27/10/2019
BR-00080;Nexpur Smooth & Shine Conditioner;Nexpur;400 mL;1.76;Cuidados Pessoais > Cabelo > Condicionador;castanhas,soja,crustáceos;9473834735973;07/03/2023
BR-00081;Primus Intensive Moisturiser;Primus;500 mL;10.58;Cuidados Pessoais > Rosto > Hidratação;soja;9240758181410;19/10/2019
BR-00082;Primus Intensive Moisturiser;Primus;100 mL;10.58;Cuidados Pessoais > Rosto > Hidratação;;3750606853612;16/03/2022
BR-00083;Toreva Gentle Face Wash;Toreva;75 mL;8.82;Cuidados Pessoais > Rosto > Limpeza;trigo;0472779010434;05/09/2019
BR-00084;Alteva Stain Remover;Alteva;300 mL;2.65;Casa > Lavanderia;soja,amendoim;1036971179802;12/10/2023
BR-00085;Hevara Dishwasher Tablets;Hevara;100 mL;7.05;Casa > Limpeza > Louças;leite,castanhas,soja;9621851888886;25/03/2018
BR-00086;Vanta Foaming Hand Wash;Vanta;1000 mL;10.58;Cuidados Pessoais > Sabonete Líquido;amendoim,leite;5153195205851;19/12/2019
BR-00087;Nuarix Hot Chilli Sauce;Nuarix;400 mL;3.53;Alimentos > Condimentos;ovos;7043030548688;24/04/2023
BR-00088;Krisol Daily Moisturiser;Krisol;1000 mL;5.29;Cuidados Pessoais > Rosto > Hidratação;castanhas,leite;5415667652779;13/02/2022
BR-00089;Helix Fabric Softener;Helix;300 mL;2.65;Casa > Lavanderia;glúten,trigo,amendoim;5115447962752;06/01/2023
00090;Lumeva Nourishing Body Cleanser;Lumeva;300 mL;7.05;Cuidados Pessoais > Banho;;1658202970219;24/08/2020
BR-00091;Vivara Mustard Sauce;Vivara;300 mL;1.76;Alimentos > Condimentos;trigo,crustáceos,castanhas,glúten;7192856543107;02/02/2020
BR-00092;Motivo Disinfectant Spray;Motivo;500 mL;2.65;Casa > Limpeza > Superfícies;amendoim,crustáceos;3947312172711;02/08/2021
BR-00093;Hevara Mustard Sauce;Hevara;75 mL;17.64;Alimentos > Condimentos;amendoim,glúten,trigo,castanhas;2583132370589;20/02/2022
BR-00094;Tresol Disinfectant Spray;Tresol;750 mL;2.65;Casa > Limpeza > Superfícies;;4678669125172;24/03/2023
BR-00095;Zenpur Vinegar Dressing;Zenpur;100 mL;17.64;Alimentos > Condimentos;trigo,glúten,peixe,amendoim;0182422535848;20/11/2018
BR-00096;Teraxis Night Cream;Teraxis;500 mL;7.05;Cuidados Pessoais > Rosto > Hidratação;amendoim;9818299229955;18/06/2018
BR-00097;Vanta Moisturising Body Wash;Vanta;1000 mL;7.05;Cuidados Pessoais > Banho;;6907844736475;26/10/2018
BR-00098;Nexpur Salted Crackers;Nexpur;400 mL;10.58;Alimentos > Petiscos;crustáceos,soja,castanhas;9255562588157;17/09/2020
BR-00099;Nuvelo Multi-Surface Spray;Nuvelo;400 mL;5.29;Casa > Limpeza > Superfícies;ovos;0469632595320;03/08/2023
BR-00100;Solaris Laundry Capsules;Solaris;200 mL;14.11;Casa > Lavanderia;;1687339500471;12/04/2023
BR-00101;Zephyr Lightweight Lotion;Zephyr;75 mL;10.58;Cuidados Pessoais > Rosto > Hidratação;amendoim;5650609835845;29/10/2018
BR-00102;Orinum Aloe Hand Wash;Orinum;500 mL;7.05;Cuidados Pessoais > Sabonete Líquido;glúten,ovos,trigo,leite;6558523986805;05/07/2018
BR-00103;Hevara Refreshing Shower Gel;Hevara;250 mL;14.11;Cuidados Pessoais > Banho;crustáceos,trigo,gergelim,glúten;9526949588870;12/05/2021
BR-00104;Vivara Multi-Surface Spray;Vivara;250 mL;2.65;Casa > Limpeza > Superfícies;glúten,amendoim,leite;9749930972896;07/04/2022
BR-00105;Vanta Leave-In Conditioner;Vanta;750 mL;2.65;Cuidados Pessoais > Cabelo > Condicionador;leite;7562636897025;26/10/2023
BR-00106;Toreva Hydrating Face Wash;Toreva;1000 mL;14.11;Cuidados Pessoais > Rosto > Limpeza;peixe,castanhas,trigo,soja;8585497334842;10/07/2020
BR-00107;Hevara SPF Moisturiser;Hevara;150 mL;14.11;Cuidados Pessoais > Rosto > Hidratação;crustáceos,castanhas;8441986652401;24/03/2021
BR-00108;Zenpur Salted Crackers;Zenpur;400 mL;7.05;Alimentos > Petiscos;soja,glúten,amendoim;8421993308331;04/08/2018
BR-00109;Qualis Repair Shampoo;Qualis;400 mL;2.65;Cuidados Pessoais > Cabelo > Shampoo;leite;8267734540192;09/08/2020
BR-00110;Kaleo Liquid Laundry Detergent;Kaleo;300 mL;3.53;Casa > Lavanderia;;6724004991549;05/02/2023
BR-00111;Alteva Vinegar Dressing;Alteva;400 mL;3.53;Alimentos > Condimentos;crustáceos,amendoim,soja,peixe;1527420549326;19/07/2022
BR-00112;Toreva Aloe Hand Wash;Toreva;75 mL;10.58;Cuidados Pessoais > Sabonete Líquido;;2275304637452;21/05/2021
BR-00113;Zephyr Eco Dish Liquid;Zephyr;200 mL;8.82;Casa > Limpeza > Louças;leite;1742684145934;16/06/2020
BR-00114;Brightway Volumising Conditioner;Brightway;400 mL;8.82;Cuidados Pessoais > Cabelo > Condicionador;gergelim,crustáceos,soja;3918785191080;02/09/2023
BR-00115;Novix Hydrating Face Wash;Novix;100 mL;3.53;Cuidados Pessoais > Rosto > Limpeza;gergelim,crustáceos;1397187072869;15/02/2023
BR-00116;Luxara Dish Liquid;Luxara;400 mL;7.05;Casa > Limpeza > Louças;;6403910651807;10/10/2018
BR-00117;Elaris Multi-Surface Spray;Elaris;300 mL;3.53;Casa > Limpeza > Superfícies;peixe;5676618251285;29/05/2022
BR-00118;Glicen Laundry Powder;Glicen;150 mL;1.76;Casa > Lavanderia;castanhas,leite,crustáceos;4786863375245;12/02/2020
BR-00119;XXX-Vanta Salted Crackers;Vanta;1000 mL;10.58;Alimentos > Petiscos;leite,soja,gergelim,glúten;1907903067385;08/06/2020
BR-00120;Primus Refreshing Shower Gel;Primus;200 mL;5.29;Cuidados Pessoais > Banho;castanhas,glúten,soja,trigo;2836440892688;24/07/2023
BR-00121;Gleam Nourishing Body Cleanser;Gleam;1000 mL;10.58;Cuidados Pessoais > Banho;castanhas,peixe,gergelim,ovos;4628733427084;18/08/2022
BR-00122;Alteva Aloe Hand Wash;Alteva;100 mL;10.58;Cuidados Pessoais > Sabonete Líquido;amendoim;3517518304690;11/06/2018
BR-00123;Krisol Volumising Shampoo;Krisol;750 mL;17.64;Cuidados Pessoais > Cabelo > Shampoo;crustáceos;3540331739363;07/09/2020
BR-00124;Arovia Fabric Softener;Arovia;200 mL;10.58;Casa > Lavanderia;gergelim,castanhas,amendoim;4587717535569;07/07/2018
BR-00125;Tolvex Dishwasher Tablets;Tolvex;100 mL;1.76;Casa > Limpeza > Louças;gergelim,peixe;4235369378545;25/06/2023
00126;Cryston Rice Cakes;Cryston;100 mL;8.82;Alimentos > Petiscos;trigo;8728080100626;05/08/2020
BR-00127;Zephyr Volumising Shampoo;Zephyr;150 mL;17.64;Cuidados Pessoais > Cabelo > Shampoo;castanhas,leite,crustáceos;7008860084843;12/03/2018
BR-00128;Kaleo Laundry Capsules;Kaleo;75 mL;2.65;Casa > Lavanderia;trigo,soja,gergelim,amendoim;8454615679335;13/05/2021
BR-00129;Gleam Tomato Ketchup;Gleam;1000 mL;1.76;Alimentos > Condimentos;soja;6668700217650;26/01/2019
BR-00130;Plexum Liquid Laundry Detergent;Plexum;150 mL;14.11;Casa > Lavanderia;leite,crustáceos;4890250392613;10/05/2021
BR-00131;Cristalix Smooth & Shine Conditioner;Cristalix;750 mL;10.58;Cuidados Pessoais > Cabelo > Condicionador;castanhas,peixe,trigo,gergelim;1850163159997;13/06/2022
BR-00132;Teraxis 24hr Roll-On Deodorant;Teraxis;200 mL;14.11;Cuidados Pessoais > Desodorante;soja,castanhas,peixe;6296194311426;06/04/2022
BR-00133;Tolvex Mixed Nuts Blend;Tolvex;300 mL;8.82;Alimentos > Petiscos;ovos,glúten;0475412126783;30/09/2023
BR-00134;Luminos Antibacterial Hand Wash;Luminos;75 mL;8.82;Cuidados Pessoais > Sabonete Líquido;ovos,castanhas,peixe,leite;4661839826221;06/01/2021
BR-00135;Solaris SPF Moisturiser;Solaris;100 mL;2.65;Cuidados Pessoais > Rosto > Hidratação;peixe;4647154379932;19/02/2023
BR-00136;Frostine Volumising Shampoo;Frostine;50 mL;10.58;Cuidados Pessoais > Cabelo > Shampoo;glúten,peixe;5756924593757;29/12/2019
BR-00137;Elaris Fragrance-Free Hand Wash;Elaris;1000 mL;14.11;Cuidados Pessoais > Sabonete Líquido;soja,castanhas,peixe,trigo;6519398280733;01/12/2022
BR-00138;Purelix Daily Moisturiser;Purelix;1000 mL;14.11;Cuidados Pessoais > Rosto > Hidratação;amendoim;3426617979688;07/09/2023
BR-00139;Novix Rice Cakes;Novix;50 mL;8.82;Alimentos > Petiscos;glúten,ovos,gergelim,peixe;3529096561013;25/11/2020
BR-00140;Tolvex Hydrating Face Wash;Tolvex;500 mL;17.64;Cuidados Pessoais > Rosto > Limpeza;glúten,soja,crustáceos,trigo;6798250714610;21/04/2019
BR-00141;Zenpur Mixed Nuts Blend;Zenpur;200 mL;8.82;Alimentos > Petiscos;soja,gergelim,crustáceos;5717751401059;24/03/2019
BR-00142;Tolvex Mayonnaise;Tolvex;150 mL;17.64;Alimentos > Condimentos;gergelim;2586736226603;19/03/2020
BR-00143;Sovara Disinfectant Spray;Sovara;300 mL;1.76;Casa > Limpeza > Superfícies;soja;4191825537140;28/06/2023
BR-00144;Aevum Fabric Softener;Aevum;300 mL;10.58;Casa > Lavanderia;ovos,castanhas,gergelim,peixe;7924991251346;25/04/2019
BR-00145;Nuarix Repair Conditioner;Nuarix;100 mL;17.64;Cuidados Pessoais > Cabelo > Condicionador;peixe,trigo,glúten;6278282742251;22/01/2023
BR-00146;Zenpur Dish Liquid;Zenpur;50 mL;14.11;Casa > Limpeza > Louças;soja;6887676772196;07/05/2018
BR-00147;Vanta Brightening Face Wash;Vanta;200 mL;5.29;Cuidados Pessoais > Rosto > Limpeza;amendoim,trigo,crustáceos,glúten;7881914858078;14/06/2020
BR-00148;Tolvex Antibacterial Hand Wash;Tolvex;1000 mL;5.29;Cuidados Pessoais > Sabonete Líquido;leite,crustáceos;4517133959625;25/07/2019
BR-00149;Oralix Oil Control Face Wash;Oralix;750 mL;8.82;Cuidados Pessoais > Rosto > Limpeza;amendoim,gergelim,trigo,crustáceos;4494812604222;19/10/2020
BR-00150;Cristalix Repair Conditioner;Cristalix;1000 mL;10.58;Cuidados Pessoais > Cabelo > Condicionador;trigo,amendoim,peixe;6711684577590;11/01/2018
BR-00151;Glicen Salted Crackers;Glicen;400 mL;8.82;Alimentos > Petiscos;;8636374545896;19/06/2019
00152;Qualis Heavy Duty Dish Soap;Qualis;1000 mL;1.76;Casa > Limpeza > Louças;;1701277063246;14/10/2019
BR-00153;DUMMY-Gleam Daily Moisturiser;Gleam;250 mL;7.05;Cuidados Pessoais > Rosto > Hidratação;;5206436110374;16/11/2018
BR-00154;Plexum Smooth & Shine Conditioner;Plexum;500 mL;14.11;Cuidados Pessoais > Cabelo > Condicionador;;0516271361110;07/07/2021
BR-00155;Tresol Sport Deodorant;Tresol;300 mL;3.53;Cuidados Pessoais > Desodorante;ovos;8909275326971;08/06/2020
BR-00156;Tresol Hydrating Shampoo;Tresol;75 mL;10.58;Cuidados Pessoais > Cabelo > Shampoo;peixe,castanhas;2341389994046;21/04/2020
BR-00157;Primus Stain Remover;Primus;150 mL;10.58;Casa > Lavanderia;leite,soja;7613791805520;04/05/2022
BR-00158;Vivara Heavy Duty Dish Soap;Vivara;500 mL;3.53;Casa > Limpeza > Louças;ovos,leite,glúten;0430068486667;04/12/2018
BR-00159;Novix Vinegar Dressing;Novix;750 mL;3.53;Alimentos > Condimentos;ovos,amendoim;1832856914632;26/08/2018
BR-00160;Sovara Gentle Face Wash;Sovara;75 mL;14.11;Cuidados Pessoais > Rosto > Limpeza;;2102027588429;04/03/2022
BR-00161;Glicen Repair Conditioner;Glicen;75 mL;1.76;Cuidados Pessoais > Cabelo > Condicionador;peixe,amendoim;8149177850796;15/11/2019
BR-00162;Verdant 48hr Spray Deodorant;Verdant;75 mL;2.65;Cuidados Pessoais > Desodorante;gergelim;0003075622085;14/09/2022
00163;Cristalix Brightening Face Wash;Cristalix;300 mL;8.82;Cuidados Pessoais > Rosto > Limpeza;ovos,castanhas;1802380617446;02/09/2021
BR-00164;Cryston Colour Protect Shampoo;Cryston;50 mL;8.82;Cuidados Pessoais > Cabelo > Shampoo;amendoim;9493759738323;27/01/2018
BR-00165;Plexum Antibacterial Hand Wash;Plexum;500 mL;8.82;Cuidados Pessoais > Sabonete Líquido;;5064138367027;20/02/2021
BR-00166;Plexum Hydrating Shampoo;Plexum;500 mL;10.58;Cuidados Pessoais > Cabelo > Shampoo;crustáceos,ovos;9182619906230;09/04/2021
BR-00167;Cladis SPF Moisturiser;Cladis;250 mL;8.82;Cuidados Pessoais > Rosto > Hidratação;amendoim;3291212775610;07/01/2022
BR-00168;Frostine Exfoliating Face Scrub;Frostine;400 mL;7.05;Cuidados Pessoais > Rosto > Limpeza;;1249035213569;05/10/2023
BR-00169;Verdant Nourishing Body Cleanser;Verdant;100 mL;1.76;Cuidados Pessoais > Banho;crustáceos,gergelim,soja;1712100323659;11/12/2018
BR-00170;Verdant Eco Dish Liquid;Verdant;75 mL;1.76;Casa > Limpeza > Louças;;3721510702969;06/06/2022
BR-00171;Motivo Multi-Surface Spray;Motivo;1000 mL;10.58;Casa > Limpeza > Superfícies;castanhas;3244720999344;06/08/2023
BR-00172;Velaris Aloe Hand Wash;Velaris;50 mL;2.65;Cuidados Pessoais > Sabonete Líquido;castanhas,soja,glúten;6383806578756;20/08/2023
BR-00173;Nuvelo Sensitive Deodorant;Nuvelo;100 mL;1.76;Cuidados Pessoais > Desodorante;leite,castanhas,glúten,trigo;0407859321339;27/12/2020
BR-00174;Krisol Liquid Laundry Detergent;Krisol;150 mL;10.58;Casa > Lavanderia;trigo,glúten;3955905992936;10/07/2023
BR-00175;Kaleo Fabric Softener;Kaleo;400 mL;1.76;Casa > Lavanderia;;0393087059321;27/10/2021
BR-00176;Toreva Mixed Nuts Blend;Toreva;50 mL;1.76;Alimentos > Petiscos;glúten;2185156915458;13/07/2019
BR-00177;TEST-Teraxis Volumising Conditioner;Teraxis;400 mL;8.82;Cuidados Pessoais > Cabelo > Condicionador;gergelim;9539264422095;23/05/2022
BR-00178;Kaleo Dish Liquid;Kaleo;750 mL;8.82;Casa > Limpeza > Louças;soja,ovos,crustáceos,gergelim;5135521570437;19/10/2020
BR-00179;Zenpur Salted Crackers;Zenpur;200 mL;2.65;Alimentos > Petiscos;;0676267658614;18/05/2023
BR-00180;Nexpur Dishwasher Tablets;Nexpur;400 mL;2.65;Casa > Limpeza > Louças;;4054115262187;17/01/2019
00181;Lumeva Whitening Deodorant;Lumeva;400 mL;1.76;Cuidados Pessoais > Desodorante;trigo,peixe,glúten;0153368844431;28/01/2019
BR-00182;Clarity Deep Clean Body Wash;Clarity;500 mL;14.11;Cuidados Pessoais > Banho;leite;5061497310329;10/04/2021
BR-00183;Glova Repair Shampoo;Glova;200 mL;10.58;Cuidados Pessoais > Cabelo > Shampoo;crustáceos,amendoim,ovos;8625652704773;14/12/2020
BR-00184;Clarity Brightening Face Wash;Clarity;50 mL;3.53;Cuidados Pessoais > Rosto > Limpeza;;1586938068682;29/04/2023
BR-00185;Velaris Dishwasher Tablets;Velaris;200 mL;2.65;Casa > Limpeza > Louças;leite,gergelim,trigo;1722332061632;29/08/2019
BR-00186;Toreva Rinse Aid;Toreva;75 mL;2.65;Casa > Limpeza > Louças;gergelim,peixe,castanhas;4870998616226;15/02/2019
BR-00187;Arovia Colour Protect Shampoo;Arovia;75 mL;7.05;Cuidados Pessoais > Cabelo > Shampoo;castanhas,peixe,amendoim,soja;7997024629962;08/06/2018
BR-00188;Nuarix Fragrance-Free Hand Wash;Nuarix;150 mL;1.76;Cuidados Pessoais > Sabonete Líquido;amendoim,castanhas,leite;5444713247546;04/09/2022
BR-00189;Serafix Dish Liquid;Serafix;400 mL;5.29;Casa > Limpeza > Louças;crustáceos,gergelim,castanhas;0821486289020;29/02/2020
BR-00190;XXX-Cristalix Gentle Face Wash;Cristalix;50 mL;14.11;Cuidados Pessoais > Rosto > Limpeza;;5345786103572;02/01/2023
BR-00191;Frosten Volumising Conditioner;Frosten;500 mL;8.82;Cuidados Pessoais > Cabelo > Condicionador;ovos,crustáceos;1406029333348;05/08/2022
BR-00192;Arovia Liquid Laundry Detergent;Arovia;1000 mL;1.76;Casa > Lavanderia;trigo,glúten,leite;3494466574378;22/05/2021
BR-00193;Lumeva Vinegar Dressing;Lumeva;300 mL;2.65;Alimentos > Condimentos;;8589944171547;24/08/2021
BR-00194;Gleam SPF Moisturiser;Gleam;1000 mL;7.05;Cuidados Pessoais > Rosto > Hidratação;trigo;8309652074462;16/07/2022
BR-00195;Frosten Antibacterial Hand Wash;Frosten;750 mL;5.29;Cuidados Pessoais > Sabonete Líquido;soja,gergelim;7584282417242;20/01/2020
BR-00196;Gleam Mustard Sauce;Gleam;75 mL;5.29;Alimentos > Condimentos;soja,amendoim;6554947170998;19/10/2018
BR-00197;Primus Kitchen Cleaner;Primus;75 mL;10.58;Casa > Limpeza > Superfícies;ovos,peixe,castanhas,trigo;2235697252175;24/09/2021
BR-00198;Toreva Mayonnaise;Toreva;1000 mL;1.76;Alimentos > Condimentos;;7432927129664;11/07/2022
BR-00199;Motivo Foaming Hand Wash;Motivo;50 mL;1.76;Cuidados Pessoais > Sabonete Líquido;soja,castanhas,leite,trigo;8300335421689;07/06/2021
BR-00200;Vanta Deep Conditioner;Vanta;200 mL;7.05;Cuidados Pessoais > Cabelo > Condicionador;gergelim,glúten,castanhas;6257532603320;15/05/2020
BR-00201;Frosten Salted Crackers;Frosten;500 mL;3.53;Alimentos > Petiscos;;5064890901002;20/04/2019
00202;Motivo Foaming Hand Wash;Motivo;75 mL;17.64;Cuidados Pessoais > Sabonete Líquido;crustáceos,trigo;3046184992615;27/09/2023
BR-00203;Glova Oat Protein Bar;Glova;200 mL;2.65;Alimentos > Petiscos;castanhas,ovos,crustáceos,leite;7393483564200;27/07/2023
BR-00204;Qualis Exfoliating Face Scrub;Qualis;150 mL;1.76;Cuidados Pessoais > Rosto > Limpeza;;1197218114373;27/04/2021
BR-00205;Oralix Intensive Moisturiser;Oralix;75 mL;3.53;Cuidados Pessoais > Rosto > Hidratação;;4556110022556;28/11/2022
BR-00206;Glicen Rinse Aid;Glicen;75 mL;8.82;Casa > Limpeza > Louças;trigo,ovos;6674676212025;01/03/2019
BR-00207;Velaris Aloe Hand Wash;Velaris;750 mL;14.11;Cuidados Pessoais > Sabonete Líquido;glúten;6590277167017;07/12/2020
BR-00208;Zephyr Mustard Sauce;Zephyr;1000 mL;17.64;Alimentos > Condimentos;glúten,soja,castanhas,amendoim;8916375628904;17/02/2018
BR-00209;Primus Mayonnaise;Primus;400 mL;14.11;Alimentos > Condimentos;ovos;7535408386638;19/11/2018
00210;Clarity Glass Cleaner;Clarity;400 mL;2.65;Casa > Limpeza > Superfícies;crustáceos,castanhas,ovos;7016608801997;01/06/2021
BR-00211;Aurova Stain Remover;Aurova;1000 mL;14.11;Casa > Lavanderia;castanhas,leite;3758997571139;09/01/2018
BR-00212;Teraxis Sport Deodorant;Teraxis;200 mL;17.64;Cuidados Pessoais > Desodorante;castanhas,ovos,leite,gergelim;7261493316372;20/02/2020
BR-00213;Solven Granola Bar;Solven;300 mL;1.76;Alimentos > Petiscos;ovos,crustáceos,gergelim,castanhas;9827080869782;27/12/2019
BR-00214;Kaleo Oat Protein Bar;Kaleo;100 mL;2.65;Alimentos > Petiscos;glúten,castanhas,peixe;6934654722695;30/09/2023
BR-00215;Toreva Lightweight Lotion;Toreva;500 mL;5.29;Cuidados Pessoais > Rosto > Hidratação;soja;9452288515874;06/09/2022
BR-00216;Elaris Vinegar Dressing;Elaris;300 mL;1.76;Alimentos > Condimentos;ovos,leite,peixe,glúten;0034244204382;13/05/2018
BR-00217;Solven Sensitive Deodorant;Solven;750 mL;17.64;Cuidados Pessoais > Desodorante;glúten,ovos;6384066658004;26/10/2020
BR-00218;Arovia Hydrating Face Wash;Arovia;400 mL;5.29;Cuidados Pessoais > Rosto > Limpeza;glúten,gergelim;9334721228162;16/06/2018
BR-00219;Luxara Fragrance-Free Hand Wash;Luxara;200 mL;3.53;Cuidados Pessoais > Sabonete Líquido;glúten;4057202590941;03/07/2023
BR-00220;Zenpur Eco Dish Liquid;Zenpur;75 mL;8.82;Casa > Limpeza > Louças;soja,trigo,ovos,peixe;8268861533552;17/01/2022
BR-00221;Krisol Night Cream;Krisol;750 mL;17.64;Cuidados Pessoais > Rosto > Hidratação;gergelim,leite,ovos;5739930561644;04/03/2021
BR-00222;Arovia Sensitive Skin Body Wash;Arovia;250 mL;17.64;Cuidados Pessoais > Banho;crustáceos,glúten,leite,trigo;3581128801337;04/10/2022
00223;Novix Volumising Shampoo;Novix;300 mL;2.65;Cuidados Pessoais > Cabelo > Shampoo;leite;7501102481931;25/11/2020
BR-00224;Orinum Foaming Hand Wash;Orinum;1000 mL;10.58;Cuidados Pessoais > Sabonete Líquido;soja,crustáceos,ovos;1809190158145;19/05/2021
BR-00225;Elaris Dish Liquid;Elaris;400 mL;10.58;Casa > Limpeza > Louças;leite,crustáceos,trigo;8326842450882;03/08/2019
BR-00226;Zephyr Hydrating Shampoo;Zephyr;750 mL;10.58;Cuidados Pessoais > Cabelo > Shampoo;gergelim,ovos,amendoim,glúten;5368222394310;13/01/2020
BR-00227;Oralix Vinegar Dressing;Oralix;500 mL;14.11;Alimentos > Condimentos;ovos,amendoim,glúten,trigo;1397552314914;03/03/2020
BR-00228;Orinum Sensitive Deodorant;Orinum;250 mL;7.05;Cuidados Pessoais > Desodorante;trigo,castanhas,gergelim,soja;2053364525779;30/12/2022
BR-00229;Solaris Sport Deodorant;Solaris;500 mL;2.65;Cuidados Pessoais > Desodorante;glúten;1428341108091;18/07/2022
BR-00230;Vanta Dishwasher Tablets;Vanta;500 mL;7.05;Casa > Limpeza > Louças;gergelim,crustáceos,trigo,glúten;6394278816581;13/02/2018
BR-00231;Lumeva Mayonnaise;Lumeva;1000 mL;3.53;Alimentos > Condimentos;trigo,crustáceos,glúten,ovos;9927503731457;16/08/2020
BR-00232;Alteva Refreshing Shower Gel;Alteva;250 mL;10.58;Cuidados Pessoais > Banho;crustáceos,leite,gergelim;5184498926655;15/11/2018
BR-00233;Motivo Fabric Softener;Motivo;150 mL;17.64;Casa > Lavanderia;castanhas,glúten,crustáceos;7908272318430;08/09/2019
BR-00234;Vivara Leave-In Conditioner;Vivara;750 mL;2.65;Cuidados Pessoais > Cabelo > Condicionador;peixe;5177739260304;08/06/2019
BR-00235;Nexpur Eco Dish Liquid;Nexpur;100 mL;17.64;Casa > Limpeza > Louças;;9202428699045;18/12/2018
BR-00236;Aevum Exfoliating Face Scrub;Aevum;400 mL;14.11;Cuidados Pessoais > Rosto > Limpeza;soja;6929298425798;09/10/2018
BR-00237;Motivo Exfoliating Face Scrub;Motivo;100 mL;2.65;Cuidados Pessoais > Rosto > Limpeza;;3886291279908;17/12/2023
BR-00238;DUMMY-Helix Liquid Laundry Detergent;Helix;400 mL;3.53;Casa > Lavanderia;gergelim,leite,peixe,amendoim;6508637659911;09/10/2022
BR-00239;Velaris Repair Conditioner;Velaris;150 mL;2.65;Cuidados Pessoais > Cabelo > Condicionador;glúten,gergelim;6430098180638;17/07/2021
BR-00240;Solven Fragrance-Free Hand Wash;Solven;100 mL;10.58;Cuidados Pessoais > Sabonete Líquido;amendoim,glúten,peixe,gergelim;5946368872581;05/06/2023
BR-00241;Clarity SPF Moisturiser;Clarity;250 mL;10.58;Cuidados Pessoais > Rosto > Hidratação;ovos;3721386589022;13/05/2022
BR-00242;Helix Tomato Ketchup;Helix;100 mL;14.11;Alimentos > Condimentos;peixe,ovos,gergelim,trigo;3519066984904;19/12/2019
BR-00243;Orinum Hot Chilli Sauce;Orinum;50 mL;5.29;Alimentos > Condimentos;amendoim,soja,leite,peixe;9883920530212;04/02/2021
BR-00244;Polvera Fragrance-Free Hand Wash;Polvera;300 mL;10.58;Cuidados Pessoais > Sabonete Líquido;soja,gergelim,leite,castanhas;1184895543930;06/02/2023
BR-00245;Zephyr Aloe Hand Wash;Zephyr;200 mL;3.53;Cuidados Pessoais > Sabonete Líquido;gergelim,ovos,glúten;8451848947699;04/06/2023
BR-00246;Arovia Brightening Face Wash;Arovia;400 mL;14.11;Cuidados Pessoais > Rosto > Limpeza;leite,crustáceos,ovos,trigo;1633565880436;22/03/2021
BR-00247;Solvix Repair Shampoo;Solvix;250 mL;2.65;Cuidados Pessoais > Cabelo > Shampoo;trigo,crustáceos,castanhas,glúten;3942373334337;10/04/2020
BR-00248;Zenpur Hydrating Face Wash;Zenpur;100 mL;2.65;Cuidados Pessoais > Rosto > Limpeza;;1790807595791;30/01/2021
BR-00249;Krisol Kitchen Cleaner;Krisol;500 mL;7.05;Casa > Limpeza > Superfícies;soja,trigo,leite;8678085627188;28/02/2023
BR-00250;Zephyr 24hr Roll-On Deodorant;Zephyr;1000 mL;5.29;Cuidados Pessoais > Desodorante;glúten,ovos,castanhas;5942843479559;24/01/2020
BR-00251;Aurova Glass Cleaner;Aurova;300 mL;8.82;Casa > Limpeza > Superfícies;peixe,amendoim;7292931438660;14/03/2020
BR-00252;Velaris Leave-In Conditioner;Velaris;50 mL;3.53;Cuidados Pessoais > Cabelo > Condicionador;crustáceos,trigo,castanhas;7448906120348;06/05/2023
BR-00253;Orinum Tomato Ketchup;Orinum;250 mL;7.05;Alimentos > Condimentos;castanhas,gergelim;8450615939981;16/12/2019
BR-00254;Toreva SPF Moisturiser;Toreva;1000 mL;17.64;Cuidados Pessoais > Rosto > Hidratação;crustáceos,ovos,peixe;9472256996115;26/10/2019
BR-00255;Toreva 48hr Spray Deodorant;Toreva;250 mL;7.05;Cuidados Pessoais > Desodorante;glúten,peixe;4759876220239;27/10/2020
BR-00256;Aurova Salted Crackers;Aurova;100 mL;10.58;Alimentos > Petiscos;;1178006811490;29/09/2019
BR-00257;Frostine Repair Shampoo;Frostine;150 mL;5.29;Cuidados Pessoais > Cabelo > Shampoo;crustáceos,trigo;2820055778482;28/12/2022
BR-00258;Kaleo Smooth & Shine Conditioner;Kaleo;750 mL;14.11;Cuidados Pessoais > Cabelo > Condicionador;peixe,gergelim,amendoim,trigo;7831745642407;01/01/2018
BR-00259;Zenpur Laundry Powder;Zenpur;200 mL;14.11;Casa > Lavanderia;leite,crustáceos,gergelim,trigo;0649308536868;05/06/2022
00260;Hevara Oil Control Face Wash;Hevara;1000 mL;10.58;Cuidados Pessoais > Rosto > Limpeza;soja,amendoim,ovos;6389448463122;14/07/2019
BR-00261;Teraxis Daily Moisturiser;Teraxis;400 mL;14.11;Cuidados Pessoais > Rosto > Hidratação;glúten,crustáceos;3502080214423;01/12/2022
BR-00262;XXX-Plexum Salted Crackers;Plexum;75 mL;3.53;Alimentos > Petiscos;;7356475705128;18/08/2018
BR-00263;Purevex Intensive Moisturiser;Purevex;500 mL;14.11;Cuidados Pessoais > Rosto > Hidratação;soja;4601367303719;05/11/2023
BR-00264;Velaris Mayonnaise;Velaris;300 mL;7.05;Alimentos > Condimentos;trigo,leite;8814743503139;14/11/2022
BR-00265;Nexpur 24hr Roll-On Deodorant;Nexpur;200 mL;2.65;Cuidados Pessoais > Desodorante;soja,leite,gergelim;9792513271954;03/09/2018
BR-00266;Gleam Nourishing Body Cleanser;Gleam;100 mL;17.64;Cuidados Pessoais > Banho;;2735857306521;23/10/2020
BR-00267;Hevara Deep Clean Body Wash;Hevara;400 mL;17.64;Cuidados Pessoais > Banho;gergelim,crustáceos;3928557498217;16/12/2023
BR-00268;Elaris Volumising Conditioner;Elaris;200 mL;17.64;Cuidados Pessoais > Cabelo > Condicionador;crustáceos,leite;8620959351866;17/02/2020
BR-00269;Arovia Laundry Capsules;Arovia;500 mL;3.53;Casa > Lavanderia;amendoim,castanhas,peixe,gergelim;5118102203177;24/02/2020
00270;Clarity Hydrating Shampoo;Clarity;1000 mL;10.58;Cuidados Pessoais > Cabelo > Shampoo;gergelim,amendoim,leite;5391037170589;31/08/2022
BR-00271;Lumeva 24hr Roll-On Deodorant;Lumeva;200 mL;17.64;Cuidados Pessoais > Desodorante;;1413811386338;26/11/2023
BR-00272;Clarity Mayonnaise;Clarity;1000 mL;3.53;Alimentos > Condimentos;gergelim,peixe,ovos,glúten;9576122868527;27/12/2023
BR-00273;Zenpur Heavy Duty Dish Soap;Zenpur;250 mL;17.64;Casa > Limpeza > Louças;castanhas,peixe;6593983684571;07/01/2023
BR-00274;Glicen Antibacterial Hand Wash;Glicen;50 mL;7.05;Cuidados Pessoais > Sabonete Líquido;leite,gergelim,trigo,crustáceos;0433504888995;26/09/2019
BR-00275;Cryston Hydrating Shampoo;Cryston;250 mL;3.53;Cuidados Pessoais > Cabelo > Shampoo;amendoim;5933441969313;22/08/2021
BR-00276;Solaris Kitchen Cleaner;Solaris;750 mL;2.65;Casa > Limpeza > Superfícies;amendoim,leite,peixe,gergelim;0556613906043;18/11/2023
BR-00277;Novix Nourishing Body Cleanser;Novix;750 mL;3.53;Cuidados Pessoais > Banho;gergelim,soja;2067998136461;30/08/2019
BR-00278;Helix Repair Conditioner;Helix;400 mL;1.76;Cuidados Pessoais > Cabelo > Condicionador;peixe,amendoim,ovos,soja;8622783769381;18/11/2023
BR-00279;Purevex Oil Control Face Wash;Purevex;200 mL;10.58;Cuidados Pessoais > Rosto > Limpeza;glúten,ovos;1665535590427;03/12/2021
BR-00280;Lumeva Heavy Duty Dish Soap;Lumeva;100 mL;14.11;Casa > Limpeza > Louças;;3352110392405;07/11/2021
BR-00281;Frostine Salted Crackers;Frostine;400 mL;14.11;Alimentos > Petiscos;;5383388487928;17/03/2018
BR-00282;Polvera Aloe Hand Wash;Polvera;500 mL;1.76;Cuidados Pessoais > Sabonete Líquido;trigo,leite;4394070164516;20/03/2018
BR-00283;Plexum Intensive Moisturiser;Plexum;300 mL;17.64;Cuidados Pessoais > Rosto > Hidratação;;5798123878006;10/10/2020
BR-00284;DUMMY-Qualis Fabric Softener;Qualis;400 mL;10.58;Casa > Lavanderia;leite;5554384046086;21/02/2021
BR-00285;Qualis Oil Control Face Wash;Qualis;300 mL;3.53;Cuidados Pessoais > Rosto > Limpeza;;6893639264950;14/01/2023
BR-00286;Aurova Laundry Powder;Aurova;1000 mL;3.53;Casa > Lavanderia;gergelim,soja,trigo,crustáceos;8262925188122;24/07/2021
BR-00287;Krisol Deep Conditioner;Krisol;250 mL;10.58;Cuidados Pessoais > Cabelo > Condicionador;amendoim,crustáceos,glúten;2312209949997;03/08/2020
BR-00288;Plexum Dishwasher Tablets;Plexum;1000 mL;1.76;Casa > Limpeza > Louças;ovos,crustáceos;2897526772232;15/07/2020
BR-00289;Krisol Deep Clean Body Wash;Krisol;50 mL;7.05;Cuidados Pessoais > Banho;soja,glúten,gergelim;1279757366090;08/04/2022
BR-00290;Cladis Granola Bar;Cladis;750 mL;17.64;Alimentos > Petiscos;leite,gergelim,ovos,soja;7038860868037;07/04/2021
BR-00291;Frostine Glass Cleaner;Frostine;200 mL;14.11;Casa > Limpeza > Superfícies;peixe;4908277181292;09/07/2019
BR-00292;Toreva Foaming Hand Wash;Toreva;400 mL;1.76;Cuidados Pessoais > Sabonete Líquido;crustáceos;9371452111752;16/12/2018
BR-00293;Glicen Laundry Capsules;Glicen;500 mL;3.53;Casa > Lavanderia;soja,gergelim,glúten,amendoim;2592222064475;28/03/2021
BR-00294;Glova Mayonnaise;Glova;100 mL;5.29;Alimentos > Condimentos;;9407778097330;03/05/2023
BR-00295;Orinum Glass Cleaner;Orinum;75 mL;1.76;Casa > Limpeza > Superfícies;gergelim;4983022050207;07/05/2021
BR-00296;Oralix 24hr Roll-On Deodorant;Oralix;75 mL;10.58;Cuidados Pessoais > Desodorante;trigo;4999827950147;15/08/2021
BR-00297;Purevex Sensitive Deodorant;Purevex;300 mL;17.64;Cuidados Pessoais > Desodorante;;4721458683398;27/08/2018
BR-00298;Glicen Colour Protect Shampoo;Glicen;1000 mL;17.64;Cuidados Pessoais > Cabelo > Shampoo;;7946954899525;27/07/2023
BR-00299;Solaris Laundry Capsules;Solaris;100 mL;5.29;Casa > Lavanderia;soja,leite;1071396605581;19/05/2020
BR-00300;Nuarix Refreshing Shower Gel;Nuarix;200 mL;7.05;Cuidados Pessoais > Banho;;4488501556992;30/04/2018
BR-00301;Qualis Leave-In Conditioner;Qualis;250 mL;14.11;Cuidados Pessoais > Cabelo > Condicionador;leite,trigo,crustáceos;2785760849585;18/03/2018
BR-00302;Solvix Hydrating Face Wash;Solvix;250 mL;8.82;Cuidados Pessoais > Rosto > Limpeza;;2405682996296;24/04/2019
BR-00303;Hevara SPF Moisturiser;Hevara;50 mL;7.05;Cuidados Pessoais > Rosto > Hidratação;ovos,crustáceos,soja;5743842150315;23/12/2022
BR-00304;Velaris Liquid Laundry Detergent;Velaris;500 mL;3.53;Casa > Lavanderia;castanhas;7845218230763;10/11/2023
BR-00305;Frostine Hydrating Shampoo;Frostine;50 mL;2.65;Cuidados Pessoais > Cabelo > Shampoo;crustáceos,leite;1840943533444;21/12/2023
BR-00306;Polvera Sensitive Deodorant;Polvera;75 mL;7.05;Cuidados Pessoais > Desodorante;trigo;4109881385858;15/01/2021
BR-00307;Clarity Repair Conditioner;Clarity;150 mL;3.53;Cuidados Pessoais > Cabelo > Condicionador;;4958702070165;09/08/2018
BR-00308;Cladis Repair Shampoo;Cladis;100 mL;14.11;Cuidados Pessoais > Cabelo > Shampoo;castanhas,amendoim,glúten,peixe;3817921717477;12/04/2023
BR-00309;Brightway Oil Control Face Wash;Brightway;750 mL;7.05;Cuidados Pessoais > Rosto > Limpeza;peixe,trigo;5577017157720;02/03/2021
BR-00310;TEST-Clarity Whitening Deodorant;Clarity;100 mL;17.64;Cuidados Pessoais > Desodorante;;6158148769632;25/09/2020
BR-00311;Velaris Laundry Powder;Velaris;300 mL;2.65;Casa > Lavanderia;soja,peixe;6958321971995;12/03/2023
BR-00312;Solven Whitening Deodorant;Solven;400 mL;3.53;Cuidados Pessoais > Desodorante;peixe,ovos;9196570132904;24/08/2019
BR-00313;Orinum Mayonnaise;Orinum;500 mL;7.05;Alimentos > Condimentos;glúten,crustáceos,soja;3549465190989;14/07/2022
BR-00314;Oralix Repair Conditioner;Oralix;250 mL;17.64;Cuidados Pessoais > Cabelo > Condicionador;leite,crustáceos;0851403696563;22/07/2022
BR-00315;Novix Foaming Hand Wash;Novix;150 mL;3.53;Cuidados Pessoais > Sabonete Líquido;trigo,soja,peixe;5624220102761;11/07/2019
BR-00316;Gleam Volumising Shampoo;Gleam;300 mL;14.11;Cuidados Pessoais > Cabelo > Shampoo;peixe,trigo,crustáceos,amendoim;6876532690972;27/08/2020
BR-00317;XXX-Nuvelo Oat Protein Bar;Nuvelo;300 mL;17.64;Alimentos > Petiscos;castanhas,leite,gergelim,amendoim;7519712847818;14/11/2023
BR-00318;Cristalix Dish Liquid;Cristalix;400 mL;2.65;Casa > Limpeza > Louças;glúten,amendoim,leite,trigo;8077879565444;18/11/2019
BR-00319;Tolvex Sensitive Skin Body Wash;Tolvex;200 mL;7.05;Cuidados Pessoais > Banho;leite;7929049047124;02/09/2023
BR-00320;Verdant Anti-Dandruff Shampoo;Verdant;100 mL;7.05;Cuidados Pessoais > Cabelo > Shampoo;peixe,gergelim,leite;1929275243723;01/12/2023
BR-00321;Helix Nourishing Body Cleanser;Helix;100 mL;3.53;Cuidados Pessoais > Banho;peixe,glúten,soja;7239504102764;05/05/2023
BR-00322;Tolvex Intensive Moisturiser;Tolvex;500 mL;5.29;Cuidados Pessoais > Rosto > Hidratação;peixe,crustáceos,amendoim;2860476580189;20/12/2021
BR-00323;Gleam Aloe Hand Wash;Gleam;200 mL;8.82;Cuidados Pessoais > Sabonete Líquido;amendoim,ovos;4967393852585;13/02/2018
BR-00324;Purevex Tomato Ketchup;Purevex;50 mL;10.58;Alimentos > Condimentos;;8175344300917;21/08/2018
BR-00325;Aevum Dishwasher Tablets;Aevum;1000 mL;2.65;Casa > Limpeza > Louças;;1926921244714;01/02/2023
BR-00326;Nuarix Intensive Moisturiser;Nuarix;1000 mL;8.82;Cuidados Pessoais > Rosto > Hidratação;trigo,ovos;4066504427176;01/04/2020
BR-00327;Kaleo Heavy Duty Dish Soap;Kaleo;1000 mL;14.11;Casa > Limpeza > Louças;;2863917410113;23/10/2020
BR-00328;Solaris Multi-Surface Spray;Solaris;100 mL;1.76;Casa > Limpeza > Superfícies;;6425690877666;15/10/2018
BR-00329;Zephyr Laundry Powder;Zephyr;300 mL;14.11;Casa > Lavanderia;;9855460158515;26/02/2023
BR-00330;Kaleo Night Cream;Kaleo;500 mL;1.76;Cuidados Pessoais > Rosto > Hidratação;soja,amendoim,peixe;1571732030935;27/06/2023
BR-00331;Novix Antibacterial Hand Wash;Novix;1000 mL;7.05;Cuidados Pessoais > Sabonete Líquido;gergelim,crustáceos,leite;0505061387829;12/08/2020
BR-00332;Tolvex Hydrating Shampoo;Tolvex;100 mL;14.11;Cuidados Pessoais > Cabelo > Shampoo;leite,peixe,ovos,crustáceos;7903202041792;01/12/2019
BR-00333;Solven Dish Liquid;Solven;75 mL;14.11;Casa > Limpeza > Louças;glúten,soja,ovos,peixe;3656519825305;12/12/2019
BR-00334;Glova 24hr Roll-On Deodorant;Glova;200 mL;3.53;Cuidados Pessoais > Desodorante;trigo,castanhas,glúten;7390219620711;27/01/2018
BR-00335;Helix Refreshing Shower Gel;Helix;1000 mL;7.05;Cuidados Pessoais > Banho;crustáceos,trigo,soja;2487632909273;27/12/2018
BR-00336;Zenpur Mustard Sauce;Zenpur;300 mL;1.76;Alimentos > Condimentos;soja,glúten,ovos,amendoim;1958837340310;04/09/2019
00337;Solaris Hot Chilli Sauce;Solaris;100 mL;3.53;Alimentos > Condimentos;;0543645970104;22/12/2019
BR-00338;Solaris Deep Conditioner;Solaris;500 mL;2.65;Cuidados Pessoais > Cabelo > Condicionador;;3799563531539;06/02/2019
BR-00339;Serafix Exfoliating Face Scrub;Serafix;300 mL;5.29;Cuidados Pessoais > Rosto > Limpeza;;7970623972653;13/07/2019
BR-00340;Teraxis Kitchen Cleaner;Teraxis;250 mL;7.05;Casa > Limpeza > Superfícies;castanhas;2090421776255;19/06/2020
BR-00341;Nexpur Lightweight Lotion;Nexpur;1000 mL;3.53;Cuidados Pessoais > Rosto > Hidratação;gergelim,soja,ovos,glúten;8739774063356;14/11/2022
BR-00342;Frosten Dishwasher Tablets;Frosten;100 mL;1.76;Casa > Limpeza > Louças;leite,glúten,crustáceos;8068671773182;20/02/2018
BR-00343;Aurova Rice Cakes;Aurova;100 mL;8.82;Alimentos > Petiscos;soja,ovos;0742799077268;28/01/2020
BR-00344;Hevara Sensitive Deodorant;Hevara;1000 mL;1.76;Cuidados Pessoais > Desodorante;;6580464989317;07/10/2021
BR-00345;Primus Salted Crackers;Primus;1000 mL;8.82;Alimentos > Petiscos;;1657905528185;18/04/2020
BR-00346;Cristalix Repair Conditioner;Cristalix;500 mL;2.65;Cuidados Pessoais > Cabelo > Condicionador;glúten,soja,gergelim;5548640155773;16/08/2023
BR-00347;Velaris Liquid Laundry Detergent;Velaris;500 mL;17.64;Casa > Lavanderia;crustáceos,castanhas;1371162411249;04/04/2019
BR-00348;Solaris Mixed Nuts Blend;Solaris;100 mL;5.29;Alimentos > Petiscos;leite,amendoim,peixe,castanhas;8275670431030;30/10/2023
BR-00349;Purelix Mustard Sauce;Purelix;750 mL;8.82;Alimentos > Condimentos;crustáceos,gergelim;8774924243752;26/03/2021
BR-00350;Zenpur Refreshing Shower Gel;Zenpur;200 mL;14.11;Cuidados Pessoais > Banho;glúten;2842222310592;03/06/2019
BR-00351;Vivara Bathroom Cleaner;Vivara;100 mL;5.29;Casa > Limpeza > Superfícies;leite,castanhas,gergelim,ovos;5782841067279;04/08/2021
BR-00352;Tolvex Deep Conditioner;Tolvex;500 mL;17.64;Cuidados Pessoais > Cabelo > Condicionador;amendoim,crustáceos;4929751702819;15/06/2021
BR-00353;Lumeva Deep Clean Body Wash;Lumeva;150 mL;14.11;Cuidados Pessoais > Banho;ovos,castanhas;0939834301871;24/12/2018
BR-00354;Serafix Laundry Capsules;Serafix;400 mL;8.82;Casa > Lavanderia;glúten,gergelim,leite,castanhas;5626565045543;31/12/2022
BR-00355;Aurova Liquid Laundry Detergent;Aurova;400 mL;10.58;Casa > Lavanderia;amendoim,trigo,peixe;6299123478511;20/03/2022
00356;Purelix Hydrating Shampoo;Purelix;1000 mL;7.05;Cuidados Pessoais > Cabelo > Shampoo;trigo,gergelim,crustáceos;9232648704946;17/07/2023
BR-00357;Plexum Laundry Capsules;Plexum;50 mL;1.76;Casa > Lavanderia;amendoim;4714627301476;01/10/2018
BR-00358;Frosten Rinse Aid;Frosten;400 mL;10.58;Casa > Limpeza > Louças;crustáceos,ovos;5890429025723;03/01/2022
BR-00359;Nuvelo Deep Conditioner;Nuvelo;250 mL;10.58;Cuidados Pessoais > Cabelo > Condicionador;leite,amendoim;4818321928554;18/05/2021
BR-00360;Solven SPF Moisturiser;Solven;500 mL;8.82;Cuidados Pessoais > Rosto > Hidratação;leite;2845765213283;24/06/2020
BR-00361;Lumeva Hydrating Face Wash;Lumeva;500 mL;17.64;Cuidados Pessoais > Rosto > Limpeza;ovos,peixe,crustáceos,leite;1207545279857;07/12/2019
BR-00362;Luminos Granola Bar;Luminos;75 mL;5.29;Alimentos > Petiscos;trigo;3423216110764;24/06/2018
BR-00363;Vanta Gentle Face Wash;Vanta;1000 mL;17.64;Cuidados Pessoais > Rosto > Limpeza;leite,crustáceos,ovos,trigo;0140119393256;30/04/2018
BR-00364;Tolvex Volumising Shampoo;Tolvex;200 mL;8.82;Cuidados Pessoais > Cabelo > Shampoo;trigo,gergelim;9389119083342;05/12/2019
BR-00365;Glicen Liquid Laundry Detergent;Glicen;75 mL;5.29;Casa > Lavanderia;peixe,soja,gergelim,glúten;1256638361511;24/03/2023
BR-00366;Tresol Colour Protect Shampoo;Tresol;400 mL;8.82;Cuidados Pessoais > Cabelo > Shampoo;gergelim,leite;1571647947380;27/07/2022
BR-00367;Serafix Intensive Moisturiser;Serafix;75 mL;14.11;Cuidados Pessoais > Rosto > Hidratação;trigo,leite;7167811266919;23/11/2019
BR-00368;Serafix Anti-Dandruff Shampoo;Serafix;250 mL;5.29;Cuidados Pessoais > Cabelo > Shampoo;peixe,ovos,soja,glúten;6749946579679;26/09/2023
BR-00369;Arovia Night Cream;Arovia;400 mL;2.65;Cuidados Pessoais > Rosto > Hidratação;;4773201017028;17/04/2022
BR-00370;Brightway Rinse Aid;Brightway;200 mL;2.65;Casa > Limpeza > Louças;;8773477848582;14/03/2018
BR-00371;Glova Deep Clean Body Wash;Glova;300 mL;14.11;Cuidados Pessoais > Banho;peixe,crustáceos;7002842762460;20/06/2023
BR-00372;Solvix Colour Protect Shampoo;Solvix;400 mL;17.64;Cuidados Pessoais > Cabelo > Shampoo;castanhas,amendoim,trigo,leite;2806479695451;09/09/2018
BR-00373;Vanta Sensitive Skin Body Wash;Vanta;100 mL;8.82;Cuidados Pessoais > Banho;glúten,leite;5616556503336;02/07/2021
BR-00374;Nuarix Dish Liquid;Nuarix;75 mL;7.05;Casa > Limpeza > Louças;;5208507698644;25/03/2018
BR-00375;DUMMY-Frosten Rice Cakes;Frosten;50 mL;8.82;Alimentos > Petiscos;glúten,peixe,castanhas;9171357852947;28/01/2022
BR-00376;Solaris Moisturising Hand Wash;Solaris;1000 mL;2.65;Cuidados Pessoais > Sabonete Líquido;soja,amendoim,gergelim,leite;4963919195419;16/12/2023
BR-00377;Aurova Glass Cleaner;Aurova;250 mL;2.65;Casa > Limpeza > Superfícies;gergelim,amendoim;6853664987828;18/03/2018
BR-00378;Kaleo Vinegar Dressing;Kaleo;750 mL;14.11;Alimentos > Condimentos;crustáceos;4896908357232;09/09/2019
BR-00379;Sovara Granola Bar;Sovara;300 mL;8.82;Alimentos > Petiscos;;3644249363129;26/02/2020
BR-00380;Frostine Refreshing Shower Gel;Frostine;400 mL;14.11;Cuidados Pessoais > Banho;peixe,glúten,leite,ovos;2420448207003;10/12/2018
BR-00381;Frostine Whitening Deodorant;Frostine;75 mL;10.58;Cuidados Pessoais > Desodorante;ovos,peixe;2319818984715;02/09/2020
BR-00382;Arovia Dish Liquid;Arovia;250 mL;8.82;Casa > Limpeza > Louças;peixe,soja,glúten,ovos;2123476490781;15/03/2022
BR-00383;Toreva Salted Crackers;Toreva;500 mL;10.58;Alimentos > Petiscos;soja,amendoim,trigo;5754090034869;20/06/2021
BR-00384;Solvix Mustard Sauce;Solvix;75 mL;17.64;Alimentos > Condimentos;crustáceos;6064413432753;23/07/2022
BR-00385;Helix Nourishing Body Cleanser;Helix;400 mL;14.11;Cuidados Pessoais > Banho;castanhas,peixe,ovos;2481569857003;23/01/2020
BR-00386;Gleam Hot Chilli Sauce;Gleam;100 mL;1.76;Alimentos > Condimentos;soja,amendoim,castanhas;9112382965776;01/07/2019
BR-00387;Solvix Night Cream;Solvix;750 mL;8.82;Cuidados Pessoais > Rosto > Hidratação;soja,ovos;6526693008931;31/12/2018
BR-00388;Verdant Kitchen Cleaner;Verdant;100 mL;1.76;Casa > Limpeza > Superfícies;glúten,peixe,amendoim;2152910867711;08/07/2020
BR-00389;Serafix Mixed Nuts Blend;Serafix;200 mL;7.05;Alimentos > Petiscos;peixe,trigo,glúten;3934362620446;22/08/2020
BR-00390;Cristalix Heavy Duty Dish Soap;Cristalix;250 mL;14.11;Casa > Limpeza > Louças;;0725636694118;29/08/2018
BR-00391;Cristalix Nourishing Body Cleanser;Cristalix;400 mL;8.82;Cuidados Pessoais > Banho;glúten,leite,gergelim,trigo;8964652809249;27/11/2019
BR-00392;Qualis Laundry Capsules;Qualis;400 mL;3.53;Casa > Lavanderia;;5862415027455;28/10/2022
BR-00393;Lumeva SPF Moisturiser;Lumeva;200 mL;17.64;Cuidados Pessoais > Rosto > Hidratação;peixe,trigo;5728703203201;11/04/2023
BR-00394;Hevara Night Cream;Hevara;400 mL;10.58;Cuidados Pessoais > Rosto > Hidratação;;7075877712151;19/01/2019
BR-00395;TEST-Kaleo Brightening Face Wash;Kaleo;100 mL;17.64;Cuidados Pessoais > Rosto > Limpeza;glúten,soja;9089261371501;10/03/2021
BR-00396;Cladis Tomato Ketchup;Cladis;250 mL;2.65;Alimentos > Condimentos;trigo,leite;1777490509755;14/06/2019
BR-00397;Gleam Gentle Face Wash;Gleam;200 mL;8.82;Cuidados Pessoais > Rosto > Limpeza;;1896164236107;02/05/2020
BR-00398;Arovia Volumising Conditioner;Arovia;300 mL;7.05;Cuidados Pessoais > Cabelo > Condicionador;ovos;4764925158371;30/12/2022
BR-00399;Nuvelo Foaming Hand Wash;Nuvelo;750 mL;10.58;Cuidados Pessoais > Sabonete Líquido;;6592661085730;28/09/2019
BR-00400;Teraxis Disinfectant Spray;Teraxis;1000 mL;17.64;Casa > Limpeza > Superfícies;;4761742243860;25/04/2021
BR-00401;Luxara Dish Liquid;Luxara;75 mL;1.76;Casa > Limpeza > Louças;ovos,gergelim,peixe,soja;1794549180178;06/01/2020
BR-00402;Vanta Volumising Conditioner;Vanta;75 mL;10.58;Cuidados Pessoais > Cabelo > Condicionador;castanhas,crustáceos;7945232194161;29/12/2023
BR-00403;Cladis Moisturising Body Wash;Cladis;75 mL;1.76;Cuidados Pessoais > Banho;trigo;7697499564125;08/07/2019
BR-00404;Glova Refreshing Shower Gel;Glova;50 mL;5.29;Cuidados Pessoais > Banho;;3723683147271;25/09/2022
BR-00405;Nexpur Moisturising Body Wash;Nexpur;100 mL;14.11;Cuidados Pessoais > Banho;crustáceos,leite,glúten;9334960501668;24/07/2023
BR-00406;Aevum Oat Protein Bar;Aevum;500 mL;7.05;Alimentos > Petiscos;;7678997308060;17/07/2021
BR-00407;Nuvelo Liquid Laundry Detergent;Nuvelo;1000 mL;10.58;Casa > Lavanderia;ovos,crustáceos,castanhas;7602437573831;21/10/2021
BR-00408;Tresol Heavy Duty Dish Soap;Tresol;200 mL;10.58;Casa > Limpeza > Louças;castanhas,crustáceos,trigo;9341722329712;31/08/2022
BR-00409;Cristalix Bathroom Cleaner;Cristalix;150 mL;17.64;Casa > Limpeza > Superfícies;;0545228015615;17/07/2020
BR-00410;TEST-Plexum Colour Protect Shampoo;Plexum;400 mL;7.05;Cuidados Pessoais > Cabelo > Shampoo;castanhas,leite;8428910771193;22/02/2019
BR-00411;Primus Liquid Laundry Detergent;Primus;75 mL;3.53;Casa > Lavanderia;;3524787125529;19/05/2019
BR-00412;Purelix Exfoliating Face Scrub;Purelix;50 mL;5.29;Cuidados Pessoais > Rosto > Limpeza;castanhas,amendoim,trigo;1456532863269;21/08/2022
BR-00413;Alteva Foaming Hand Wash;Alteva;1000 mL;8.82;Cuidados Pessoais > Sabonete Líquido;;7208115562601;30/05/2022
BR-00414;Clarity Refreshing Shower Gel;Clarity;50 mL;17.64;Cuidados Pessoais > Banho;peixe,glúten;8455048926737;17/12/2022
BR-00415;Gleam Granola Bar;Gleam;300 mL;5.29;Alimentos > Petiscos;ovos,leite;8562884318845;06/11/2023
BR-00416;Luminos 48hr Spray Deodorant;Luminos;50 mL;17.64;Cuidados Pessoais > Desodorante;amendoim,soja,glúten,castanhas;6810548510176;05/05/2021
BR-00417;Cryston Dish Liquid;Cryston;250 mL;5.29;Casa > Limpeza > Louças;glúten,gergelim,soja,trigo;4492683158936;19/01/2022
BR-00418;Brightway Multi-Surface Spray;Brightway;300 mL;10.58;Casa > Limpeza > Superfícies;;1062737158699;27/10/2023
BR-00419;Frosten Fragrance-Free Hand Wash;Frosten;400 mL;10.58;Cuidados Pessoais > Sabonete Líquido;crustáceos,peixe,trigo;2827728813778;14/05/2018
BR-00420;Luxara Mixed Nuts Blend;Luxara;250 mL;2.65;Alimentos > Petiscos;peixe,ovos,gergelim,trigo;9408215454471;25/04/2018
BR-00421;Frosten Leave-In Conditioner;Frosten;300 mL;1.76;Cuidados Pessoais > Cabelo > Condicionador;amendoim,soja;2701851067942;27/01/2023
BR-00422;Velaris Sensitive Deodorant;Velaris;750 mL;3.53;Cuidados Pessoais > Desodorante;gergelim;7772519966360;20/10/2021
BR-00423;Polvera Liquid Laundry Detergent;Polvera;400 mL;7.05;Casa > Lavanderia;;2094818139890;05/08/2018
BR-00424;Serafix Eco Dish Liquid;Serafix;400 mL;17.64;Casa > Limpeza > Louças;leite,peixe;1820433971895;05/08/2021
BR-00425;Vanta Aloe Hand Wash;Vanta;400 mL;1.76;Cuidados Pessoais > Sabonete Líquido;peixe,trigo;6085641118240;13/08/2019
BR-00426;Arovia Repair Conditioner;Arovia;75 mL;3.53;Cuidados Pessoais > Cabelo > Condicionador;peixe,trigo;0952004615264;20/08/2021
BR-00427;Glova Intensive Moisturiser;Glova;50 mL;5.29;Cuidados Pessoais > Rosto > Hidratação;glúten;9378861405786;26/07/2022
BR-00428;Luminos Repair Shampoo;Luminos;300 mL;5.29;Cuidados Pessoais > Cabelo > Shampoo;;4891382496712;12/08/2023
BR-00429;Vivara Oil Control Face Wash;Vivara;500 mL;3.53;Cuidados Pessoais > Rosto > Limpeza;gergelim;6870079420078;24/01/2021
BR-00430;Solvix Rinse Aid;Solvix;300 mL;8.82;Casa > Limpeza > Louças;glúten;8402891416120;18/02/2021
BR-00431;Lumeva Moisturising Hand Wash;Lumeva;500 mL;8.82;Cuidados Pessoais > Sabonete Líquido;amendoim,crustáceos;4355379502096;06/05/2023
BR-00432;Solvix Moisturising Body Wash;Solvix;100 mL;10.58;Cuidados Pessoais > Banho;crustáceos,peixe,ovos,gergelim;1807156956200;27/05/2019
BR-00433;Serafix Bathroom Cleaner;Serafix;400 mL;1.76;Casa > Limpeza > Superfícies;leite;4531943375048;12/07/2023
BR-00434;TEST-Aurova Oat Protein Bar;Aurova;50 mL;5.29;Alimentos > Petiscos;ovos,amendoim,crustáceos;2839992192121;29/11/2020
BR-00435;Alteva Dishwasher Tablets;Alteva;200 mL;5.29;Casa > Limpeza > Louças;;8948706056643;14/05/2019
BR-00436;Cryston Vinegar Dressing;Cryston;400 mL;8.82;Alimentos > Condimentos;leite,soja,glúten,trigo;6875063519035;02/10/2022
BR-00437;Serafix Volumising Shampoo;Serafix;100 mL;8.82;Cuidados Pessoais > Cabelo > Shampoo;ovos,glúten;0760954317356;11/08/2018
BR-00438;Cristalix Whitening Deodorant;Cristalix;75 mL;14.11;Cuidados Pessoais > Desodorante;;7911006512073;13/08/2018
BR-00439;Teraxis Lightweight Lotion;Teraxis;300 mL;2.65;Cuidados Pessoais > Rosto > Hidratação;;0804661963991;13/02/2018
BR-00440;Cryston Glass Cleaner;Cryston;300 mL;2.65;Casa > Limpeza > Superfícies;leite,crustáceos;8593110919390;01/06/2019
BR-00441;Verdant Vinegar Dressing;Verdant;250 mL;10.58;Alimentos > Condimentos;glúten,crustáceos,trigo;3200249685496;20/08/2019
BR-00442;Frostine Volumising Conditioner;Frostine;750 mL;8.82;Cuidados Pessoais > Cabelo > Condicionador;castanhas,leite;8920388065335;04/04/2020
BR-00443;Serafix Anti-Dandruff Shampoo;Serafix;1000 mL;14.11;Cuidados Pessoais > Cabelo > Shampoo;glúten,castanhas,gergelim;9465217073031;01/08/2020
BR-00444;Aurova Disinfectant Spray;Aurova;150 mL;14.11;Casa > Limpeza > Superfícies;peixe,soja;6205015081240;09/12/2022
BR-00445;Krisol Hydrating Face Wash;Krisol;250 mL;1.76;Cuidados Pessoais > Rosto > Limpeza;;3342342583238;30/03/2018
BR-00446;Solven Repair Conditioner;Solven;50 mL;3.53;Cuidados Pessoais > Cabelo > Condicionador;ovos,castanhas,soja;4735528961125;20/06/2019
BR-00447;Novix Oil Control Face Wash;Novix;300 mL;8.82;Cuidados Pessoais > Rosto > Limpeza;glúten,peixe;3099384253048;02/06/2019
BR-00448;Solaris Stain Remover;Solaris;150 mL;2.65;Casa > Lavanderia;glúten,ovos,trigo;8685787255878;20/07/2023
BR-00449;Frosten Bathroom Cleaner;Frosten;300 mL;1.76;Casa > Limpeza > Superfícies;soja;3736346692544;14/12/2018
BR-00450;Elaris Deep Conditioner;Elaris;400 mL;17.64;Cuidados Pessoais > Cabelo > Condicionador;soja,leite;7895677665750;23/01/2021
BR-00451;Kaleo Antibacterial Hand Wash;Kaleo;400 mL;5.29;Cuidados Pessoais > Sabonete Líquido;ovos,castanhas;1488814311151;06/06/2018
BR-00452;Qualis Laundry Powder;Qualis;150 mL;8.82;Casa > Lavanderia;amendoim,glúten;3928404456698;18/02/2018
BR-00453;Krisol Disinfectant Spray;Krisol;100 mL;10.58;Casa > Limpeza > Superfícies;soja;3738987751536;23/10/2022
BR-00454;Aurova Rice Cakes;Aurova;400 mL;14.11;Alimentos > Petiscos;leite,castanhas,trigo,amendoim;2407553666840;28/08/2021
BR-00455;Clarity Dish Liquid;Clarity;50 mL;3.53;Casa > Limpeza > Louças;castanhas;9999663618633;29/04/2023
BR-00456;Clarity Anti-Dandruff Shampoo;Clarity;400 mL;7.05;Cuidados Pessoais > Cabelo > Shampoo;;2182097023167;08/03/2021
BR-00457;Elaris Oil Control Face Wash;Elaris;1000 mL;17.64;Cuidados Pessoais > Rosto > Limpeza;;7058025662126;10/09/2022
00458;Motivo Multi-Surface Spray;Motivo;150 mL;3.53;Casa > Limpeza > Superfícies;amendoim;6729949387433;31/01/2018
BR-00459;Purevex Volumising Conditioner;Purevex;300 mL;5.29;Cuidados Pessoais > Cabelo > Condicionador;castanhas,crustáceos,gergelim,soja;9014754692634;06/01/2020
BR-00460;Cryston Heavy Duty Dish Soap;Cryston;300 mL;3.53;Casa > Limpeza > Louças;ovos,peixe,leite,glúten;2484137681512;07/03/2019
BR-00461;Purelix Fabric Softener;Purelix;400 mL;3.53;Casa > Lavanderia;soja,gergelim;0701765636007;23/10/2020
BR-00462;Toreva Volumising Shampoo;Toreva;1000 mL;14.11;Cuidados Pessoais > Cabelo > Shampoo;crustáceos,ovos,gergelim;8372742209129;19/04/2021
BR-00463;Tolvex Colour Protect Shampoo;Tolvex;300 mL;3.53;Cuidados Pessoais > Cabelo > Shampoo;;0427523083707;12/11/2023
BR-00464;Motivo Tomato Ketchup;Motivo;200 mL;14.11;Alimentos > Condimentos;;9006335331063;25/04/2018
BR-00465;Serafix Nourishing Body Cleanser;Serafix;1000 mL;2.65;Cuidados Pessoais > Banho;ovos;2206815583938;07/06/2022
BR-00466;Plexum Antibacterial Hand Wash;Plexum;150 mL;2.65;Cuidados Pessoais > Sabonete Líquido;castanhas,trigo;0650637314959;29/06/2018
BR-00467;Purelix Volumising Shampoo;Purelix;200 mL;14.11;Cuidados Pessoais > Cabelo > Shampoo;;8924195625256;29/05/2023
BR-00468;Luminos Anti-Dandruff Shampoo;Luminos;750 mL;14.11;Cuidados Pessoais > Cabelo > Shampoo;gergelim,soja,leite;3091436391029;15/03/2022
BR-00469;Serafix Bathroom Cleaner;Serafix;100 mL;10.58;Casa > Limpeza > Superfícies;leite;3975245086409;27/07/2020
BR-00470;Qualis Granola Bar;Qualis;150 mL;5.29;Alimentos > Petiscos;leite,soja,gergelim,amendoim;6852701713024;16/04/2020
BR-00471;Kaleo Deep Conditioner;Kaleo;750 mL;17.64;Cuidados Pessoais > Cabelo > Condicionador;soja;8167423362930;26/05/2021
BR-00472;Orinum Lightweight Lotion;Orinum;1000 mL;5.29;Cuidados Pessoais > Rosto > Hidratação;crustáceos,ovos;5662776896277;23/03/2018
BR-00473;Helix Foaming Hand Wash;Helix;200 mL;17.64;Cuidados Pessoais > Sabonete Líquido;gergelim;2467474689717;26/09/2021
BR-00474;Serafix Volumising Conditioner;Serafix;100 mL;5.29;Cuidados Pessoais > Cabelo > Condicionador;;0857666567497;19/10/2018
BR-00475;Glova Antibacterial Hand Wash;Glova;300 mL;3.53;Cuidados Pessoais > Sabonete Líquido;peixe;4587506633704;20/01/2022
BR-00476;Nuarix Tomato Ketchup;Nuarix;1000 mL;3.53;Alimentos > Condimentos;glúten,crustáceos;2439920116696;26/11/2018
BR-00477;Sovara Laundry Powder;Sovara;100 mL;10.58;Casa > Lavanderia;amendoim,gergelim;8694611952432;19/06/2022
BR-00478;Zephyr Granola Bar;Zephyr;100 mL;14.11;Alimentos > Petiscos;;1168646225221;22/03/2020
BR-00479;Primus Kitchen Cleaner;Primus;75 mL;14.11;Casa > Limpeza > Superfícies;soja,trigo,glúten,leite;2346791214164;26/05/2019
BR-00480;Qualis Daily Moisturiser;Qualis;50 mL;5.29;Cuidados Pessoais > Rosto > Hidratação;crustáceos,ovos,leite;0409013806980;24/12/2020
BR-00481;Krisol Glass Cleaner;Krisol;250 mL;10.58;Casa > Limpeza > Superfícies;castanhas,glúten;5356690551076;04/07/2022
BR-00482;Luminos Mixed Nuts Blend;Luminos;750 mL;2.65;Alimentos > Petiscos;amendoim,soja,castanhas,gergelim;9786305050575;14/08/2020
BR-00483;Cladis Heavy Duty Dish Soap;Cladis;750 mL;2.65;Casa > Limpeza > Louças;peixe,crustáceos;1649328980275;23/12/2018
BR-00484;Cryston Lightweight Lotion;Cryston;100 mL;14.11;Cuidados Pessoais > Rosto > Hidratação;;7833321160251;20/04/2022
BR-00485;Glicen Night Cream;Glicen;200 mL;14.11;Cuidados Pessoais > Rosto > Hidratação;;2871539915664;25/11/2022
BR-00486;Verdant Oil Control Face Wash;Verdant;75 mL;7.05;Cuidados Pessoais > Rosto > Limpeza;;1159319525694;07/01/2018
BR-00487;Frosten Daily Moisturiser;Frosten;500 mL;5.29;Cuidados Pessoais > Rosto > Hidratação;peixe,castanhas,gergelim;2899316087526;30/04/2021
BR-00488;Solvix Exfoliating Face Scrub;Solvix;400 mL;3.53;Cuidados Pessoais > Rosto > Limpeza;amendoim,trigo,leite,glúten;5481497374600;26/09/2021
BR-00489;Glicen Leave-In Conditioner;Glicen;150 mL;1.76;Cuidados Pessoais > Cabelo > Condicionador;crustáceos;6420865675665;22/10/2018
BR-00490;Elaris Fabric Softener;Elaris;150 mL;17.64;Casa > Lavanderia;ovos,trigo,castanhas;9047292774234;12/06/2020
BR-00491;Tolvex Mixed Nuts Blend;Tolvex;1000 mL;1.76;Alimentos > Petiscos;glúten,ovos;2662015720182;18/10/2021
BR-00492;Brightway Heavy Duty Dish Soap;Brightway;1000 mL;10.58;Casa > Limpeza > Louças;leite;1367492617642;29/12/2022
00493;Glova 24hr Roll-On Deodorant;Glova;75 mL;2.65;Cuidados Pessoais > Desodorante;;7830999741928;22/04/2022
BR-00494;Frostine Glass Cleaner;Frostine;750 mL;3.53;Casa > Limpeza > Superfícies;;5182606888710;27/10/2023
BR-00495;Hevara Eco Dish Liquid;Hevara;1000 mL;2.65;Casa > Limpeza > Louças;ovos;2920875102938;23/10/2019
BR-00496;Verdant Colour Protect Shampoo;Verdant;50 mL;2.65;Cuidados Pessoais > Cabelo > Shampoo;;8458260340848;28/12/2023
BR-00497;Clarity Kitchen Cleaner;Clarity;400 mL;8.82;Casa > Limpeza > Superfícies;castanhas,gergelim,soja,glúten;1030324329838;10/01/2022
BR-00498;Glicen Night Cream;Glicen;750 mL;10.58;Cuidados Pessoais > Rosto > Hidratação;;8446267146280;14/04/2020
BR-00499;Teraxis Anti-Dandruff Shampoo;Teraxis;1000 mL;5.29;Cuidados Pessoais > Cabelo > Shampoo;glúten,gergelim;9262566093143;26/05/2019
BR-00500;Solvix Liquid Laundry Detergent;Solvix;500 mL;10.58;Casa > Lavanderia;gergelim,amendoim,leite;5155423401639;31/03/2022
BR-00501;Kaleo Hydrating Shampoo;Kaleo;500 mL;7.05;Cuidados Pessoais > Cabelo > Shampoo;crustáceos,ovos,castanhas,glúten;9484910256251;18/12/2023
BR-00502;Cladis Stain Remover;Cladis;400 mL;3.53;Casa > Lavanderia;leite,gergelim;2226940539679;20/01/2020
BR-00503;TEST-Cryston Bathroom Cleaner;Cryston;500 mL;7.05;Casa > Limpeza > Superfícies;peixe,gergelim;3414651113120;24/08/2018
BR-00504;Luxara Anti-Dandruff Shampoo;Luxara;400 mL;1.76;Cuidados Pessoais > Cabelo > Shampoo;gergelim,trigo,crustáceos;7881609306853;27/09/2020
BR-00505;Solvix Oat Protein Bar;Solvix;750 mL;1.76;Alimentos > Petiscos;crustáceos,trigo,soja,ovos;1528506762516;16/10/2021
BR-00506;Novix Mayonnaise;Novix;75 mL;7.05;Alimentos > Condimentos;crustáceos,amendoim;4309634807976;24/08/2018
BR-00507;Lumeva 24hr Roll-On Deodorant;Lumeva;400 mL;8.82;Cuidados Pessoais > Desodorante;castanhas,ovos;0526501673180;08/10/2023
BR-00508;Glova Volumising Conditioner;Glova;400 mL;1.76;Cuidados Pessoais > Cabelo > Condicionador;amendoim;3765456284172;05/12/2022
BR-00509;Zenpur Leave-In Conditioner;Zenpur;300 mL;1.76;Cuidados Pessoais > Cabelo > Condicionador;soja,ovos;3402665023740;02/05/2019
BR-00510;Luxara Foaming Hand Wash;Luxara;400 mL;3.53;Cuidados Pessoais > Sabonete Líquido;peixe,gergelim;6211022580300;02/11/2021
BR-00511;Tolvex Aloe Hand Wash;Tolvex;50 mL;10.58;Cuidados Pessoais > Sabonete Líquido;amendoim,glúten,crustáceos;1639282341434;24/10/2022
BR-00512;Hevara Exfoliating Face Scrub;Hevara;75 mL;17.64;Cuidados Pessoais > Rosto > Limpeza;trigo,soja,glúten,ovos;1260432609311;28/07/2018
BR-00513;Alteva Foaming Hand Wash;Alteva;200 mL;5.29;Cuidados Pessoais > Sabonete Líquido;castanhas;6708604145458;09/09/2022
BR-00514;Oralix Brightening Face Wash;Oralix;100 mL;1.76;Cuidados Pessoais > Rosto > Limpeza;;0534749162472;29/01/2022
BR-00515;Glova Sport Deodorant;Glova;75 mL;1.76;Cuidados Pessoais > Desodorante;trigo,castanhas,gergelim,crustáceos;5989534396115;19/06/2019
BR-00516;Glova Vinegar Dressing;Glova;50 mL;5.29;Alimentos > Condimentos;crustáceos;1189547382028;25/02/2020
BR-00517;Hevara Aloe Hand Wash;Hevara;200 mL;17.64;Cuidados Pessoais > Sabonete Líquido;castanhas,crustáceos;1617688029422;01/04/2021
BR-00518;DUMMY-Oralix Sensitive Skin Body Wash;Oralix;150 mL;10.58;Cuidados Pessoais > Banho;gergelim,glúten,ovos;2786866943207;18/10/2019
BR-00519;Frosten Dishwasher Tablets;Frosten;50 mL;17.64;Casa > Limpeza > Louças;gergelim,glúten,amendoim;4344812308340;10/06/2018
BR-00520;Nuvelo Mayonnaise;Nuvelo;100 mL;7.05;Alimentos > Condimentos;;3381059551840;02/07/2019
BR-00521;Elaris Aloe Hand Wash;Elaris;250 mL;1.76;Cuidados Pessoais > Sabonete Líquido;;5342408916497;24/04/2020
BR-00522;Toreva Kitchen Cleaner;Toreva;200 mL;5.29;Casa > Limpeza > Superfícies;peixe,trigo,crustáceos,ovos;6527172722393;03/07/2023
BR-00523;Gleam Mixed Nuts Blend;Gleam;200 mL;1.76;Alimentos > Petiscos;trigo,glúten;6931216376181;17/07/2019
00524;Aevum Salted Crackers;Aevum;75 mL;10.58;Alimentos > Petiscos;leite,ovos,glúten;0231429001853;15/12/2018
BR-00525;Velaris Oil Control Face Wash;Velaris;750 mL;14.11;Cuidados Pessoais > Rosto > Limpeza;amendoim;5723084810017;30/04/2021
BR-00526;Purelix Colour Protect Shampoo;Purelix;100 mL;1.76;Cuidados Pessoais > Cabelo > Shampoo;leite;3662543617212;08/07/2020
BR-00527;Zenpur Anti-Dandruff Shampoo;Zenpur;75 mL;8.82;Cuidados Pessoais > Cabelo > Shampoo;;5109226859265;08/09/2019
BR-00528;Lumeva Mustard Sauce;Lumeva;200 mL;8.82;Alimentos > Condimentos;;4754102252671;14/05/2023
00529;Clarity Hydrating Shampoo;Clarity;300 mL;7.05;Cuidados Pessoais > Cabelo > Shampoo;ovos;5226557676955;21/07/2019
BR-00530;Motivo Mayonnaise;Motivo;300 mL;17.64;Alimentos > Condimentos;gergelim,glúten,crustáceos;8836196893131;21/01/2022
BR-00531;Luminos Refreshing Shower Gel;Luminos;250 mL;17.64;Cuidados Pessoais > Banho;trigo,ovos,leite;5524728633302;19/07/2019
00532;Motivo Volumising Shampoo;Motivo;50 mL;10.58;Cuidados Pessoais > Cabelo > Shampoo;leite,ovos;9179202521314;21/02/2018
BR-00533;Brightway Heavy Duty Dish Soap;Brightway;100 mL;14.11;Casa > Limpeza > Louças;gergelim;4765704120091;12/12/2019
BR-00534;Zephyr Laundry Powder;Zephyr;300 mL;10.58;Casa > Lavanderia;gergelim,amendoim,glúten;3624186236908;15/06/2020
BR-00535;Tolvex Moisturising Hand Wash;Tolvex;500 mL;2.65;Cuidados Pessoais > Sabonete Líquido;amendoim,soja;6205634111595;06/10/2021
BR-00536;Elaris Refreshing Shower Gel;Elaris;100 mL;17.64;Cuidados Pessoais > Banho;;1390438303415;03/07/2018
BR-00537;DUMMY-Vanta Heavy Duty Dish Soap;Vanta;50 mL;8.82;Casa > Limpeza > Louças;;4054683565215;19/09/2021
BR-00538;Solven Aloe Hand Wash;Solven;500 mL;3.53;Cuidados Pessoais > Sabonete Líquido;;9679042271139;02/06/2020
BR-00539;Arovia Mayonnaise;Arovia;100 mL;17.64;Alimentos > Condimentos;glúten,gergelim,castanhas,soja;2545960633991;04/11/2018
BR-00540;Teraxis Smooth & Shine Conditioner;Teraxis;400 mL;2.65;Cuidados Pessoais > Cabelo > Condicionador;;2481717524214;21/02/2021
BR-00541;Zenpur Rinse Aid;Zenpur;75 mL;2.65;Casa > Limpeza > Louças;crustáceos;4747219705468;03/08/2022
BR-00542;Orinum Dishwasher Tablets;Orinum;250 mL;17.64;Casa > Limpeza > Louças;castanhas,glúten,ovos,gergelim;6874090380212;05/04/2021
BR-00543;TEST-Clarity Moisturising Hand Wash;Clarity;300 mL;2.65;Cuidados Pessoais > Sabonete Líquido;peixe;7157787112167;10/11/2022
BR-00544;Qualis Exfoliating Face Scrub;Qualis;75 mL;8.82;Cuidados Pessoais > Rosto > Limpeza;ovos;3714708272351;09/05/2018
BR-00545;Oralix Heavy Duty Dish Soap;Oralix;250 mL;10.58;Casa > Limpeza > Louças;soja,leite,glúten;0644212146141;24/01/2023
BR-00546;Aurova Aloe Hand Wash;Aurova;1000 mL;7.05;Cuidados Pessoais > Sabonete Líquido;leite;1654235677828;25/11/2022
BR-00547;Motivo Whitening Deodorant;Motivo;50 mL;17.64;Cuidados Pessoais > Desodorante;soja,ovos,trigo,crustáceos;5027275164805;20/01/2023
BR-00548;Teraxis Volumising Conditioner;Teraxis;750 mL;2.65;Cuidados Pessoais > Cabelo > Condicionador;;3368296353390;28/02/2018
BR-00549;Luminos Sport Deodorant;Luminos;200 mL;7.05;Cuidados Pessoais > Desodorante;ovos,crustáceos,gergelim,soja;6558685127658;26/12/2019
BR-00550;Nexpur Stain Remover;Nexpur;500 mL;10.58;Casa > Lavanderia;amendoim,peixe,glúten;9111109617981;13/02/2019
BR-00551;Primus Hot Chilli Sauce;Primus;750 mL;1.76;Alimentos > Condimentos;peixe,soja;3786137157660;01/02/2018
BR-00552;Primus 48hr Spray Deodorant;Primus;200 mL;7.05;Cuidados Pessoais > Desodorante;amendoim,peixe;3060002589559;30/11/2019
BR-00553;Cristalix Heavy Duty Dish Soap;Cristalix;500 mL;10.58;Casa > Limpeza > Louças;glúten;6096262658268;04/08/2020
BR-00554;Primus Volumising Shampoo;Primus;75 mL;10.58;Cuidados Pessoais > Cabelo > Shampoo;trigo,peixe;5311060920982;19/11/2018
BR-00555;Luminos Heavy Duty Dish Soap;Luminos;100 mL;14.11;Casa > Limpeza > Louças;trigo,soja;3438364041204;28/02/2019
BR-00556;Aevum Repair Shampoo;Aevum;75 mL;2.65;Cuidados Pessoais > Cabelo > Shampoo;amendoim;4211753617063;29/10/2018
BR-00557;Aurova Multi-Surface Spray;Aurova;1000 mL;10.58;Casa > Limpeza > Superfícies;castanhas,crustáceos,trigo;2402990155797;21/01/2018
BR-00558;Tolvex Smooth & Shine Conditioner;Tolvex;200 mL;2.65;Cuidados Pessoais > Cabelo > Condicionador;glúten;0808823513055;22/07/2019
BR-00559;Glicen Gentle Face Wash;Glicen;100 mL;7.05;Cuidados Pessoais > Rosto > Limpeza;crustáceos,soja;1584776863421;21/03/2020
BR-00560;Cladis Mustard Sauce;Cladis;75 mL;7.05;Alimentos > Condimentos;soja;7676945919665;29/03/2020
BR-00561;Vivara Rinse Aid;Vivara;1000 mL;2.65;Casa > Limpeza > Louças;trigo,leite,amendoim;9649856012563;01/02/2020
BR-00562;Purevex 48hr Spray Deodorant;Purevex;150 mL;8.82;Cuidados Pessoais > Desodorante;trigo,castanhas;1050537953811;29/04/2022
BR-00563;Aurova Lightweight Lotion;Aurova;500 mL;5.29;Cuidados Pessoais > Rosto > Hidratação;;8491966553303;17/07/2023
BR-00564;Nuvelo Multi-Surface Spray;Nuvelo;300 mL;2.65;Casa > Limpeza > Superfícies;;7295963904097;20/01/2018
BR-00565;Tresol Bathroom Cleaner;Tresol;300 mL;1.76;Casa > Limpeza > Superfícies;gergelim,leite,castanhas,crustáceos;0171644556182;06/07/2021
00566;Oralix Disinfectant Spray;Oralix;300 mL;7.05;Casa > Limpeza > Superfícies;crustáceos,ovos,castanhas;9103002156322;27/12/2018
BR-00567;Novix Brightening Face Wash;Novix;50 mL;1.76;Cuidados Pessoais > Rosto > Limpeza;leite,ovos;0414596422977;07/05/2019
BR-00568;Brightway Repair Conditioner;Brightway;750 mL;10.58;Cuidados Pessoais > Cabelo > Condicionador;ovos,gergelim,soja;9774573144157;19/09/2020
BR-00569;DUMMY-Nuarix Mayonnaise;Nuarix;75 mL;2.65;Alimentos > Condimentos;leite,soja,glúten;3763715398851;01/07/2021
BR-00570;Gleam Rice Cakes;Gleam;100 mL;17.64;Alimentos > Petiscos;;2356798363147;29/09/2022
BR-00571;Clarity Repair Conditioner;Clarity;1000 mL;2.65;Cuidados Pessoais > Cabelo > Condicionador;crustáceos;1130724078753;23/12/2020
BR-00572;Helix Colour Protect Shampoo;Helix;250 mL;10.58;Cuidados Pessoais > Cabelo > Shampoo;trigo;6868507451060;27/09/2022
BR-00573;Serafix Brightening Face Wash;Serafix;300 mL;3.53;Cuidados Pessoais > Rosto > Limpeza;amendoim,gergelim,crustáceos,glúten;6103131009431;27/09/2018
BR-00574;Nuvelo Liquid Laundry Detergent;Nuvelo;150 mL;10.58;Casa > Lavanderia;peixe,ovos,soja;4732354940126;24/08/2023
BR-00575;Velaris Oat Protein Bar;Velaris;200 mL;5.29;Alimentos > Petiscos;castanhas;1225720765025;16/12/2020
BR-00576;Solvix Volumising Shampoo;Solvix;50 mL;8.82;Cuidados Pessoais > Cabelo > Shampoo;glúten,leite,crustáceos;3710094388225;20/01/2019
BR-00577;Tolvex Anti-Dandruff Shampoo;Tolvex;250 mL;14.11;Cuidados Pessoais > Cabelo > Shampoo;castanhas,gergelim,amendoim;7457054589716;10/01/2021
BR-00578;DUMMY-Glicen Vinegar Dressing;Glicen;1000 mL;1.76;Alimentos > Condimentos;peixe;3257039653135;28/03/2022
BR-00579;Nuvelo Tomato Ketchup;Nuvelo;1000 mL;17.64;Alimentos > Condimentos;peixe,gergelim,leite;5569644309856;19/05/2019
BR-00580;Clarity Foaming Hand Wash;Clarity;250 mL;7.05;Cuidados Pessoais > Sabonete Líquido;;0727284982470;26/03/2021
BR-00581;Zephyr Anti-Dandruff Shampoo;Zephyr;400 mL;1.76;Cuidados Pessoais > Cabelo > Shampoo;amendoim;9107406500422;05/12/2021
BR-00582;Polvera Lightweight Lotion;Polvera;500 mL;3.53;Cuidados Pessoais > Rosto > Hidratação;;4236914307539;02/05/2022
BR-00583;Solven Foaming Hand Wash;Solven;200 mL;7.05;Cuidados Pessoais > Sabonete Líquido;crustáceos;5923426834415;02/05/2021
BR-00584;Novix Heavy Duty Dish Soap;Novix;100 mL;10.58;Casa > Limpeza > Louças;ovos,trigo,crustáceos;5857567667086;19/04/2018
BR-00585;Krisol Antibacterial Hand Wash;Krisol;100 mL;7.05;Cuidados Pessoais > Sabonete Líquido;glúten;8529894062601;11/03/2023
BR-00586;Oralix Laundry Capsules;Oralix;75 mL;1.76;Casa > Lavanderia;ovos,castanhas;9149750198030;16/10/2023
BR-00587;Tolvex Smooth & Shine Conditioner;Tolvex;400 mL;3.53;Cuidados Pessoais > Cabelo > Condicionador;trigo;4407931102913;31/10/2023
BR-00588;Aurova Volumising Shampoo;Aurova;75 mL;14.11;Cuidados Pessoais > Cabelo > Shampoo;;8760146723844;04/12/2022
BR-00589;Glova Vinegar Dressing;Glova;300 mL;3.53;Alimentos > Condimentos;;2232883774411;13/07/2023
BR-00590;Cladis Sport Deodorant;Cladis;300 mL;2.65;Cuidados Pessoais > Desodorante;peixe,glúten,trigo;0471960940970;24/06/2018
BR-00591;Cryston 48hr Spray Deodorant;Cryston;400 mL;7.05;Cuidados Pessoais > Desodorante;;2588358681228;12/12/2021
BR-00592;Qualis Vinegar Dressing;Qualis;400 mL;3.53;Alimentos > Condimentos;amendoim,peixe;1767929884256;26/11/2021
BR-00593;Cladis Eco Dish Liquid;Cladis;75 mL;1.76;Casa > Limpeza > Louças;;2311775331267;17/09/2022
BR-00594;Lumeva Hydrating Shampoo;Lumeva;200 mL;2.65;Cuidados Pessoais > Cabelo > Shampoo;leite,castanhas,trigo,ovos;1759025176298;29/03/2020
BR-00595;Solaris Brightening Face Wash;Solaris;400 mL;7.05;Cuidados Pessoais > Rosto > Limpeza;soja;2683190130207;12/01/2022
BR-00596;Novix Aloe Hand Wash;Novix;75 mL;8.82;Cuidados Pessoais > Sabonete Líquido;gergelim;7339785598215;03/12/2022
BR-00597;Purevex Foaming Hand Wash;Purevex;750 mL;2.65;Cuidados Pessoais > Sabonete Líquido;gergelim;4117309850345;26/10/2020
BR-00598;Purevex Fragrance-Free Hand Wash;Purevex;100 mL;7.05;Cuidados Pessoais > Sabonete Líquido;;8938984690813;14/04/2023
BR-00599;Vanta Daily Moisturiser;Vanta;250 mL;10.58;Cuidados Pessoais > Rosto > Hidratação;soja,castanhas;0238503719901;17/11/2021
BR-00600;Aevum Repair Shampoo;Aevum;750 mL;2.65;Cuidados Pessoais > Cabelo > Shampoo;crustáceos,trigo,amendoim,castanhas;0107835674304;15/08/2018
BR-00601;Novix Refreshing Shower Gel;Novix;750 mL;10.58;Cuidados Pessoais > Banho;;8706626682171;29/04/2019
BR-00602;XXX-Zenpur Rinse Aid;Zenpur;150 mL;8.82;Casa > Limpeza > Louças;leite,soja,gergelim;1903689003012;21/08/2018
BR-00603;Kaleo Volumising Conditioner;Kaleo;200 mL;1.76;Cuidados Pessoais > Cabelo > Condicionador;castanhas,soja;4296711148377;02/01/2022
BR-00604;Hevara Exfoliating Face Scrub;Hevara;200 mL;8.82;Cuidados Pessoais > Rosto > Limpeza;amendoim,soja,glúten,trigo;8810569741328;04/11/2023
00605;Tolvex Brightening Face Wash;Tolvex;500 mL;5.29;Cuidados Pessoais > Rosto > Limpeza;;5203771070448;23/04/2022
BR-00606;Oralix Daily Moisturiser;Oralix;200 mL;10.58;Cuidados Pessoais > Rosto > Hidratação;leite,peixe,gergelim;7033626804083;25/11/2021
00607;Krisol Sensitive Skin Body Wash;Krisol;250 mL;7.05;Cuidados Pessoais > Banho;soja,leite,castanhas,crustáceos;9660186487692;27/10/2023
BR-00608;Motivo Night Cream;Motivo;400 mL;5.29;Cuidados Pessoais > Rosto > Hidratação;leite;4413845960945;21/01/2022
BR-00609;Gleam SPF Moisturiser;Gleam;750 mL;1.76;Cuidados Pessoais > Rosto > Hidratação;;4954277070708;09/01/2022
BR-00610;Aurova Disinfectant Spray;Aurova;300 mL;1.76;Casa > Limpeza > Superfícies;ovos,amendoim,castanhas,leite;7244472322908;11/08/2020
BR-00611;Kaleo Hydrating Shampoo;Kaleo;1000 mL;17.64;Cuidados Pessoais > Cabelo > Shampoo;glúten,castanhas,leite;8304405809353;24/03/2019
BR-00612;Orinum Colour Protect Shampoo;Orinum;75 mL;17.64;Cuidados Pessoais > Cabelo > Shampoo;;3359561642059;15/01/2022
BR-00613;Gleam Sensitive Deodorant;Gleam;250 mL;14.11;Cuidados Pessoais > Desodorante;glúten,leite;2504290193582;13/09/2023
BR-00614;Aurova Rinse Aid;Aurova;300 mL;1.76;Casa > Limpeza > Louças;peixe;1139898681806;19/04/2023
BR-00615;Alteva Vinegar Dressing;Alteva;400 mL;8.82;Alimentos > Condimentos;soja,amendoim;3535375137657;23/11/2018
BR-00616;Primus Whitening Deodorant;Primus;75 mL;8.82;Cuidados Pessoais > Desodorante;glúten,soja,crustáceos;6392836929445;31/10/2021
00617;Helix 24hr Roll-On Deodorant;Helix;300 mL;10.58;Cuidados Pessoais > Desodorante;trigo,crustáceos,soja,ovos;7021648712066;09/04/2018
BR-00618;Purevex Mixed Nuts Blend;Purevex;100 mL;17.64;Alimentos > Petiscos;peixe,glúten,castanhas,ovos;6834155999100;30/10/2018
00619;Orinum Granola Bar;Orinum;300 mL;14.11;Alimentos > Petiscos;amendoim,crustáceos,trigo;2981209957655;02/12/2022
BR-00620;Glicen Smooth & Shine Conditioner;Glicen;750 mL;7.05;Cuidados Pessoais > Cabelo > Condicionador;;3475098898643;15/08/2021
BR-00621;Krisol Fragrance-Free Hand Wash;Krisol;100 mL;3.53;Cuidados Pessoais > Sabonete Líquido;castanhas,trigo,peixe,soja;3684995154213;25/03/2021
BR-00622;Orinum Intensive Moisturiser;Orinum;150 mL;3.53;Cuidados Pessoais > Rosto > Hidratação;amendoim,ovos;3421388209088;10/03/2020
BR-00623;Luminos Deep Clean Body Wash;Luminos;250 mL;5.29;Cuidados Pessoais > Banho;glúten,peixe;7827411767413;15/07/2019
BR-00624;Zenpur Daily Moisturiser;Zenpur;75 mL;5.29;Cuidados Pessoais > Rosto > Hidratação;;5285478150616;06/11/2023
BR-00625;Luxara 48hr Spray Deodorant;Luxara;1000 mL;1.76;Cuidados Pessoais > Desodorante;;3296334727271;03/03/2021
BR-00626;Teraxis Leave-In Conditioner;Teraxis;75 mL;17.64;Cuidados Pessoais > Cabelo > Condicionador;leite;6178932064965;19/08/2020
BR-00627;Velaris Mustard Sauce;Velaris;500 mL;3.53;Alimentos > Condimentos;soja,amendoim;7769587413148;15/09/2022
BR-00628;Cristalix Bathroom Cleaner;Cristalix;1000 mL;10.58;Casa > Limpeza > Superfícies;;2751562779634;29/04/2018
BR-00629;Primus SPF Moisturiser;Primus;150 mL;10.58;Cuidados Pessoais > Rosto > Hidratação;;8545667664049;12/06/2023
BR-00630;Qualis Mixed Nuts Blend;Qualis;1000 mL;1.76;Alimentos > Petiscos;crustáceos,peixe;3928319952988;23/03/2018
BR-00631;Motivo Salted Crackers;Motivo;75 mL;8.82;Alimentos > Petiscos;gergelim,ovos;0835832863420;12/03/2022
BR-00632;Aurova Sensitive Deodorant;Aurova;500 mL;5.29;Cuidados Pessoais > Desodorante;;0081867024408;31/07/2020
BR-00633;Vanta Mayonnaise;Vanta;200 mL;2.65;Alimentos > Condimentos;peixe,trigo,amendoim;1118600892198;22/05/2022
BR-00634;Frostine Hydrating Face Wash;Frostine;250 mL;10.58;Cuidados Pessoais > Rosto > Limpeza;leite,amendoim,gergelim,soja;3149764613686;14/02/2021
BR-00635;Nuarix Bathroom Cleaner;Nuarix;500 mL;17.64;Casa > Limpeza > Superfícies;peixe;0765817390637;06/01/2023
BR-00636;Clarity Sensitive Deodorant;Clarity;75 mL;7.05;Cuidados Pessoais > Desodorante;trigo,ovos;1823793126974;14/11/2023
BR-00637;Krisol Oat Protein Bar;Krisol;150 mL;1.76;Alimentos > Petiscos;amendoim,peixe,glúten;5205996043870;10/08/2023
BR-00638;Toreva 48hr Spray Deodorant;Toreva;400 mL;14.11;Cuidados Pessoais > Desodorante;gergelim,ovos,glúten,soja;1620281237101;04/10/2022
BR-00639;Teraxis Kitchen Cleaner;Teraxis;500 mL;14.11;Casa > Limpeza > Superfícies;gergelim;6604164485952;11/11/2019
BR-00640;Alteva Repair Conditioner;Alteva;1000 mL;5.29;Cuidados Pessoais > Cabelo > Condicionador;castanhas,gergelim,amendoim,soja;7352287056229;12/04/2023
BR-00641;Frostine Hydrating Shampoo;Frostine;150 mL;5.29;Cuidados Pessoais > Cabelo > Shampoo;;8751097921588;14/07/2020
BR-00642;Serafix 24hr Roll-On Deodorant;Serafix;200 mL;7.05;Cuidados Pessoais > Desodorante;glúten,amendoim,castanhas;9648831921340;01/01/2020
BR-00643;Solven Lightweight Lotion;Solven;100 mL;17.64;Cuidados Pessoais > Rosto > Hidratação;peixe,castanhas,amendoim,glúten;9732033192223;02/05/2023
BR-00644;XXX-Purevex Nourishing Body Cleanser;Purevex;50 mL;3.53;Cuidados Pessoais > Banho;crustáceos,peixe,glúten,trigo;4813866675482;22/07/2021
BR-00645;Aevum Liquid Laundry Detergent;Aevum;150 mL;3.53;Casa > Lavanderia;trigo,peixe;8774186520578;18/11/2021
BR-00646;Aurova Rice Cakes;Aurova;750 mL;17.64;Alimentos > Petiscos;peixe,castanhas;5203758309455;21/01/2019
BR-00647;Primus Sport Deodorant;Primus;50 mL;7.05;Cuidados Pessoais > Desodorante;;4760440907975;02/07/2023
BR-00648;Tolvex Volumising Conditioner;Tolvex;1000 mL;17.64;Cuidados Pessoais > Cabelo > Condicionador;;0509222161075;13/09/2018
BR-00649;Novix 24hr Roll-On Deodorant;Novix;200 mL;5.29;Cuidados Pessoais > Desodorante;leite,castanhas,gergelim,crustáceos;2958066013824;28/12/2020
BR-00650;Orinum Volumising Shampoo;Orinum;50 mL;7.05;Cuidados Pessoais > Cabelo > Shampoo;soja,gergelim,peixe,ovos;0448515791974;28/12/2018
BR-00651;Kaleo Hydrating Shampoo;Kaleo;75 mL;3.53;Cuidados Pessoais > Cabelo > Shampoo;glúten,peixe;2035713432402;03/04/2022
BR-00652;Kaleo Granola Bar;Kaleo;200 mL;3.53;Alimentos > Petiscos;castanhas,peixe,soja,gergelim;3432447417597;29/01/2022
BR-00653;Orinum Whitening Deodorant;Orinum;1000 mL;3.53;Cuidados Pessoais > Desodorante;;9628936543586;06/01/2021
BR-00654;Arovia Colour Protect Shampoo;Arovia;150 mL;7.05;Cuidados Pessoais > Cabelo > Shampoo;crustáceos;4018272795599;28/03/2022
BR-00655;Vanta Vinegar Dressing;Vanta;250 mL;2.65;Alimentos > Condimentos;leite,trigo;6755125427822;31/03/2018
BR-00656;XXX-Cryston Disinfectant Spray;Cryston;750 mL;10.58;Casa > Limpeza > Superfícies;crustáceos,soja,amendoim;5957640381660;08/01/2021
BR-00657;TEST-Frosten Heavy Duty Dish Soap;Frosten;50 mL;3.53;Casa > Limpeza > Louças;trigo,amendoim,soja,gergelim;2250142576279;04/01/2018
BR-00658;Serafix Mayonnaise;Serafix;100 mL;7.05;Alimentos > Condimentos;;3361328507259;14/02/2019
BR-00659;Solvix Disinfectant Spray;Solvix;300 mL;5.29;Casa > Limpeza > Superfícies;peixe,crustáceos,soja;1625265469684;21/10/2018
BR-00660;Polvera Sensitive Deodorant;Polvera;750 mL;1.76;Cuidados Pessoais > Desodorante;glúten;2355580996136;20/07/2019
BR-00661;Vanta Kitchen Cleaner;Vanta;150 mL;7.05;Casa > Limpeza > Superfícies;ovos,castanhas,peixe;2624467046227;20/06/2022
00662;Solven Vinegar Dressing;Solven;400 mL;2.65;Alimentos > Condimentos;ovos,peixe;0252986707668;12/08/2018
BR-00663;Verdant Intensive Moisturiser;Verdant;1000 mL;2.65;Cuidados Pessoais > Rosto > Hidratação;soja;7585126861207;12/10/2021
BR-00664;Verdant Oat Protein Bar;Verdant;150 mL;17.64;Alimentos > Petiscos;crustáceos,peixe,leite,soja;4017750954657;28/04/2021
BR-00665;Nuvelo Sensitive Skin Body Wash;Nuvelo;100 mL;7.05;Cuidados Pessoais > Banho;peixe,leite;7540915086322;11/12/2018
BR-00666;Tresol Liquid Laundry Detergent;Tresol;100 mL;14.11;Casa > Lavanderia;amendoim,castanhas,crustáceos;9389701550290;19/02/2019
BR-00667;Glicen Aloe Hand Wash;Glicen;75 mL;8.82;Cuidados Pessoais > Sabonete Líquido;peixe,glúten;0241613944989;25/09/2020
BR-00668;Vivara Salted Crackers;Vivara;750 mL;14.11;Alimentos > Petiscos;peixe;4248096244069;28/04/2020
BR-00669;Polvera Deep Clean Body Wash;Polvera;100 mL;7.05;Cuidados Pessoais > Banho;crustáceos,castanhas;1330531949790;20/09/2022
BR-00670;Qualis Vinegar Dressing;Qualis;500 mL;10.58;Alimentos > Condimentos;gergelim,leite,castanhas;5557277382643;09/07/2022
BR-00671;Helix Sensitive Skin Body Wash;Helix;1000 mL;14.11;Cuidados Pessoais > Banho;castanhas,ovos,soja,glúten;8544577029924;11/12/2021
BR-00672;Purelix Heavy Duty Dish Soap;Purelix;50 mL;7.05;Casa > Limpeza > Louças;crustáceos,soja,peixe,amendoim;2691163319429;14/10/2019
BR-00673;Luxara Rice Cakes;Luxara;300 mL;8.82;Alimentos > Petiscos;peixe;9455158886364;20/07/2023
BR-00674;Orinum Bathroom Cleaner;Orinum;100 mL;3.53;Casa > Limpeza > Superfícies;amendoim,leite,castanhas;7216966630936;22/07/2019
BR-00675;Primus Eco Dish Liquid;Primus;75 mL;10.58;Casa > Limpeza > Louças;;5932971509686;26/09/2023
BR-00676;Cryston Oil Control Face Wash;Cryston;250 mL;5.29;Cuidados Pessoais > Rosto > Limpeza;crustáceos;3524103977399;23/12/2022
BR-00677;Cryston Oil Control Face Wash;Cryston;500 mL;2.65;Cuidados Pessoais > Rosto > Limpeza;castanhas,trigo,soja,crustáceos;1006876164814;28/12/2023
BR-00678;Orinum Salted Crackers;Orinum;400 mL;1.76;Alimentos > Petiscos;peixe,leite;5687611249124;10/02/2022
BR-00679;Brightway Fragrance-Free Hand Wash;Brightway;150 mL;14.11;Cuidados Pessoais > Sabonete Líquido;amendoim;1517734547576;22/11/2020
BR-00680;Aevum Rinse Aid;Aevum;50 mL;3.53;Casa > Limpeza > Louças;gergelim;4035954429474;07/12/2022
BR-00681;Brightway Mustard Sauce;Brightway;100 mL;3.53;Alimentos > Condimentos;amendoim,peixe,glúten,castanhas;3039429045887;21/07/2022
BR-00682;TEST-Nexpur Disinfectant Spray;Nexpur;250 mL;3.53;Casa > Limpeza > Superfícies;gergelim,castanhas,glúten,soja;7287276015348;25/04/2020
BR-00683;Nuvelo Oil Control Face Wash;Nuvelo;750 mL;2.65;Cuidados Pessoais > Rosto > Limpeza;castanhas;7790833506154;10/09/2023
BR-00684;Luxara Anti-Dandruff Shampoo;Luxara;500 mL;17.64;Cuidados Pessoais > Cabelo > Shampoo;;0798334233729;14/06/2018
BR-00685;Luxara Rinse Aid;Luxara;200 mL;2.65;Casa > Limpeza > Louças;ovos;2840333997718;29/07/2018
BR-00686;Serafix 24hr Roll-On Deodorant;Serafix;400 mL;2.65;Cuidados Pessoais > Desodorante;ovos,crustáceos,soja;1893974909610;19/12/2022
BR-00687;Frosten Mayonnaise;Frosten;1000 mL;14.11;Alimentos > Condimentos;;4694725878448;18/12/2020
00688;Qualis Laundry Powder;Qualis;200 mL;17.64;Casa > Lavanderia;amendoim,crustáceos,ovos,peixe;2705877221647;23/01/2019
BR-00689;Teraxis Bathroom Cleaner;Teraxis;1000 mL;17.64;Casa > Limpeza > Superfícies;soja;1334845871495;11/05/2020
BR-00690;Toreva Dishwasher Tablets;Toreva;100 mL;5.29;Casa > Limpeza > Louças;trigo,glúten,gergelim;5879643474524;08/06/2021
BR-00691;Tolvex Sport Deodorant;Tolvex;250 mL;14.11;Cuidados Pessoais > Desodorante;peixe,glúten;6060652740338;14/11/2020
BR-00692;Luminos SPF Moisturiser;Luminos;250 mL;10.58;Cuidados Pessoais > Rosto > Hidratação;castanhas,gergelim,soja;3987411325793;09/04/2023
BR-00693;Nuarix Deep Clean Body Wash;Nuarix;400 mL;5.29;Cuidados Pessoais > Banho;glúten,peixe;0105485741728;31/10/2018
BR-00694;Brightway Sensitive Deodorant;Brightway;100 mL;7.05;Cuidados Pessoais > Desodorante;soja,gergelim,ovos,glúten;3598488402159;19/01/2022
BR-00695;Kaleo Kitchen Cleaner;Kaleo;250 mL;14.11;Casa > Limpeza > Superfícies;crustáceos;5534490216665;16/06/2023
BR-00696;Oralix Sensitive Skin Body Wash;Oralix;500 mL;8.82;Cuidados Pessoais > Banho;;9608587495113;13/01/2019
BR-00697;Novix Liquid Laundry Detergent;Novix;100 mL;17.64;Casa > Lavanderia;;9793164772517;15/01/2020
BR-00698;Qualis Vinegar Dressing;Qualis;400 mL;17.64;Alimentos > Condimentos;leite,peixe,amendoim;0960035624391;30/08/2021
BR-00699;Gleam Laundry Capsules;Gleam;1000 mL;5.29;Casa > Lavanderia;castanhas,trigo,soja,peixe;2342108902854;11/10/2018
BR-00700;Plexum Sport Deodorant;Plexum;1000 mL;5.29;Cuidados Pessoais > Desodorante;amendoim;2643350271607;24/12/2022
BR-00701;Motivo Mixed Nuts Blend;Motivo;50 mL;14.11;Alimentos > Petiscos;peixe,soja,gergelim;6911289812311;27/06/2023
BR-00702;Zenpur Oat Protein Bar;Zenpur;250 mL;10.58;Alimentos > Petiscos;soja;1857481700665;28/06/2022
BR-00703;Vivara Anti-Dandruff Shampoo;Vivara;200 mL;2.65;Cuidados Pessoais > Cabelo > Shampoo;amendoim,soja,ovos;6704502329020;26/10/2023
BR-00704;Nuarix Leave-In Conditioner;Nuarix;400 mL;1.76;Cuidados Pessoais > Cabelo > Condicionador;;9345962622824;14/01/2020
BR-00705;Nexpur 24hr Roll-On Deodorant;Nexpur;50 mL;14.11;Cuidados Pessoais > Desodorante;amendoim;6549500507021;28/07/2022
BR-00706;Motivo Sensitive Skin Body Wash;Motivo;750 mL;17.64;Cuidados Pessoais > Banho;trigo;1053161177684;09/12/2022
BR-00707;Teraxis Smooth & Shine Conditioner;Teraxis;50 mL;7.05;Cuidados Pessoais > Cabelo > Condicionador;crustáceos,amendoim,trigo;5859177932387;16/06/2019
BR-00708;Polvera Leave-In Conditioner;Polvera;75 mL;2.65;Cuidados Pessoais > Cabelo > Condicionador;amendoim,ovos,soja;3424579889427;05/09/2021
BR-00709;Polvera Fragrance-Free Hand Wash;Polvera;100 mL;1.76;Cuidados Pessoais > Sabonete Líquido;leite;0203265097758;09/02/2020
BR-00710;Cladis Vinegar Dressing;Cladis;400 mL;5.29;Alimentos > Condimentos;glúten,amendoim,crustáceos;1485524578713;03/11/2021
BR-00711;Purevex Fabric Softener;Purevex;250 mL;10.58;Casa > Lavanderia;;8213711842544;28/01/2023
BR-00712;Helix Aloe Hand Wash;Helix;500 mL;3.53;Cuidados Pessoais > Sabonete Líquido;leite;3035892988089;25/01/2022
BR-00713;Nuarix Laundry Powder;Nuarix;500 mL;3.53;Casa > Lavanderia;trigo,ovos;2932896340640;16/05/2022
BR-00714;Velaris Laundry Capsules;Velaris;400 mL;8.82;Casa > Lavanderia;castanhas,peixe,crustáceos,soja;0148439910627;12/08/2019
BR-00715;Krisol Kitchen Cleaner;Krisol;150 mL;10.58;Casa > Limpeza > Superfícies;peixe;6933513426194;14/09/2019
BR-00716;Brightway Exfoliating Face Scrub;Brightway;1000 mL;7.05;Cuidados Pessoais > Rosto > Limpeza;leite,ovos;8481973741893;05/02/2023
BR-00717;Krisol Deep Conditioner;Krisol;250 mL;7.05;Cuidados Pessoais > Cabelo > Condicionador;;6417692743810;29/12/2018
BR-00718;Aevum Oat Protein Bar;Aevum;250 mL;5.29;Alimentos > Petiscos;peixe,glúten,leite;1444856451019;12/06/2023
BR-00719;Solaris Hydrating Face Wash;Solaris;150 mL;10.58;Cuidados Pessoais > Rosto > Limpeza;ovos,crustáceos;8996986091915;24/01/2019
BR-00720;Vivara Volumising Shampoo;Vivara;750 mL;10.58;Cuidados Pessoais > Cabelo > Shampoo;leite,castanhas,crustáceos;7980660392055;09/02/2019
BR-00721;Luminos Intensive Moisturiser;Luminos;400 mL;7.05;Cuidados Pessoais > Rosto > Hidratação;castanhas,glúten;3470574238852;02/07/2022
BR-00722;Solaris 48hr Spray Deodorant;Solaris;75 mL;8.82;Cuidados Pessoais > Desodorante;glúten,gergelim;3541165972636;20/12/2020
BR-00723;Zenpur Rice Cakes;Zenpur;250 mL;14.11;Alimentos > Petiscos;trigo,glúten;5013948848820;19/06/2022
BR-00724;Serafix Dish Liquid;Serafix;75 mL;2.65;Casa > Limpeza > Louças;peixe,amendoim,trigo,castanhas;5856261499153;09/07/2020
BR-00725;Cristalix Multi-Surface Spray;Cristalix;500 mL;3.53;Casa > Limpeza > Superfícies;leite,crustáceos;3333732043098;03/06/2023
BR-00726;Luxara Glass Cleaner;Luxara;500 mL;5.29;Casa > Limpeza > Superfícies;trigo,gergelim,peixe;9645465535851;12/11/2018
BR-00727;Toreva Mixed Nuts Blend;Toreva;150 mL;17.64;Alimentos > Petiscos;trigo,ovos,crustáceos,amendoim;5193583749079;29/11/2022
BR-00728;Sovara Disinfectant Spray;Sovara;75 mL;3.53;Casa > Limpeza > Superfícies;;8780572151493;29/10/2020
BR-00729;Hevara Salted Crackers;Hevara;750 mL;14.11;Alimentos > Petiscos;trigo,peixe,soja;7484539862897;12/07/2021
BR-00730;Oralix Sensitive Skin Body Wash;Oralix;250 mL;2.65;Cuidados Pessoais > Banho;;9186233922072;05/05/2019
BR-00731;Solven 24hr Roll-On Deodorant;Solven;300 mL;10.58;Cuidados Pessoais > Desodorante;peixe,crustáceos,trigo;5214526471243;03/07/2022
BR-00732;Zenpur Oil Control Face Wash;Zenpur;1000 mL;2.65;Cuidados Pessoais > Rosto > Limpeza;castanhas;8409080512083;21/02/2018
BR-00733;Motivo Nourishing Body Cleanser;Motivo;200 mL;1.76;Cuidados Pessoais > Banho;glúten,castanhas,ovos,crustáceos;3972835129591;26/12/2019
BR-00734;DUMMY-Primus Kitchen Cleaner;Primus;100 mL;14.11;Casa > Limpeza > Superfícies;;9081441529825;13/02/2019
BR-00735;Aevum Kitchen Cleaner;Aevum;100 mL;8.82;Casa > Limpeza > Superfícies;gergelim,peixe,crustáceos;1815352373608;07/01/2022
BR-00736;Polvera Deep Clean Body Wash;Polvera;750 mL;2.65;Cuidados Pessoais > Banho;ovos,castanhas,peixe,crustáceos;8345273466668;04/12/2018
BR-00737;Solaris Multi-Surface Spray;Solaris;75 mL;8.82;Casa > Limpeza > Superfícies;crustáceos,peixe,amendoim,soja;4080314998251;16/07/2018
BR-00738;Oralix Liquid Laundry Detergent;Oralix;200 mL;10.58;Casa > Lavanderia;castanhas;8068828503174;31/01/2020
BR-00739;Purevex Brightening Face Wash;Purevex;150 mL;14.11;Cuidados Pessoais > Rosto > Limpeza;glúten;9006314035265;24/07/2020
BR-00740;Vanta Sensitive Deodorant;Vanta;100 mL;3.53;Cuidados Pessoais > Desodorante;soja,amendoim,peixe,castanhas;9434606664372;04/11/2020
BR-00741;Teraxis Dish Liquid;Teraxis;300 mL;1.76;Casa > Limpeza > Louças;amendoim,gergelim,peixe;1127128524641;19/03/2021
BR-00742;Verdant Lightweight Lotion;Verdant;75 mL;2.65;Cuidados Pessoais > Rosto > Hidratação;soja,ovos,crustáceos;3280771130626;09/12/2018
BR-00743;Cristalix Salted Crackers;Cristalix;300 mL;8.82;Alimentos > Petiscos;trigo,crustáceos,leite;8335090254258;08/03/2023
BR-00744;Cladis Gentle Face Wash;Cladis;300 mL;3.53;Cuidados Pessoais > Rosto > Limpeza;gergelim,ovos;3235707139846;22/10/2019
BR-00745;Toreva Smooth & Shine Conditioner;Toreva;50 mL;2.65;Cuidados Pessoais > Cabelo > Condicionador;;6880925502131;25/01/2018
BR-00746;Clarity Antibacterial Hand Wash;Clarity;50 mL;10.58;Cuidados Pessoais > Sabonete Líquido;ovos,soja,leite,amendoim;8107964967379;21/10/2020
BR-00747;Velaris Sensitive Deodorant;Velaris;100 mL;14.11;Cuidados Pessoais > Desodorante;castanhas,soja,trigo,crustáceos;2642506420760;18/07/2020
BR-00748;Teraxis Moisturising Hand Wash;Teraxis;250 mL;5.29;Cuidados Pessoais > Sabonete Líquido;peixe,glúten,crustáceos;7767555628334;07/06/2020
BR-00749;Clarity Mixed Nuts Blend;Clarity;150 mL;8.82;Alimentos > Petiscos;gergelim,peixe,castanhas;4362718749609;27/03/2020
BR-00750;Luxara Brightening Face Wash;Luxara;100 mL;10.58;Cuidados Pessoais > Rosto > Limpeza;peixe,trigo,crustáceos,leite;3692492693265;20/07/2021
BR-00751;Tolvex Kitchen Cleaner;Tolvex;100 mL;14.11;Casa > Limpeza > Superfícies;glúten,gergelim;0111000515538;09/09/2019
BR-00752;Purevex Brightening Face Wash;Purevex;250 mL;8.82;Cuidados Pessoais > Rosto > Limpeza;crustáceos,glúten,castanhas,gergelim;2441822261893;06/08/2022
BR-00753;Luxara Smooth & Shine Conditioner;Luxara;1000 mL;14.11;Cuidados Pessoais > Cabelo > Condicionador;soja,ovos;2710267672091;24/01/2022
BR-00754;Clarity Disinfectant Spray;Clarity;100 mL;14.11;Casa > Limpeza > Superfícies;;7955151229462;05/09/2019
BR-00755;Teraxis Volumising Shampoo;Teraxis;250 mL;7.05;Cuidados Pessoais > Cabelo > Shampoo;;5970996254389;21/02/2021
BR-00756;Solaris Liquid Laundry Detergent;Solaris;250 mL;3.53;Casa > Lavanderia;;3447650471588;09/05/2018
BR-00757;Zephyr Smooth & Shine Conditioner;Zephyr;750 mL;1.76;Cuidados Pessoais > Cabelo > Condicionador;peixe,soja;7660465586650;27/06/2019
BR-00758;Luxara Sport Deodorant;Luxara;150 mL;14.11;Cuidados Pessoais > Desodorante;amendoim,ovos;7158102131252;24/09/2018
BR-00759;Cristalix Smooth & Shine Conditioner;Cristalix;75 mL;2.65;Cuidados Pessoais > Cabelo > Condicionador;;0591297519103;23/07/2019
BR-00760;Kaleo Gentle Face Wash;Kaleo;75 mL;2.65;Cuidados Pessoais > Rosto > Limpeza;;6330165837376;02/02/2020
BR-00761;Glicen Bathroom Cleaner;Glicen;1000 mL;1.76;Casa > Limpeza > Superfícies;trigo,gergelim,leite;1234289311321;09/08/2021
BR-00762;Cladis Oil Control Face Wash;Cladis;1000 mL;7.05;Cuidados Pessoais > Rosto > Limpeza;ovos,gergelim,leite,soja;6453804421016;17/07/2023
BR-00763;Lumeva 24hr Roll-On Deodorant;Lumeva;300 mL;2.65;Cuidados Pessoais > Desodorante;leite,ovos,castanhas;9591945757575;14/05/2021
BR-00764;Novix Bathroom Cleaner;Novix;150 mL;5.29;Casa > Limpeza > Superfícies;trigo,leite,castanhas,soja;7756777226602;26/07/2019
00765;Teraxis Sensitive Deodorant;Teraxis;100 mL;10.58;Cuidados Pessoais > Desodorante;leite,peixe;2292310672451;21/03/2020
BR-00766;Cladis Deep Clean Body Wash;Cladis;100 mL;7.05;Cuidados Pessoais > Banho;amendoim,soja,gergelim,crustáceos;9766270511578;31/03/2021
BR-00767;Alteva Leave-In Conditioner;Alteva;400 mL;5.29;Cuidados Pessoais > Cabelo > Condicionador;crustáceos,leite,amendoim;2549691928456;10/03/2022
BR-00768;Vivara Mixed Nuts Blend;Vivara;750 mL;14.11;Alimentos > Petiscos;;0756335357486;27/10/2021
BR-00769;Nuarix Rinse Aid;Nuarix;150 mL;3.53;Casa > Limpeza > Louças;glúten,soja;9933797058163;31/08/2019
BR-00770;Helix Rinse Aid;Helix;500 mL;14.11;Casa > Limpeza > Louças;;7634250733055;29/12/2021
BR-00771;Luxara Heavy Duty Dish Soap;Luxara;100 mL;7.05;Casa > Limpeza > Louças;crustáceos,castanhas;9833991403885;02/03/2021
BR-00772;Sovara Exfoliating Face Scrub;Sovara;50 mL;7.05;Cuidados Pessoais > Rosto > Limpeza;soja,trigo;4006157276820;25/12/2022
BR-00773;Nuvelo 24hr Roll-On Deodorant;Nuvelo;400 mL;7.05;Cuidados Pessoais > Desodorante;glúten;7429250105878;19/02/2022
BR-00774;Glicen Repair Conditioner;Glicen;300 mL;17.64;Cuidados Pessoais > Cabelo > Condicionador;;6562590459902;27/09/2023
BR-00775;Solaris Refreshing Shower Gel;Solaris;75 mL;2.65;Cuidados Pessoais > Banho;trigo;1823155516511;11/07/2023
BR-00776;Oralix Aloe Hand Wash;Oralix;500 mL;10.58;Cuidados Pessoais > Sabonete Líquido;trigo,gergelim,ovos;3721433080038;15/05/2023
BR-00777;DUMMY-Plexum Moisturising Body Wash;Plexum;150 mL;3.53;Cuidados Pessoais > Banho;gergelim;5566084706818;14/06/2018
BR-00778;Vanta Hydrating Face Wash;Vanta;150 mL;5.29;Cuidados Pessoais > Rosto > Limpeza;crustáceos,leite,castanhas,glúten;1958263280945;24/12/2020
BR-00779;Primus Fabric Softener;Primus;300 mL;3.53;Casa > Lavanderia;glúten;4535461470797;28/09/2023
BR-00780;Kaleo Moisturising Hand Wash;Kaleo;75 mL;1.76;Cuidados Pessoais > Sabonete Líquido;ovos,soja,gergelim;9439457039430;25/09/2023
BR-00781;Zephyr Nourishing Body Cleanser;Zephyr;150 mL;3.53;Cuidados Pessoais > Banho;soja,crustáceos;6576927789433;15/11/2018
BR-00782;Zephyr Dish Liquid;Zephyr;50 mL;1.76;Casa > Limpeza > Louças;;4047692105336;30/09/2022
BR-00783;Purevex Granola Bar;Purevex;200 mL;10.58;Alimentos > Petiscos;;4014247310729;28/02/2018
BR-00784;Glicen Hydrating Shampoo;Glicen;150 mL;14.11;Cuidados Pessoais > Cabelo > Shampoo;gergelim,amendoim,glúten,leite;9712316600768;23/03/2023
00785;Zephyr Moisturising Hand Wash;Zephyr;750 mL;1.76;Cuidados Pessoais > Sabonete Líquido;;4473404337007;19/11/2022
BR-00786;Plexum Laundry Capsules;Plexum;50 mL;7.05;Casa > Lavanderia;ovos,castanhas;7782558825566;14/12/2019
BR-00787;Vivara Heavy Duty Dish Soap;Vivara;400 mL;8.82;Casa > Limpeza > Louças;trigo,crustáceos;8656194255775;04/11/2019
BR-00788;Primus Nourishing Body Cleanser;Primus;1000 mL;3.53;Cuidados Pessoais > Banho;castanhas,gergelim,trigo,peixe;9236161880811;17/01/2018
BR-00789;XXX-Polvera Lightweight Lotion;Polvera;100 mL;5.29;Cuidados Pessoais > Rosto > Hidratação;crustáceos,ovos;5586863956135;02/02/2023
BR-00790;Hevara Leave-In Conditioner;Hevara;50 mL;17.64;Cuidados Pessoais > Cabelo > Condicionador;;7214364381306;08/03/2018
BR-00791;Glova Nourishing Body Cleanser;Glova;150 mL;3.53;Cuidados Pessoais > Banho;;1471656094566;16/03/2022
BR-00792;DUMMY-Sovara Brightening Face Wash;Sovara;750 mL;14.11;Cuidados Pessoais > Rosto > Limpeza;glúten,leite,crustáceos,gergelim;7550476816993;08/12/2021
BR-00793;Luminos Hot Chilli Sauce;Luminos;300 mL;1.76;Alimentos > Condimentos;ovos,crustáceos,amendoim;8113176539709;15/08/2021
BR-00794;Arovia Lightweight Lotion;Arovia;400 mL;5.29;Cuidados Pessoais > Rosto > Hidratação;peixe,ovos,leite,castanhas;2908718274967;19/07/2018
BR-00795;Glova Lightweight Lotion;Glova;500 mL;14.11;Cuidados Pessoais > Rosto > Hidratação;crustáceos;4204956121376;15/06/2023
BR-00796;Motivo Gentle Face Wash;Motivo;1000 mL;3.53;Cuidados Pessoais > Rosto > Limpeza;glúten,soja;3597371122297;07/04/2018
BR-00797;Vivara Glass Cleaner;Vivara;300 mL;1.76;Casa > Limpeza > Superfícies;castanhas,gergelim,ovos,soja;7046861114572;02/07/2022
00798;Tresol Laundry Powder;Tresol;75 mL;1.76;Casa > Lavanderia;ovos;9237858471299;20/08/2022
BR-00799;Vanta Colour Protect Shampoo;Vanta;150 mL;5.29;Cuidados Pessoais > Cabelo > Shampoo;amendoim;2605080184985;06/02/2018
BR-00800;Toreva Night Cream;Toreva;150 mL;14.11;Cuidados Pessoais > Rosto > Hidratação;soja;7773126881220;20/09/2023
BR-00801;Velaris Deep Conditioner;Velaris;500 mL;2.65;Cuidados Pessoais > Cabelo > Condicionador;trigo,soja,peixe,crustáceos;5346060560357;20/05/2022
BR-00802;Plexum Disinfectant Spray;Plexum;100 mL;14.11;Casa > Limpeza > Superfícies;gergelim,peixe,trigo,ovos;9847169061814;20/08/2019
BR-00803;Vivara Tomato Ketchup;Vivara;200 mL;10.58;Alimentos > Condimentos;crustáceos,castanhas;4895478769896;17/07/2019
BR-00804;Helix Bathroom Cleaner;Helix;400 mL;8.82;Casa > Limpeza > Superfícies;gergelim,ovos,amendoim,castanhas;4449835539358;08/06/2021
BR-00805;Alteva Brightening Face Wash;Alteva;1000 mL;10.58;Cuidados Pessoais > Rosto > Limpeza;amendoim,peixe;3924358853798;01/11/2023
BR-00806;Glicen Deep Conditioner;Glicen;200 mL;5.29;Cuidados Pessoais > Cabelo > Condicionador;ovos,amendoim,peixe;5275367497854;23/08/2019
BR-00807;Purevex Lightweight Lotion;Purevex;200 mL;2.65;Cuidados Pessoais > Rosto > Hidratação;gergelim,peixe,leite;1347789489633;24/12/2020
BR-00808;Teraxis Deep Clean Body Wash;Teraxis;400 mL;2.65;Cuidados Pessoais > Banho;peixe,glúten,castanhas;1221500141881;04/01/2021
BR-00809;TEST-Tolvex Deep Conditioner;Tolvex;1000 mL;10.58;Cuidados Pessoais > Cabelo > Condicionador;leite;9001594463333;28/12/2020
BR-00810;Cristalix Fabric Softener;Cristalix;100 mL;1.76;Casa > Lavanderia;glúten,castanhas,soja,ovos;6389021994715;27/01/2019
BR-00811;Plexum Exfoliating Face Scrub;Plexum;150 mL;14.11;Cuidados Pessoais > Rosto > Limpeza;trigo,glúten,soja,gergelim;1034699673312;02/12/2018
BR-00812;Orinum Foaming Hand Wash;Orinum;100 mL;10.58;Cuidados Pessoais > Sabonete Líquido;peixe,leite,amendoim,ovos;7685507896795;21/04/2020
BR-00813;Hevara 48hr Spray Deodorant;Hevara;75 mL;10.58;Cuidados Pessoais > Desodorante;peixe;3355643436974;10/04/2018
BR-00814;Cristalix Vinegar Dressing;Cristalix;1000 mL;2.65;Alimentos > Condimentos;leite,peixe,castanhas;5607676164538;07/01/2021
BR-00815;Velaris Sport Deodorant;Velaris;100 mL;3.53;Cuidados Pessoais > Desodorante;glúten;8983065031214;25/07/2018
BR-00816;Alteva Daily Moisturiser;Alteva;200 mL;14.11;Cuidados Pessoais > Rosto > Hidratação;amendoim;2642364281312;02/08/2018
BR-00817;Elaris Dishwasher Tablets;Elaris;500 mL;14.11;Casa > Limpeza > Louças;trigo,soja,leite;3911142817852;03/01/2020
BR-00818;Kaleo Smooth & Shine Conditioner;Kaleo;150 mL;1.76;Cuidados Pessoais > Cabelo > Condicionador;trigo,amendoim;8088062207225;17/09/2020
BR-00819;DUMMY-Clarity Rinse Aid;Clarity;200 mL;14.11;Casa > Limpeza > Louças;crustáceos;2132901620471;07/12/2023
BR-00820;Luxara Glass Cleaner;Luxara;500 mL;10.58;Casa > Limpeza > Superfícies;crustáceos,gergelim,castanhas,peixe;9964862872032;28/10/2018
BR-00821;Frostine Rinse Aid;Frostine;75 mL;10.58;Casa > Limpeza > Louças;peixe,amendoim,castanhas;0573036279240;12/06/2022
BR-00822;Luminos Oil Control Face Wash;Luminos;150 mL;14.11;Cuidados Pessoais > Rosto > Limpeza;crustáceos,peixe;7753726032147;13/03/2022
BR-00823;Cryston Nourishing Body Cleanser;Cryston;300 mL;10.58;Cuidados Pessoais > Banho;;9458870715530;25/06/2021
BR-00824;Zephyr Laundry Powder;Zephyr;75 mL;3.53;Casa > Lavanderia;amendoim,leite,gergelim,glúten;3850765975955;13/03/2021
BR-00825;Alteva 24hr Roll-On Deodorant;Alteva;750 mL;2.65;Cuidados Pessoais > Desodorante;crustáceos,peixe,leite;8981265742237;17/01/2019
BR-00826;Nuvelo Heavy Duty Dish Soap;Nuvelo;300 mL;5.29;Casa > Limpeza > Louças;;0402369362681;11/11/2020
BR-00827;Purevex Gentle Face Wash;Purevex;100 mL;1.76;Cuidados Pessoais > Rosto > Limpeza;crustáceos,ovos;3727117595744;16/09/2021
BR-00828;Alteva Mustard Sauce;Alteva;100 mL;17.64;Alimentos > Condimentos;glúten,soja;3067458476099;15/05/2021
BR-00829;Brightway Daily Moisturiser;Brightway;500 mL;5.29;Cuidados Pessoais > Rosto > Hidratação;soja;7218856669545;29/11/2018
BR-00830;Lumeva Oil Control Face Wash;Lumeva;400 mL;2.65;Cuidados Pessoais > Rosto > Limpeza;leite,peixe;6626705514372;08/07/2023
BR-00831;Aurova Aloe Hand Wash;Aurova;300 mL;10.58;Cuidados Pessoais > Sabonete Líquido;amendoim;3925295961119;04/12/2018
BR-00832;Brightway Salted Crackers;Brightway;500 mL;10.58;Alimentos > Petiscos;ovos,trigo,leite;0720245591025;22/06/2021
BR-00833;Vanta 24hr Roll-On Deodorant;Vanta;750 mL;2.65;Cuidados Pessoais > Desodorante;;9032671494988;21/10/2018
BR-00834;Tresol Rinse Aid;Tresol;75 mL;14.11;Casa > Limpeza > Louças;amendoim,trigo,ovos,soja;9340652775842;17/04/2021
BR-00835;Purelix Hot Chilli Sauce;Purelix;150 mL;7.05;Alimentos > Condimentos;soja,glúten;7220109121724;04/09/2019
BR-00836;Elaris Salted Crackers;Elaris;250 mL;8.82;Alimentos > Petiscos;soja,crustáceos,peixe,glúten;1894370526357;28/09/2018
BR-00837;Verdant Moisturising Body Wash;Verdant;300 mL;3.53;Cuidados Pessoais > Banho;ovos,trigo,leite;7256592024617;18/06/2023
BR-00838;Vanta 48hr Spray Deodorant;Vanta;100 mL;5.29;Cuidados Pessoais > Desodorante;glúten,crustáceos,amendoim,ovos;2600559550179;15/08/2023
BR-00839;Brightway Oil Control Face Wash;Brightway;250 mL;17.64;Cuidados Pessoais > Rosto > Limpeza;gergelim,peixe;8999360798486;13/02/2023
BR-00840;TEST-Qualis Nourishing Body Cleanser;Qualis;50 mL;10.58;Cuidados Pessoais > Banho;ovos,crustáceos,peixe,soja;9935937440395;06/11/2020
BR-00841;Zephyr Fragrance-Free Hand Wash;Zephyr;500 mL;5.29;Cuidados Pessoais > Sabonete Líquido;;3736060148860;08/03/2018
BR-00842;Arovia Fabric Softener;Arovia;750 mL;1.76;Casa > Lavanderia;glúten,soja,amendoim;1368528306158;02/10/2020
BR-00843;Solven Multi-Surface Spray;Solven;100 mL;7.05;Casa > Limpeza > Superfícies;amendoim;4626325144883;08/10/2018
BR-00844;Glova Volumising Shampoo;Glova;50 mL;5.29;Cuidados Pessoais > Cabelo > Shampoo;leite,soja;4217518878175;13/02/2021
BR-00845;Helix Anti-Dandruff Shampoo;Helix;250 mL;3.53;Cuidados Pessoais > Cabelo > Shampoo;soja,gergelim,amendoim;0911225288374;10/12/2021
BR-00846;TEST-Motivo Nourishing Body Cleanser;Motivo;300 mL;2.65;Cuidados Pessoais > Banho;peixe,soja,trigo,ovos;9791378765530;21/06/2018
BR-00847;Serafix Deep Clean Body Wash;Serafix;50 mL;8.82;Cuidados Pessoais > Banho;;5560571219881;23/04/2019
BR-00848;Velaris Dishwasher Tablets;Velaris;400 mL;17.64;Casa > Limpeza > Louças;castanhas,ovos,leite,peixe;5348640104241;04/04/2022
BR-00849;Qualis Repair Conditioner;Qualis;300 mL;2.65;Cuidados Pessoais > Cabelo > Condicionador;castanhas,ovos,crustáceos,trigo;4600452128992;15/02/2019
BR-00850;Solven 24hr Roll-On Deodorant;Solven;200 mL;8.82;Cuidados Pessoais > Desodorante;ovos,trigo;9391304488184;02/05/2021
BR-00851;Solven Fabric Softener;Solven;300 mL;1.76;Casa > Lavanderia;peixe,ovos;5402119017071;19/01/2022
BR-00852;Solven Aloe Hand Wash;Solven;200 mL;3.53;Cuidados Pessoais > Sabonete Líquido;gergelim,soja,ovos,trigo;2291073228363;22/01/2018
BR-00853;Nuvelo Vinegar Dressing;Nuvelo;750 mL;5.29;Alimentos > Condimentos;gergelim,soja,leite;6396384526965;24/03/2021
BR-00854;Lumeva Night Cream;Lumeva;75 mL;10.58;Cuidados Pessoais > Rosto > Hidratação;glúten,crustáceos;0169342929131;27/06/2019
BR-00855;Plexum Salted Crackers;Plexum;150 mL;1.76;Alimentos > Petiscos;;6234190310616;30/10/2021
BR-00856;DUMMY-Brightway Exfoliating Face Scrub;Brightway;100 mL;2.65;Cuidados Pessoais > Rosto > Limpeza;castanhas,peixe;6847323653377;26/06/2023
BR-00857;TEST-Oralix Intensive Moisturiser;Oralix;200 mL;1.76;Cuidados Pessoais > Rosto > Hidratação;crustáceos,trigo,leite;0784361424421;12/10/2022
BR-00858;Krisol Deep Clean Body Wash;Krisol;500 mL;2.65;Cuidados Pessoais > Banho;crustáceos,castanhas,amendoim,gergelim;3734764273727;12/03/2018
BR-00859;Motivo Exfoliating Face Scrub;Motivo;150 mL;17.64;Cuidados Pessoais > Rosto > Limpeza;trigo,ovos,amendoim,castanhas;5841484601919;15/09/2020
BR-00860;Cristalix SPF Moisturiser;Cristalix;1000 mL;17.64;Cuidados Pessoais > Rosto > Hidratação;glúten,gergelim,trigo,castanhas;7802058695077;03/03/2020
BR-00861;Glicen Deep Conditioner;Glicen;200 mL;10.58;Cuidados Pessoais > Cabelo > Condicionador;amendoim,soja;6999516793350;07/07/2018
BR-00862;Velaris Sport Deodorant;Velaris;150 mL;17.64;Cuidados Pessoais > Desodorante;crustáceos,soja;6801192360378;17/08/2022
BR-00863;Solven Liquid Laundry Detergent;Solven;1000 mL;17.64;Casa > Lavanderia;trigo,soja,gergelim;3510409614977;06/05/2020
BR-00864;Cristalix Anti-Dandruff Shampoo;Cristalix;750 mL;2.65;Cuidados Pessoais > Cabelo > Shampoo;;4983074820735;14/08/2022
BR-00865;Helix 24hr Roll-On Deodorant;Helix;500 mL;5.29;Cuidados Pessoais > Desodorante;amendoim,leite,peixe,castanhas;5578201904328;05/10/2019
BR-00866;Glicen Gentle Face Wash;Glicen;100 mL;5.29;Cuidados Pessoais > Rosto > Limpeza;soja;2470739201357;12/05/2021
BR-00867;Brightway Hot Chilli Sauce;Brightway;75 mL;3.53;Alimentos > Condimentos;peixe,leite,trigo;5082611231269;21/03/2019
BR-00868;Nuarix Moisturising Hand Wash;Nuarix;100 mL;7.05;Cuidados Pessoais > Sabonete Líquido;gergelim,glúten,castanhas,soja;2989376297451;01/12/2020
BR-00869;Glicen Dishwasher Tablets;Glicen;50 mL;5.29;Casa > Limpeza > Louças;amendoim,peixe,crustáceos;1912038187693;08/07/2019
BR-00870;Kaleo Sensitive Skin Body Wash;Kaleo;500 mL;5.29;Cuidados Pessoais > Banho;soja;0898138815883;19/01/2019
BR-00871;DUMMY-Qualis SPF Moisturiser;Qualis;500 mL;3.53;Cuidados Pessoais > Rosto > Hidratação;leite;6732318297165;25/11/2018
BR-00872;Cryston Granola Bar;Cryston;100 mL;7.05;Alimentos > Petiscos;leite,glúten;0000152911377;07/02/2019
BR-00873;Gleam Disinfectant Spray;Gleam;250 mL;1.76;Casa > Limpeza > Superfícies;leite,trigo,castanhas,gergelim;6184442182990;07/05/2023
BR-00874;Alteva Intensive Moisturiser;Alteva;75 mL;3.53;Cuidados Pessoais > Rosto > Hidratação;amendoim;8905670867002;20/07/2018
BR-00875;Cristalix Nourishing Body Cleanser;Cristalix;300 mL;8.82;Cuidados Pessoais > Banho;ovos,castanhas;8482669136245;27/09/2023
BR-00876;Vivara Brightening Face Wash;Vivara;1000 mL;1.76;Cuidados Pessoais > Rosto > Limpeza;amendoim,trigo;9608070633695;28/02/2023
BR-00877;DUMMY-Luminos Rinse Aid;Luminos;750 mL;17.64;Casa > Limpeza > Louças;trigo;1040164818805;07/12/2020
BR-00878;Gleam Mustard Sauce;Gleam;100 mL;17.64;Alimentos > Condimentos;crustáceos,soja,gergelim;6381643212697;23/04/2021
BR-00879;Alteva Mixed Nuts Blend;Alteva;750 mL;7.05;Alimentos > Petiscos;amendoim,trigo,leite;3625863144172;17/06/2018
BR-00880;Teraxis Fragrance-Free Hand Wash;Teraxis;300 mL;3.53;Cuidados Pessoais > Sabonete Líquido;castanhas,amendoim;0263558243019;09/04/2023
BR-00881;Purelix Fragrance-Free Hand Wash;Purelix;200 mL;7.05;Cuidados Pessoais > Sabonete Líquido;glúten,gergelim,leite,peixe;3153888245272;10/09/2018
BR-00882;Vanta Mustard Sauce;Vanta;200 mL;1.76;Alimentos > Condimentos;soja,glúten;3353849516322;23/02/2019
BR-00883;Hevara Hydrating Shampoo;Hevara;750 mL;14.11;Cuidados Pessoais > Cabelo > Shampoo;crustáceos,ovos,leite,amendoim;3391373265309;24/07/2022
BR-00884;Helix Moisturising Body Wash;Helix;750 mL;17.64;Cuidados Pessoais > Banho;castanhas,peixe,ovos;7868800230095;14/03/2019
BR-00885;Glova Sensitive Deodorant;Glova;500 mL;3.53;Cuidados Pessoais > Desodorante;gergelim,leite,soja,castanhas;6577449160939;24/05/2022
BR-00886;Zenpur Whitening Deodorant;Zenpur;100 mL;1.76;Cuidados Pessoais > Desodorante;;4911894184331;15/06/2022
BR-00887;Qualis Laundry Capsules;Qualis;50 mL;3.53;Casa > Lavanderia;soja,trigo,gergelim;3998213745566;11/11/2018
BR-00888;Vanta Anti-Dandruff Shampoo;Vanta;200 mL;3.53;Cuidados Pessoais > Cabelo > Shampoo;gergelim,peixe,leite,glúten;5053766608114;12/06/2019
BR-00889;Vanta Antibacterial Hand Wash;Vanta;150 mL;1.76;Cuidados Pessoais > Sabonete Líquido;soja,castanhas,peixe,glúten;9106271531234;06/11/2020
BR-00890;Oralix Sport Deodorant;Oralix;300 mL;17.64;Cuidados Pessoais > Desodorante;trigo,peixe,ovos,soja;7682938440139;30/05/2021
BR-00891;Alteva Liquid Laundry Detergent;Alteva;400 mL;5.29;Casa > Lavanderia;amendoim,soja;7882603359104;24/02/2019
BR-00892;Orinum Mustard Sauce;Orinum;50 mL;1.76;Alimentos > Condimentos;castanhas,ovos,amendoim,trigo;9207492699960;20/03/2022
BR-00893;Luxara Mustard Sauce;Luxara;1000 mL;14.11;Alimentos > Condimentos;;8428596932598;26/02/2019
BR-00894;Arovia Daily Moisturiser;Arovia;500 mL;7.05;Cuidados Pessoais > Rosto > Hidratação;glúten,soja,trigo,ovos;1234266980694;05/04/2018
BR-00895;Brightway Laundry Capsules;Brightway;300 mL;2.65;Casa > Lavanderia;peixe,leite,crustáceos;2348389359530;01/11/2023
BR-00896;Krisol Smooth & Shine Conditioner;Krisol;50 mL;7.05;Cuidados Pessoais > Cabelo > Condicionador;;5612996508269;09/01/2022
BR-00897;Sovara Laundry Powder;Sovara;1000 mL;7.05;Casa > Lavanderia;;8696561308765;07/02/2019
BR-00898;Arovia Mayonnaise;Arovia;150 mL;17.64;Alimentos > Condimentos;glúten,castanhas;1434682394840;16/06/2018
BR-00899;Velaris Refreshing Shower Gel;Velaris;150 mL;1.76;Cuidados Pessoais > Banho;;8696610168319;29/11/2018
BR-00900;Lumeva Mayonnaise;Lumeva;250 mL;1.76;Alimentos > Condimentos;;1680941491502;31/01/2023
BR-00901;Teraxis Moisturising Hand Wash;Teraxis;500 mL;5.29;Cuidados Pessoais > Sabonete Líquido;crustáceos,peixe,trigo,leite;5344077794628;27/08/2018
BR-00902;Tresol Rice Cakes;Tresol;300 mL;10.58;Alimentos > Petiscos;glúten;2508177602990;01/10/2018
BR-00903;Cladis Daily Moisturiser;Cladis;500 mL;17.64;Cuidados Pessoais > Rosto > Hidratação;ovos,soja;3373125523561;22/03/2019
BR-00904;Helix Disinfectant Spray;Helix;400 mL;1.76;Casa > Limpeza > Superfícies;trigo;1192061363855;27/06/2019
BR-00905;XXX-Novix Glass Cleaner;Novix;750 mL;8.82;Casa > Limpeza > Superfícies;ovos,soja,gergelim;7184449029501;31/07/2019
BR-00906;Primus Fragrance-Free Hand Wash;Primus;50 mL;2.65;Cuidados Pessoais > Sabonete Líquido;amendoim,glúten,leite;3734167812776;04/10/2023
BR-00907;Purevex Leave-In Conditioner;Purevex;50 mL;3.53;Cuidados Pessoais > Cabelo > Condicionador;;7982134862989;25/10/2021
BR-00908;Glicen Rice Cakes;Glicen;1000 mL;14.11;Alimentos > Petiscos;peixe;3831828560530;16/01/2023
BR-00909;Solaris Salted Crackers;Solaris;750 mL;17.64;Alimentos > Petiscos;peixe,ovos,crustáceos;7067368205068;12/08/2019
BR-00910;Kaleo Volumising Shampoo;Kaleo;150 mL;8.82;Cuidados Pessoais > Cabelo > Shampoo;trigo,ovos;6505871469214;12/11/2023
BR-00911;Purevex Mayonnaise;Purevex;750 mL;3.53;Alimentos > Condimentos;glúten,peixe;7908984369980;28/03/2021
BR-00912;Nexpur Liquid Laundry Detergent;Nexpur;100 mL;1.76;Casa > Lavanderia;leite,soja;8694842495982;28/09/2018
BR-00913;Elaris Tomato Ketchup;Elaris;250 mL;14.11;Alimentos > Condimentos;gergelim,crustáceos,leite,castanhas;7152386767381;04/02/2020
BR-00914;Orinum Sensitive Skin Body Wash;Orinum;200 mL;10.58;Cuidados Pessoais > Banho;;9177987682992;23/11/2022
BR-00915;Hevara Laundry Capsules;Hevara;100 mL;3.53;Casa > Lavanderia;gergelim,soja;7085806235040;03/05/2018
BR-00916;Krisol Mustard Sauce;Krisol;300 mL;10.58;Alimentos > Condimentos;castanhas,crustáceos,leite,gergelim;1248255442865;02/03/2023
BR-00917;Serafix Heavy Duty Dish Soap;Serafix;100 mL;8.82;Casa > Limpeza > Louças;castanhas,ovos,trigo,leite;2894633891566;05/11/2019
BR-00918;Solvix Daily Moisturiser;Solvix;1000 mL;8.82;Cuidados Pessoais > Rosto > Hidratação;gergelim;5725629269335;07/11/2021
BR-00919;Solvix Stain Remover;Solvix;250 mL;2.65;Casa > Lavanderia;gergelim;1865507846853;06/03/2018
BR-00920;Krisol Rinse Aid;Krisol;400 mL;7.05;Casa > Limpeza > Louças;soja,leite;3491891179727;12/07/2018
BR-00921;Hevara Hydrating Face Wash;Hevara;250 mL;5.29;Cuidados Pessoais > Rosto > Limpeza;leite,ovos;5364154715537;16/03/2019
BR-00922;Vivara Oil Control Face Wash;Vivara;750 mL;5.29;Cuidados Pessoais > Rosto > Limpeza;crustáceos,gergelim,ovos;3675009421414;25/05/2018
BR-00923;Cryston 48hr Spray Deodorant;Cryston;300 mL;17.64;Cuidados Pessoais > Desodorante;;9878092704523;20/08/2020
BR-00924;Luxara Stain Remover;Luxara;250 mL;10.58;Casa > Lavanderia;trigo;5866059867873;18/02/2021
BR-00925;Tresol Night Cream;Tresol;400 mL;8.82;Cuidados Pessoais > Rosto > Hidratação;castanhas,amendoim,glúten,crustáceos;9655942824910;06/12/2018
BR-00926;Qualis Rice Cakes;Qualis;50 mL;3.53;Alimentos > Petiscos;;0024539313219;28/08/2021
BR-00927;Aurova 24hr Roll-On Deodorant;Aurova;50 mL;8.82;Cuidados Pessoais > Desodorante;crustáceos,leite;8368214448899;19/04/2022
BR-00928;Lumeva Aloe Hand Wash;Lumeva;400 mL;3.53;Cuidados Pessoais > Sabonete Líquido;soja,peixe,crustáceos;7462025825434;13/10/2018
BR-00929;Kaleo Laundry Powder;Kaleo;500 mL;2.65;Casa > Lavanderia;soja;1239204910603;04/01/2019
BR-00930;Purelix Laundry Powder;Purelix;200 mL;14.11;Casa > Lavanderia;soja;8750827681723;11/01/2020
BR-00931;Cryston Sensitive Deodorant;Cryston;250 mL;7.05;Cuidados Pessoais > Desodorante;gergelim,amendoim;7262905291874;16/04/2022
BR-00932;Cristalix Vinegar Dressing;Cristalix;75 mL;10.58;Alimentos > Condimentos;;8271721733733;02/02/2020
BR-00933;Kaleo Nourishing Body Cleanser;Kaleo;100 mL;3.53;Cuidados Pessoais > Banho;glúten,soja,peixe,ovos;1659143882326;24/08/2021
BR-00934;Nuarix Mustard Sauce;Nuarix;150 mL;17.64;Alimentos > Condimentos;castanhas;8446177732641;09/10/2020
BR-00935;DUMMY-Qualis Sensitive Skin Body Wash;Qualis;200 mL;7.05;Cuidados Pessoais > Banho;crustáceos,ovos,trigo,soja;9970292712053;06/10/2020
BR-00936;Cryston Vinegar Dressing;Cryston;500 mL;14.11;Alimentos > Condimentos;;3752988322014;06/07/2019
BR-00937;Glicen Sensitive Deodorant;Glicen;50 mL;17.64;Cuidados Pessoais > Desodorante;trigo;0048797888975;01/12/2021
BR-00938;Nuarix Mayonnaise;Nuarix;250 mL;17.64;Alimentos > Condimentos;trigo,soja;8600304436196;06/08/2021
BR-00939;Purevex Repair Shampoo;Purevex;250 mL;3.53;Cuidados Pessoais > Cabelo > Shampoo;glúten;1029295014379;09/02/2021
BR-00940;Serafix Vinegar Dressing;Serafix;50 mL;5.29;Alimentos > Condimentos;;9671397191261;18/07/2018
BR-00941;Glicen Mayonnaise;Glicen;100 mL;2.65;Alimentos > Condimentos;trigo;1767201911168;08/07/2022
BR-00942;Kaleo Volumising Shampoo;Kaleo;50 mL;2.65;Cuidados Pessoais > Cabelo > Shampoo;leite,crustáceos,trigo,castanhas;5873393049360;07/04/2022
BR-00943;Novix 48hr Spray Deodorant;Novix;50 mL;3.53;Cuidados Pessoais > Desodorante;amendoim,gergelim,ovos;2421140868257;05/02/2018
BR-00944;Tresol Rinse Aid;Tresol;100 mL;7.05;Casa > Limpeza > Louças;ovos,glúten;5561039952975;11/03/2018
BR-00945;Cryston Volumising Shampoo;Cryston;75 mL;3.53;Cuidados Pessoais > Cabelo > Shampoo;soja,peixe;5858564230419;02/10/2019
BR-00946;Velaris Refreshing Shower Gel;Velaris;50 mL;10.58;Cuidados Pessoais > Banho;;5927387402997;09/09/2018
BR-00947;Sovara Multi-Surface Spray;Sovara;300 mL;1.76;Casa > Limpeza > Superfícies;soja,trigo,gergelim;4815542034033;29/08/2018
BR-00948;Lumeva Hydrating Shampoo;Lumeva;250 mL;10.58;Cuidados Pessoais > Cabelo > Shampoo;gergelim;6491579554621;05/10/2020
BR-00949;Solven Intensive Moisturiser;Solven;100 mL;7.05;Cuidados Pessoais > Rosto > Hidratação;peixe,leite,ovos;0801810306838;16/02/2019
BR-00950;Nuvelo Glass Cleaner;Nuvelo;75 mL;14.11;Casa > Limpeza > Superfícies;peixe;8080815712901;20/03/2019
BR-00951;Cryston 24hr Roll-On Deodorant;Cryston;75 mL;5.29;Cuidados Pessoais > Desodorante;leite,peixe,crustáceos,glúten;3073510458477;14/05/2021
BR-00952;Kaleo Exfoliating Face Scrub;Kaleo;75 mL;5.29;Cuidados Pessoais > Rosto > Limpeza;;0962588576691;05/11/2020
BR-00953;DUMMY-Aurova Multi-Surface Spray;Aurova;75 mL;17.64;Casa > Limpeza > Superfícies;;5339627466629;20/11/2018
BR-00954;Purevex Whitening Deodorant;Purevex;500 mL;5.29;Cuidados Pessoais > Desodorante;crustáceos;0004666145907;05/10/2018
BR-00955;Orinum Hydrating Shampoo;Orinum;750 mL;14.11;Cuidados Pessoais > Cabelo > Shampoo;ovos,amendoim,leite;0493881949054;18/10/2020
BR-00956;Toreva Tomato Ketchup;Toreva;100 mL;1.76;Alimentos > Condimentos;glúten,gergelim;0949769873138;13/03/2023
BR-00957;Solvix Heavy Duty Dish Soap;Solvix;75 mL;10.58;Casa > Limpeza > Louças;glúten,gergelim,amendoim;1661237407797;26/12/2020
BR-00958;Kaleo Oil Control Face Wash;Kaleo;250 mL;10.58;Cuidados Pessoais > Rosto > Limpeza;soja;8994991970140;08/11/2019
BR-00959;TEST-Luminos Moisturising Hand Wash;Luminos;150 mL;14.11;Cuidados Pessoais > Sabonete Líquido;;8782116020418;09/12/2018
BR-00960;Solvix Brightening Face Wash;Solvix;750 mL;17.64;Cuidados Pessoais > Rosto > Limpeza;gergelim,crustáceos,trigo,leite;1708894801862;01/12/2020
BR-00961;Tresol Lightweight Lotion;Tresol;100 mL;2.65;Cuidados Pessoais > Rosto > Hidratação;castanhas,gergelim,soja;9785708200488;11/07/2018
BR-00962;Toreva Foaming Hand Wash;Toreva;400 mL;2.65;Cuidados Pessoais > Sabonete Líquido;soja;6914961128793;12/01/2021
BR-00963;Polvera Smooth & Shine Conditioner;Polvera;300 mL;17.64;Cuidados Pessoais > Cabelo > Condicionador;;7040953141965;06/04/2019
BR-00964;Vanta Sensitive Deodorant;Vanta;400 mL;17.64;Cuidados Pessoais > Desodorante;trigo;7488356517961;15/01/2020
BR-00965;Aevum Daily Moisturiser;Aevum;300 mL;7.05;Cuidados Pessoais > Rosto > Hidratação;peixe,glúten,soja,castanhas;4960478421706;19/09/2019
BR-00966;Solven Fabric Softener;Solven;300 mL;3.53;Casa > Lavanderia;castanhas;9364882089340;30/12/2023
BR-00967;Nuarix Aloe Hand Wash;Nuarix;500 mL;5.29;Cuidados Pessoais > Sabonete Líquido;leite,peixe,trigo,crustáceos;6728799160913;01/01/2019
BR-00968;Aurova Daily Moisturiser;Aurova;75 mL;5.29;Cuidados Pessoais > Rosto > Hidratação;glúten,trigo;3613376052305;08/11/2020
00969;Primus Whitening Deodorant;Primus;75 mL;10.58;Cuidados Pessoais > Desodorante;leite,trigo;5447241916502;02/03/2020
BR-00970;Nuvelo Granola Bar;Nuvelo;50 mL;10.58;Alimentos > Petiscos;ovos,crustáceos,gergelim;1824989808803;30/06/2022
BR-00971;Brightway Disinfectant Spray;Brightway;75 mL;7.05;Casa > Limpeza > Superfícies;;7468135926641;26/09/2022
BR-00972;Lumeva Eco Dish Liquid;Lumeva;150 mL;10.58;Casa > Limpeza > Louças;gergelim,crustáceos,amendoim,glúten;6941559450110;07/07/2019
BR-00973;Solvix Oat Protein Bar;Solvix;100 mL;1.76;Alimentos > Petiscos;castanhas,soja,peixe;0511716039883;06/06/2022
BR-00974;Toreva Exfoliating Face Scrub;Toreva;150 mL;10.58;Cuidados Pessoais > Rosto > Limpeza;ovos;8945590670009;18/05/2021
BR-00975;Alteva Repair Conditioner;Alteva;750 mL;7.05;Cuidados Pessoais > Cabelo > Condicionador;leite;4664896676051;21/11/2022
BR-00976;Zephyr Night Cream;Zephyr;200 mL;8.82;Cuidados Pessoais > Rosto > Hidratação;castanhas,crustáceos,gergelim;5809745338905;08/10/2022
BR-00977;Vivara Leave-In Conditioner;Vivara;200 mL;10.58;Cuidados Pessoais > Cabelo > Condicionador;trigo,glúten,peixe;5401659953009;09/10/2022
BR-00978;XXX-Glova Leave-In Conditioner;Glova;100 mL;3.53;Cuidados Pessoais > Cabelo > Condicionador;trigo,crustáceos;6774625916018;20/11/2018
BR-00979;Hevara Repair Conditioner;Hevara;75 mL;2.65;Cuidados Pessoais > Cabelo > Condicionador;gergelim,amendoim;8860080179865;25/05/2023
BR-00980;Luxara Rice Cakes;Luxara;100 mL;5.29;Alimentos > Petiscos;;2995704726425;07/10/2022
BR-00981;Glicen Volumising Shampoo;Glicen;75 mL;3.53;Cuidados Pessoais > Cabelo > Shampoo;;3843753659685;16/07/2018
BR-00982;Zenpur Disinfectant Spray;Zenpur;1000 mL;3.53;Casa > Limpeza > Superfícies;amendoim,gergelim;2421838545408;09/05/2018
BR-00983;Verdant Hot Chilli Sauce;Verdant;200 mL;8.82;Alimentos > Condimentos;crustáceos,castanhas;2311232748973;14/12/2018
BR-00984;Arovia Glass Cleaner;Arovia;300 mL;5.29;Casa > Limpeza > Superfícies;amendoim;2720388621755;21/02/2018
BR-00985;Oralix Vinegar Dressing;Oralix;75 mL;10.58;Alimentos > Condimentos;leite;4530693588241;28/07/2020
BR-00986;Frostine 48hr Spray Deodorant;Frostine;50 mL;1.76;Cuidados Pessoais > Desodorante;;8167784816523;16/02/2021
BR-00987;Polvera SPF Moisturiser;Polvera;250 mL;7.05;Cuidados Pessoais > Rosto > Hidratação;peixe,leite;8385179937817;05/03/2018
00988;Cristalix Mustard Sauce;Cristalix;1000 mL;2.65;Alimentos > Condimentos;gergelim;7884869996987;09/10/2023
BR-00989;Oralix Smooth & Shine Conditioner;Oralix;200 mL;8.82;Cuidados Pessoais > Cabelo > Condicionador;glúten,trigo,crustáceos;1472463019865;31/10/2020
BR-00990;Tresol Repair Conditioner;Tresol;150 mL;17.64;Cuidados Pessoais > Cabelo > Condicionador;glúten;7283391218701;25/05/2022
BR-00991;Aurova Smooth & Shine Conditioner;Aurova;100 mL;17.64;Cuidados Pessoais > Cabelo > Condicionador;leite,gergelim,soja,ovos;2101023200182;30/04/2022
BR-00992;Motivo Glass Cleaner;Motivo;75 mL;1.76;Casa > Limpeza > Superfícies;;8987610814352;21/04/2022
BR-00993;Oralix Anti-Dandruff Shampoo;Oralix;150 mL;17.64;Cuidados Pessoais > Cabelo > Shampoo;castanhas,soja;1980746823547;01/08/2022
BR-00994;Solvix Rinse Aid;Solvix;75 mL;1.76;Casa > Limpeza > Louças;amendoim,castanhas,ovos;3076205459674;02/11/2018
BR-00995;XXX-Nuarix 24hr Roll-On Deodorant;Nuarix;50 mL;10.58;Cuidados Pessoais > Desodorante;peixe,glúten,amendoim;1106541134071;19/08/2021
BR-00996;Lumeva Repair Shampoo;Lumeva;750 mL;7.05;Cuidados Pessoais > Cabelo > Shampoo;crustáceos,leite,gergelim,trigo;8366834826899;18/07/2022
BR-00997;Aevum Volumising Conditioner;Aevum;400 mL;1.76;Cuidados Pessoais > Cabelo > Condicionador;soja,gergelim,peixe,amendoim;8891787915050;23/10/2022
BR-00998;Cryston Repair Conditioner;Cryston;75 mL;14.11;Cuidados Pessoais > Cabelo > Condicionador;leite,soja,trigo;0126578982606;24/05/2021
BR-00999;Zephyr Colour Protect Shampoo;Zephyr;750 mL;8.82;Cuidados Pessoais > Cabelo > Shampoo;glúten,amendoim,peixe;7558517774127;23/06/2023
BR-01000;Aevum Intensive Moisturiser;Aevum;100 mL;2.65;Cuidados Pessoais > Rosto > Hidratação;;8824199626429;29/10/2019
BR-01001;Velaris Smooth & Shine Conditioner;Velaris;250 mL;17.64;Cuidados Pessoais > Cabelo > Condicionador;ovos,crustáceos,leite,peixe;4542185457058;18/11/2022
BR-01002;Zephyr Laundry Powder;Zephyr;750 mL;3.53;Casa > Lavanderia;castanhas;7090016356409;25/02/2023
BR-01003;Tresol Leave-In Conditioner;Tresol;200 mL;14.11;Cuidados Pessoais > Cabelo > Condicionador;gergelim;2895400178828;22/10/2019
BR-01004;Hevara Granola Bar;Hevara;400 mL;5.29;Alimentos > Petiscos;;2616850710587;30/08/2018
BR-01005;Clarity Hydrating Shampoo;Clarity;250 mL;1.76;Cuidados Pessoais > Cabelo > Shampoo;trigo,crustáceos,ovos,peixe;1526105370927;28/03/2020
BR-01006;Cryston Moisturising Body Wash;Cryston;75 mL;10.58;Cuidados Pessoais > Banho;amendoim,crustáceos,trigo;4189485432981;03/04/2023
BR-01007;Luxara Aloe Hand Wash;Luxara;750 mL;5.29;Cuidados Pessoais > Sabonete Líquido;castanhas,trigo,amendoim;4716198273480;05/12/2018
BR-01008;Vanta Gentle Face Wash;Vanta;200 mL;8.82;Cuidados Pessoais > Rosto > Limpeza;;2589632174351;29/11/2022
BR-01009;Krisol Lightweight Lotion;Krisol;150 mL;8.82;Cuidados Pessoais > Rosto > Hidratação;peixe;8064860673981;16/06/2020
BR-01010;Frostine Granola Bar;Frostine;500 mL;17.64;Alimentos > Petiscos;gergelim;4253646280558;06/08/2018
BR-01011;Nuvelo Glass Cleaner;Nuvelo;50 mL;10.58;Casa > Limpeza > Superfícies;crustáceos,castanhas;5156239209082;27/09/2021
BR-01012;Vanta 24hr Roll-On Deodorant;Vanta;400 mL;7.05;Cuidados Pessoais > Desodorante;;9131117861909;06/08/2019
01013;Hevara Sport Deodorant;Hevara;400 mL;10.58;Cuidados Pessoais > Desodorante;;2206953541203;05/12/2018
BR-01014;Kaleo Mayonnaise;Kaleo;400 mL;8.82;Alimentos > Condimentos;castanhas,leite,gergelim,ovos;6015153259476;23/10/2021
BR-01015;Elaris Deep Clean Body Wash;Elaris;50 mL;14.11;Cuidados Pessoais > Banho;;7327980595030;27/09/2018
BR-01016;Cladis Moisturising Body Wash;Cladis;200 mL;5.29;Cuidados Pessoais > Banho;leite,soja;9104520360895;10/03/2021
BR-01017;Novix Hydrating Shampoo;Novix;200 mL;2.65;Cuidados Pessoais > Cabelo > Shampoo;castanhas;9928553595204;20/01/2022
BR-01018;Vanta Antibacterial Hand Wash;Vanta;50 mL;10.58;Cuidados Pessoais > Sabonete Líquido;glúten,leite,gergelim;6968018677406;16/09/2020
BR-01019;Nuvelo Disinfectant Spray;Nuvelo;1000 mL;3.53;Casa > Limpeza > Superfícies;soja;9449530067762;06/10/2019
BR-01020;Zephyr Sport Deodorant;Zephyr;150 mL;3.53;Cuidados Pessoais > Desodorante;castanhas;7365426241783;09/11/2020
BR-01021;Oralix Smooth & Shine Conditioner;Oralix;1000 mL;3.53;Cuidados Pessoais > Cabelo > Condicionador;trigo,soja,gergelim,glúten;5110090605308;23/08/2022
BR-01022;Cristalix Fabric Softener;Cristalix;50 mL;3.53;Casa > Lavanderia;;1667329045755;22/01/2023
BR-01023;XXX-Kaleo Whitening Deodorant;Kaleo;75 mL;3.53;Cuidados Pessoais > Desodorante;glúten,peixe,amendoim,ovos;6033620275583;04/02/2020
BR-01024;Cryston Anti-Dandruff Shampoo;Cryston;400 mL;1.76;Cuidados Pessoais > Cabelo > Shampoo;trigo,leite,crustáceos,gergelim;1523802362194;02/12/2019
BR-01025;Alteva Anti-Dandruff Shampoo;Alteva;75 mL;17.64;Cuidados Pessoais > Cabelo > Shampoo;crustáceos,leite,castanhas,amendoim;1611863855882;01/12/2018
BR-01026;Toreva Oat Protein Bar;Toreva;750 mL;14.11;Alimentos > Petiscos;trigo,ovos,peixe;8800537893180;18/03/2022
01027;Primus Dishwasher Tablets;Primus;750 mL;14.11;Casa > Limpeza > Louças;gergelim;4540182272001;29/12/2019
BR-01028;Lumeva Laundry Powder;Lumeva;200 mL;17.64;Casa > Lavanderia;soja;2204144743283;26/03/2019
BR-01029;Vivara Repair Shampoo;Vivara;750 mL;5.29;Cuidados Pessoais > Cabelo > Shampoo;;2020304232271;02/08/2023
BR-01030;Nuarix 48hr Spray Deodorant;Nuarix;75 mL;5.29;Cuidados Pessoais > Desodorante;soja,leite;2816506463007;11/11/2021
BR-01031;Plexum Oat Protein Bar;Plexum;400 mL;14.11;Alimentos > Petiscos;castanhas,peixe,ovos;9832102916177;07/05/2021
BR-01032;Vanta Aloe Hand Wash;Vanta;100 mL;17.64;Cuidados Pessoais > Sabonete Líquido;ovos;0438419662296;29/11/2018
BR-01033;Purelix Gentle Face Wash;Purelix;400 mL;1.76;Cuidados Pessoais > Rosto > Limpeza;leite,castanhas,peixe,amendoim;5667063621983;01/06/2022
BR-01034;Oralix Sport Deodorant;Oralix;200 mL;7.05;Cuidados Pessoais > Desodorante;amendoim,leite;7663493396505;23/05/2021
BR-01035;Motivo Vinegar Dressing;Motivo;100 mL;14.11;Alimentos > Condimentos;trigo;2626114243621;08/11/2021
BR-01036;Nuarix Vinegar Dressing;Nuarix;250 mL;7.05;Alimentos > Condimentos;ovos;8808799196230;28/06/2021
BR-01037;Polvera Salted Crackers;Polvera;750 mL;10.58;Alimentos > Petiscos;soja,glúten;8532472505834;10/07/2020
BR-01038;Serafix Brightening Face Wash;Serafix;50 mL;5.29;Cuidados Pessoais > Rosto > Limpeza;;1587605457693;05/01/2021
BR-01039;Cryston Bathroom Cleaner;Cryston;300 mL;7.05;Casa > Limpeza > Superfícies;soja,castanhas;3659746698612;31/10/2022
BR-01040;Tresol Brightening Face Wash;Tresol;75 mL;3.53;Cuidados Pessoais > Rosto > Limpeza;amendoim,castanhas;0809594815263;08/08/2019
BR-01041;Clarity Sport Deodorant;Clarity;300 mL;10.58;Cuidados Pessoais > Desodorante;crustáceos,trigo;1307423591429;26/04/2022
BR-01042;TEST-Oralix Anti-Dandruff Shampoo;Oralix;1000 mL;7.05;Cuidados Pessoais > Cabelo > Shampoo;glúten,soja,gergelim,peixe;2614543079638;19/02/2023
BR-01043;Solvix Gentle Face Wash;Solvix;50 mL;1.76;Cuidados Pessoais > Rosto > Limpeza;ovos,crustáceos,castanhas,glúten;2115871845235;25/01/2022
BR-01044;Tolvex Mustard Sauce;Tolvex;100 mL;10.58;Alimentos > Condimentos;crustáceos,amendoim,gergelim,peixe;7017320865236;27/12/2022
BR-01045;Tresol Glass Cleaner;Tresol;750 mL;10.58;Casa > Limpeza > Superfícies;castanhas,peixe,soja;3701400527810;11/04/2018
BR-01046;Gleam Sport Deodorant;Gleam;500 mL;1.76;Cuidados Pessoais > Desodorante;;0272214257314;09/10/2022
BR-01047;Frostine Sensitive Skin Body Wash;Frostine;150 mL;2.65;Cuidados Pessoais > Banho;peixe;8172031369554;24/09/2019
BR-01048;Kaleo Laundry Capsules;Kaleo;50 mL;3.53;Casa > Lavanderia;crustáceos,soja,castanhas,ovos;5953322273933;09/11/2023
BR-01049;Kaleo Eco Dish Liquid;Kaleo;50 mL;7.05;Casa > Limpeza > Louças;crustáceos,soja;5323661850766;11/01/2019
BR-01050;Cryston Sensitive Skin Body Wash;Cryston;50 mL;17.64;Cuidados Pessoais > Banho;peixe;9718236010717;01/10/2019
BR-01051;Zenpur Antibacterial Hand Wash;Zenpur;1000 mL;17.64;Cuidados Pessoais > Sabonete Líquido;gergelim;8217648467351;18/12/2022
BR-01052;Brightway Night Cream;Brightway;150 mL;5.29;Cuidados Pessoais > Rosto > Hidratação;trigo;2801944258926;25/01/2020
BR-01053;Cladis Repair Conditioner;Cladis;50 mL;10.58;Cuidados Pessoais > Cabelo > Condicionador;glúten;5350637311808;17/01/2021
BR-01054;Nuvelo Foaming Hand Wash;Nuvelo;75 mL;5.29;Cuidados Pessoais > Sabonete Líquido;;7538418520139;28/04/2022
BR-01055;Polvera Volumising Conditioner;Polvera;50 mL;17.64;Cuidados Pessoais > Cabelo > Condicionador;peixe,soja;9756154705544;25/10/2018
BR-01056;Vivara Deep Conditioner;Vivara;75 mL;10.58;Cuidados Pessoais > Cabelo > Condicionador;ovos,glúten;9556409196932;07/08/2021
BR-01057;Solaris Disinfectant Spray;Solaris;250 mL;3.53;Casa > Limpeza > Superfícies;;7020426201976;29/01/2019
BR-01058;Brightway Deep Conditioner;Brightway;200 mL;2.65;Cuidados Pessoais > Cabelo > Condicionador;glúten;3696789760982;28/04/2023
BR-01059;Nexpur Gentle Face Wash;Nexpur;300 mL;14.11;Cuidados Pessoais > Rosto > Limpeza;soja,ovos,trigo;2760759889780;18/09/2022
BR-01060;Teraxis 48hr Spray Deodorant;Teraxis;150 mL;7.05;Cuidados Pessoais > Desodorante;ovos;9165430895235;26/05/2019
BR-01061;TEST-Nexpur Deep Conditioner;Nexpur;75 mL;2.65;Cuidados Pessoais > Cabelo > Condicionador;leite,castanhas;7644974700028;20/09/2022
BR-01062;Cladis Laundry Capsules;Cladis;200 mL;7.05;Casa > Lavanderia;peixe,crustáceos,glúten,trigo;9797416365601;18/11/2020
BR-01063;Luminos 24hr Roll-On Deodorant;Luminos;300 mL;5.29;Cuidados Pessoais > Desodorante;castanhas,soja;7309649692779;20/11/2018
BR-01064;Gleam Colour Protect Shampoo;Gleam;250 mL;3.53;Cuidados Pessoais > Cabelo > Shampoo;peixe,soja,castanhas,ovos;0597025512828;11/03/2023
BR-01065;Sovara Moisturising Hand Wash;Sovara;200 mL;5.29;Cuidados Pessoais > Sabonete Líquido;;5948989596549;23/08/2022
BR-01066;Cristalix Hot Chilli Sauce;Cristalix;200 mL;8.82;Alimentos > Condimentos;amendoim,soja;4414916999390;20/09/2020
BR-01067;Nuvelo Granola Bar;Nuvelo;750 mL;14.11;Alimentos > Petiscos;soja,amendoim;6408822309587;17/09/2022
BR-01068;Glicen Smooth & Shine Conditioner;Glicen;400 mL;5.29;Cuidados Pessoais > Cabelo > Condicionador;gergelim,glúten,amendoim,leite;3210972021706;16/05/2023
BR-01069;Alteva Sport Deodorant;Alteva;250 mL;5.29;Cuidados Pessoais > Desodorante;peixe,castanhas;5792203004491;08/11/2022
BR-01070;Purevex Intensive Moisturiser;Purevex;100 mL;5.29;Cuidados Pessoais > Rosto > Hidratação;leite,glúten,trigo,castanhas;5121375658964;19/02/2020
BR-01071;Qualis Whitening Deodorant;Qualis;1000 mL;14.11;Cuidados Pessoais > Desodorante;;8619931458433;28/11/2020
BR-01072;Cladis Granola Bar;Cladis;300 mL;5.29;Alimentos > Petiscos;;1388503423625;10/07/2019
BR-01073;Serafix Refreshing Shower Gel;Serafix;200 mL;14.11;Cuidados Pessoais > Banho;trigo,amendoim;6310437968687;25/04/2018
BR-01074;Gleam Sensitive Skin Body Wash;Gleam;250 mL;3.53;Cuidados Pessoais > Banho;amendoim,peixe,leite,ovos;1774174304354;28/08/2018
BR-01075;Novix Leave-In Conditioner;Novix;250 mL;1.76;Cuidados Pessoais > Cabelo > Condicionador;trigo;8946652752336;01/07/2019
BR-01076;Lumeva Laundry Powder;Lumeva;150 mL;1.76;Casa > Lavanderia;leite;2569133030332;04/11/2020
BR-01077;Orinum Foaming Hand Wash;Orinum;75 mL;2.65;Cuidados Pessoais > Sabonete Líquido;crustáceos,castanhas,leite;7627995530249;25/02/2022
BR-01078;DUMMY-Helix Gentle Face Wash;Helix;100 mL;5.29;Cuidados Pessoais > Rosto > Limpeza;gergelim,amendoim,crustáceos,ovos;3034202847191;09/03/2018
BR-01079;DUMMY-Hevara Repair Shampoo;Hevara;100 mL;3.53;Cuidados Pessoais > Cabelo > Shampoo;amendoim;0507648717753;02/12/2020
BR-01080;Lumeva Antibacterial Hand Wash;Lumeva;750 mL;3.53;Cuidados Pessoais > Sabonete Líquido;leite,peixe;5838727258122;30/09/2019
BR-01081;Vanta Whitening Deodorant;Vanta;750 mL;8.82;Cuidados Pessoais > Desodorante;peixe,gergelim,amendoim;4823733791214;17/06/2019
BR-01082;Oralix Hydrating Shampoo;Oralix;75 mL;17.64;Cuidados Pessoais > Cabelo > Shampoo;gergelim,leite,soja;5869017074030;11/09/2019
BR-01083;Frosten 24hr Roll-On Deodorant;Frosten;750 mL;7.05;Cuidados Pessoais > Desodorante;trigo,castanhas;1712227643388;05/02/2023
BR-01084;Luminos Leave-In Conditioner;Luminos;250 mL;7.05;Cuidados Pessoais > Cabelo > Condicionador;trigo;1626549633081;11/03/2020
BR-01085;Elaris Brightening Face Wash;Elaris;200 mL;14.11;Cuidados Pessoais > Rosto > Limpeza;;4887899504705;12/11/2019
BR-01086;Lumeva Nourishing Body Cleanser;Lumeva;1000 mL;10.58;Cuidados Pessoais > Banho;castanhas,ovos,glúten,gergelim;7749266329564;13/08/2020
BR-01087;Orinum Night Cream;Orinum;400 mL;14.11;Cuidados Pessoais > Rosto > Hidratação;trigo,glúten;5920616581296;03/07/2019
BR-01088;Clarity Nourishing Body Cleanser;Clarity;100 mL;3.53;Cuidados Pessoais > Banho;;6302955963633;13/03/2023
BR-01089;Gleam Mayonnaise;Gleam;300 mL;3.53;Alimentos > Condimentos;amendoim,trigo,leite,soja;6154980851337;15/03/2019
BR-01090;Krisol Hydrating Face Wash;Krisol;50 mL;1.76;Cuidados Pessoais > Rosto > Limpeza;glúten,gergelim;3211221215488;07/04/2019
BR-01091;Novix Granola Bar;Novix;100 mL;10.58;Alimentos > Petiscos;peixe,gergelim,crustáceos,soja;4019185488066;20/06/2021
BR-01092;Solvix Night Cream;Solvix;50 mL;1.76;Cuidados Pessoais > Rosto > Hidratação;trigo,gergelim,crustáceos;7873585664645;02/05/2019
BR-01093;Glicen Heavy Duty Dish Soap;Glicen;100 mL;5.29;Casa > Limpeza > Louças;trigo,ovos;9262213204106;10/03/2021
BR-01094;Verdant Smooth & Shine Conditioner;Verdant;500 mL;5.29;Cuidados Pessoais > Cabelo > Condicionador;;4789117972696;11/02/2021
BR-01095;Solven Eco Dish Liquid;Solven;1000 mL;3.53;Casa > Limpeza > Louças;soja,ovos,leite,crustáceos;3666020005325;10/10/2021
BR-01096;Cladis Hydrating Face Wash;Cladis;150 mL;2.65;Cuidados Pessoais > Rosto > Limpeza;;5052438380587;25/10/2019
BR-01097;Nexpur Aloe Hand Wash;Nexpur;1000 mL;1.76;Cuidados Pessoais > Sabonete Líquido;;7686276332835;17/08/2023
BR-01098;Solvix Heavy Duty Dish Soap;Solvix;150 mL;5.29;Casa > Limpeza > Louças;peixe,ovos,castanhas;1862671368419;04/01/2018
BR-01099;Brightway Volumising Shampoo;Brightway;1000 mL;17.64;Cuidados Pessoais > Cabelo > Shampoo;soja;3921883527910;05/12/2023
BR-01100;Hevara Bathroom Cleaner;Hevara;50 mL;10.58;Casa > Limpeza > Superfícies;crustáceos,peixe,ovos;0659208814317;06/06/2019
BR-01101;Orinum Disinfectant Spray;Orinum;300 mL;2.65;Casa > Limpeza > Superfícies;gergelim,ovos,castanhas;9698384572025;20/05/2022
BR-01102;Nuarix Fragrance-Free Hand Wash;Nuarix;300 mL;17.64;Cuidados Pessoais > Sabonete Líquido;trigo,castanhas,ovos;2573498992556;04/07/2020
01103;Polvera Rinse Aid;Polvera;300 mL;1.76;Casa > Limpeza > Louças;amendoim,trigo,leite;7472966941797;12/06/2022
BR-01104;Luxara Multi-Surface Spray;Luxara;50 mL;17.64;Casa > Limpeza > Superfícies;crustáceos,amendoim,glúten,trigo;8599464183982;23/05/2021
BR-01105;Cryston Repair Shampoo;Cryston;150 mL;7.05;Cuidados Pessoais > Cabelo > Shampoo;gergelim,castanhas,soja;6988164980441;18/07/2021
BR-01106;Nexpur Sensitive Skin Body Wash;Nexpur;1000 mL;17.64;Cuidados Pessoais > Banho;leite,castanhas,trigo;1026270664895;08/09/2018
BR-01107;Kaleo Sensitive Skin Body Wash;Kaleo;200 mL;17.64;Cuidados Pessoais > Banho;castanhas,gergelim;1308898305740;28/08/2020
BR-01108;Tolvex Eco Dish Liquid;Tolvex;400 mL;7.05;Casa > Limpeza > Louças;;8563027500035;08/07/2018
BR-01109;TEST-Glicen Mustard Sauce;Glicen;300 mL;10.58;Alimentos > Condimentos;;9953056418491;24/02/2020
BR-01110;Polvera Disinfectant Spray;Polvera;200 mL;10.58;Casa > Limpeza > Superfícies;glúten,leite,crustáceos;0187260013657;19/05/2019
BR-01111;Nuvelo Refreshing Shower Gel;Nuvelo;200 mL;7.05;Cuidados Pessoais > Banho;trigo,leite;6745686524061;04/08/2019
BR-01112;Toreva Deep Conditioner;Toreva;250 mL;10.58;Cuidados Pessoais > Cabelo > Condicionador;trigo,castanhas,peixe;2221905334702;25/11/2020
BR-01113;Velaris Bathroom Cleaner;Velaris;300 mL;7.05;Casa > Limpeza > Superfícies;amendoim,castanhas,gergelim,glúten;3965213835078;02/12/2018
BR-01114;Qualis Repair Conditioner;Qualis;250 mL;5.29;Cuidados Pessoais > Cabelo > Condicionador;;2900362211732;10/08/2019
BR-01115;Solaris Hot Chilli Sauce;Solaris;100 mL;10.58;Alimentos > Condimentos;gergelim,glúten;3958558522949;29/11/2019
BR-01116;Tresol Mustard Sauce;Tresol;250 mL;2.65;Alimentos > Condimentos;ovos,gergelim,castanhas;7591710508052;17/06/2021
BR-01117;Verdant Dish Liquid;Verdant;400 mL;14.11;Casa > Limpeza > Louças;amendoim,crustáceos;3535247841712;30/12/2021
BR-01118;Nuarix Rinse Aid;Nuarix;750 mL;14.11;Casa > Limpeza > Louças;amendoim;4930537880331;27/05/2019
BR-01119;Purelix Laundry Powder;Purelix;75 mL;2.65;Casa > Lavanderia;soja;8926087882815;15/12/2021
BR-01120;Novix Volumising Conditioner;Novix;400 mL;5.29;Cuidados Pessoais > Cabelo > Condicionador;;4862515217467;31/08/2021
BR-01121;Toreva Mayonnaise;Toreva;150 mL;14.11;Alimentos > Condimentos;leite,ovos,gergelim,trigo;6734467177626;17/06/2022
BR-01122;Frostine Dish Liquid;Frostine;150 mL;5.29;Casa > Limpeza > Louças;trigo,amendoim,peixe;6450999900104;21/12/2023
BR-01123;Qualis Eco Dish Liquid;Qualis;400 mL;5.29;Casa > Limpeza > Louças;leite,gergelim,soja,peixe;5211896844240;16/05/2022
BR-01124;Arovia Lightweight Lotion;Arovia;500 mL;7.05;Cuidados Pessoais > Rosto > Hidratação;glúten,crustáceos,castanhas,soja;2857595828193;30/07/2018
BR-01125;Purevex Leave-In Conditioner;Purevex;400 mL;14.11;Cuidados Pessoais > Cabelo > Condicionador;glúten,ovos,trigo,crustáceos;8839717059849;11/12/2020
BR-01126;Nuvelo 24hr Roll-On Deodorant;Nuvelo;150 mL;10.58;Cuidados Pessoais > Desodorante;trigo,gergelim,peixe;8112303885689;13/04/2019
BR-01127;Cristalix Colour Protect Shampoo;Cristalix;750 mL;14.11;Cuidados Pessoais > Cabelo > Shampoo;ovos,amendoim,castanhas,gergelim;0099217790552;29/08/2019
BR-01128;Sovara Laundry Capsules;Sovara;750 mL;5.29;Casa > Lavanderia;castanhas;1588070532601;13/05/2019
BR-01129;Cristalix Colour Protect Shampoo;Cristalix;750 mL;2.65;Cuidados Pessoais > Cabelo > Shampoo;;3829742551369;23/06/2018
BR-01130;Nuarix Dish Liquid;Nuarix;500 mL;8.82;Casa > Limpeza > Louças;ovos,gergelim,glúten,leite;4502437361588;26/07/2023
BR-01131;Krisol Exfoliating Face Scrub;Krisol;300 mL;3.53;Cuidados Pessoais > Rosto > Limpeza;ovos,soja,castanhas;8969335390052;10/08/2021
BR-01132;Vivara Antibacterial Hand Wash;Vivara;1000 mL;7.05;Cuidados Pessoais > Sabonete Líquido;soja,ovos,castanhas;6639792551168;03/04/2021
BR-01133;Solvix Exfoliating Face Scrub;Solvix;750 mL;1.76;Cuidados Pessoais > Rosto > Limpeza;gergelim;3772702896669;20/01/2018
BR-01134;Elaris 48hr Spray Deodorant;Elaris;100 mL;17.64;Cuidados Pessoais > Desodorante;;6441610197539;03/10/2021
BR-01135;Purelix Fabric Softener;Purelix;200 mL;1.76;Casa > Lavanderia;ovos,leite;3880273042764;04/05/2020
BR-01136;Primus Moisturising Hand Wash;Primus;75 mL;7.05;Cuidados Pessoais > Sabonete Líquido;amendoim,crustáceos;1893953096904;10/09/2022
BR-01137;Verdant Glass Cleaner;Verdant;1000 mL;1.76;Casa > Limpeza > Superfícies;trigo,glúten,amendoim,crustáceos;8745513587274;20/05/2019
BR-01138;Serafix Bathroom Cleaner;Serafix;50 mL;10.58;Casa > Limpeza > Superfícies;gergelim,ovos,glúten,peixe;6403439881877;21/04/2020
BR-01139;Orinum Laundry Capsules;Orinum;1000 mL;8.82;Casa > Lavanderia;soja,glúten,gergelim,crustáceos;4770413090917;30/11/2021
BR-01140;XXX-Teraxis Hydrating Face Wash;Teraxis;300 mL;1.76;Cuidados Pessoais > Rosto > Limpeza;gergelim;2625420412318;23/05/2018
BR-01141;Orinum Granola Bar;Orinum;400 mL;3.53;Alimentos > Petiscos;;4410079419324;13/01/2021
BR-01142;Luxara 48hr Spray Deodorant;Luxara;1000 mL;2.65;Cuidados Pessoais > Desodorante;;9794122487092;29/04/2023
BR-01143;Verdant Volumising Conditioner;Verdant;750 mL;10.58;Cuidados Pessoais > Cabelo > Condicionador;trigo;2517422404326;14/09/2022
BR-01144;Novix Hydrating Shampoo;Novix;750 mL;1.76;Cuidados Pessoais > Cabelo > Shampoo;;3468616307024;24/06/2022
BR-01145;TEST-Oralix Kitchen Cleaner;Oralix;100 mL;1.76;Casa > Limpeza > Superfícies;;9536621953681;08/05/2018
BR-01146;Cryston Nourishing Body Cleanser;Cryston;400 mL;8.82;Cuidados Pessoais > Banho;;0173259007394;06/03/2023
BR-01147;Krisol Volumising Shampoo;Krisol;50 mL;14.11;Cuidados Pessoais > Cabelo > Shampoo;trigo;1138690871675;07/08/2019
BR-01148;Luminos Deep Conditioner;Luminos;200 mL;8.82;Cuidados Pessoais > Cabelo > Condicionador;peixe,ovos;7192817074435;26/07/2022
BR-01149;Plexum Refreshing Shower Gel;Plexum;200 mL;7.05;Cuidados Pessoais > Banho;trigo;5216025239416;05/08/2019
BR-01150;Frosten Salted Crackers;Frosten;200 mL;7.05;Alimentos > Petiscos;soja,leite,amendoim,gergelim;9032655132769;20/11/2018
BR-01151;Aevum Hot Chilli Sauce;Aevum;200 mL;17.64;Alimentos > Condimentos;;2455985160214;12/03/2019
BR-01152;Toreva Dish Liquid;Toreva;500 mL;2.65;Casa > Limpeza > Louças;peixe;8649864786860;04/06/2019
BR-01153;Motivo Exfoliating Face Scrub;Motivo;50 mL;1.76;Cuidados Pessoais > Rosto > Limpeza;gergelim,amendoim,glúten,soja;4083781919071;09/04/2021
BR-01154;Tresol Eco Dish Liquid;Tresol;75 mL;10.58;Casa > Limpeza > Louças;leite,glúten;6983692353484;06/01/2021
BR-01155;Nuvelo Laundry Capsules;Nuvelo;400 mL;1.76;Casa > Lavanderia;trigo,ovos,soja,amendoim;8654622021237;07/07/2023
BR-01156;Zephyr Mayonnaise;Zephyr;250 mL;8.82;Alimentos > Condimentos;;3300008863469;01/02/2023
BR-01157;Glova Hydrating Face Wash;Glova;750 mL;1.76;Cuidados Pessoais > Rosto > Limpeza;;8899114160098;14/01/2019
BR-01158;Krisol Aloe Hand Wash;Krisol;1000 mL;3.53;Cuidados Pessoais > Sabonete Líquido;trigo;7379897906089;11/10/2021
BR-01159;Helix Lightweight Lotion;Helix;500 mL;10.58;Cuidados Pessoais > Rosto > Hidratação;amendoim,peixe,soja;0009984336112;27/09/2020
BR-01160;Solven Multi-Surface Spray;Solven;500 mL;2.65;Casa > Limpeza > Superfícies;ovos,gergelim;5458294203402;08/10/2018
BR-01161;Toreva 48hr Spray Deodorant;Toreva;150 mL;7.05;Cuidados Pessoais > Desodorante;peixe,leite,crustáceos;5699944946670;31/08/2019
BR-01162;Solven Salted Crackers;Solven;50 mL;17.64;Alimentos > Petiscos;amendoim;0281822387948;05/01/2018
BR-01163;Brightway Volumising Conditioner;Brightway;50 mL;17.64;Cuidados Pessoais > Cabelo > Condicionador;gergelim,ovos;7452735364231;11/11/2021
BR-01164;Zephyr Multi-Surface Spray;Zephyr;200 mL;2.65;Casa > Limpeza > Superfícies;glúten;1828518161254;18/11/2021
BR-01165;Elaris Dish Liquid;Elaris;1000 mL;10.58;Casa > Limpeza > Louças;;0079230466009;16/12/2018
BR-01166;Cristalix Smooth & Shine Conditioner;Cristalix;500 mL;3.53;Cuidados Pessoais > Cabelo > Condicionador;ovos,leite,glúten;2329615120483;13/03/2022
BR-01167;Tolvex Deep Clean Body Wash;Tolvex;300 mL;10.58;Cuidados Pessoais > Banho;soja,amendoim;4604227634602;15/03/2019
BR-01168;Qualis Dish Liquid;Qualis;150 mL;1.76;Casa > Limpeza > Louças;crustáceos,soja;4724358617685;24/11/2019
BR-01169;Krisol Repair Conditioner;Krisol;75 mL;3.53;Cuidados Pessoais > Cabelo > Condicionador;trigo,peixe,crustáceos;0866656224197;16/12/2022
BR-01170;Orinum Aloe Hand Wash;Orinum;500 mL;7.05;Cuidados Pessoais > Sabonete Líquido;amendoim,crustáceos,gergelim,peixe;1290350061847;13/08/2023
BR-01171;Frostine Heavy Duty Dish Soap;Frostine;100 mL;3.53;Casa > Limpeza > Louças;castanhas;4340466821211;09/10/2021
BR-01172;Verdant Hot Chilli Sauce;Verdant;750 mL;8.82;Alimentos > Condimentos;castanhas;4920644111978;12/03/2020
BR-01173;Helix Stain Remover;Helix;500 mL;3.53;Casa > Lavanderia;soja,leite,peixe;3435948821887;09/02/2021
BR-01174;Novix Heavy Duty Dish Soap;Novix;50 mL;10.58;Casa > Limpeza > Louças;amendoim,leite,castanhas;1102125434124;09/10/2020
BR-01175;Hevara Moisturising Body Wash;Hevara;300 mL;1.76;Cuidados Pessoais > Banho;soja,gergelim;6037218600320;13/09/2018
BR-01176;Solven Mixed Nuts Blend;Solven;750 mL;14.11;Alimentos > Petiscos;glúten,leite,ovos,gergelim;4003471317192;27/03/2023
BR-01177;Purelix Vinegar Dressing;Purelix;50 mL;2.65;Alimentos > Condimentos;trigo,castanhas,leite;8419478550115;23/04/2020
BR-01178;Plexum Bathroom Cleaner;Plexum;250 mL;17.64;Casa > Limpeza > Superfícies;ovos;0728878072799;19/08/2018
BR-01179;XXX-Cryston Mixed Nuts Blend;Cryston;75 mL;10.58;Alimentos > Petiscos;;6088197223994;23/04/2022
BR-01180;Solaris Intensive Moisturiser;Solaris;75 mL;17.64;Cuidados Pessoais > Rosto > Hidratação;crustáceos;5307681024802;09/02/2022
BR-01181;Primus Sensitive Deodorant;Primus;50 mL;1.76;Cuidados Pessoais > Desodorante;amendoim;4323622169068;16/04/2022
BR-01182;Cryston Fabric Softener;Cryston;200 mL;10.58;Casa > Lavanderia;leite,ovos;5169139521505;18/04/2019
BR-01183;Brightway Fragrance-Free Hand Wash;Brightway;300 mL;2.65;Cuidados Pessoais > Sabonete Líquido;;7033508424316;28/06/2020
BR-01184;Elaris Dishwasher Tablets;Elaris;500 mL;7.05;Casa > Limpeza > Louças;ovos,soja,leite,crustáceos;4169105302153;19/10/2018
BR-01185;Glicen Foaming Hand Wash;Glicen;250 mL;17.64;Cuidados Pessoais > Sabonete Líquido;amendoim,peixe,soja;3953481105016;05/02/2021
BR-01186;Verdant Glass Cleaner;Verdant;100 mL;14.11;Casa > Limpeza > Superfícies;glúten,peixe,ovos,trigo;7385512817753;08/02/2019
BR-01187;Frosten Leave-In Conditioner;Frosten;250 mL;14.11;Cuidados Pessoais > Cabelo > Condicionador;ovos,castanhas,gergelim,trigo;2609723602447;18/11/2022
BR-01188;Arovia Granola Bar;Arovia;200 mL;10.58;Alimentos > Petiscos;peixe,soja,ovos,glúten;5171073087153;23/04/2022
BR-01189;Novix Intensive Moisturiser;Novix;1000 mL;5.29;Cuidados Pessoais > Rosto > Hidratação;leite,soja,ovos;7543802741489;21/08/2021
BR-01190;DUMMY-Polvera Rice Cakes;Polvera;100 mL;10.58;Alimentos > Petiscos;;2925468627287;16/10/2023
BR-01191;Orinum Daily Moisturiser;Orinum;300 mL;10.58;Cuidados Pessoais > Rosto > Hidratação;trigo,leite;7632713538674;07/09/2022
BR-01192;Zenpur Mixed Nuts Blend;Zenpur;750 mL;3.53;Alimentos > Petiscos;gergelim;6879060488691;15/08/2020
BR-01193;Nuarix Deep Conditioner;Nuarix;250 mL;8.82;Cuidados Pessoais > Cabelo > Condicionador;amendoim;0508927396157;15/01/2023
BR-01194;Arovia Fragrance-Free Hand Wash;Arovia;50 mL;8.82;Cuidados Pessoais > Sabonete Líquido;castanhas;6707897755429;23/11/2022
BR-01195;Hevara Colour Protect Shampoo;Hevara;50 mL;5.29;Cuidados Pessoais > Cabelo > Shampoo;amendoim,trigo,gergelim,soja;3627320222713;12/03/2019
BR-01196;Vivara Repair Shampoo;Vivara;1000 mL;14.11;Cuidados Pessoais > Cabelo > Shampoo;glúten,ovos,crustáceos;1620429851442;14/07/2022
BR-01197;Plexum Eco Dish Liquid;Plexum;50 mL;8.82;Casa > Limpeza > Louças;ovos;6903922026988;26/02/2018
BR-01198;Kaleo Anti-Dandruff Shampoo;Kaleo;1000 mL;10.58;Cuidados Pessoais > Cabelo > Shampoo;crustáceos,ovos;0680177031634;31/12/2022
BR-01199;Solvix Nourishing Body Cleanser;Solvix;50 mL;1.76;Cuidados Pessoais > Banho;glúten,soja;3267244693178;17/10/2019
BR-01200;Orinum Rinse Aid;Orinum;300 mL;5.29;Casa > Limpeza > Louças;leite,gergelim,soja,amendoim;0654025998516;15/06/2020
BR-01201;Plexum Oat Protein Bar;Plexum;100 mL;14.11;Alimentos > Petiscos;crustáceos;2812916350494;25/10/2022
BR-01202;Sovara Refreshing Shower Gel;Sovara;300 mL;14.11;Cuidados Pessoais > Banho;castanhas,trigo,crustáceos;2845397499505;29/01/2023
BR-01203;Primus Salted Crackers;Primus;500 mL;10.58;Alimentos > Petiscos;leite,peixe;7560208019295;10/07/2018
BR-01204;Arovia Leave-In Conditioner;Arovia;75 mL;8.82;Cuidados Pessoais > Cabelo > Condicionador;soja,leite;4489093225334;24/04/2020
BR-01205;Nexpur Deep Conditioner;Nexpur;150 mL;8.82;Cuidados Pessoais > Cabelo > Condicionador;;0255501935454;17/05/2018
BR-01206;Frosten Exfoliating Face Scrub;Frosten;500 mL;17.64;Cuidados Pessoais > Rosto > Limpeza;amendoim,soja,gergelim,peixe;3324362962088;20/04/2018
BR-01207;Tolvex Whitening Deodorant;Tolvex;500 mL;5.29;Cuidados Pessoais > Desodorante;;2441290759656;03/07/2019
BR-01208;Brightway Moisturising Body Wash;Brightway;150 mL;14.11;Cuidados Pessoais > Banho;soja,ovos,crustáceos;7495421062943;16/01/2019
BR-01209;Orinum Dishwasher Tablets;Orinum;250 mL;2.65;Casa > Limpeza > Louças;trigo,glúten,peixe,soja;1317536264752;12/09/2019
BR-01210;Teraxis Vinegar Dressing;Teraxis;300 mL;7.05;Alimentos > Condimentos;ovos,trigo,leite;9617300992846;15/07/2021
BR-01211;Oralix Repair Conditioner;Oralix;150 mL;3.53;Cuidados Pessoais > Cabelo > Condicionador;;1535505143215;07/03/2019
BR-01212;Polvera Night Cream;Polvera;50 mL;17.64;Cuidados Pessoais > Rosto > Hidratação;crustáceos,glúten,trigo;4792542218833;07/11/2020
BR-01213;Nuarix Mustard Sauce;Nuarix;500 mL;2.65;Alimentos > Condimentos;trigo,leite,amendoim,peixe;8770676933323;28/10/2022
BR-01214;Zenpur 24hr Roll-On Deodorant;Zenpur;750 mL;1.76;Cuidados Pessoais > Desodorante;castanhas,crustáceos,soja,gergelim;7846408585885;26/02/2020
BR-01215;Nexpur Oat Protein Bar;Nexpur;250 mL;10.58;Alimentos > Petiscos;trigo,peixe,glúten;0846729254351;09/03/2022
BR-01216;Cladis Colour Protect Shampoo;Cladis;100 mL;17.64;Cuidados Pessoais > Cabelo > Shampoo;trigo;2501825624726;12/08/2022
BR-01217;Krisol Hydrating Face Wash;Krisol;200 mL;3.53;Cuidados Pessoais > Rosto > Limpeza;;1223414992900;25/02/2018
BR-01218;XXX-Cladis Heavy Duty Dish Soap;Cladis;100 mL;14.11;Casa > Limpeza > Louças;;2660450956326;01/10/2018
BR-01219;Gleam Bathroom Cleaner;Gleam;50 mL;1.76;Casa > Limpeza > Superfícies;glúten;1019335389222;19/10/2019
BR-01220;Helix Intensive Moisturiser;Helix;75 mL;5.29;Cuidados Pessoais > Rosto > Hidratação;leite,glúten,peixe;0827705646162;13/08/2018
BR-01221;Tresol Glass Cleaner;Tresol;300 mL;7.05;Casa > Limpeza > Superfícies;gergelim;5009537234617;27/12/2022
BR-01222;Plexum Moisturising Hand Wash;Plexum;1000 mL;2.65;Cuidados Pessoais > Sabonete Líquido;soja;6109441642313;13/05/2022
BR-01223;Elaris Sport Deodorant;Elaris;75 mL;5.29;Cuidados Pessoais > Desodorante;trigo,crustáceos,gergelim;6857606349422;04/07/2018
BR-01224;Purevex Intensive Moisturiser;Purevex;400 mL;8.82;Cuidados Pessoais > Rosto > Hidratação;ovos,gergelim;8701799932429;18/06/2018
BR-01225;Luxara Repair Conditioner;Luxara;150 mL;14.11;Cuidados Pessoais > Cabelo > Condicionador;amendoim,glúten;1723456538697;12/11/2020
BR-01226;Krisol Disinfectant Spray;Krisol;50 mL;3.53;Casa > Limpeza > Superfícies;gergelim;5362689047239;14/10/2023
BR-01227;Purevex Fragrance-Free Hand Wash;Purevex;1000 mL;1.76;Cuidados Pessoais > Sabonete Líquido;;9538557421647;18/08/2020
BR-01228;Aevum Whitening Deodorant;Aevum;50 mL;1.76;Cuidados Pessoais > Desodorante;soja,crustáceos,ovos,trigo;6047614378846;03/02/2021
BR-01229;Oralix Exfoliating Face Scrub;Oralix;300 mL;10.58;Cuidados Pessoais > Rosto > Limpeza;;8756467263688;03/10/2018
BR-01230;Nuarix Sport Deodorant;Nuarix;75 mL;17.64;Cuidados Pessoais > Desodorante;gergelim,leite;0277291084501;05/02/2023
BR-01231;Motivo Vinegar Dressing;Motivo;50 mL;7.05;Alimentos > Condimentos;castanhas;6605033746983;03/10/2020
BR-01232;Cladis Gentle Face Wash;Cladis;400 mL;14.11;Cuidados Pessoais > Rosto > Limpeza;leite;6718222667942;29/11/2018
BR-01233;XXX-Arovia Dish Liquid;Arovia;500 mL;14.11;Casa > Limpeza > Louças;gergelim,peixe,castanhas,ovos;8590673963426;11/10/2023
BR-01234;Primus Oat Protein Bar;Primus;400 mL;10.58;Alimentos > Petiscos;;5504922170483;27/09/2022
BR-01235;Novix Salted Crackers;Novix;300 mL;14.11;Alimentos > Petiscos;;6632016290737;28/12/2019
BR-01236;Helix Stain Remover;Helix;1000 mL;17.64;Casa > Lavanderia;trigo,crustáceos,soja;1826533717081;29/09/2022
BR-01237;Verdant Lightweight Lotion;Verdant;100 mL;10.58;Cuidados Pessoais > Rosto > Hidratação;amendoim,trigo,leite,ovos;9831354901450;11/09/2022
BR-01238;Motivo Multi-Surface Spray;Motivo;750 mL;3.53;Casa > Limpeza > Superfícies;;9587305498240;08/08/2020
BR-01239;Tolvex Stain Remover;Tolvex;200 mL;5.29;Casa > Lavanderia;;2178167806648;27/06/2020
BR-01240;Qualis Tomato Ketchup;Qualis;1000 mL;17.64;Alimentos > Condimentos;leite,ovos,peixe,castanhas;4928150370179;11/08/2018
BR-01241;Purelix Dishwasher Tablets;Purelix;1000 mL;7.05;Casa > Limpeza > Louças;;7030880817262;08/09/2019
BR-01242;Aevum Laundry Powder;Aevum;300 mL;17.64;Casa > Lavanderia;amendoim;4850072889593;24/01/2020
BR-01243;Teraxis Hot Chilli Sauce;Teraxis;200 mL;2.65;Alimentos > Condimentos;;6806919612761;25/05/2022
BR-01244;Luxara Deep Conditioner;Luxara;50 mL;17.64;Cuidados Pessoais > Cabelo > Condicionador;leite;3917026344438;28/08/2021
BR-01245;Teraxis Heavy Duty Dish Soap;Teraxis;1000 mL;3.53;Casa > Limpeza > Louças;castanhas,gergelim;7012042425362;18/03/2018
BR-01246;Brightway Dish Liquid;Brightway;150 mL;14.11;Casa > Limpeza > Louças;soja,leite;2849760396705;25/06/2019
BR-01247;Motivo Night Cream;Motivo;250 mL;3.53;Cuidados Pessoais > Rosto > Hidratação;leite,castanhas;5364818754032;27/06/2022
BR-01248;Primus Granola Bar;Primus;500 mL;3.53;Alimentos > Petiscos;;5977385466231;05/06/2019
BR-01249;Vanta Exfoliating Face Scrub;Vanta;300 mL;10.58;Cuidados Pessoais > Rosto > Limpeza;glúten,gergelim,peixe;4912594972204;16/11/2020
BR-01250;Alteva Smooth & Shine Conditioner;Alteva;300 mL;3.53;Cuidados Pessoais > Cabelo > Condicionador;peixe;9920666179968;26/12/2019
BR-01251;Motivo Brightening Face Wash;Motivo;750 mL;3.53;Cuidados Pessoais > Rosto > Limpeza;;5876887779255;12/11/2022
BR-01252;Glova Nourishing Body Cleanser;Glova;150 mL;7.05;Cuidados Pessoais > Banho;trigo,leite,amendoim,crustáceos;3153983912260;10/02/2018
BR-01253;Purevex Moisturising Body Wash;Purevex;200 mL;7.05;Cuidados Pessoais > Banho;;7629143049139;15/05/2021
BR-01254;Aurova Hydrating Shampoo;Aurova;500 mL;14.11;Cuidados Pessoais > Cabelo > Shampoo;trigo,gergelim;7209986564220;30/04/2021
BR-01255;Lumeva Nourishing Body Cleanser;Lumeva;1000 mL;3.53;Cuidados Pessoais > Banho;;8235309766919;05/12/2020
BR-01256;Cladis Stain Remover;Cladis;100 mL;17.64;Casa > Lavanderia;;5682017530791;01/08/2022
BR-01257;Alteva Antibacterial Hand Wash;Alteva;300 mL;8.82;Cuidados Pessoais > Sabonete Líquido;trigo,amendoim,leite;4347412531378;17/07/2021
BR-01258;Zephyr Antibacterial Hand Wash;Zephyr;50 mL;14.11;Cuidados Pessoais > Sabonete Líquido;crustáceos,soja,trigo;1750361920255;18/10/2018
BR-01259;Alteva Dishwasher Tablets;Alteva;400 mL;5.29;Casa > Limpeza > Louças;crustáceos;0342444748903;14/01/2021
BR-01260;Luminos Glass Cleaner;Luminos;400 mL;17.64;Casa > Limpeza > Superfícies;trigo,soja,castanhas;1076519170854;03/01/2019
BR-01261;Polvera Kitchen Cleaner;Polvera;100 mL;17.64;Casa > Limpeza > Superfícies;castanhas,ovos,amendoim,trigo;6340918580558;20/11/2018
BR-01262;Toreva Salted Crackers;Toreva;400 mL;7.05;Alimentos > Petiscos;glúten,peixe;5391607700406;03/10/2020
BR-01263;TEST-Toreva Nourishing Body Cleanser;Toreva;200 mL;2.65;Cuidados Pessoais > Banho;amendoim,leite,soja,glúten;8221803966207;04/09/2020
BR-01264;Novix Fabric Softener;Novix;500 mL;10.58;Casa > Lavanderia;leite,crustáceos;8802652951646;27/11/2022
BR-01265;Aurova Oat Protein Bar;Aurova;150 mL;5.29;Alimentos > Petiscos;peixe,trigo;3039744088064;20/06/2023
BR-01266;Glicen Sensitive Skin Body Wash;Glicen;750 mL;17.64;Cuidados Pessoais > Banho;leite,trigo,glúten;1991843113264;31/03/2022
BR-01267;Qualis Hydrating Shampoo;Qualis;500 mL;7.05;Cuidados Pessoais > Cabelo > Shampoo;castanhas,gergelim,leite,trigo;2632119604725;25/08/2019
BR-01268;Plexum Nourishing Body Cleanser;Plexum;750 mL;14.11;Cuidados Pessoais > Banho;;7745447082310;23/12/2022
BR-01269;Motivo Anti-Dandruff Shampoo;Motivo;75 mL;8.82;Cuidados Pessoais > Cabelo > Shampoo;glúten;4676626235964;12/01/2018
BR-01270;Zephyr 48hr Spray Deodorant;Zephyr;100 mL;10.58;Cuidados Pessoais > Desodorante;;8402578703680;02/07/2022
BR-01271;Oralix Nourishing Body Cleanser;Oralix;300 mL;5.29;Cuidados Pessoais > Banho;;6636050281645;02/02/2018
BR-01272;Frosten Eco Dish Liquid;Frosten;75 mL;1.76;Casa > Limpeza > Louças;glúten;0912030252093;10/12/2020
BR-01273;Nuarix 48hr Spray Deodorant;Nuarix;150 mL;14.11;Cuidados Pessoais > Desodorante;castanhas;9531926009866;26/06/2018
BR-01274;Zenpur Volumising Conditioner;Zenpur;400 mL;7.05;Cuidados Pessoais > Cabelo > Condicionador;amendoim,glúten;9205489445385;06/01/2019
BR-01275;Luminos Colour Protect Shampoo;Luminos;1000 mL;17.64;Cuidados Pessoais > Cabelo > Shampoo;;8965583445667;05/10/2019
BR-01276;Solvix Smooth & Shine Conditioner;Solvix;250 mL;3.53;Cuidados Pessoais > Cabelo > Condicionador;;7970566036160;26/07/2019
BR-01277;Sovara Lightweight Lotion;Sovara;50 mL;14.11;Cuidados Pessoais > Rosto > Hidratação;;4726602351581;04/02/2022
BR-01278;Vivara Moisturising Body Wash;Vivara;150 mL;1.76;Cuidados Pessoais > Banho;;7316715605878;11/09/2018
BR-01279;Kaleo 48hr Spray Deodorant;Kaleo;200 mL;7.05;Cuidados Pessoais > Desodorante;;3395479406451;25/05/2020
BR-01280;Nuarix Anti-Dandruff Shampoo;Nuarix;400 mL;1.76;Cuidados Pessoais > Cabelo > Shampoo;crustáceos,ovos;9189866469365;14/09/2021
BR-01281;Luxara Antibacterial Hand Wash;Luxara;150 mL;5.29;Cuidados Pessoais > Sabonete Líquido;glúten,crustáceos;4876805702373;26/04/2023
BR-01282;Novix Salted Crackers;Novix;200 mL;5.29;Alimentos > Petiscos;leite,soja;1922095673336;12/08/2019
BR-01283;Nuarix Oat Protein Bar;Nuarix;400 mL;5.29;Alimentos > Petiscos;soja;9644028253263;28/02/2023
BR-01284;Frosten Aloe Hand Wash;Frosten;1000 mL;3.53;Cuidados Pessoais > Sabonete Líquido;trigo,crustáceos;7392385202326;30/03/2018
BR-01285;Verdant Dish Liquid;Verdant;50 mL;2.65;Casa > Limpeza > Louças;glúten,soja,gergelim;2844234719981;04/09/2019
BR-01286;Solvix Dish Liquid;Solvix;400 mL;8.82;Casa > Limpeza > Louças;ovos,castanhas;4526075699919;06/04/2020
BR-01287;Glova Laundry Powder;Glova;50 mL;1.76;Casa > Lavanderia;amendoim,soja,gergelim;2262277773317;24/08/2022
BR-01288;Nuarix Oat Protein Bar;Nuarix;50 mL;10.58;Alimentos > Petiscos;amendoim,crustáceos,leite;7038503605951;26/11/2019
BR-01289;Frostine Eco Dish Liquid;Frostine;100 mL;7.05;Casa > Limpeza > Louças;gergelim;0740274067582;16/11/2019
BR-01290;Purelix Foaming Hand Wash;Purelix;100 mL;8.82;Cuidados Pessoais > Sabonete Líquido;leite,peixe,trigo,glúten;0363856461495;09/01/2023
BR-01291;XXX-Aevum SPF Moisturiser;Aevum;400 mL;5.29;Cuidados Pessoais > Rosto > Hidratação;;8399798491490;04/09/2023
BR-01292;Frosten Antibacterial Hand Wash;Frosten;750 mL;8.82;Cuidados Pessoais > Sabonete Líquido;leite,amendoim;9326643223943;10/04/2022
BR-01293;Solven Volumising Shampoo;Solven;100 mL;17.64;Cuidados Pessoais > Cabelo > Shampoo;gergelim,ovos,glúten,trigo;9485340012769;01/11/2019
BR-01294;Frosten Leave-In Conditioner;Frosten;500 mL;7.05;Cuidados Pessoais > Cabelo > Condicionador;amendoim,trigo,gergelim;5678718882239;19/01/2023
BR-01295;Gleam Stain Remover;Gleam;400 mL;1.76;Casa > Lavanderia;gergelim,amendoim;1680613495647;31/03/2023
BR-01296;Aevum Oat Protein Bar;Aevum;500 mL;7.05;Alimentos > Petiscos;leite,amendoim,gergelim;7949638309723;04/04/2020
BR-01297;Oralix Antibacterial Hand Wash;Oralix;500 mL;1.76;Cuidados Pessoais > Sabonete Líquido;trigo,peixe,ovos,soja;6201655578645;15/09/2021
BR-01298;Cladis Disinfectant Spray;Cladis;250 mL;8.82;Casa > Limpeza > Superfícies;crustáceos,castanhas;1247640006873;14/10/2021
BR-01299;Alteva Laundry Capsules;Alteva;100 mL;7.05;Casa > Lavanderia;;5166545122449;01/12/2020
BR-01300;Frosten Colour Protect Shampoo;Frosten;750 mL;14.11;Cuidados Pessoais > Cabelo > Shampoo;leite,trigo;3386860835707;18/09/2018
BR-01301;Cristalix Multi-Surface Spray;Cristalix;300 mL;5.29;Casa > Limpeza > Superfícies;;9442386020509;31/12/2023
BR-01302;Aevum Gentle Face Wash;Aevum;200 mL;2.65;Cuidados Pessoais > Rosto > Limpeza;amendoim;9096197979725;22/01/2021
BR-01303;Luxara 48hr Spray Deodorant;Luxara;200 mL;2.65;Cuidados Pessoais > Desodorante;castanhas;6948045073563;09/07/2023
BR-01304;Zephyr Lightweight Lotion;Zephyr;750 mL;8.82;Cuidados Pessoais > Rosto > Hidratação;soja,amendoim,leite;5980260294423;01/07/2018
BR-01305;Zenpur Gentle Face Wash;Zenpur;500 mL;3.53;Cuidados Pessoais > Rosto > Limpeza;gergelim,amendoim;9073420319770;14/04/2023
BR-01306;Sovara Lightweight Lotion;Sovara;400 mL;8.82;Cuidados Pessoais > Rosto > Hidratação;castanhas,ovos,amendoim,leite;8648230882953;31/10/2023
BR-01307;Nuvelo Aloe Hand Wash;Nuvelo;75 mL;10.58;Cuidados Pessoais > Sabonete Líquido;soja;3260586942768;23/05/2023
BR-01308;Aurova Lightweight Lotion;Aurova;75 mL;14.11;Cuidados Pessoais > Rosto > Hidratação;leite;6629315181781;13/08/2023
BR-01309;Arovia Repair Conditioner;Arovia;100 mL;10.58;Cuidados Pessoais > Cabelo > Condicionador;castanhas,amendoim;6989062327239;25/04/2023
BR-01310;Lumeva Repair Shampoo;Lumeva;500 mL;1.76;Cuidados Pessoais > Cabelo > Shampoo;trigo;3790065487089;23/02/2021
BR-01311;Frosten Glass Cleaner;Frosten;250 mL;7.05;Casa > Limpeza > Superfícies;;7675539818896;12/06/2018
BR-01312;DUMMY-Cryston Kitchen Cleaner;Cryston;500 mL;2.65;Casa > Limpeza > Superfícies;glúten,ovos;5790894589624;17/07/2022
BR-01313;Primus Laundry Powder;Primus;200 mL;17.64;Casa > Lavanderia;crustáceos,peixe,soja,amendoim;0207612396129;15/04/2019
BR-01314;Luminos Vinegar Dressing;Luminos;1000 mL;8.82;Alimentos > Condimentos;;8812988618205;24/06/2023
BR-01315;Motivo Deep Clean Body Wash;Motivo;750 mL;1.76;Cuidados Pessoais > Banho;;0792372982687;04/08/2020
BR-01316;Hevara Brightening Face Wash;Hevara;500 mL;10.58;Cuidados Pessoais > Rosto > Limpeza;glúten,crustáceos;0350675789688;11/07/2020
BR-01317;Zenpur Brightening Face Wash;Zenpur;400 mL;1.76;Cuidados Pessoais > Rosto > Limpeza;crustáceos,soja,ovos;2315550570520;19/01/2019
BR-01318;Lumeva Laundry Capsules;Lumeva;750 mL;5.29;Casa > Lavanderia;amendoim,glúten,gergelim,leite;4588311414700;24/02/2019
BR-01319;Gleam Leave-In Conditioner;Gleam;250 mL;1.76;Cuidados Pessoais > Cabelo > Condicionador;peixe;8715689109778;03/01/2023
BR-01320;Brightway Liquid Laundry Detergent;Brightway;150 mL;7.05;Casa > Lavanderia;castanhas,peixe;8446794036641;30/03/2018
BR-01321;Aurova Repair Shampoo;Aurova;100 mL;8.82;Cuidados Pessoais > Cabelo > Shampoo;soja,crustáceos,glúten;1597572927310;17/09/2023
BR-01322;Arovia Aloe Hand Wash;Arovia;150 mL;1.76;Cuidados Pessoais > Sabonete Líquido;glúten;1585423324166;08/03/2022
BR-01323;Zenpur Colour Protect Shampoo;Zenpur;1000 mL;7.05;Cuidados Pessoais > Cabelo > Shampoo;soja,peixe,gergelim,leite;7344674621592;01/01/2022
BR-01324;Gleam Fabric Softener;Gleam;75 mL;14.11;Casa > Lavanderia;glúten,ovos;6170502218167;22/10/2018
BR-01325;Solven Mustard Sauce;Solven;150 mL;7.05;Alimentos > Condimentos;crustáceos,peixe;0948377402921;18/07/2022
BR-01326;Serafix Night Cream;Serafix;50 mL;3.53;Cuidados Pessoais > Rosto > Hidratação;castanhas,leite,peixe;2183667719664;23/08/2022
BR-01327;Zephyr Antibacterial Hand Wash;Zephyr;100 mL;8.82;Cuidados Pessoais > Sabonete Líquido;soja,amendoim,trigo;0222349980137;28/11/2022
BR-01328;Plexum Aloe Hand Wash;Plexum;300 mL;14.11;Cuidados Pessoais > Sabonete Líquido;glúten,leite;1779152446149;18/04/2021
BR-01329;Nexpur Sensitive Skin Body Wash;Nexpur;150 mL;5.29;Cuidados Pessoais > Banho;ovos,crustáceos;4656426018639;29/06/2023
BR-01330;XXX-Aurova Volumising Conditioner;Aurova;75 mL;8.82;Cuidados Pessoais > Cabelo > Condicionador;glúten,castanhas,gergelim;9227764149009;05/06/2020
BR-01331;Zephyr Fabric Softener;Zephyr;100 mL;8.82;Casa > Lavanderia;ovos,soja;4448672288399;04/01/2018
BR-01332;Krisol Intensive Moisturiser;Krisol;150 mL;5.29;Cuidados Pessoais > Rosto > Hidratação;;4546157493259;16/01/2019
BR-01333;Nuarix Anti-Dandruff Shampoo;Nuarix;750 mL;14.11;Cuidados Pessoais > Cabelo > Shampoo;;1204095437768;07/10/2022
BR-01334;Serafix Colour Protect Shampoo;Serafix;50 mL;17.64;Cuidados Pessoais > Cabelo > Shampoo;gergelim,leite;0187314391519;23/09/2018
BR-01335;Sovara Night Cream;Sovara;400 mL;17.64;Cuidados Pessoais > Rosto > Hidratação;trigo,ovos,leite;7818710968564;18/05/2021
BR-01336;Krisol Repair Conditioner;Krisol;400 mL;1.76;Cuidados Pessoais > Cabelo > Condicionador;amendoim,castanhas,soja,gergelim;6933154230600;05/08/2018
BR-01337;Oralix Leave-In Conditioner;Oralix;100 mL;17.64;Cuidados Pessoais > Cabelo > Condicionador;castanhas,glúten,leite;5224114206676;31/05/2018
BR-01338;Purevex Anti-Dandruff Shampoo;Purevex;200 mL;8.82;Cuidados Pessoais > Cabelo > Shampoo;glúten,trigo,leite,crustáceos;6633822224008;01/08/2021
BR-01339;DUMMY-Tresol Hydrating Face Wash;Tresol;100 mL;3.53;Cuidados Pessoais > Rosto > Limpeza;;5620190113486;10/06/2021
BR-01340;Clarity Oil Control Face Wash;Clarity;75 mL;5.29;Cuidados Pessoais > Rosto > Limpeza;trigo;5286132394568;06/03/2021
BR-01341;Aurova 48hr Spray Deodorant;Aurova;200 mL;3.53;Cuidados Pessoais > Desodorante;peixe,amendoim,gergelim,crustáceos;7602498663427;12/08/2018
BR-01342;Zenpur Oat Protein Bar;Zenpur;150 mL;10.58;Alimentos > Petiscos;crustáceos,soja,amendoim;9852973561528;21/04/2022
BR-01343;Qualis Fragrance-Free Hand Wash;Qualis;750 mL;2.65;Cuidados Pessoais > Sabonete Líquido;crustáceos,peixe;2538096641473;22/02/2022
BR-01344;Cladis Oil Control Face Wash;Cladis;750 mL;8.82;Cuidados Pessoais > Rosto > Limpeza;amendoim;7466535389622;20/10/2021
BR-01345;Brightway Mixed Nuts Blend;Brightway;200 mL;5.29;Alimentos > Petiscos;crustáceos,trigo,amendoim;1571276383542;20/05/2020
BR-01346;Purelix Mustard Sauce;Purelix;500 mL;8.82;Alimentos > Condimentos;peixe,soja,leite,gergelim;1682497939989;13/11/2018
BR-01347;Zenpur Antibacterial Hand Wash;Zenpur;150 mL;17.64;Cuidados Pessoais > Sabonete Líquido;;1683710307370;20/06/2019
BR-01348;Velaris Antibacterial Hand Wash;Velaris;100 mL;1.76;Cuidados Pessoais > Sabonete Líquido;;4896780826499;01/05/2020
BR-01349;Glova Volumising Shampoo;Glova;200 mL;10.58;Cuidados Pessoais > Cabelo > Shampoo;glúten;4762542926458;19/07/2022
BR-01350;Aevum Oil Control Face Wash;Aevum;75 mL;14.11;Cuidados Pessoais > Rosto > Limpeza;glúten;9403694811265;19/04/2022
BR-01351;Clarity Granola Bar;Clarity;400 mL;2.65;Alimentos > Petiscos;peixe,crustáceos,leite,soja;8335391016128;04/12/2021
BR-01352;Glova Dish Liquid;Glova;300 mL;5.29;Casa > Limpeza > Louças;glúten,amendoim,leite,peixe;1333443767346;26/12/2023
BR-01353;Vanta Anti-Dandruff Shampoo;Vanta;750 mL;17.64;Cuidados Pessoais > Cabelo > Shampoo;ovos,leite;1679301481161;12/02/2018
BR-01354;Gleam Lightweight Lotion;Gleam;750 mL;2.65;Cuidados Pessoais > Rosto > Hidratação;;0420288661685;16/05/2018
BR-01355;Lumeva Salted Crackers;Lumeva;750 mL;1.76;Alimentos > Petiscos;amendoim;2134854842030;31/07/2021
BR-01356;Sovara Gentle Face Wash;Sovara;50 mL;14.11;Cuidados Pessoais > Rosto > Limpeza;ovos,crustáceos,glúten,gergelim;8601571171322;05/02/2019
BR-01357;Luminos Rinse Aid;Luminos;100 mL;7.05;Casa > Limpeza > Louças;leite,trigo,ovos;4112874527197;22/05/2020
BR-01358;Primus Foaming Hand Wash;Primus;250 mL;14.11;Cuidados Pessoais > Sabonete Líquido;amendoim,peixe,soja;9138107491610;18/03/2021
BR-01359;Gleam Leave-In Conditioner;Gleam;100 mL;2.65;Cuidados Pessoais > Cabelo > Condicionador;amendoim,leite;1315350696261;30/09/2018
BR-01360;Verdant Aloe Hand Wash;Verdant;250 mL;8.82;Cuidados Pessoais > Sabonete Líquido;soja,glúten;2741025471793;04/02/2021
BR-01361;Zenpur Stain Remover;Zenpur;300 mL;10.58;Casa > Lavanderia;amendoim,gergelim,soja,leite;0519567563557;30/08/2023
BR-01362;Kaleo Night Cream;Kaleo;400 mL;2.65;Cuidados Pessoais > Rosto > Hidratação;trigo,peixe,gergelim;2565046070014;19/04/2021
BR-01363;Glova Mustard Sauce;Glova;150 mL;1.76;Alimentos > Condimentos;gergelim,peixe,trigo;4087100668909;18/01/2021
BR-01364;Tresol Repair Shampoo;Tresol;500 mL;3.53;Cuidados Pessoais > Cabelo > Shampoo;;7623811522320;30/08/2019
BR-01365;Luxara Leave-In Conditioner;Luxara;100 mL;7.05;Cuidados Pessoais > Cabelo > Condicionador;;8475283599947;11/05/2018
BR-01366;Helix Nourishing Body Cleanser;Helix;50 mL;17.64;Cuidados Pessoais > Banho;crustáceos,ovos;3511350535724;06/11/2019
BR-01367;Frosten Vinegar Dressing;Frosten;100 mL;1.76;Alimentos > Condimentos;amendoim,ovos,castanhas;7809783028019;08/04/2018
01368;Lumeva Daily Moisturiser;Lumeva;200 mL;8.82;Cuidados Pessoais > Rosto > Hidratação;amendoim;1952814478676;24/03/2021
BR-01369;Luxara Mixed Nuts Blend;Luxara;50 mL;3.53;Alimentos > Petiscos;;8893063578034;19/03/2023
BR-01370;Arovia Stain Remover;Arovia;75 mL;3.53;Casa > Lavanderia;;3974369905580;16/08/2021
BR-01371;Vivara Sensitive Deodorant;Vivara;750 mL;7.05;Cuidados Pessoais > Desodorante;;8429069690458;20/09/2019
BR-01372;Novix Stain Remover;Novix;300 mL;1.76;Casa > Lavanderia;ovos,leite,peixe;5673374570162;27/07/2021
BR-01373;Purelix Volumising Conditioner;Purelix;75 mL;5.29;Cuidados Pessoais > Cabelo > Condicionador;gergelim,ovos,amendoim;9802530843765;21/10/2019
BR-01374;Cladis Vinegar Dressing;Cladis;200 mL;7.05;Alimentos > Condimentos;crustáceos,glúten;2508423242345;30/09/2023
BR-01375;Nuvelo Moisturising Body Wash;Nuvelo;75 mL;14.11;Cuidados Pessoais > Banho;amendoim;1553691585572;28/02/2021
BR-01376;Motivo Dish Liquid;Motivo;100 mL;14.11;Casa > Limpeza > Louças;peixe,leite,trigo,crustáceos;2570333295940;09/01/2022
BR-01377;Helix Leave-In Conditioner;Helix;250 mL;17.64;Cuidados Pessoais > Cabelo > Condicionador;gergelim;6304029662992;07/01/2019
BR-01378;Solven Kitchen Cleaner;Solven;400 mL;7.05;Casa > Limpeza > Superfícies;glúten;2204167821531;23/12/2019
BR-01379;Aevum Foaming Hand Wash;Aevum;150 mL;14.11;Cuidados Pessoais > Sabonete Líquido;;6325031392806;22/05/2021
BR-01380;Zephyr Fabric Softener;Zephyr;100 mL;3.53;Casa > Lavanderia;;6190193335936;28/06/2023
BR-01381;Helix Heavy Duty Dish Soap;Helix;750 mL;1.76;Casa > Limpeza > Louças;;0029561622568;24/02/2021
BR-01382;Purevex Rice Cakes;Purevex;500 mL;8.82;Alimentos > Petiscos;glúten,amendoim;0799230453235;06/12/2018
01383;Cryston Foaming Hand Wash;Cryston;500 mL;2.65;Cuidados Pessoais > Sabonete Líquido;castanhas,peixe;4743701945398;04/03/2019
BR-01384;Solaris Repair Shampoo;Solaris;300 mL;10.58;Cuidados Pessoais > Cabelo > Shampoo;castanhas,leite,glúten;2761209281574;14/08/2018
BR-01385;Glicen Antibacterial Hand Wash;Glicen;750 mL;1.76;Cuidados Pessoais > Sabonete Líquido;trigo;3116787067635;05/10/2021
BR-01386;Brightway Oil Control Face Wash;Brightway;150 mL;14.11;Cuidados Pessoais > Rosto > Limpeza;;8592126848564;22/06/2020
BR-01387;Helix Multi-Surface Spray;Helix;200 mL;3.53;Casa > Limpeza > Superfícies;amendoim,soja,leite,crustáceos;0375398923133;10/08/2019
BR-01388;Zenpur Intensive Moisturiser;Zenpur;750 mL;17.64;Cuidados Pessoais > Rosto > Hidratação;;7841783765914;28/10/2021
BR-01389;Tresol Hydrating Face Wash;Tresol;50 mL;2.65;Cuidados Pessoais > Rosto > Limpeza;;4065266426731;19/02/2022
BR-01390;Solaris Volumising Shampoo;Solaris;100 mL;7.05;Cuidados Pessoais > Cabelo > Shampoo;castanhas,soja;3756569764873;26/09/2023
BR-01391;Sovara Lightweight Lotion;Sovara;100 mL;3.53;Cuidados Pessoais > Rosto > Hidratação;glúten,amendoim;5104625069291;12/09/2022
BR-01392;Novix Sensitive Deodorant;Novix;250 mL;2.65;Cuidados Pessoais > Desodorante;leite;6276729350977;01/06/2020
BR-01393;Tresol SPF Moisturiser;Tresol;75 mL;3.53;Cuidados Pessoais > Rosto > Hidratação;ovos,amendoim,peixe,crustáceos;5022347780457;12/07/2023
BR-01394;Cryston Oat Protein Bar;Cryston;100 mL;8.82;Alimentos > Petiscos;ovos,crustáceos,castanhas;8407033982143;29/01/2023
01395;Arovia Laundry Powder;Arovia;150 mL;5.29;Casa > Lavanderia;trigo,leite,amendoim;5167670636320;01/11/2023
BR-01396;Zephyr Moisturising Hand Wash;Zephyr;75 mL;2.65;Cuidados Pessoais > Sabonete Líquido;trigo;0084842648330;20/05/2020
BR-01397;Solvix Foaming Hand Wash;Solvix;750 mL;10.58;Cuidados Pessoais > Sabonete Líquido;;8289671360541;17/03/2021
BR-01398;Tresol Aloe Hand Wash;Tresol;50 mL;17.64;Cuidados Pessoais > Sabonete Líquido;peixe,amendoim;9013249519357;24/07/2018
BR-01399;Purevex Tomato Ketchup;Purevex;75 mL;8.82;Alimentos > Condimentos;peixe,ovos;7580803889048;11/11/2020
BR-01400;Oralix Tomato Ketchup;Oralix;200 mL;1.76;Alimentos > Condimentos;soja,ovos;5668513538141;11/10/2023
BR-01401;Velaris Mayonnaise;Velaris;200 mL;14.11;Alimentos > Condimentos;castanhas,gergelim;0309016856473;27/03/2019
BR-01402;Luxara Glass Cleaner;Luxara;200 mL;1.76;Casa > Limpeza > Superfícies;;9027169883719;21/11/2022
BR-01403;Vivara Hydrating Shampoo;Vivara;500 mL;10.58;Cuidados Pessoais > Cabelo > Shampoo;gergelim,peixe,ovos;1997675983327;23/08/2022
BR-01404;Vanta Repair Shampoo;Vanta;250 mL;1.76;Cuidados Pessoais > Cabelo > Shampoo;gergelim,soja;5345819565728;22/02/2022
BR-01405;Cristalix Brightening Face Wash;Cristalix;150 mL;17.64;Cuidados Pessoais > Rosto > Limpeza;castanhas,amendoim,ovos,glúten;2662177580150;01/01/2021
BR-01406;Luxara Foaming Hand Wash;Luxara;400 mL;5.29;Cuidados Pessoais > Sabonete Líquido;;3028532727667;28/06/2020
BR-01407;Purevex SPF Moisturiser;Purevex;1000 mL;8.82;Cuidados Pessoais > Rosto > Hidratação;;2528546130879;20/02/2020
BR-01408;Clarity Sensitive Skin Body Wash;Clarity;400 mL;3.53;Cuidados Pessoais > Banho;;7382777711840;29/07/2019
BR-01409;Nuarix 48hr Spray Deodorant;Nuarix;400 mL;17.64;Cuidados Pessoais > Desodorante;soja,leite,gergelim;0712102423440;26/06/2023
BR-01410;Zenpur Gentle Face Wash;Zenpur;1000 mL;14.11;Cuidados Pessoais > Rosto > Limpeza;castanhas;1997165965666;08/02/2023
BR-01411;Vanta Fragrance-Free Hand Wash;Vanta;750 mL;10.58;Cuidados Pessoais > Sabonete Líquido;soja,glúten,amendoim,peixe;4009522426530;23/02/2023
BR-01412;Nuarix Dishwasher Tablets;Nuarix;100 mL;3.53;Casa > Limpeza > Louças;;9143907054736;22/09/2022
BR-01413;Qualis Moisturising Body Wash;Qualis;400 mL;2.65;Cuidados Pessoais > Banho;;5010162600807;06/07/2019
BR-01414;Luxara Fragrance-Free Hand Wash;Luxara;750 mL;5.29;Cuidados Pessoais > Sabonete Líquido;crustáceos,castanhas;9783354883574;01/01/2019
BR-01415;Solven Dishwasher Tablets;Solven;200 mL;10.58;Casa > Limpeza > Louças;glúten,ovos,amendoim;6386643203171;23/07/2019
BR-01416;Sovara Hot Chilli Sauce;Sovara;250 mL;3.53;Alimentos > Condimentos;trigo,amendoim,peixe,gergelim;5492724000209;22/05/2022
01417;Helix Tomato Ketchup;Helix;200 mL;10.58;Alimentos > Condimentos;;5190854327165;11/04/2020
BR-01418;Gleam Salted Crackers;Gleam;150 mL;5.29;Alimentos > Petiscos;peixe,soja;6930100090899;19/08/2020
BR-01419;Orinum Colour Protect Shampoo;Orinum;500 mL;2.65;Cuidados Pessoais > Cabelo > Shampoo;;4802835415891;07/01/2020
BR-01420;Lumeva Dish Liquid;Lumeva;150 mL;1.76;Casa > Limpeza > Louças;soja,crustáceos;6613662808125;16/07/2019
BR-01421;Alteva Hot Chilli Sauce;Alteva;75 mL;8.82;Alimentos > Condimentos;amendoim,crustáceos,glúten,peixe;7053110583300;08/11/2022
BR-01422;Aevum Kitchen Cleaner;Aevum;400 mL;17.64;Casa > Limpeza > Superfícies;trigo,ovos;8914269376504;02/03/2019
BR-01423;Sovara Foaming Hand Wash;Sovara;400 mL;2.65;Cuidados Pessoais > Sabonete Líquido;crustáceos,glúten,peixe,gergelim;2883636885016;13/06/2022
BR-01424;Cryston Mayonnaise;Cryston;300 mL;3.53;Alimentos > Condimentos;trigo,glúten,peixe,soja;6788093761650;24/11/2019
BR-01425;Gleam Smooth & Shine Conditioner;Gleam;750 mL;17.64;Cuidados Pessoais > Cabelo > Condicionador;leite,crustáceos,amendoim,gergelim;9359812559772;20/03/2023
BR-01426;XXX-Toreva Volumising Conditioner;Toreva;750 mL;14.11;Cuidados Pessoais > Cabelo > Condicionador;amendoim,leite,soja;8580501417160;12/09/2021
BR-01427;Frosten Disinfectant Spray;Frosten;150 mL;2.65;Casa > Limpeza > Superfícies;glúten;5651887114868;11/06/2018
BR-01428;Arovia Nourishing Body Cleanser;Arovia;50 mL;1.76;Cuidados Pessoais > Banho;trigo,amendoim,gergelim,crustáceos;2878757030292;14/03/2020
01429;Solven Moisturising Body Wash;Solven;100 mL;8.82;Cuidados Pessoais > Banho;;1860742906959;04/09/2019
BR-01430;DUMMY-Plexum Leave-In Conditioner;Plexum;150 mL;10.58;Cuidados Pessoais > Cabelo > Condicionador;soja,ovos,leite,glúten;2007302426628;29/11/2020
BR-01431;Orinum Oat Protein Bar;Orinum;250 mL;5.29;Alimentos > Petiscos;amendoim,leite,castanhas;7144695674061;13/07/2023
BR-01432;Gleam Brightening Face Wash;Gleam;200 mL;7.05;Cuidados Pessoais > Rosto > Limpeza;soja,amendoim;5146688658340;07/09/2023
BR-01433;Luxara Brightening Face Wash;Luxara;150 mL;8.82;Cuidados Pessoais > Rosto > Limpeza;peixe,trigo,glúten,crustáceos;7366485320778;03/02/2022
BR-01434;Zephyr Laundry Capsules;Zephyr;500 mL;7.05;Casa > Lavanderia;trigo;6983443695801;29/12/2021
BR-01435;Toreva Nourishing Body Cleanser;Toreva;50 mL;8.82;Cuidados Pessoais > Banho;;9284672007340;07/12/2019
BR-01436;Clarity Dishwasher Tablets;Clarity;50 mL;14.11;Casa > Limpeza > Louças;soja,crustáceos,trigo;9545038016254;09/12/2021
BR-01437;Vanta Anti-Dandruff Shampoo;Vanta;1000 mL;3.53;Cuidados Pessoais > Cabelo > Shampoo;;4502814353120;16/03/2023
BR-01438;Arovia Rinse Aid;Arovia;1000 mL;5.29;Casa > Limpeza > Louças;crustáceos;9531112359041;15/11/2019
BR-01439;Kaleo Fragrance-Free Hand Wash;Kaleo;400 mL;7.05;Cuidados Pessoais > Sabonete Líquido;gergelim;6625108573832;04/12/2021
BR-01440;Qualis Sport Deodorant;Qualis;75 mL;7.05;Cuidados Pessoais > Desodorante;leite,ovos,soja;5117455537069;10/07/2019
BR-01441;Novix Kitchen Cleaner;Novix;75 mL;10.58;Casa > Limpeza > Superfícies;soja,glúten,crustáceos;4612157562643;20/02/2019
BR-01442;Luminos Volumising Conditioner;Luminos;500 mL;7.05;Cuidados Pessoais > Cabelo > Condicionador;ovos,gergelim,crustáceos,soja;2099069319633;24/03/2018
BR-01443;Aevum Hydrating Face Wash;Aevum;250 mL;2.65;Cuidados Pessoais > Rosto > Limpeza;crustáceos,leite,amendoim;5059982267319;11/12/2019
BR-01444;Plexum Brightening Face Wash;Plexum;500 mL;17.64;Cuidados Pessoais > Rosto > Limpeza;leite,amendoim,castanhas,peixe;1420259364507;16/08/2019
BR-01445;Glicen Laundry Powder;Glicen;150 mL;2.65;Casa > Lavanderia;amendoim;2755767299119;18/09/2021
BR-01446;Luminos Lightweight Lotion;Luminos;200 mL;7.05;Cuidados Pessoais > Rosto > Hidratação;ovos;8343695310293;05/06/2023
BR-01447;Solvix Multi-Surface Spray;Solvix;1000 mL;2.65;Casa > Limpeza > Superfícies;leite,peixe;2917926517322;17/09/2023
BR-01448;Brightway Repair Shampoo;Brightway;1000 mL;2.65;Cuidados Pessoais > Cabelo > Shampoo;;8739221983695;06/11/2018
BR-01449;Aurova Sensitive Deodorant;Aurova;1000 mL;14.11;Cuidados Pessoais > Desodorante;;5298770745992;28/11/2018
BR-01450;Oralix 48hr Spray Deodorant;Oralix;200 mL;7.05;Cuidados Pessoais > Desodorante;leite,glúten;2026838789038;22/06/2021
BR-01451;Oralix Mustard Sauce;Oralix;100 mL;8.82;Alimentos > Condimentos;peixe,crustáceos,glúten,leite;3040934675414;22/08/2019
BR-01452;Novix Exfoliating Face Scrub;Novix;500 mL;2.65;Cuidados Pessoais > Rosto > Limpeza;amendoim,leite,glúten;1382721051332;24/02/2021
BR-01453;Solven Antibacterial Hand Wash;Solven;500 mL;7.05;Cuidados Pessoais > Sabonete Líquido;trigo;0138825320833;11/11/2018
BR-01454;Alteva Hot Chilli Sauce;Alteva;75 mL;10.58;Alimentos > Condimentos;peixe;0389173690783;08/06/2021
BR-01455;Sovara Hot Chilli Sauce;Sovara;400 mL;3.53;Alimentos > Condimentos;;0052141070718;12/11/2022
BR-01456;Luxara Brightening Face Wash;Luxara;250 mL;1.76;Cuidados Pessoais > Rosto > Limpeza;glúten,castanhas,ovos,crustáceos;3708511919442;21/01/2022
BR-01457;Purelix SPF Moisturiser;Purelix;750 mL;14.11;Cuidados Pessoais > Rosto > Hidratação;glúten;6556192767138;04/12/2022
BR-01458;Nuarix Multi-Surface Spray;Nuarix;1000 mL;17.64;Casa > Limpeza > Superfícies;peixe,trigo,glúten,ovos;9561266783058;28/01/2022
BR-01459;Cryston Kitchen Cleaner;Cryston;75 mL;5.29;Casa > Limpeza > Superfícies;gergelim,crustáceos,amendoim,peixe;0223461446624;18/07/2023
BR-01460;Glicen Moisturising Hand Wash;Glicen;150 mL;1.76;Cuidados Pessoais > Sabonete Líquido;ovos,glúten;7614215248312;14/06/2022
BR-01461;Aurova Laundry Capsules;Aurova;300 mL;7.05;Casa > Lavanderia;leite,amendoim,peixe;5689698703681;05/08/2020
BR-01462;Nuvelo Moisturising Body Wash;Nuvelo;500 mL;5.29;Cuidados Pessoais > Banho;glúten,soja,peixe;3159229127061;12/09/2021
BR-01463;Nuvelo Dishwasher Tablets;Nuvelo;75 mL;1.76;Casa > Limpeza > Louças;leite,peixe;2911872282471;24/05/2019
BR-01464;Luminos Laundry Powder;Luminos;75 mL;17.64;Casa > Lavanderia;;7960757898493;09/05/2023
BR-01465;Lumeva Lightweight Lotion;Lumeva;400 mL;1.76;Cuidados Pessoais > Rosto > Hidratação;trigo,glúten;1711486565813;30/12/2023
BR-01466;Zephyr Tomato Ketchup;Zephyr;300 mL;2.65;Alimentos > Condimentos;soja,castanhas,peixe;3163129755729;25/08/2022
BR-01467;DUMMY-Aevum Repair Shampoo;Aevum;200 mL;10.58;Cuidados Pessoais > Cabelo > Shampoo;crustáceos;8811938999067;13/12/2023
BR-01468;Glova Deep Conditioner;Glova;150 mL;1.76;Cuidados Pessoais > Cabelo > Condicionador;ovos,peixe,crustáceos;5321633613173;29/11/2023
BR-01469;Frosten Sport Deodorant;Frosten;50 mL;1.76;Cuidados Pessoais > Desodorante;glúten,leite;3729545858354;21/09/2022
BR-01470;Frosten Hydrating Face Wash;Frosten;500 mL;2.65;Cuidados Pessoais > Rosto > Limpeza;crustáceos;4392255174190;25/01/2020
BR-01471;Purevex Whitening Deodorant;Purevex;1000 mL;7.05;Cuidados Pessoais > Desodorante;peixe,trigo,ovos;2360186399458;23/11/2020
BR-01472;Glicen Volumising Shampoo;Glicen;500 mL;7.05;Cuidados Pessoais > Cabelo > Shampoo;soja,ovos;5630930796855;08/07/2018
BR-01473;Sovara Vinegar Dressing;Sovara;1000 mL;7.05;Alimentos > Condimentos;glúten,gergelim;7240899217735;08/09/2021
BR-01474;Purelix Tomato Ketchup;Purelix;300 mL;17.64;Alimentos > Condimentos;castanhas,gergelim;1339736707211;16/05/2023
BR-01475;Hevara Mayonnaise;Hevara;200 mL;1.76;Alimentos > Condimentos;amendoim;2224198306326;19/08/2020
BR-01476;Frostine Fragrance-Free Hand Wash;Frostine;50 mL;2.65;Cuidados Pessoais > Sabonete Líquido;ovos,amendoim,gergelim,trigo;2484202435095;14/06/2021
BR-01477;Zenpur Glass Cleaner;Zenpur;75 mL;2.65;Casa > Limpeza > Superfícies;peixe,ovos,castanhas,soja;4099414753981;24/09/2018
BR-01478;Vanta Exfoliating Face Scrub;Vanta;250 mL;7.05;Cuidados Pessoais > Rosto > Limpeza;amendoim;5190826110351;20/04/2022
BR-01479;Nuvelo Whitening Deodorant;Nuvelo;100 mL;3.53;Cuidados Pessoais > Desodorante;;2376669692299;22/11/2021
BR-01480;Novix Oil Control Face Wash;Novix;300 mL;2.65;Cuidados Pessoais > Rosto > Limpeza;amendoim,ovos,gergelim,castanhas;8390934242402;31/03/2022
BR-01481;Primus Moisturising Hand Wash;Primus;150 mL;7.05;Cuidados Pessoais > Sabonete Líquido;soja,glúten,amendoim;8893343751867;22/11/2022
BR-01482;Glicen Rinse Aid;Glicen;50 mL;17.64;Casa > Limpeza > Louças;castanhas,amendoim,trigo;4382692855073;06/01/2021
BR-01483;Luminos Brightening Face Wash;Luminos;750 mL;8.82;Cuidados Pessoais > Rosto > Limpeza;gergelim;8959470396965;06/03/2021
BR-01484;Toreva 48hr Spray Deodorant;Toreva;750 mL;2.65;Cuidados Pessoais > Desodorante;amendoim,trigo,peixe;4718830099540;13/07/2019
BR-01485;Cryston Stain Remover;Cryston;150 mL;7.05;Casa > Lavanderia;glúten,peixe;6866798994709;01/08/2022
BR-01486;Cryston Salted Crackers;Cryston;1000 mL;1.76;Alimentos > Petiscos;glúten,leite,ovos;4971103847150;26/05/2022
BR-01487;Purelix Bathroom Cleaner;Purelix;300 mL;8.82;Casa > Limpeza > Superfícies;;5188601674495;11/01/2020
BR-01488;Nuarix Brightening Face Wash;Nuarix;150 mL;8.82;Cuidados Pessoais > Rosto > Limpeza;peixe,gergelim,castanhas,leite;4505669375408;10/07/2019
BR-01489;Kaleo Granola Bar;Kaleo;500 mL;10.58;Alimentos > Petiscos;;7892571402504;12/09/2020
BR-01490;Hevara Fabric Softener;Hevara;400 mL;10.58;Casa > Lavanderia;peixe;4816384936806;28/04/2022
BR-01491;Primus Brightening Face Wash;Primus;250 mL;5.29;Cuidados Pessoais > Rosto > Limpeza;;1012789695192;03/05/2020
BR-01492;Gleam Nourishing Body Cleanser;Gleam;500 mL;8.82;Cuidados Pessoais > Banho;crustáceos;7586703656209;06/03/2020
BR-01493;Aurova Rice Cakes;Aurova;200 mL;7.05;Alimentos > Petiscos;soja,amendoim;6896331812337;27/02/2022
BR-01494;Helix Glass Cleaner;Helix;400 mL;1.76;Casa > Limpeza > Superfícies;soja,ovos,crustáceos;4457762626362;26/12/2022
BR-01495;Nuarix Fabric Softener;Nuarix;50 mL;17.64;Casa > Lavanderia;gergelim,crustáceos,glúten,trigo;7594434852951;19/02/2020
BR-01496;Verdant Glass Cleaner;Verdant;50 mL;5.29;Casa > Limpeza > Superfícies;trigo,glúten,amendoim;8740420767511;16/06/2021
BR-01497;Zenpur Heavy Duty Dish Soap;Zenpur;150 mL;7.05;Casa > Limpeza > Louças;;1573309900092;11/02/2021
BR-01498;Purelix Salted Crackers;Purelix;250 mL;10.58;Alimentos > Petiscos;gergelim,trigo;3445385653521;31/03/2020
BR-01499;Purelix Mayonnaise;Purelix;300 mL;1.76;Alimentos > Condimentos;;0470911034959;23/09/2022
BR-01500;Aevum Hydrating Shampoo;Aevum;750 mL;17.64;Cuidados Pessoais > Cabelo > Shampoo;glúten,peixe,castanhas,leite;1815837466146;09/06/2021
BR-01501;Sovara Glass Cleaner;Sovara;75 mL;17.64;Casa > Limpeza > Superfícies;gergelim,crustáceos,leite;4796668290520;19/02/2022
BR-01502;Aevum Fragrance-Free Hand Wash;Aevum;750 mL;8.82;Cuidados Pessoais > Sabonete Líquido;;8914233029276;28/09/2022
BR-01503;Toreva Daily Moisturiser;Toreva;200 mL;14.11;Cuidados Pessoais > Rosto > Hidratação;glúten;8622140513183;11/05/2022
BR-01504;Frostine Antibacterial Hand Wash;Frostine;400 mL;7.05;Cuidados Pessoais > Sabonete Líquido;soja,glúten,ovos;4785247442030;02/09/2021
BR-01505;Elaris Rinse Aid;Elaris;75 mL;1.76;Casa > Limpeza > Louças;soja;8735186647740;27/01/2019
BR-01506;Aurova Gentle Face Wash;Aurova;250 mL;2.65;Cuidados Pessoais > Rosto > Limpeza;soja,leite,trigo,crustáceos;8534658153983;02/02/2022
BR-01507;Nuarix Mayonnaise;Nuarix;75 mL;14.11;Alimentos > Condimentos;glúten,castanhas,gergelim,amendoim;9098412865585;30/03/2019
BR-01508;Zenpur Foaming Hand Wash;Zenpur;750 mL;3.53;Cuidados Pessoais > Sabonete Líquido;gergelim;3193489180039;23/12/2023
BR-01509;DUMMY-Motivo Anti-Dandruff Shampoo;Motivo;150 mL;7.05;Cuidados Pessoais > Cabelo > Shampoo;glúten;2421959730912;12/12/2019
BR-01510;Toreva Colour Protect Shampoo;Toreva;100 mL;14.11;Cuidados Pessoais > Cabelo > Shampoo;amendoim;1146133155534;10/08/2018
BR-01511;Plexum Anti-Dandruff Shampoo;Plexum;50 mL;5.29;Cuidados Pessoais > Cabelo > Shampoo;;4407781109650;26/05/2021
BR-01512;Toreva Mustard Sauce;Toreva;400 mL;10.58;Alimentos > Condimentos;soja,amendoim,castanhas;4182991269942;29/10/2021
BR-01513;Purelix Deep Conditioner;Purelix;200 mL;2.65;Cuidados Pessoais > Cabelo > Condicionador;ovos,leite,peixe,gergelim;6691008224211;15/07/2022
BR-01514;Purelix Laundry Powder;Purelix;500 mL;3.53;Casa > Lavanderia;ovos;7562699620837;14/01/2021
BR-01515;Hevara Disinfectant Spray;Hevara;75 mL;1.76;Casa > Limpeza > Superfícies;;5932572287037;09/10/2019
01516;Vanta Deep Conditioner;Vanta;1000 mL;14.11;Cuidados Pessoais > Cabelo > Condicionador;gergelim,castanhas;9724387129512;24/04/2021
01517;Hevara 48hr Spray Deodorant;Hevara;50 mL;8.82;Cuidados Pessoais > Desodorante;leite,trigo,peixe,glúten;6048022406541;09/05/2023
BR-01518;Cladis Intensive Moisturiser;Cladis;750 mL;8.82;Cuidados Pessoais > Rosto > Hidratação;;9041898566439;25/05/2018
BR-01519;Qualis Repair Shampoo;Qualis;1000 mL;8.82;Cuidados Pessoais > Cabelo > Shampoo;trigo,soja,crustáceos;8887656993137;14/05/2022
BR-01520;Purelix Tomato Ketchup;Purelix;1000 mL;3.53;Alimentos > Condimentos;glúten;0113860479470;23/11/2018
BR-01521;Zephyr Eco Dish Liquid;Zephyr;150 mL;17.64;Casa > Limpeza > Louças;;3514895382945;15/06/2021
BR-01522;Hevara Colour Protect Shampoo;Hevara;75 mL;7.05;Cuidados Pessoais > Cabelo > Shampoo;glúten,leite,castanhas;3472839516736;19/08/2018
BR-01523;Glicen Rinse Aid;Glicen;150 mL;3.53;Casa > Limpeza > Louças;crustáceos,leite,amendoim;8868656292581;31/01/2020
BR-01524;Nexpur Smooth & Shine Conditioner;Nexpur;500 mL;1.76;Cuidados Pessoais > Cabelo > Condicionador;;8323530688565;05/05/2021
BR-01525;Solaris Hot Chilli Sauce;Solaris;300 mL;14.11;Alimentos > Condimentos;leite,peixe,amendoim,trigo;8374495975214;04/08/2020
BR-01526;Helix 48hr Spray Deodorant;Helix;400 mL;8.82;Cuidados Pessoais > Desodorante;castanhas,trigo;8974874114861;03/10/2019
BR-01527;Toreva Foaming Hand Wash;Toreva;75 mL;2.65;Cuidados Pessoais > Sabonete Líquido;;5349655156416;10/07/2022
BR-01528;TEST-Aevum Disinfectant Spray;Aevum;300 mL;5.29;Casa > Limpeza > Superfícies;;0935820163010;02/09/2021
BR-01529;Gleam Heavy Duty Dish Soap;Gleam;1000 mL;3.53;Casa > Limpeza > Louças;amendoim;2284834927667;19/07/2018
BR-01530;Arovia Eco Dish Liquid;Arovia;200 mL;10.58;Casa > Limpeza > Louças;;1804033480155;16/06/2020
BR-01531;Vivara Kitchen Cleaner;Vivara;500 mL;10.58;Casa > Limpeza > Superfícies;crustáceos,ovos,castanhas;5446053926099;27/11/2022
BR-01532;Tolvex Bathroom Cleaner;Tolvex;300 mL;3.53;Casa > Limpeza > Superfícies;trigo,leite,castanhas;3649911928569;26/12/2022
BR-01533;Primus Mixed Nuts Blend;Primus;250 mL;1.76;Alimentos > Petiscos;ovos;5538307755828;01/01/2019
BR-01534;Kaleo Volumising Conditioner;Kaleo;300 mL;7.05;Cuidados Pessoais > Cabelo > Condicionador;glúten;5678446078904;23/05/2023
BR-01535;Polvera 24hr Roll-On Deodorant;Polvera;750 mL;2.65;Cuidados Pessoais > Desodorante;gergelim,ovos,crustáceos,soja;5512944149257;23/04/2020
BR-01536;Sovara Tomato Ketchup;Sovara;200 mL;17.64;Alimentos > Condimentos;gergelim;3859747765652;31/05/2018
BR-01537;Vivara Multi-Surface Spray;Vivara;250 mL;7.05;Casa > Limpeza > Superfícies;amendoim,soja,glúten,ovos;6877156922098;24/12/2020
BR-01538;Solaris Dish Liquid;Solaris;300 mL;5.29;Casa > Limpeza > Louças;ovos,castanhas;3597710011541;09/03/2023
BR-01539;Arovia Kitchen Cleaner;Arovia;200 mL;7.05;Casa > Limpeza > Superfícies;ovos;4872255785645;02/03/2019
BR-01540;Nuvelo Brightening Face Wash;Nuvelo;1000 mL;14.11;Cuidados Pessoais > Rosto > Limpeza;ovos,peixe;8557395232858;08/03/2022
BR-01541;Luminos Whitening Deodorant;Luminos;1000 mL;8.82;Cuidados Pessoais > Desodorante;glúten,amendoim,crustáceos;5816602841362;18/11/2019
BR-01542;DUMMY-Tolvex Oil Control Face Wash;Tolvex;1000 mL;7.05;Cuidados Pessoais > Rosto > Limpeza;leite,amendoim,glúten;7146971479735;06/04/2021
BR-01543;Zenpur Colour Protect Shampoo;Zenpur;250 mL;8.82;Cuidados Pessoais > Cabelo > Shampoo;;8374560170391;10/05/2022
BR-01544;Purevex Hydrating Shampoo;Purevex;400 mL;8.82;Cuidados Pessoais > Cabelo > Shampoo;leite,glúten,ovos,soja;0679490786925;07/12/2023
BR-01545;Solvix Sport Deodorant;Solvix;75 mL;10.58;Cuidados Pessoais > Desodorante;ovos;5938967635360;17/06/2023
BR-01546;Solvix Brightening Face Wash;Solvix;250 mL;17.64;Cuidados Pessoais > Rosto > Limpeza;peixe,leite,crustáceos,gergelim;7228834133517;05/03/2020
BR-01547;Purevex Dish Liquid;Purevex;200 mL;5.29;Casa > Limpeza > Louças;;9742749366351;20/05/2023
BR-01548;Purelix Oat Protein Bar;Purelix;400 mL;2.65;Alimentos > Petiscos;gergelim,leite;3007356582607;05/10/2023
BR-01549;Kaleo Repair Conditioner;Kaleo;1000 mL;10.58;Cuidados Pessoais > Cabelo > Condicionador;crustáceos;9412886691127;11/06/2019
BR-01550;Purevex Oil Control Face Wash;Purevex;200 mL;3.53;Cuidados Pessoais > Rosto > Limpeza;trigo,peixe;1197892594652;24/01/2023
BR-01551;Motivo SPF Moisturiser;Motivo;250 mL;5.29;Cuidados Pessoais > Rosto > Hidratação;castanhas;5441181851367;18/01/2023
BR-01552;Luminos Hydrating Face Wash;Luminos;1000 mL;8.82;Cuidados Pessoais > Rosto > Limpeza;leite;3881937684184;18/02/2021
BR-01553;Verdant Multi-Surface Spray;Verdant;300 mL;3.53;Casa > Limpeza > Superfícies;leite;1483335401121;20/12/2022
BR-01554;Aurova Smooth & Shine Conditioner;Aurova;300 mL;1.76;Cuidados Pessoais > Cabelo > Condicionador;leite;8764770906765;21/03/2019
BR-01555;Arovia Laundry Powder;Arovia;400 mL;10.58;Casa > Lavanderia;glúten;5076716217204;28/02/2021
BR-01556;Alteva Stain Remover;Alteva;300 mL;17.64;Casa > Lavanderia;;4186930326451;29/06/2022
BR-01557;Sovara Lightweight Lotion;Sovara;400 mL;7.05;Cuidados Pessoais > Rosto > Hidratação;;9916053906491;16/05/2018
BR-01558;Gleam Heavy Duty Dish Soap;Gleam;50 mL;5.29;Casa > Limpeza > Louças;trigo,castanhas;1970181589139;15/06/2022
BR-01559;Frosten Laundry Powder;Frosten;300 mL;14.11;Casa > Lavanderia;;7421531936256;05/12/2019
BR-01560;Tresol Antibacterial Hand Wash;Tresol;100 mL;2.65;Cuidados Pessoais > Sabonete Líquido;glúten,leite,crustáceos;5480293358388;05/05/2021
BR-01561;Teraxis Hydrating Face Wash;Teraxis;75 mL;1.76;Cuidados Pessoais > Rosto > Limpeza;castanhas,crustáceos,soja;5174546935104;30/10/2019
BR-01562;Frostine Salted Crackers;Frostine;50 mL;2.65;Alimentos > Petiscos;gergelim;3319558979902;22/06/2020
BR-01563;Cryston Whitening Deodorant;Cryston;75 mL;14.11;Cuidados Pessoais > Desodorante;ovos,crustáceos,leite;3056870941247;14/04/2022
BR-01564;Helix Nourishing Body Cleanser;Helix;300 mL;7.05;Cuidados Pessoais > Banho;soja,gergelim,castanhas,ovos;3768418767768;06/09/2018
BR-01565;Nuvelo Deep Clean Body Wash;Nuvelo;150 mL;7.05;Cuidados Pessoais > Banho;glúten,crustáceos;3173033249672;27/09/2021
BR-01566;Qualis Bathroom Cleaner;Qualis;75 mL;1.76;Casa > Limpeza > Superfícies;gergelim,amendoim;8094731815608;28/10/2021
BR-01567;Velaris Night Cream;Velaris;50 mL;14.11;Cuidados Pessoais > Rosto > Hidratação;glúten,castanhas,amendoim,peixe;7611107976476;22/01/2022
BR-01568;Purelix SPF Moisturiser;Purelix;250 mL;14.11;Cuidados Pessoais > Rosto > Hidratação;gergelim;9722693485407;12/04/2020
BR-01569;Aevum Dish Liquid;Aevum;500 mL;7.05;Casa > Limpeza > Louças;gergelim,castanhas,peixe;0669926138268;06/05/2023
BR-01570;Arovia Sensitive Skin Body Wash;Arovia;400 mL;14.11;Cuidados Pessoais > Banho;crustáceos,castanhas,glúten;0399626377925;24/12/2022
BR-01571;Oralix Hydrating Shampoo;Oralix;400 mL;5.29;Cuidados Pessoais > Cabelo > Shampoo;ovos,trigo;8962206824328;07/08/2020
BR-01572;Oralix Oil Control Face Wash;Oralix;100 mL;5.29;Cuidados Pessoais > Rosto > Limpeza;glúten,soja,amendoim,trigo;6060694306950;19/06/2019
BR-01573;Orinum Brightening Face Wash;Orinum;500 mL;10.58;Cuidados Pessoais > Rosto > Limpeza;trigo,amendoim;1285370064480;09/10/2021
BR-01574;Velaris Lightweight Lotion;Velaris;250 mL;5.29;Cuidados Pessoais > Rosto > Hidratação;;1980425542806;20/08/2021
BR-01575;Purelix Exfoliating Face Scrub;Purelix;200 mL;3.53;Cuidados Pessoais > Rosto > Limpeza;castanhas,leite;7868878602039;17/06/2019
BR-01576;Cristalix Deep Conditioner;Cristalix;75 mL;14.11;Cuidados Pessoais > Cabelo > Condicionador;;1958663992875;19/11/2023
BR-01577;Alteva Kitchen Cleaner;Alteva;400 mL;5.29;Casa > Limpeza > Superfícies;;4249562917968;22/06/2021
BR-01578;Sovara Daily Moisturiser;Sovara;50 mL;5.29;Cuidados Pessoais > Rosto > Hidratação;gergelim,trigo,glúten;8880700510281;21/06/2023
BR-01579;Solvix SPF Moisturiser;Solvix;75 mL;3.53;Cuidados Pessoais > Rosto > Hidratação;;2201754541643;11/12/2023
BR-01580;Tresol Disinfectant Spray;Tresol;1000 mL;2.65;Casa > Limpeza > Superfícies;;4662750152697;07/01/2023
BR-01581;Nexpur SPF Moisturiser;Nexpur;50 mL;5.29;Cuidados Pessoais > Rosto > Hidratação;leite,crustáceos,castanhas;4833095872384;04/06/2020
BR-01582;Hevara Aloe Hand Wash;Hevara;1000 mL;1.76;Cuidados Pessoais > Sabonete Líquido;leite,ovos,amendoim;5792326714857;11/08/2023
BR-01583;Lumeva Salted Crackers;Lumeva;1000 mL;14.11;Alimentos > Petiscos;;1501967972090;13/06/2019
BR-01584;Clarity 24hr Roll-On Deodorant;Clarity;100 mL;1.76;Cuidados Pessoais > Desodorante;;8285233297041;20/03/2020
BR-01585;Qualis Disinfectant Spray;Qualis;500 mL;3.53;Casa > Limpeza > Superfícies;ovos,castanhas,gergelim,trigo;1163971492072;01/10/2021
BR-01586;Nuarix Bathroom Cleaner;Nuarix;75 mL;7.05;Casa > Limpeza > Superfícies;amendoim;8739626259180;31/08/2020
BR-01587;Kaleo Salted Crackers;Kaleo;200 mL;14.11;Alimentos > Petiscos;soja,peixe,crustáceos;7244343549786;23/07/2023
BR-01588;Motivo Smooth & Shine Conditioner;Motivo;250 mL;14.11;Cuidados Pessoais > Cabelo > Condicionador;;5643802990343;28/12/2023
BR-01589;Gleam Tomato Ketchup;Gleam;200 mL;3.53;Alimentos > Condimentos;crustáceos,peixe;0009409165730;12/05/2023
BR-01590;Elaris Moisturising Hand Wash;Elaris;100 mL;10.58;Cuidados Pessoais > Sabonete Líquido;trigo,glúten,castanhas;4920369309148;29/08/2018
BR-01591;Brightway Anti-Dandruff Shampoo;Brightway;400 mL;5.29;Cuidados Pessoais > Cabelo > Shampoo;;1722641475694;22/02/2018
BR-01592;Alteva Moisturising Body Wash;Alteva;200 mL;3.53;Cuidados Pessoais > Banho;soja,glúten,castanhas,amendoim;8474229835965;29/08/2022
BR-01593;Velaris Rice Cakes;Velaris;75 mL;8.82;Alimentos > Petiscos;glúten;0226247365003;10/04/2020
BR-01594;Clarity Smooth & Shine Conditioner;Clarity;50 mL;1.76;Cuidados Pessoais > Cabelo > Condicionador;;6476144278737;23/08/2021
BR-01595;Polvera Sport Deodorant;Polvera;50 mL;7.05;Cuidados Pessoais > Desodorante;soja;1697920675495;09/07/2020
BR-01596;Frostine Dishwasher Tablets;Frostine;150 mL;10.58;Casa > Limpeza > Louças;leite,amendoim,castanhas,peixe;3925287835732;13/10/2020
BR-01597;Plexum Liquid Laundry Detergent;Plexum;150 mL;1.76;Casa > Lavanderia;soja,amendoim,castanhas;3302364122471;04/11/2020
BR-01598;Novix Sensitive Skin Body Wash;Novix;250 mL;5.29;Cuidados Pessoais > Banho;trigo,leite,soja;3505160232515;27/04/2018
BR-01599;Vivara Multi-Surface Spray;Vivara;250 mL;8.82;Casa > Limpeza > Superfícies;crustáceos,leite,amendoim,castanhas;0422456411993;03/10/2019
BR-01600;Helix Sport Deodorant;Helix;100 mL;8.82;Cuidados Pessoais > Desodorante;gergelim;0781913505348;06/11/2020
BR-01601;Hevara Colour Protect Shampoo;Hevara;400 mL;2.65;Cuidados Pessoais > Cabelo > Shampoo;glúten,soja,amendoim;5716632824635;13/03/2018
BR-01602;Tolvex Antibacterial Hand Wash;Tolvex;300 mL;3.53;Cuidados Pessoais > Sabonete Líquido;;8563520076150;20/06/2018
BR-01603;Oralix Night Cream;Oralix;250 mL;17.64;Cuidados Pessoais > Rosto > Hidratação;gergelim,castanhas,peixe;9771433608095;05/06/2018
BR-01604;Helix Hydrating Shampoo;Helix;200 mL;10.58;Cuidados Pessoais > Cabelo > Shampoo;;0392788881897;28/04/2020
BR-01605;Cladis Nourishing Body Cleanser;Cladis;1000 mL;2.65;Cuidados Pessoais > Banho;soja,gergelim,ovos;6878518569050;25/05/2018
BR-01606;Motivo Vinegar Dressing;Motivo;250 mL;10.58;Alimentos > Condimentos;gergelim,trigo,peixe,soja;2800727208141;07/01/2023
BR-01607;Cryston Leave-In Conditioner;Cryston;150 mL;8.82;Cuidados Pessoais > Cabelo > Condicionador;amendoim,leite,crustáceos;8308306978996;01/03/2022
BR-01608;Zenpur Anti-Dandruff Shampoo;Zenpur;200 mL;17.64;Cuidados Pessoais > Cabelo > Shampoo;peixe;7146749066884;08/09/2022
BR-01609;Purevex Bathroom Cleaner;Purevex;500 mL;8.82;Casa > Limpeza > Superfícies;ovos,glúten,peixe;4560595634319;26/08/2023
BR-01610;Aurova Deep Clean Body Wash;Aurova;750 mL;3.53;Cuidados Pessoais > Banho;;0258565337776;18/09/2020
BR-01611;Solven Refreshing Shower Gel;Solven;300 mL;14.11;Cuidados Pessoais > Banho;crustáceos,ovos,trigo,peixe;6154872012402;22/07/2019
BR-01612;Qualis Sport Deodorant;Qualis;250 mL;1.76;Cuidados Pessoais > Desodorante;;5490809983973;03/07/2022
BR-01613;Cristalix Hot Chilli Sauce;Cristalix;500 mL;17.64;Alimentos > Condimentos;trigo,amendoim,peixe;1630343830003;22/11/2018
BR-01614;Toreva Night Cream;Toreva;100 mL;7.05;Cuidados Pessoais > Rosto > Hidratação;soja,leite,crustáceos,castanhas;4179965466285;27/07/2023
BR-01615;Zenpur Mixed Nuts Blend;Zenpur;75 mL;17.64;Alimentos > Petiscos;peixe,trigo,gergelim,crustáceos;2756002230232;21/03/2021
BR-01616;Motivo Nourishing Body Cleanser;Motivo;400 mL;14.11;Cuidados Pessoais > Banho;;2515890418289;19/02/2018
BR-01617;Purelix 24hr Roll-On Deodorant;Purelix;300 mL;10.58;Cuidados Pessoais > Desodorante;;8123927884477;18/05/2018
BR-01618;Motivo Eco Dish Liquid;Motivo;150 mL;10.58;Casa > Limpeza > Louças;;5276958444202;16/08/2019
BR-01619;Nuarix Repair Conditioner;Nuarix;500 mL;3.53;Cuidados Pessoais > Cabelo > Condicionador;gergelim,glúten;6313737145031;29/10/2018
BR-01620;Vanta Colour Protect Shampoo;Vanta;100 mL;10.58;Cuidados Pessoais > Cabelo > Shampoo;glúten,ovos,amendoim;1939606104715;16/08/2023
BR-01621;Solven Dish Liquid;Solven;750 mL;3.53;Casa > Limpeza > Louças;peixe,trigo;4768834103415;24/02/2021
BR-01622;Krisol Volumising Shampoo;Krisol;75 mL;17.64;Cuidados Pessoais > Cabelo > Shampoo;;1814051325178;10/01/2018
BR-01623;Orinum SPF Moisturiser;Orinum;50 mL;17.64;Cuidados Pessoais > Rosto > Hidratação;peixe,leite;9406714878316;31/03/2018
BR-01624;Verdant Gentle Face Wash;Verdant;250 mL;10.58;Cuidados Pessoais > Rosto > Limpeza;castanhas,crustáceos;2275794074034;29/05/2020
BR-01625;Verdant Bathroom Cleaner;Verdant;750 mL;17.64;Casa > Limpeza > Superfícies;leite,soja,gergelim;9136941264100;28/04/2022
BR-01626;Nexpur Refreshing Shower Gel;Nexpur;300 mL;14.11;Cuidados Pessoais > Banho;soja,ovos;8057631010894;22/07/2022
BR-01627;Elaris Mustard Sauce;Elaris;300 mL;2.65;Alimentos > Condimentos;castanhas;3606400474860;16/03/2023
BR-01628;Luxara Rinse Aid;Luxara;300 mL;17.64;Casa > Limpeza > Louças;amendoim,gergelim,glúten,crustáceos;1703610077019;26/12/2022
BR-01629;Gleam Kitchen Cleaner;Gleam;400 mL;8.82;Casa > Limpeza > Superfícies;amendoim,soja,gergelim,peixe;0781117196007;12/02/2021
BR-01630;Nexpur Dish Liquid;Nexpur;75 mL;7.05;Casa > Limpeza > Louças;amendoim,ovos;5596743338494;26/07/2022
BR-01631;Vivara Granola Bar;Vivara;100 mL;5.29;Alimentos > Petiscos;ovos,crustáceos,leite,peixe;3353004999267;14/07/2022
BR-01632;Glicen 48hr Spray Deodorant;Glicen;300 mL;2.65;Cuidados Pessoais > Desodorante;crustáceos,glúten,soja,leite;7394624872383;30/11/2021
BR-01633;Qualis Laundry Capsules;Qualis;1000 mL;5.29;Casa > Lavanderia;trigo,crustáceos,peixe,amendoim;7141349317961;09/12/2022
BR-01634;Zephyr Deep Clean Body Wash;Zephyr;250 mL;8.82;Cuidados Pessoais > Banho;ovos,crustáceos,soja,peixe;5792116250695;09/02/2020
BR-01635;Cladis Sport Deodorant;Cladis;200 mL;10.58;Cuidados Pessoais > Desodorante;glúten;8970145570398;30/08/2020
BR-01636;TEST-Velaris Night Cream;Velaris;75 mL;17.64;Cuidados Pessoais > Rosto > Hidratação;peixe,trigo,castanhas;5290509260004;25/11/2018
BR-01637;Helix Hydrating Shampoo;Helix;250 mL;10.58;Cuidados Pessoais > Cabelo > Shampoo;;6197384498128;26/12/2018
BR-01638;Oralix Gentle Face Wash;Oralix;1000 mL;17.64;Cuidados Pessoais > Rosto > Limpeza;trigo,soja,amendoim,castanhas;6990867233106;16/12/2020
01639;Alteva Mustard Sauce;Alteva;75 mL;14.11;Alimentos > Condimentos;soja,peixe,castanhas;5619221882200;10/08/2022
BR-01640;Alteva Gentle Face Wash;Alteva;300 mL;7.05;Cuidados Pessoais > Rosto > Limpeza;;7613023641698;04/09/2020
BR-01641;Serafix Aloe Hand Wash;Serafix;250 mL;2.65;Cuidados Pessoais > Sabonete Líquido;crustáceos,peixe,amendoim;0323919325287;04/09/2019
BR-01642;Cryston Hot Chilli Sauce;Cryston;75 mL;3.53;Alimentos > Condimentos;crustáceos,gergelim,trigo,amendoim;9499952252963;19/11/2020
BR-01643;Solvix SPF Moisturiser;Solvix;500 mL;7.05;Cuidados Pessoais > Rosto > Hidratação;peixe;8681114330645;10/04/2018
BR-01644;Luminos Eco Dish Liquid;Luminos;250 mL;17.64;Casa > Limpeza > Louças;crustáceos,ovos,castanhas;5590627879028;30/12/2021
01645;Nuarix Dish Liquid;Nuarix;100 mL;1.76;Casa > Limpeza > Louças;peixe,soja;7216266032355;15/09/2023
BR-01646;Novix Daily Moisturiser;Novix;50 mL;3.53;Cuidados Pessoais > Rosto > Hidratação;castanhas,glúten,crustáceos,soja;3793957955192;22/08/2019
BR-01647;Nuvelo Intensive Moisturiser;Nuvelo;1000 mL;2.65;Cuidados Pessoais > Rosto > Hidratação;;1736703862568;12/03/2023
BR-01648;Solven Antibacterial Hand Wash;Solven;100 mL;8.82;Cuidados Pessoais > Sabonete Líquido;amendoim,trigo,soja,ovos;0080563082927;01/11/2020
BR-01649;Tresol Vinegar Dressing;Tresol;500 mL;14.11;Alimentos > Condimentos;trigo;1078831273657;05/04/2021
BR-01650;Brightway Fabric Softener;Brightway;100 mL;1.76;Casa > Lavanderia;trigo,leite,ovos;9708428741628;01/07/2023
BR-01651;Krisol Heavy Duty Dish Soap;Krisol;150 mL;10.58;Casa > Limpeza > Louças;ovos,trigo;9555100510818;28/05/2021
BR-01652;Arovia Oat Protein Bar;Arovia;200 mL;3.53;Alimentos > Petiscos;peixe;2300360722351;06/06/2018
BR-01653;Plexum Smooth & Shine Conditioner;Plexum;50 mL;5.29;Cuidados Pessoais > Cabelo > Condicionador;trigo,amendoim;3753916928094;04/04/2019
01654;Plexum Foaming Hand Wash;Plexum;75 mL;10.58;Cuidados Pessoais > Sabonete Líquido;glúten,peixe,crustáceos;4033045441060;12/02/2019
BR-01655;Verdant Foaming Hand Wash;Verdant;750 mL;14.11;Cuidados Pessoais > Sabonete Líquido;;0844580151765;11/05/2021
BR-01656;Purelix Smooth & Shine Conditioner;Purelix;100 mL;17.64;Cuidados Pessoais > Cabelo > Condicionador;;9241150509697;30/08/2022
BR-01657;Glova Volumising Shampoo;Glova;250 mL;3.53;Cuidados Pessoais > Cabelo > Shampoo;castanhas,trigo;3228058837745;20/08/2020
BR-01658;XXX-Tolvex Sport Deodorant;Tolvex;50 mL;7.05;Cuidados Pessoais > Desodorante;peixe,trigo,castanhas;3950111525589;19/11/2022
BR-01659;TEST-Orinum Volumising Conditioner;Orinum;500 mL;17.64;Cuidados Pessoais > Cabelo > Condicionador;trigo,peixe,leite,ovos;1748903045887;29/01/2018
BR-01660;Velaris Oat Protein Bar;Velaris;75 mL;17.64;Alimentos > Petiscos;ovos,amendoim,trigo;2935545920552;25/07/2022
BR-01661;Orinum Bathroom Cleaner;Orinum;400 mL;2.65;Casa > Limpeza > Superfícies;;3798304576273;21/10/2020
BR-01662;Helix 24hr Roll-On Deodorant;Helix;300 mL;1.76;Cuidados Pessoais > Desodorante;glúten,castanhas,crustáceos,leite;1522133689604;01/02/2018
BR-01663;Nuvelo Laundry Powder;Nuvelo;400 mL;10.58;Casa > Lavanderia;;2898993074614;24/04/2019
BR-01664;Glicen Mixed Nuts Blend;Glicen;750 mL;14.11;Alimentos > Petiscos;glúten,trigo,crustáceos,leite;5603387885281;06/02/2022
BR-01665;Lumeva Oat Protein Bar;Lumeva;500 mL;10.58;Alimentos > Petiscos;ovos,gergelim,amendoim,peixe;3976309007378;11/03/2021
BR-01666;Lumeva Eco Dish Liquid;Lumeva;1000 mL;7.05;Casa > Limpeza > Louças;castanhas,crustáceos;4441076926263;07/11/2021
BR-01667;Frostine Night Cream;Frostine;400 mL;8.82;Cuidados Pessoais > Rosto > Hidratação;ovos,peixe,leite,gergelim;4359839859072;24/10/2022
BR-01668;Toreva Whitening Deodorant;Toreva;400 mL;17.64;Cuidados Pessoais > Desodorante;crustáceos;5681678434073;12/05/2020
BR-01669;Gleam Deep Clean Body Wash;Gleam;1000 mL;2.65;Cuidados Pessoais > Banho;crustáceos,peixe,ovos;3500788369223;21/02/2020
BR-01670;Toreva Hydrating Face Wash;Toreva;200 mL;1.76;Cuidados Pessoais > Rosto > Limpeza;soja;6999528502315;21/07/2019
BR-01671;Toreva Hot Chilli Sauce;Toreva;150 mL;3.53;Alimentos > Condimentos;soja,castanhas,gergelim;1497249032234;02/01/2021
BR-01672;Purevex Glass Cleaner;Purevex;200 mL;10.58;Casa > Limpeza > Superfícies;castanhas,leite,soja,glúten;5555702006171;27/10/2020
BR-01673;Purelix Volumising Shampoo;Purelix;200 mL;7.05;Cuidados Pessoais > Cabelo > Shampoo;glúten,amendoim;7612189391270;28/02/2018
BR-01674;Luminos Fragrance-Free Hand Wash;Luminos;400 mL;10.58;Cuidados Pessoais > Sabonete Líquido;;2228305644684;15/12/2021
BR-01675;Verdant Gentle Face Wash;Verdant;250 mL;8.82;Cuidados Pessoais > Rosto > Limpeza;castanhas,glúten;0263560777892;30/06/2021
BR-01676;Gleam Oil Control Face Wash;Gleam;100 mL;14.11;Cuidados Pessoais > Rosto > Limpeza;leite,amendoim;6008236962691;13/03/2018
BR-01677;Brightway Leave-In Conditioner;Brightway;50 mL;14.11;Cuidados Pessoais > Cabelo > Condicionador;castanhas,leite;6179067015129;08/06/2018
BR-01678;Frosten Refreshing Shower Gel;Frosten;150 mL;7.05;Cuidados Pessoais > Banho;glúten,leite;7697216218331;05/08/2020
BR-01679;Tolvex Dish Liquid;Tolvex;750 mL;3.53;Casa > Limpeza > Louças;peixe,trigo,ovos,leite;5307122600824;19/08/2019
BR-01680;Gleam Laundry Powder;Gleam;400 mL;14.11;Casa > Lavanderia;trigo,crustáceos;0549857887285;19/08/2019
BR-01681;Serafix Deep Clean Body Wash;Serafix;100 mL;3.53;Cuidados Pessoais > Banho;leite,ovos,trigo,soja;9804466589526;13/01/2021
BR-01682;Zephyr Glass Cleaner;Zephyr;750 mL;10.58;Casa > Limpeza > Superfícies;;6472452573786;23/03/2023
BR-01683;Velaris Granola Bar;Velaris;400 mL;17.64;Alimentos > Petiscos;amendoim,leite,crustáceos,gergelim;9465777061295;07/10/2023
BR-01684;Cryston Stain Remover;Cryston;100 mL;17.64;Casa > Lavanderia;trigo,peixe;8092826164174;20/04/2018
BR-01685;Serafix Nourishing Body Cleanser;Serafix;400 mL;2.65;Cuidados Pessoais > Banho;peixe,leite,castanhas,soja;6880316647953;20/09/2018
BR-01686;Frosten Volumising Conditioner;Frosten;500 mL;5.29;Cuidados Pessoais > Cabelo > Condicionador;;2428535416017;17/12/2018
BR-01687;Solvix Eco Dish Liquid;Solvix;200 mL;17.64;Casa > Limpeza > Louças;;8701708671524;11/06/2018
BR-01688;Gleam Glass Cleaner;Gleam;75 mL;1.76;Casa > Limpeza > Superfícies;amendoim,leite,glúten;3368957967249;16/08/2022
BR-01689;Toreva Hydrating Shampoo;Toreva;75 mL;2.65;Cuidados Pessoais > Cabelo > Shampoo;glúten;9007017850209;05/03/2022
BR-01690;Zenpur Refreshing Shower Gel;Zenpur;1000 mL;7.05;Cuidados Pessoais > Banho;crustáceos,trigo,soja,castanhas;9201029759974;06/01/2021
BR-01691;Solvix Hot Chilli Sauce;Solvix;1000 mL;8.82;Alimentos > Condimentos;glúten;6597442526945;10/11/2019
BR-01692;Helix Nourishing Body Cleanser;Helix;300 mL;7.05;Cuidados Pessoais > Banho;;5374051337930;25/12/2022
BR-01693;Tolvex Foaming Hand Wash;Tolvex;750 mL;14.11;Cuidados Pessoais > Sabonete Líquido;gergelim,ovos,peixe;0855717490589;06/05/2021
BR-01694;Alteva Heavy Duty Dish Soap;Alteva;500 mL;2.65;Casa > Limpeza > Louças;amendoim,leite;8035862405740;23/12/2020
BR-01695;Clarity 24hr Roll-On Deodorant;Clarity;750 mL;17.64;Cuidados Pessoais > Desodorante;soja,trigo,amendoim;5352791111089;04/03/2022
BR-01696;Novix Salted Crackers;Novix;200 mL;10.58;Alimentos > Petiscos;gergelim,glúten,castanhas;9321359618304;03/02/2023
BR-01697;Gleam Mixed Nuts Blend;Gleam;200 mL;17.64;Alimentos > Petiscos;;0226425972054;21/09/2021
BR-01698;Nexpur Lightweight Lotion;Nexpur;750 mL;17.64;Cuidados Pessoais > Rosto > Hidratação;gergelim,ovos,trigo;1474984746046;16/12/2019
BR-01699;Cryston Dishwasher Tablets;Cryston;75 mL;14.11;Casa > Limpeza > Louças;amendoim,crustáceos,trigo,leite;4617275804521;12/01/2020
BR-01700;Sovara Foaming Hand Wash;Sovara;750 mL;17.64;Cuidados Pessoais > Sabonete Líquido;glúten,crustáceos,gergelim,soja;5445847413401;19/04/2019
BR-01701;Glicen Dishwasher Tablets;Glicen;750 mL;5.29;Casa > Limpeza > Louças;leite,castanhas,peixe;2751934638903;31/03/2019
BR-01702;Alteva Repair Conditioner;Alteva;200 mL;7.05;Cuidados Pessoais > Cabelo > Condicionador;gergelim,peixe,trigo;5611568622303;22/03/2023
BR-01703;Qualis Deep Clean Body Wash;Qualis;750 mL;7.05;Cuidados Pessoais > Banho;leite,castanhas,soja,glúten;6022743303723;09/07/2023
BR-01704;Purelix Colour Protect Shampoo;Purelix;1000 mL;3.53;Cuidados Pessoais > Cabelo > Shampoo;amendoim,crustáceos;5631121380785;01/02/2020
BR-01705;Novix Laundry Capsules;Novix;50 mL;10.58;Casa > Lavanderia;crustáceos;5985866356544;24/11/2018
BR-01706;Nexpur Liquid Laundry Detergent;Nexpur;1000 mL;17.64;Casa > Lavanderia;trigo,castanhas,glúten,leite;2886690594696;25/11/2023
01707;Novix Night Cream;Novix;500 mL;3.53;Cuidados Pessoais > Rosto > Hidratação;amendoim,crustáceos,leite,trigo;2031329887124;08/05/2020
BR-01708;Luminos Mixed Nuts Blend;Luminos;150 mL;10.58;Alimentos > Petiscos;peixe;2778626852720;08/12/2023
BR-01709;Luminos Glass Cleaner;Luminos;150 mL;3.53;Casa > Limpeza > Superfícies;;8778347106281;21/07/2020
BR-01710;Teraxis Brightening Face Wash;Teraxis;1000 mL;8.82;Cuidados Pessoais > Rosto > Limpeza;crustáceos,soja;5623277004530;23/10/2021
BR-01711;Hevara Fabric Softener;Hevara;750 mL;14.11;Casa > Lavanderia;leite;2732285704240;21/06/2018
BR-01712;Qualis Mixed Nuts Blend;Qualis;250 mL;8.82;Alimentos > Petiscos;peixe,gergelim;9397704116788;11/10/2018
BR-01713;Purelix Whitening Deodorant;Purelix;1000 mL;7.05;Cuidados Pessoais > Desodorante;crustáceos,soja,peixe;5690448467333;07/02/2020
BR-01714;Lumeva Mixed Nuts Blend;Lumeva;75 mL;3.53;Alimentos > Petiscos;gergelim,castanhas;5877006239452;16/02/2021
BR-01715;Nuvelo Volumising Conditioner;Nuvelo;50 mL;14.11;Cuidados Pessoais > Cabelo > Condicionador;leite,gergelim,castanhas;3012033980133;29/08/2023
BR-01716;Krisol Multi-Surface Spray;Krisol;300 mL;3.53;Casa > Limpeza > Superfícies;soja,glúten,castanhas,gergelim;8905810801538;26/04/2020
BR-01717;Serafix Bathroom Cleaner;Serafix;250 mL;10.58;Casa > Limpeza > Superfícies;leite,trigo,crustáceos;7287156596950;11/03/2023
BR-01718;Polvera Oat Protein Bar;Polvera;200 mL;8.82;Alimentos > Petiscos;castanhas,glúten,gergelim;5055362917140;07/10/2023
BR-01719;Purevex Sport Deodorant;Purevex;500 mL;5.29;Cuidados Pessoais > Desodorante;amendoim,castanhas,peixe,ovos;5207882165116;28/01/2020
BR-01720;Vivara Anti-Dandruff Shampoo;Vivara;400 mL;7.05;Cuidados Pessoais > Cabelo > Shampoo;castanhas,trigo;0302769473089;03/08/2019
BR-01721;Serafix Daily Moisturiser;Serafix;250 mL;5.29;Cuidados Pessoais > Rosto > Hidratação;ovos,amendoim;2440293634090;23/10/2020
BR-01722;Hevara Volumising Shampoo;Hevara;75 mL;17.64;Cuidados Pessoais > Cabelo > Shampoo;;5257959900478;01/11/2020
BR-01723;Gleam Volumising Shampoo;Gleam;150 mL;3.53;Cuidados Pessoais > Cabelo > Shampoo;amendoim,peixe;0189113434855;22/04/2023
01724;Aurova Volumising Shampoo;Aurova;750 mL;10.58;Cuidados Pessoais > Cabelo > Shampoo;crustáceos;6861273421121;17/04/2018
BR-01725;Helix Smooth & Shine Conditioner;Helix;150 mL;17.64;Cuidados Pessoais > Cabelo > Condicionador;;3014948029891;27/07/2018
BR-01726;Gleam Stain Remover;Gleam;500 mL;2.65;Casa > Lavanderia;peixe,glúten,amendoim,gergelim;5231919908216;07/06/2020
BR-01727;Cladis Brightening Face Wash;Cladis;500 mL;5.29;Cuidados Pessoais > Rosto > Limpeza;;7236670417104;10/06/2020
BR-01728;Clarity Oat Protein Bar;Clarity;75 mL;2.65;Alimentos > Petiscos;crustáceos,amendoim,leite,trigo;0133203449564;24/04/2018
BR-01729;Verdant Multi-Surface Spray;Verdant;500 mL;14.11;Casa > Limpeza > Superfícies;castanhas,leite,crustáceos;7525723163168;17/04/2018
BR-01730;Gleam Exfoliating Face Scrub;Gleam;500 mL;2.65;Cuidados Pessoais > Rosto > Limpeza;;0570399630664;06/03/2023
BR-01731;Zenpur Moisturising Body Wash;Zenpur;750 mL;7.05;Cuidados Pessoais > Banho;glúten,peixe,gergelim;9323370071588;06/02/2018
BR-01732;Solaris Sensitive Skin Body Wash;Solaris;75 mL;7.05;Cuidados Pessoais > Banho;;8633234306581;04/07/2023
BR-01733;Nuarix SPF Moisturiser;Nuarix;500 mL;17.64;Cuidados Pessoais > Rosto > Hidratação;soja,trigo,glúten,crustáceos;5909722858256;15/10/2021
BR-01734;Zenpur Granola Bar;Zenpur;250 mL;2.65;Alimentos > Petiscos;glúten;1960348236785;24/04/2020
BR-01735;Serafix Laundry Capsules;Serafix;300 mL;5.29;Casa > Lavanderia;soja;8004364758463;21/09/2022
BR-01736;Sovara Lightweight Lotion;Sovara;400 mL;7.05;Cuidados Pessoais > Rosto > Hidratação;;6371206317556;22/11/2019
BR-01737;Velaris Heavy Duty Dish Soap;Velaris;300 mL;1.76;Casa > Limpeza > Louças;;4584081144151;05/12/2022
BR-01738;Glova Smooth & Shine Conditioner;Glova;200 mL;5.29;Cuidados Pessoais > Cabelo > Condicionador;ovos,glúten,peixe;8611460361185;13/11/2019
BR-01739;Qualis Antibacterial Hand Wash;Qualis;250 mL;8.82;Cuidados Pessoais > Sabonete Líquido;peixe,castanhas;4268368437715;29/12/2020
BR-01740;Elaris Refreshing Shower Gel;Elaris;1000 mL;7.05;Cuidados Pessoais > Banho;amendoim,castanhas;9566003011968;18/07/2019
BR-01741;Arovia Volumising Conditioner;Arovia;100 mL;5.29;Cuidados Pessoais > Cabelo > Condicionador;peixe,crustáceos,amendoim,castanhas;2173683850953;22/01/2023
BR-01742;Serafix Sensitive Skin Body Wash;Serafix;200 mL;1.76;Cuidados Pessoais > Banho;glúten,ovos,peixe,castanhas;5081136403489;28/10/2020
BR-01743;Serafix Fabric Softener;Serafix;400 mL;14.11;Casa > Lavanderia;;0627959514299;26/12/2021
BR-01744;Lumeva SPF Moisturiser;Lumeva;300 mL;10.58;Cuidados Pessoais > Rosto > Hidratação;castanhas,amendoim,trigo,peixe;1756275280010;27/08/2022
BR-01745;Gleam Salted Crackers;Gleam;400 mL;5.29;Alimentos > Petiscos;amendoim,crustáceos;9459235163836;27/10/2019
BR-01746;Glicen Fragrance-Free Hand Wash;Glicen;500 mL;14.11;Cuidados Pessoais > Sabonete Líquido;;0017078129458;11/01/2023
BR-01747;Tolvex Antibacterial Hand Wash;Tolvex;150 mL;1.76;Cuidados Pessoais > Sabonete Líquido;amendoim,ovos,leite,castanhas;8414235528338;03/06/2023
BR-01748;Velaris Smooth & Shine Conditioner;Velaris;250 mL;10.58;Cuidados Pessoais > Cabelo > Condicionador;glúten,gergelim,ovos;3026564771153;22/10/2023
BR-01749;Glicen Laundry Powder;Glicen;75 mL;17.64;Casa > Lavanderia;;1079116114641;08/11/2020
BR-01750;Solven Antibacterial Hand Wash;Solven;750 mL;17.64;Cuidados Pessoais > Sabonete Líquido;leite;9754247388520;14/09/2020
BR-01751;Elaris Glass Cleaner;Elaris;500 mL;14.11;Casa > Limpeza > Superfícies;leite,glúten,crustáceos;8812532512188;07/05/2018
BR-01752;Krisol Laundry Powder;Krisol;100 mL;10.58;Casa > Lavanderia;glúten,leite,peixe;6602865383959;25/02/2023
BR-01753;Frostine Repair Shampoo;Frostine;300 mL;17.64;Cuidados Pessoais > Cabelo > Shampoo;ovos;0037090703788;06/09/2018
BR-01754;Krisol Stain Remover;Krisol;300 mL;10.58;Casa > Lavanderia;soja,trigo,leite,glúten;0983484926748;09/12/2022
BR-01755;Lumeva Moisturising Hand Wash;Lumeva;300 mL;8.82;Cuidados Pessoais > Sabonete Líquido;;7445657267650;05/02/2021
BR-01756;Primus Colour Protect Shampoo;Primus;100 mL;17.64;Cuidados Pessoais > Cabelo > Shampoo;;7947795003454;27/06/2019
BR-01757;Kaleo Deep Conditioner;Kaleo;300 mL;3.53;Cuidados Pessoais > Cabelo > Condicionador;glúten,soja,leite;3264525733097;16/05/2018
BR-01758;Arovia Bathroom Cleaner;Arovia;50 mL;10.58;Casa > Limpeza > Superfícies;castanhas;1685224767510;28/05/2019
BR-01759;Serafix Whitening Deodorant;Serafix;400 mL;1.76;Cuidados Pessoais > Desodorante;;5366933276338;22/11/2020
BR-01760;Novix Leave-In Conditioner;Novix;250 mL;10.58;Cuidados Pessoais > Cabelo > Condicionador;gergelim;3723722593106;12/08/2020
BR-01761;Arovia Exfoliating Face Scrub;Arovia;50 mL;1.76;Cuidados Pessoais > Rosto > Limpeza;glúten,amendoim,trigo,castanhas;3403704333318;09/10/2023
BR-01762;Nuvelo Hydrating Face Wash;Nuvelo;250 mL;10.58;Cuidados Pessoais > Rosto > Limpeza;;2578047371981;03/03/2022
BR-01763;Velaris Tomato Ketchup;Velaris;300 mL;10.58;Alimentos > Condimentos;peixe,soja,trigo,gergelim;5442157837927;18/11/2022
BR-01764;Toreva Daily Moisturiser;Toreva;150 mL;3.53;Cuidados Pessoais > Rosto > Hidratação;soja,peixe,castanhas;9342883903971;04/04/2023
BR-01765;Aurova Vinegar Dressing;Aurova;1000 mL;5.29;Alimentos > Condimentos;;5032198596558;27/11/2018
BR-01766;Tresol Tomato Ketchup;Tresol;250 mL;1.76;Alimentos > Condimentos;peixe,glúten,gergelim;0673476714995;19/12/2023
BR-01767;Brightway Moisturising Hand Wash;Brightway;500 mL;8.82;Cuidados Pessoais > Sabonete Líquido;ovos,leite,soja,amendoim;5242762215598;29/06/2022
BR-01768;Elaris Exfoliating Face Scrub;Elaris;150 mL;10.58;Cuidados Pessoais > Rosto > Limpeza;glúten;9495940389550;17/03/2021
BR-01769;Sovara Fragrance-Free Hand Wash;Sovara;1000 mL;8.82;Cuidados Pessoais > Sabonete Líquido;ovos;7087300210271;15/04/2020
BR-01770;Plexum Foaming Hand Wash;Plexum;1000 mL;3.53;Cuidados Pessoais > Sabonete Líquido;peixe,crustáceos;3223487493913;12/10/2022
BR-01771;Zephyr Hot Chilli Sauce;Zephyr;75 mL;2.65;Alimentos > Condimentos;;9048866073265;21/06/2021
BR-01772;Arovia Intensive Moisturiser;Arovia;500 mL;5.29;Cuidados Pessoais > Rosto > Hidratação;gergelim,castanhas,glúten;4176090937161;13/04/2021
BR-01773;Teraxis Granola Bar;Teraxis;500 mL;2.65;Alimentos > Petiscos;;4573466944738;15/08/2020
BR-01774;Arovia Laundry Capsules;Arovia;500 mL;1.76;Casa > Lavanderia;trigo,gergelim;9056651837848;15/01/2023
BR-01775;Frosten Multi-Surface Spray;Frosten;500 mL;17.64;Casa > Limpeza > Superfícies;soja,crustáceos,amendoim,ovos;4509685938067;09/10/2019
BR-01776;Oralix Granola Bar;Oralix;100 mL;5.29;Alimentos > Petiscos;;8996469243435;07/01/2022
BR-01777;Cladis Lightweight Lotion;Cladis;750 mL;8.82;Cuidados Pessoais > Rosto > Hidratação;ovos;2156038710881;04/07/2018
BR-01778;Frostine Brightening Face Wash;Frostine;300 mL;7.05;Cuidados Pessoais > Rosto > Limpeza;peixe,leite,amendoim;9037647476913;02/12/2018
BR-01779;Kaleo Antibacterial Hand Wash;Kaleo;100 mL;2.65;Cuidados Pessoais > Sabonete Líquido;leite,soja;9655868190045;18/05/2019
BR-01780;Aevum Whitening Deodorant;Aevum;150 mL;5.29;Cuidados Pessoais > Desodorante;castanhas;2866013855000;17/11/2019
BR-01781;Velaris Rinse Aid;Velaris;150 mL;17.64;Casa > Limpeza > Louças;;1012457181583;13/08/2018
BR-01782;Aevum Antibacterial Hand Wash;Aevum;200 mL;2.65;Cuidados Pessoais > Sabonete Líquido;peixe;5055191939689;30/11/2022
BR-01783;Sovara Colour Protect Shampoo;Sovara;1000 mL;14.11;Cuidados Pessoais > Cabelo > Shampoo;;7080492932853;12/03/2018
01784;Aevum Multi-Surface Spray;Aevum;300 mL;2.65;Casa > Limpeza > Superfícies;glúten;3321349522099;22/12/2020
BR-01785;Aurova Moisturising Body Wash;Aurova;400 mL;2.65;Cuidados Pessoais > Banho;crustáceos,castanhas,gergelim;6274806611263;22/06/2019
BR-01786;Gleam Salted Crackers;Gleam;150 mL;1.76;Alimentos > Petiscos;glúten,castanhas,ovos;6571211860188;02/12/2018
BR-01787;Polvera Volumising Shampoo;Polvera;1000 mL;5.29;Cuidados Pessoais > Cabelo > Shampoo;glúten,soja,gergelim,leite;2559879206238;17/04/2019
BR-01788;Aevum SPF Moisturiser;Aevum;300 mL;17.64;Cuidados Pessoais > Rosto > Hidratação;trigo,glúten,gergelim;6196804505217;24/09/2018
BR-01789;Aurova Deep Conditioner;Aurova;300 mL;1.76;Cuidados Pessoais > Cabelo > Condicionador;ovos,peixe,amendoim,gergelim;1804460819719;17/11/2020
BR-01790;Cristalix Sensitive Skin Body Wash;Cristalix;200 mL;10.58;Cuidados Pessoais > Banho;castanhas,amendoim,gergelim,crustáceos;5060958062746;26/10/2021
BR-01791;Aevum Foaming Hand Wash;Aevum;500 mL;5.29;Cuidados Pessoais > Sabonete Líquido;gergelim,castanhas,leite,soja;4294142904951;04/02/2023
BR-01792;Sovara Hot Chilli Sauce;Sovara;100 mL;8.82;Alimentos > Condimentos;gergelim;4766919530163;16/03/2021
BR-01793;Alteva Kitchen Cleaner;Alteva;1000 mL;10.58;Casa > Limpeza > Superfícies;;7468590262971;09/05/2022
BR-01794;Krisol Hydrating Shampoo;Krisol;300 mL;10.58;Cuidados Pessoais > Cabelo > Shampoo;gergelim;6603498246895;19/08/2022
BR-01795;Glova Multi-Surface Spray;Glova;300 mL;8.82;Casa > Limpeza > Superfícies;glúten,peixe;4021572312526;25/01/2021
BR-01796;Qualis Leave-In Conditioner;Qualis;100 mL;8.82;Cuidados Pessoais > Cabelo > Condicionador;leite,glúten,castanhas;8949617215051;08/09/2019
BR-01797;Glicen Nourishing Body Cleanser;Glicen;150 mL;8.82;Cuidados Pessoais > Banho;amendoim,peixe,gergelim;3184560599345;04/09/2019
BR-01798;Tresol Oil Control Face Wash;Tresol;75 mL;1.76;Cuidados Pessoais > Rosto > Limpeza;ovos,trigo,amendoim,gergelim;3141408783434;23/03/2023
BR-01799;Krisol Disinfectant Spray;Krisol;500 mL;3.53;Casa > Limpeza > Superfícies;leite,trigo;1168231379988;27/11/2018
BR-01800;Gleam Liquid Laundry Detergent;Gleam;50 mL;1.76;Casa > Lavanderia;peixe,trigo,amendoim,ovos;6578963558776;02/03/2021
BR-01801;Purelix 48hr Spray Deodorant;Purelix;150 mL;7.05;Cuidados Pessoais > Desodorante;gergelim,glúten,trigo,ovos;7254422535111;24/03/2023
BR-01802;Krisol Stain Remover;Krisol;100 mL;17.64;Casa > Lavanderia;;5034553882870;13/10/2019
BR-01803;Orinum Nourishing Body Cleanser;Orinum;300 mL;14.11;Cuidados Pessoais > Banho;peixe,glúten,leite;8288745871204;20/04/2023
BR-01804;Purevex 48hr Spray Deodorant;Purevex;1000 mL;5.29;Cuidados Pessoais > Desodorante;trigo;1526210741445;19/06/2020
BR-01805;Zephyr Moisturising Body Wash;Zephyr;300 mL;2.65;Cuidados Pessoais > Banho;amendoim,castanhas;2996457443317;16/05/2023
BR-01806;Solvix Hydrating Shampoo;Solvix;250 mL;5.29;Cuidados Pessoais > Cabelo > Shampoo;soja;4972969701006;23/04/2020
BR-01807;Plexum Mustard Sauce;Plexum;200 mL;7.05;Alimentos > Condimentos;glúten,crustáceos,castanhas,gergelim;8586188817866;08/08/2018
BR-01808;Glova Mixed Nuts Blend;Glova;250 mL;3.53;Alimentos > Petiscos;glúten,amendoim,soja;7638274903319;19/10/2019
BR-01809;Plexum Leave-In Conditioner;Plexum;750 mL;8.82;Cuidados Pessoais > Cabelo > Condicionador;gergelim,leite;7047314836874;22/06/2021
BR-01810;Glicen Glass Cleaner;Glicen;400 mL;7.05;Casa > Limpeza > Superfícies;;7036665600760;25/07/2019
BR-01811;Brightway Smooth & Shine Conditioner;Brightway;75 mL;3.53;Cuidados Pessoais > Cabelo > Condicionador;trigo,ovos,soja,peixe;8682784726431;23/04/2020
BR-01812;Frostine Gentle Face Wash;Frostine;250 mL;10.58;Cuidados Pessoais > Rosto > Limpeza;trigo,leite,peixe,soja;6048531234437;24/10/2021
BR-01813;Frosten Fabric Softener;Frosten;500 mL;2.65;Casa > Lavanderia;;8465124210636;31/03/2023
BR-01814;Velaris Liquid Laundry Detergent;Velaris;50 mL;7.05;Casa > Lavanderia;soja,peixe,amendoim,castanhas;8116595585944;15/11/2019
BR-01815;XXX-Cristalix Colour Protect Shampoo;Cristalix;400 mL;5.29;Cuidados Pessoais > Cabelo > Shampoo;;3636597276763;30/10/2023
BR-01816;Solaris Glass Cleaner;Solaris;250 mL;5.29;Casa > Limpeza > Superfícies;gergelim,peixe;1341749195381;07/04/2018
BR-01817;Frostine Stain Remover;Frostine;100 mL;10.58;Casa > Lavanderia;trigo,soja,gergelim;9907615001112;06/07/2020
BR-01818;Qualis Dish Liquid;Qualis;200 mL;17.64;Casa > Limpeza > Louças;;4423647921495;22/02/2018
BR-01819;Glicen Hydrating Shampoo;Glicen;500 mL;10.58;Cuidados Pessoais > Cabelo > Shampoo;;6479049915738;13/12/2023
BR-01820;Motivo Tomato Ketchup;Motivo;400 mL;10.58;Alimentos > Condimentos;soja,peixe,crustáceos;2096102372648;05/07/2020
BR-01821;Oralix Mayonnaise;Oralix;250 mL;17.64;Alimentos > Condimentos;glúten,crustáceos,trigo;4597155793278;28/03/2023
BR-01822;Glova Moisturising Body Wash;Glova;1000 mL;8.82;Cuidados Pessoais > Banho;glúten,ovos;7732609685687;17/09/2022
BR-01823;Krisol Hydrating Shampoo;Krisol;500 mL;8.82;Cuidados Pessoais > Cabelo > Shampoo;crustáceos,soja,castanhas,amendoim;6794336447021;17/04/2022
BR-01824;Solaris Oil Control Face Wash;Solaris;300 mL;14.11;Cuidados Pessoais > Rosto > Limpeza;castanhas,peixe,amendoim;5876694947151;19/12/2021
BR-01825;Nuvelo Mayonnaise;Nuvelo;400 mL;7.05;Alimentos > Condimentos;leite,trigo;4053772908483;20/06/2022
BR-01826;Gleam 48hr Spray Deodorant;Gleam;750 mL;7.05;Cuidados Pessoais > Desodorante;leite,soja;7548078053830;24/03/2020
BR-01827;Vivara Oat Protein Bar;Vivara;300 mL;5.29;Alimentos > Petiscos;glúten;1369648040731;22/02/2023
BR-01828;Nuvelo Gentle Face Wash;Nuvelo;75 mL;8.82;Cuidados Pessoais > Rosto > Limpeza;;6324051026586;01/08/2020
BR-01829;Teraxis Laundry Capsules;Teraxis;750 mL;10.58;Casa > Lavanderia;soja;4674646603329;13/06/2023
BR-01830;Lumeva Hydrating Face Wash;Lumeva;400 mL;7.05;Cuidados Pessoais > Rosto > Limpeza;;5920941010270;22/11/2022
BR-01831;Novix Deep Clean Body Wash;Novix;75 mL;8.82;Cuidados Pessoais > Banho;;6484977973835;24/08/2020
BR-01832;Helix Deep Clean Body Wash;Helix;200 mL;7.05;Cuidados Pessoais > Banho;castanhas;7547893505265;10/05/2018
BR-01833;Luminos Volumising Conditioner;Luminos;300 mL;17.64;Cuidados Pessoais > Cabelo > Condicionador;castanhas,peixe,crustáceos;0718129236131;26/03/2019
BR-01834;Solaris Leave-In Conditioner;Solaris;400 mL;7.05;Cuidados Pessoais > Cabelo > Condicionador;glúten,gergelim;4133768705804;28/06/2023
BR-01835;Krisol Dish Liquid;Krisol;50 mL;10.58;Casa > Limpeza > Louças;ovos,leite;6407078384782;06/01/2021
BR-01836;Zephyr Laundry Powder;Zephyr;150 mL;7.05;Casa > Lavanderia;castanhas,crustáceos,soja,gergelim;5404492728094;10/02/2018
BR-01837;Orinum Gentle Face Wash;Orinum;500 mL;17.64;Cuidados Pessoais > Rosto > Limpeza;peixe;4316785984449;20/06/2018
BR-01838;Polvera Stain Remover;Polvera;750 mL;8.82;Casa > Lavanderia;soja,leite,glúten,ovos;0756052699012;21/01/2022
BR-01839;Gleam Leave-In Conditioner;Gleam;50 mL;3.53;Cuidados Pessoais > Cabelo > Condicionador;glúten,peixe,gergelim,ovos;3092356540306;08/12/2022
BR-01840;Glova Eco Dish Liquid;Glova;250 mL;7.05;Casa > Limpeza > Louças;;2732012953187;29/08/2021
BR-01841;Elaris Moisturising Body Wash;Elaris;100 mL;5.29;Cuidados Pessoais > Banho;;8206820481094;30/08/2020
BR-01842;Frostine Nourishing Body Cleanser;Frostine;500 mL;7.05;Cuidados Pessoais > Banho;soja,gergelim,castanhas;7797398245535;26/11/2023
BR-01843;Helix Anti-Dandruff Shampoo;Helix;500 mL;3.53;Cuidados Pessoais > Cabelo > Shampoo;trigo,soja,glúten;6429518525579;12/09/2022
BR-01844;Polvera Stain Remover;Polvera;75 mL;8.82;Casa > Lavanderia;glúten,leite;3081969544870;07/05/2022
BR-01845;Zephyr Anti-Dandruff Shampoo;Zephyr;200 mL;17.64;Cuidados Pessoais > Cabelo > Shampoo;amendoim,ovos,castanhas,crustáceos;0892446403503;23/12/2022
BR-01846;Vivara Aloe Hand Wash;Vivara;250 mL;8.82;Cuidados Pessoais > Sabonete Líquido;soja,castanhas,gergelim,amendoim;8108227754774;28/07/2023
BR-01847;Vivara Bathroom Cleaner;Vivara;750 mL;3.53;Casa > Limpeza > Superfícies;amendoim,ovos;2387249379790;07/06/2018
BR-01848;Oralix Deep Clean Body Wash;Oralix;200 mL;8.82;Cuidados Pessoais > Banho;glúten,amendoim;8496741662393;28/10/2021
BR-01849;Glova Foaming Hand Wash;Glova;100 mL;8.82;Cuidados Pessoais > Sabonete Líquido;glúten,soja;5027674906419;27/09/2019
BR-01850;Brightway Volumising Conditioner;Brightway;1000 mL;14.11;Cuidados Pessoais > Cabelo > Condicionador;castanhas,soja,ovos;4513417005453;09/10/2021
BR-01851;Elaris Laundry Powder;Elaris;250 mL;8.82;Casa > Lavanderia;castanhas,glúten,peixe,crustáceos;2168335766805;29/12/2021
BR-01852;Tolvex Nourishing Body Cleanser;Tolvex;750 mL;2.65;Cuidados Pessoais > Banho;;8604317155785;08/08/2021
BR-01853;Teraxis Deep Conditioner;Teraxis;750 mL;14.11;Cuidados Pessoais > Cabelo > Condicionador;soja,glúten,peixe,amendoim;6093160898888;05/12/2021
BR-01854;Helix Tomato Ketchup;Helix;50 mL;8.82;Alimentos > Condimentos;gergelim,soja;9111532026404;16/05/2018
BR-01855;Solvix Dishwasher Tablets;Solvix;1000 mL;5.29;Casa > Limpeza > Louças;glúten;6379020388783;26/11/2019
BR-01856;Luxara Tomato Ketchup;Luxara;500 mL;5.29;Alimentos > Condimentos;amendoim,glúten,crustáceos,gergelim;1676634208342;01/10/2023
BR-01857;Kaleo Salted Crackers;Kaleo;200 mL;3.53;Alimentos > Petiscos;peixe,amendoim,crustáceos;4264404783273;14/11/2022
BR-01858;Orinum Moisturising Hand Wash;Orinum;750 mL;8.82;Cuidados Pessoais > Sabonete Líquido;ovos,gergelim,crustáceos,soja;4499246871448;22/04/2022
BR-01859;Clarity Dishwasher Tablets;Clarity;750 mL;8.82;Casa > Limpeza > Louças;ovos;5566423940262;15/02/2018
BR-01860;Motivo Stain Remover;Motivo;200 mL;10.58;Casa > Lavanderia;peixe,gergelim,ovos;1822923246872;17/07/2019
BR-01861;Plexum Deep Conditioner;Plexum;400 mL;5.29;Cuidados Pessoais > Cabelo > Condicionador;crustáceos;8406138674854;24/07/2023
01862;Oralix Laundry Powder;Oralix;200 mL;8.82;Casa > Lavanderia;glúten,peixe;5765786800552;02/10/2018
BR-01863;Cladis Mixed Nuts Blend;Cladis;1000 mL;14.11;Alimentos > Petiscos;amendoim,glúten,gergelim;3632705614656;01/03/2020
BR-01864;Kaleo SPF Moisturiser;Kaleo;50 mL;1.76;Cuidados Pessoais > Rosto > Hidratação;trigo,ovos;8674715203517;15/01/2019
BR-01865;Zenpur Eco Dish Liquid;Zenpur;1000 mL;1.76;Casa > Limpeza > Louças;peixe,castanhas;1335850814323;01/02/2020
BR-01866;Primus Oat Protein Bar;Primus;400 mL;10.58;Alimentos > Petiscos;soja,trigo,crustáceos;9042338106086;14/11/2018
BR-01867;XXX-Vanta Rice Cakes;Vanta;50 mL;8.82;Alimentos > Petiscos;trigo;9184574965994;27/03/2018
BR-01868;Velaris 48hr Spray Deodorant;Velaris;50 mL;3.53;Cuidados Pessoais > Desodorante;glúten,peixe;1143583040779;09/02/2022
BR-01869;Vanta Volumising Shampoo;Vanta;300 mL;2.65;Cuidados Pessoais > Cabelo > Shampoo;;9221689745377;28/03/2019
BR-01870;Cristalix Intensive Moisturiser;Cristalix;100 mL;1.76;Cuidados Pessoais > Rosto > Hidratação;soja,ovos;9274312666563;27/06/2018
01871;Serafix Leave-In Conditioner;Serafix;300 mL;2.65;Cuidados Pessoais > Cabelo > Condicionador;castanhas,glúten,leite;6247555267203;18/09/2020
BR-01872;Tolvex Foaming Hand Wash;Tolvex;50 mL;3.53;Cuidados Pessoais > Sabonete Líquido;castanhas,ovos,leite;0568706905710;18/10/2018
BR-01873;Nuarix Deep Conditioner;Nuarix;500 mL;2.65;Cuidados Pessoais > Cabelo > Condicionador;crustáceos,soja,trigo;3539330548496;02/08/2021
BR-01874;TEST-Qualis Repair Shampoo;Qualis;400 mL;1.76;Cuidados Pessoais > Cabelo > Shampoo;glúten,amendoim,soja;2183024264684;01/10/2021
BR-01875;Tolvex Mustard Sauce;Tolvex;75 mL;1.76;Alimentos > Condimentos;leite;4115488051096;25/06/2020
BR-01876;Cladis Brightening Face Wash;Cladis;250 mL;5.29;Cuidados Pessoais > Rosto > Limpeza;peixe;3305754370094;28/02/2021
BR-01877;DUMMY-Arovia Repair Shampoo;Arovia;200 mL;5.29;Cuidados Pessoais > Cabelo > Shampoo;crustáceos,leite,trigo;1704701259284;06/07/2020
BR-01878;Tolvex Hydrating Face Wash;Tolvex;400 mL;2.65;Cuidados Pessoais > Rosto > Limpeza;ovos,amendoim;8176975059175;27/08/2020
BR-01879;Cristalix Oat Protein Bar;Cristalix;50 mL;2.65;Alimentos > Petiscos;;5591698331798;17/05/2020
BR-01880;Gleam Fragrance-Free Hand Wash;Gleam;400 mL;1.76;Cuidados Pessoais > Sabonete Líquido;glúten,amendoim,gergelim,leite;6545259357078;15/04/2022
BR-01881;Clarity 24hr Roll-On Deodorant;Clarity;200 mL;10.58;Cuidados Pessoais > Desodorante;leite;7856227192607;12/06/2019
BR-01882;Tolvex Hot Chilli Sauce;Tolvex;75 mL;2.65;Alimentos > Condimentos;peixe,gergelim,leite,castanhas;1093609194903;03/10/2018
BR-01883;Oralix Hot Chilli Sauce;Oralix;50 mL;5.29;Alimentos > Condimentos;crustáceos;6280587777012;10/02/2021
BR-01884;Cryston Vinegar Dressing;Cryston;100 mL;10.58;Alimentos > Condimentos;trigo,ovos,gergelim,amendoim;5696460773599;22/01/2022
BR-01885;Solvix Aloe Hand Wash;Solvix;75 mL;3.53;Cuidados Pessoais > Sabonete Líquido;leite;5135639748926;11/12/2021
BR-01886;Solaris Moisturising Body Wash;Solaris;250 mL;2.65;Cuidados Pessoais > Banho;crustáceos,amendoim,peixe;7358182177489;15/01/2023
BR-01887;Orinum Intensive Moisturiser;Orinum;750 mL;5.29;Cuidados Pessoais > Rosto > Hidratação;gergelim,trigo,amendoim,ovos;8438356999716;28/12/2019
BR-01888;Arovia 48hr Spray Deodorant;Arovia;50 mL;2.65;Cuidados Pessoais > Desodorante;soja,leite,peixe,trigo;6912671919694;14/02/2020
BR-01889;Cristalix Brightening Face Wash;Cristalix;1000 mL;1.76;Cuidados Pessoais > Rosto > Limpeza;ovos;3878305682873;12/03/2022
BR-01890;Qualis Oil Control Face Wash;Qualis;250 mL;3.53;Cuidados Pessoais > Rosto > Limpeza;trigo,leite,glúten;9487478112823;10/07/2022
BR-01891;Serafix Eco Dish Liquid;Serafix;200 mL;8.82;Casa > Limpeza > Louças;;7392229317780;03/11/2022
BR-01892;Cristalix 24hr Roll-On Deodorant;Cristalix;750 mL;7.05;Cuidados Pessoais > Desodorante;castanhas,leite,glúten;5777917431245;17/05/2020
BR-01893;Aurova SPF Moisturiser;Aurova;250 mL;5.29;Cuidados Pessoais > Rosto > Hidratação;ovos,glúten,castanhas,soja;5092720948033;08/04/2022
BR-01894;Orinum Rinse Aid;Orinum;1000 mL;8.82;Casa > Limpeza > Louças;trigo,amendoim,soja;3916867088556;09/03/2018
BR-01895;Krisol Aloe Hand Wash;Krisol;200 mL;5.29;Cuidados Pessoais > Sabonete Líquido;amendoim,glúten,ovos,leite;1042797493541;08/09/2019
BR-01896;Solven Hydrating Shampoo;Solven;500 mL;2.65;Cuidados Pessoais > Cabelo > Shampoo;gergelim,peixe,ovos,crustáceos;2935753848112;01/01/2019
BR-01897;Vanta Sensitive Deodorant;Vanta;150 mL;7.05;Cuidados Pessoais > Desodorante;castanhas,peixe,leite;1642624554621;14/01/2018
BR-01898;Plexum Deep Conditioner;Plexum;250 mL;7.05;Cuidados Pessoais > Cabelo > Condicionador;glúten,trigo,gergelim;3940717343465;18/04/2022
BR-01899;Qualis Sensitive Skin Body Wash;Qualis;200 mL;14.11;Cuidados Pessoais > Banho;;0603981079517;22/05/2022
BR-01900;Tresol Brightening Face Wash;Tresol;75 mL;7.05;Cuidados Pessoais > Rosto > Limpeza;;2022417561682;20/06/2018
BR-01901;Sovara Rinse Aid;Sovara;200 mL;2.65;Casa > Limpeza > Louças;castanhas,amendoim,ovos,crustáceos;3366502859155;01/11/2022
BR-01902;Luxara Granola Bar;Luxara;75 mL;14.11;Alimentos > Petiscos;ovos,castanhas,crustáceos,amendoim;2905249221910;25/02/2019
BR-01903;Nexpur Mustard Sauce;Nexpur;750 mL;7.05;Alimentos > Condimentos;ovos,amendoim,glúten,trigo;0138569939148;21/11/2019
BR-01904;Brightway Fragrance-Free Hand Wash;Brightway;50 mL;2.65;Cuidados Pessoais > Sabonete Líquido;leite;1740209844690;24/08/2023
BR-01905;Cladis Stain Remover;Cladis;300 mL;8.82;Casa > Lavanderia;amendoim,gergelim,ovos,castanhas;8272913675916;02/09/2022
BR-01906;Nuarix SPF Moisturiser;Nuarix;1000 mL;2.65;Cuidados Pessoais > Rosto > Hidratação;soja,trigo;1801130852311;11/01/2022
BR-01907;Arovia Aloe Hand Wash;Arovia;100 mL;5.29;Cuidados Pessoais > Sabonete Líquido;trigo,gergelim;4022462671327;11/02/2018
BR-01908;Cristalix Repair Conditioner;Cristalix;200 mL;3.53;Cuidados Pessoais > Cabelo > Condicionador;gergelim;6707760429396;15/07/2023
BR-01909;Hevara Hot Chilli Sauce;Hevara;300 mL;14.11;Alimentos > Condimentos;leite,gergelim;7721075240032;14/06/2020
BR-01910;Vivara Salted Crackers;Vivara;75 mL;1.76;Alimentos > Petiscos;crustáceos,trigo,amendoim,peixe;7254265416899;29/04/2020
BR-01911;Solaris Dishwasher Tablets;Solaris;300 mL;5.29;Casa > Limpeza > Louças;gergelim,castanhas,trigo,ovos;8182893632789;13/10/2022
BR-01912;Velaris Liquid Laundry Detergent;Velaris;50 mL;7.05;Casa > Lavanderia;soja;5731899593117;13/10/2022
BR-01913;Frosten Vinegar Dressing;Frosten;100 mL;2.65;Alimentos > Condimentos;castanhas;3470507077503;03/05/2021
BR-01914;Polvera Rinse Aid;Polvera;750 mL;10.58;Casa > Limpeza > Louças;castanhas;7686621380597;08/01/2022
BR-01915;Arovia Colour Protect Shampoo;Arovia;200 mL;17.64;Cuidados Pessoais > Cabelo > Shampoo;castanhas,amendoim;2259551330595;03/10/2018
BR-01916;Solven Sport Deodorant;Solven;750 mL;10.58;Cuidados Pessoais > Desodorante;castanhas;1109674513638;05/07/2022
BR-01917;Zephyr Whitening Deodorant;Zephyr;250 mL;1.76;Cuidados Pessoais > Desodorante;ovos,crustáceos;3722342678705;24/03/2020
BR-01918;Aurova Mayonnaise;Aurova;1000 mL;17.64;Alimentos > Condimentos;;2817189935478;04/08/2021
BR-01919;Purevex Deep Conditioner;Purevex;100 mL;14.11;Cuidados Pessoais > Cabelo > Condicionador;glúten,peixe;3731149331089;26/08/2023
BR-01920;Cristalix Moisturising Hand Wash;Cristalix;50 mL;10.58;Cuidados Pessoais > Sabonete Líquido;glúten,amendoim;0038180364858;15/01/2019
BR-01921;Vanta Tomato Ketchup;Vanta;100 mL;2.65;Alimentos > Condimentos;castanhas;4081702846161;12/04/2023
BR-01922;Gleam Laundry Capsules;Gleam;1000 mL;5.29;Casa > Lavanderia;ovos;4999703204340;23/07/2023
BR-01923;Glicen Night Cream;Glicen;150 mL;7.05;Cuidados Pessoais > Rosto > Hidratação;trigo,ovos;0651004601047;29/03/2019
BR-01924;Cristalix Gentle Face Wash;Cristalix;250 mL;8.82;Cuidados Pessoais > Rosto > Limpeza;crustáceos,amendoim;2072239567218;27/06/2023
BR-01925;Hevara Antibacterial Hand Wash;Hevara;500 mL;17.64;Cuidados Pessoais > Sabonete Líquido;gergelim,crustáceos,glúten,soja;6775138771231;11/12/2018
BR-01926;Plexum Stain Remover;Plexum;750 mL;14.11;Casa > Lavanderia;leite;4873045194555;16/08/2023
BR-01927;Helix Aloe Hand Wash;Helix;1000 mL;14.11;Cuidados Pessoais > Sabonete Líquido;amendoim;1880796403150;08/06/2023
BR-01928;Qualis Whitening Deodorant;Qualis;750 mL;5.29;Cuidados Pessoais > Desodorante;ovos,gergelim,castanhas,glúten;6205449339276;29/11/2018
BR-01929;Toreva Vinegar Dressing;Toreva;200 mL;1.76;Alimentos > Condimentos;soja,gergelim,castanhas;6702071537846;01/02/2020
BR-01930;Zenpur Nourishing Body Cleanser;Zenpur;1000 mL;8.82;Cuidados Pessoais > Banho;soja,castanhas;4407896778888;06/11/2019
BR-01931;Solven Mayonnaise;Solven;50 mL;1.76;Alimentos > Condimentos;trigo,leite,amendoim;0947112461759;08/07/2023
BR-01932;Nuvelo Liquid Laundry Detergent;Nuvelo;75 mL;1.76;Casa > Lavanderia;gergelim,peixe;6718644262442;01/08/2023
BR-01933;Clarity Nourishing Body Cleanser;Clarity;500 mL;10.58;Cuidados Pessoais > Banho;ovos,glúten,leite;1877033257041;18/04/2021
01934;Cryston Gentle Face Wash;Cryston;150 mL;3.53;Cuidados Pessoais > Rosto > Limpeza;peixe,glúten;8997490304386;19/02/2019
BR-01935;Lumeva Glass Cleaner;Lumeva;750 mL;17.64;Casa > Limpeza > Superfícies;glúten,trigo,amendoim,soja;9247048113014;27/09/2023
BR-01936;Cristalix Fragrance-Free Hand Wash;Cristalix;100 mL;5.29;Cuidados Pessoais > Sabonete Líquido;;4565181275914;29/04/2023
BR-01937;Cristalix Moisturising Body Wash;Cristalix;200 mL;5.29;Cuidados Pessoais > Banho;soja,leite;5674053625128;21/04/2020
BR-01938;Qualis Hydrating Shampoo;Qualis;200 mL;2.65;Cuidados Pessoais > Cabelo > Shampoo;;1902060713694;15/04/2020
BR-01939;Vivara Moisturising Body Wash;Vivara;100 mL;3.53;Cuidados Pessoais > Banho;;4426735384257;05/10/2022
BR-01940;Purelix Hydrating Shampoo;Purelix;75 mL;8.82;Cuidados Pessoais > Cabelo > Shampoo;glúten,amendoim,gergelim,castanhas;2618455375826;03/07/2022
BR-01941;Glicen Laundry Powder;Glicen;1000 mL;8.82;Casa > Lavanderia;;8149940232354;26/02/2022
BR-01942;Zenpur Dishwasher Tablets;Zenpur;500 mL;1.76;Casa > Limpeza > Louças;castanhas;2880507507817;22/01/2023
BR-01943;XXX-Verdant Brightening Face Wash;Verdant;200 mL;3.53;Cuidados Pessoais > Rosto > Limpeza;trigo,amendoim;7777444964931;19/05/2018
BR-01944;Elaris Intensive Moisturiser;Elaris;50 mL;1.76;Cuidados Pessoais > Rosto > Hidratação;leite,peixe,trigo;6486275537795;22/07/2020
BR-01945;Gleam Fabric Softener;Gleam;200 mL;10.58;Casa > Lavanderia;;9121040725454;22/03/2020
BR-01946;Vanta Heavy Duty Dish Soap;Vanta;75 mL;10.58;Casa > Limpeza > Louças;;9932470792622;16/01/2022
BR-01947;Hevara Tomato Ketchup;Hevara;400 mL;7.05;Alimentos > Condimentos;ovos;6032503943984;16/12/2023
BR-01948;Brightway SPF Moisturiser;Brightway;400 mL;17.64;Cuidados Pessoais > Rosto > Hidratação;castanhas,trigo,soja,crustáceos;1794964549598;21/12/2021
01949;Glova Disinfectant Spray;Glova;100 mL;14.11;Casa > Limpeza > Superfícies;ovos;7427183224024;23/05/2020
BR-01950;Cladis Dishwasher Tablets;Cladis;1000 mL;3.53;Casa > Limpeza > Louças;peixe,amendoim;6404046551122;28/03/2022
BR-01951;Helix Hydrating Face Wash;Helix;75 mL;1.76;Cuidados Pessoais > Rosto > Limpeza;leite,trigo;2892074595289;07/07/2019
BR-01952;Solaris Glass Cleaner;Solaris;400 mL;7.05;Casa > Limpeza > Superfícies;soja;9354337327837;10/09/2022
BR-01953;Kaleo Oat Protein Bar;Kaleo;75 mL;8.82;Alimentos > Petiscos;;0026077214348;08/11/2023
BR-01954;Polvera Aloe Hand Wash;Polvera;300 mL;8.82;Cuidados Pessoais > Sabonete Líquido;crustáceos;1557310520890;07/03/2020
BR-01955;Cryston Colour Protect Shampoo;Cryston;150 mL;1.76;Cuidados Pessoais > Cabelo > Shampoo;gergelim,trigo;3377312973412;29/06/2021
BR-01956;Oralix Fabric Softener;Oralix;100 mL;14.11;Casa > Lavanderia;glúten,leite;8268009072202;11/05/2023
BR-01957;Krisol Volumising Shampoo;Krisol;75 mL;17.64;Cuidados Pessoais > Cabelo > Shampoo;amendoim,castanhas,trigo,ovos;9596023315999;15/10/2023
BR-01958;Zenpur Rice Cakes;Zenpur;75 mL;14.11;Alimentos > Petiscos;crustáceos,leite;3230888060941;02/10/2018
BR-01959;Zephyr Bathroom Cleaner;Zephyr;100 mL;7.05;Casa > Limpeza > Superfícies;;3007886758756;27/10/2021
BR-01960;Qualis Vinegar Dressing;Qualis;50 mL;8.82;Alimentos > Condimentos;ovos,amendoim,castanhas,leite;4972366946277;31/12/2019
BR-01961;Qualis Laundry Capsules;Qualis;75 mL;17.64;Casa > Lavanderia;;4204384504628;11/03/2019
BR-01962;Verdant Glass Cleaner;Verdant;1000 mL;5.29;Casa > Limpeza > Superfícies;glúten,soja;9416674078862;24/09/2023
BR-01963;Novix Granola Bar;Novix;250 mL;14.11;Alimentos > Petiscos;glúten,ovos;1066726418795;25/08/2020
BR-01964;TEST-Orinum Vinegar Dressing;Orinum;500 mL;8.82;Alimentos > Condimentos;crustáceos;7012493164599;07/11/2023
BR-01965;Cristalix Repair Conditioner;Cristalix;400 mL;17.64;Cuidados Pessoais > Cabelo > Condicionador;;4704079365188;06/01/2023
BR-01966;Frosten Sensitive Deodorant;Frosten;100 mL;10.58;Cuidados Pessoais > Desodorante;trigo,leite,soja,castanhas;2735712567210;25/09/2019
BR-01967;Luminos Gentle Face Wash;Luminos;500 mL;8.82;Cuidados Pessoais > Rosto > Limpeza;gergelim,castanhas,ovos;5324256600988;04/01/2018
BR-01968;Novix Sensitive Deodorant;Novix;150 mL;10.58;Cuidados Pessoais > Desodorante;leite,soja,glúten,ovos;4136532985686;29/12/2020
BR-01969;Orinum Eco Dish Liquid;Orinum;400 mL;1.76;Casa > Limpeza > Louças;leite,peixe,glúten;0746143370043;21/11/2018
BR-01970;Frostine Rice Cakes;Frostine;200 mL;5.29;Alimentos > Petiscos;gergelim,crustáceos,ovos;6387621577406;24/08/2021
BR-01971;Primus SPF Moisturiser;Primus;300 mL;10.58;Cuidados Pessoais > Rosto > Hidratação;;8248741427850;15/08/2020
BR-01972;Verdant Tomato Ketchup;Verdant;75 mL;17.64;Alimentos > Condimentos;crustáceos,trigo,peixe,ovos;4921223399824;18/05/2019
BR-01973;Luminos Whitening Deodorant;Luminos;50 mL;14.11;Cuidados Pessoais > Desodorante;;3204484567715;28/01/2022
BR-01974;Glova Mustard Sauce;Glova;400 mL;10.58;Alimentos > Condimentos;leite,amendoim,castanhas;6893911645767;07/07/2023
BR-01975;Krisol Hot Chilli Sauce;Krisol;300 mL;8.82;Alimentos > Condimentos;peixe,glúten,gergelim;4760852085292;20/11/2022
BR-01976;Toreva SPF Moisturiser;Toreva;100 mL;2.65;Cuidados Pessoais > Rosto > Hidratação;leite,gergelim,ovos;9988782988727;02/04/2023
BR-01977;Tolvex Sport Deodorant;Tolvex;200 mL;3.53;Cuidados Pessoais > Desodorante;leite;6185069298736;26/11/2023
BR-01978;DUMMY-Vanta Fragrance-Free Hand Wash;Vanta;50 mL;10.58;Cuidados Pessoais > Sabonete Líquido;trigo,amendoim,peixe;6390321430315;17/02/2020
BR-01979;Cristalix Dishwasher Tablets;Cristalix;50 mL;2.65;Casa > Limpeza > Louças;;1840654885580;03/08/2023
BR-01980;Tresol Sport Deodorant;Tresol;200 mL;8.82;Cuidados Pessoais > Desodorante;glúten;6151436974572;14/11/2023
BR-01981;Purevex Brightening Face Wash;Purevex;400 mL;17.64;Cuidados Pessoais > Rosto > Limpeza;gergelim;7135566963384;26/12/2021
BR-01982;Sovara Oat Protein Bar;Sovara;1000 mL;7.05;Alimentos > Petiscos;;7825601999163;13/06/2019
BR-01983;Aevum Intensive Moisturiser;Aevum;200 mL;14.11;Cuidados Pessoais > Rosto > Hidratação;trigo,soja,peixe;8426851797364;26/05/2023
BR-01984;Oralix Eco Dish Liquid;Oralix;75 mL;1.76;Casa > Limpeza > Louças;crustáceos;1909520387211;11/06/2019
BR-01985;Teraxis Anti-Dandruff Shampoo;Teraxis;75 mL;1.76;Cuidados Pessoais > Cabelo > Shampoo;castanhas,peixe;2446220165668;08/06/2020
BR-01986;Aevum Mayonnaise;Aevum;150 mL;8.82;Alimentos > Condimentos;;8243262538146;01/03/2018
BR-01987;Gleam Gentle Face Wash;Gleam;400 mL;8.82;Cuidados Pessoais > Rosto > Limpeza;glúten,gergelim;4142024843501;22/06/2023
BR-01988;Zephyr SPF Moisturiser;Zephyr;750 mL;5.29;Cuidados Pessoais > Rosto > Hidratação;trigo;8099970244042;08/04/2020
BR-01989;Lumeva Hydrating Shampoo;Lumeva;50 mL;14.11;Cuidados Pessoais > Cabelo > Shampoo;ovos,gergelim,trigo;3532773765543;11/12/2022
BR-01990;Orinum Antibacterial Hand Wash;Orinum;100 mL;14.11;Cuidados Pessoais > Sabonete Líquido;crustáceos,soja;5548147126665;10/03/2019
BR-01991;Frosten 48hr Spray Deodorant;Frosten;150 mL;3.53;Cuidados Pessoais > Desodorante;amendoim,trigo,crustáceos,castanhas;0215013433909;24/11/2022
BR-01992;Lumeva Volumising Conditioner;Lumeva;500 mL;8.82;Cuidados Pessoais > Cabelo > Condicionador;trigo,amendoim,crustáceos,soja;3391299037196;26/03/2019
BR-01993;Zenpur Volumising Conditioner;Zenpur;750 mL;5.29;Cuidados Pessoais > Cabelo > Condicionador;castanhas,glúten,crustáceos,gergelim;1421162206595;30/12/2018
BR-01994;Hevara Moisturising Body Wash;Hevara;200 mL;7.05;Cuidados Pessoais > Banho;peixe;4364443296915;01/11/2020
BR-01995;Nuarix Leave-In Conditioner;Nuarix;50 mL;1.76;Cuidados Pessoais > Cabelo > Condicionador;trigo,glúten,crustáceos;6835278087859;30/05/2023
BR-01996;Aevum Hydrating Shampoo;Aevum;150 mL;5.29;Cuidados Pessoais > Cabelo > Shampoo;ovos,glúten;0900632586777;16/09/2021
BR-01997;Vivara Intensive Moisturiser;Vivara;500 mL;10.58;Cuidados Pessoais > Rosto > Hidratação;ovos;7284703446331;23/01/2020
BR-01998;Motivo Granola Bar;Motivo;250 mL;10.58;Alimentos > Petiscos;amendoim,ovos,castanhas,trigo;6351757351858;20/03/2019
BR-01999;Cladis Rice Cakes;Cladis;750 mL;10.58;Alimentos > Petiscos;glúten,castanhas;9656003375228;07/06/2022
BR-02000;Alteva Granola Bar;Alteva;200 mL;3.53;Alimentos > Petiscos;;0922251455791;17/02/2022
BR-02001;Cryston Mixed Nuts Blend;Cryston;1000 mL;3.53;Alimentos > Petiscos;crustáceos;6604142643022;17/04/2023
BR-02002;Purevex Sensitive Skin Body Wash;Purevex;150 mL;14.11;Cuidados Pessoais > Banho;trigo;9821093524393;18/09/2019
BR-02003;Teraxis Smooth & Shine Conditioner;Teraxis;250 mL;1.76;Cuidados Pessoais > Cabelo > Condicionador;;4962840769539;11/08/2018
BR-02004;Novix Laundry Capsules;Novix;150 mL;7.05;Casa > Lavanderia;peixe,crustáceos,leite;0782446666940;28/06/2020
BR-02005;Solvix Antibacterial Hand Wash;Solvix;750 mL;7.05;Cuidados Pessoais > Sabonete Líquido;gergelim;6825085592561;08/11/2019
BR-02006;Kaleo Heavy Duty Dish Soap;Kaleo;300 mL;10.58;Casa > Limpeza > Louças;trigo,soja,glúten,crustáceos;7273468927049;30/03/2023
BR-02007;Arovia Leave-In Conditioner;Arovia;1000 mL;5.29;Cuidados Pessoais > Cabelo > Condicionador;gergelim,trigo,leite,castanhas;6610514961809;31/03/2022
BR-02008;Nexpur Laundry Capsules;Nexpur;500 mL;17.64;Casa > Lavanderia;gergelim,glúten,crustáceos;9244940395180;16/10/2022
BR-02009;Purelix Rinse Aid;Purelix;75 mL;5.29;Casa > Limpeza > Louças;amendoim,leite;8833183801698;20/02/2020
BR-02010;Purelix Intensive Moisturiser;Purelix;750 mL;2.65;Cuidados Pessoais > Rosto > Hidratação;trigo,leite;7793980122017;29/04/2022
BR-02011;Primus Gentle Face Wash;Primus;250 mL;3.53;Cuidados Pessoais > Rosto > Limpeza;;0239152313366;07/06/2020
BR-02012;Elaris Tomato Ketchup;Elaris;50 mL;17.64;Alimentos > Condimentos;ovos;2702318967201;06/04/2019
BR-02013;Zenpur Smooth & Shine Conditioner;Zenpur;750 mL;1.76;Cuidados Pessoais > Cabelo > Condicionador;leite,gergelim,soja;7756900019170;21/03/2022
BR-02014;Krisol 48hr Spray Deodorant;Krisol;100 mL;7.05;Cuidados Pessoais > Desodorante;gergelim,soja;4387151547469;18/04/2019
BR-02015;Teraxis Repair Shampoo;Teraxis;50 mL;17.64;Cuidados Pessoais > Cabelo > Shampoo;leite,trigo,crustáceos;2820400938080;07/04/2020
BR-02016;Gleam Lightweight Lotion;Gleam;75 mL;3.53;Cuidados Pessoais > Rosto > Hidratação;trigo;1600593241836;23/07/2019
BR-02017;Kaleo Mustard Sauce;Kaleo;400 mL;10.58;Alimentos > Condimentos;castanhas;2021311679547;10/11/2019
BR-02018;Nexpur Laundry Powder;Nexpur;300 mL;14.11;Casa > Lavanderia;;1167811678626;29/01/2018
BR-02019;Solven Repair Conditioner;Solven;250 mL;5.29;Cuidados Pessoais > Cabelo > Condicionador;peixe,amendoim,trigo,soja;7302209941751;04/05/2020
BR-02020;Elaris Tomato Ketchup;Elaris;1000 mL;1.76;Alimentos > Condimentos;soja,ovos;9841050755080;28/11/2020
BR-02021;Nexpur Fabric Softener;Nexpur;500 mL;7.05;Casa > Lavanderia;crustáceos,glúten,leite;3784679700832;08/04/2018
BR-02022;Cladis Hot Chilli Sauce;Cladis;200 mL;7.05;Alimentos > Condimentos;;5835501727270;19/12/2022
BR-02023;Luxara Oil Control Face Wash;Luxara;100 mL;1.76;Cuidados Pessoais > Rosto > Limpeza;;8320511213402;16/10/2022
BR-02024;Novix Exfoliating Face Scrub;Novix;50 mL;2.65;Cuidados Pessoais > Rosto > Limpeza;soja,crustáceos,castanhas,gergelim;2406511747119;03/03/2023
BR-02025;Nuvelo Deep Clean Body Wash;Nuvelo;500 mL;8.82;Cuidados Pessoais > Banho;amendoim;3124079044813;06/10/2020
BR-02026;Glova Stain Remover;Glova;750 mL;1.76;Casa > Lavanderia;;1456767761958;14/06/2019
BR-02027;XXX-Cladis Lightweight Lotion;Cladis;50 mL;2.65;Cuidados Pessoais > Rosto > Hidratação;leite,trigo,ovos;7645177022382;18/01/2018
BR-02028;Plexum SPF Moisturiser;Plexum;200 mL;14.11;Cuidados Pessoais > Rosto > Hidratação;trigo,crustáceos,gergelim,castanhas;2532095928481;27/04/2023
BR-02029;Hevara Brightening Face Wash;Hevara;500 mL;14.11;Cuidados Pessoais > Rosto > Limpeza;crustáceos;2993357024097;21/09/2020
BR-02030;Cladis Eco Dish Liquid;Cladis;1000 mL;10.58;Casa > Limpeza > Louças;glúten;8464844273983;10/08/2020
BR-02031;Solvix Sensitive Deodorant;Solvix;250 mL;3.53;Cuidados Pessoais > Desodorante;glúten;1886762273536;19/08/2020
BR-02032;Motivo Daily Moisturiser;Motivo;1000 mL;3.53;Cuidados Pessoais > Rosto > Hidratação;;1663340142152;20/06/2022
BR-02033;Verdant Mixed Nuts Blend;Verdant;250 mL;3.53;Alimentos > Petiscos;soja,peixe,trigo;8862335704440;30/01/2022
BR-02034;Tolvex 24hr Roll-On Deodorant;Tolvex;1000 mL;7.05;Cuidados Pessoais > Desodorante;amendoim;4211175494495;23/09/2021
BR-02035;Nexpur Bathroom Cleaner;Nexpur;75 mL;17.64;Casa > Limpeza > Superfícies;amendoim,trigo,glúten,soja;3815129116474;13/12/2019
BR-02036;Elaris Intensive Moisturiser;Elaris;100 mL;17.64;Cuidados Pessoais > Rosto > Hidratação;trigo,amendoim,crustáceos;3539987591531;09/01/2018
BR-02037;Toreva Deep Clean Body Wash;Toreva;75 mL;7.05;Cuidados Pessoais > Banho;ovos,gergelim;3479230578240;21/08/2021
BR-02038;Purevex Mixed Nuts Blend;Purevex;50 mL;17.64;Alimentos > Petiscos;soja,trigo,ovos,castanhas;2464378624301;18/10/2018
BR-02039;Zephyr Intensive Moisturiser;Zephyr;300 mL;10.58;Cuidados Pessoais > Rosto > Hidratação;peixe,ovos,leite,soja;9637491218792;01/06/2018
BR-02040;Zephyr Fragrance-Free Hand Wash;Zephyr;300 mL;2.65;Cuidados Pessoais > Sabonete Líquido;crustáceos,ovos;5901125023163;30/06/2018
BR-02041;Krisol Nourishing Body Cleanser;Krisol;50 mL;3.53;Cuidados Pessoais > Banho;trigo,gergelim,peixe;8321208614984;24/04/2021
BR-02042;Vanta Repair Conditioner;Vanta;400 mL;10.58;Cuidados Pessoais > Cabelo > Condicionador;glúten,crustáceos,amendoim;2001414424602;03/05/2023
BR-02043;Nexpur Exfoliating Face Scrub;Nexpur;150 mL;17.64;Cuidados Pessoais > Rosto > Limpeza;ovos,castanhas,gergelim;2859947576370;26/08/2023
BR-02044;Plexum Smooth & Shine Conditioner;Plexum;50 mL;8.82;Cuidados Pessoais > Cabelo > Condicionador;crustáceos,glúten;9798367607413;15/06/2018
BR-02045;Aurova Whitening Deodorant;Aurova;750 mL;7.05;Cuidados Pessoais > Desodorante;ovos,castanhas,leite,peixe;4390356028589;06/08/2022
BR-02046;Sovara Heavy Duty Dish Soap;Sovara;50 mL;10.58;Casa > Limpeza > Louças;castanhas;4760751210184;06/04/2021
BR-02047;Nexpur Volumising Conditioner;Nexpur;1000 mL;3.53;Cuidados Pessoais > Cabelo > Condicionador;amendoim,glúten,ovos;8024594085931;10/08/2021
BR-02048;Cristalix Fragrance-Free Hand Wash;Cristalix;250 mL;3.53;Cuidados Pessoais > Sabonete Líquido;soja,crustáceos;7950765573741;15/12/2021
BR-02049;Qualis Mixed Nuts Blend;Qualis;75 mL;3.53;Alimentos > Petiscos;castanhas;8467901752278;19/12/2019
BR-02050;Clarity Rinse Aid;Clarity;1000 mL;10.58;Casa > Limpeza > Louças;trigo,soja;9674999020380;22/10/2021
BR-02051;Orinum Daily Moisturiser;Orinum;50 mL;1.76;Cuidados Pessoais > Rosto > Hidratação;amendoim,ovos,castanhas,glúten;1242695753857;11/10/2018
BR-02052;Solvix Mixed Nuts Blend;Solvix;750 mL;14.11;Alimentos > Petiscos;soja,castanhas,trigo;9461426204082;21/12/2021
02053;Cladis Deep Conditioner;Cladis;150 mL;5.29;Cuidados Pessoais > Cabelo > Condicionador;peixe,ovos;1897873728266;01/12/2021
BR-02054;Polvera Dishwasher Tablets;Polvera;150 mL;17.64;Casa > Limpeza > Louças;;4191716033300;29/08/2023
BR-02055;Elaris Sport Deodorant;Elaris;75 mL;17.64;Cuidados Pessoais > Desodorante;soja,peixe;6020931378805;11/10/2019
BR-02056;Vanta Tomato Ketchup;Vanta;750 mL;5.29;Alimentos > Condimentos;crustáceos,peixe,glúten;7773657645544;17/09/2021
BR-02057;Aurova Dish Liquid;Aurova;200 mL;17.64;Casa > Limpeza > Louças;;9543511026936;14/07/2021
BR-02058;Cristalix 48hr Spray Deodorant;Cristalix;50 mL;17.64;Cuidados Pessoais > Desodorante;trigo,soja,gergelim,ovos;1351485507027;23/03/2022
BR-02059;Sovara Daily Moisturiser;Sovara;100 mL;10.58;Cuidados Pessoais > Rosto > Hidratação;;6741514487621;16/03/2019
BR-02060;Luxara Fragrance-Free Hand Wash;Luxara;150 mL;7.05;Cuidados Pessoais > Sabonete Líquido;crustáceos;9730294069575;23/11/2019
BR-02061;Polvera 48hr Spray Deodorant;Polvera;50 mL;3.53;Cuidados Pessoais > Desodorante;castanhas;8937712582840;14/12/2023
BR-02062;Helix Stain Remover;Helix;750 mL;7.05;Casa > Lavanderia;castanhas,ovos,peixe,glúten;5991945644648;09/08/2021
BR-02063;Frosten Leave-In Conditioner;Frosten;50 mL;1.76;Cuidados Pessoais > Cabelo > Condicionador;ovos,castanhas;2428678554706;11/10/2018
BR-02064;Velaris Stain Remover;Velaris;400 mL;8.82;Casa > Lavanderia;;1467093672504;10/06/2019
BR-02065;Oralix Liquid Laundry Detergent;Oralix;200 mL;2.65;Casa > Lavanderia;crustáceos,leite,glúten;3460316134078;07/06/2019
BR-02066;Motivo Tomato Ketchup;Motivo;200 mL;8.82;Alimentos > Condimentos;castanhas,trigo,crustáceos;5428328678513;25/12/2021
BR-02067;Sovara Tomato Ketchup;Sovara;300 mL;17.64;Alimentos > Condimentos;ovos,castanhas,gergelim,crustáceos;7155661668946;26/06/2018
BR-02068;Purelix Dishwasher Tablets;Purelix;150 mL;10.58;Casa > Limpeza > Louças;peixe,leite;5955161133959;29/08/2022
BR-02069;DUMMY-Tresol Oil Control Face Wash;Tresol;200 mL;8.82;Cuidados Pessoais > Rosto > Limpeza;;8256961921263;22/01/2023
BR-02070;Luxara Granola Bar;Luxara;300 mL;14.11;Alimentos > Petiscos;amendoim,gergelim,crustáceos,glúten;8963196305279;28/07/2018
BR-02071;Motivo Night Cream;Motivo;750 mL;3.53;Cuidados Pessoais > Rosto > Hidratação;crustáceos,amendoim,gergelim,peixe;9164230127461;10/02/2018
BR-02072;Motivo Repair Shampoo;Motivo;150 mL;2.65;Cuidados Pessoais > Cabelo > Shampoo;ovos,gergelim,peixe,glúten;7085536062237;19/02/2018
BR-02073;Zenpur Moisturising Hand Wash;Zenpur;300 mL;14.11;Cuidados Pessoais > Sabonete Líquido;castanhas;7756942984108;05/05/2021
BR-02074;Aurova Moisturising Body Wash;Aurova;100 mL;14.11;Cuidados Pessoais > Banho;leite;3248274635239;30/10/2021
BR-02075;Glova Antibacterial Hand Wash;Glova;500 mL;17.64;Cuidados Pessoais > Sabonete Líquido;leite;3806958621857;29/03/2020
BR-02076;Hevara Tomato Ketchup;Hevara;75 mL;2.65;Alimentos > Condimentos;gergelim;1779036666366;29/05/2021
BR-02077;Primus Kitchen Cleaner;Primus;75 mL;5.29;Casa > Limpeza > Superfícies;peixe;5984503379021;13/02/2021
BR-02078;Solaris Refreshing Shower Gel;Solaris;250 mL;5.29;Cuidados Pessoais > Banho;soja,ovos;3245275671952;14/07/2018
BR-02079;Oralix Mixed Nuts Blend;Oralix;250 mL;10.58;Alimentos > Petiscos;crustáceos,gergelim,leite,soja;1265249489187;27/12/2021
BR-02080;Primus Smooth & Shine Conditioner;Primus;150 mL;17.64;Cuidados Pessoais > Cabelo > Condicionador;trigo,leite,ovos,glúten;1497776491368;14/12/2018
BR-02081;Orinum Fragrance-Free Hand Wash;Orinum;300 mL;8.82;Cuidados Pessoais > Sabonete Líquido;gergelim;2261954902941;15/12/2020
BR-02082;Serafix Rinse Aid;Serafix;1000 mL;7.05;Casa > Limpeza > Louças;crustáceos,glúten;6613886550091;06/01/2019
BR-02083;Aevum Granola Bar;Aevum;250 mL;10.58;Alimentos > Petiscos;gergelim,soja,trigo;3959360194126;26/02/2023
BR-02084;Motivo Deep Clean Body Wash;Motivo;75 mL;17.64;Cuidados Pessoais > Banho;soja,peixe;0878072020338;15/02/2019
BR-02085;Zephyr Volumising Shampoo;Zephyr;750 mL;10.58;Cuidados Pessoais > Cabelo > Shampoo;crustáceos,peixe,soja;7203734483658;19/09/2022
BR-02086;Cryston Multi-Surface Spray;Cryston;1000 mL;2.65;Casa > Limpeza > Superfícies;leite,castanhas,peixe,gergelim;5743967705469;20/01/2023
BR-02087;Cristalix Hydrating Face Wash;Cristalix;75 mL;10.58;Cuidados Pessoais > Rosto > Limpeza;glúten,leite;9546887305889;23/10/2022
BR-02088;Oralix Liquid Laundry Detergent;Oralix;100 mL;8.82;Casa > Lavanderia;ovos;2926625478001;04/09/2021
BR-02089;Frostine Liquid Laundry Detergent;Frostine;50 mL;2.65;Casa > Lavanderia;peixe,ovos;5970001900737;28/10/2023
BR-02090;Verdant Fabric Softener;Verdant;300 mL;14.11;Casa > Lavanderia;amendoim;7436939089411;12/05/2020
BR-02091;Alteva Colour Protect Shampoo;Alteva;250 mL;10.58;Cuidados Pessoais > Cabelo > Shampoo;ovos,gergelim,soja;2130542842511;01/03/2019
BR-02092;DUMMY-Gleam Colour Protect Shampoo;Gleam;50 mL;5.29;Cuidados Pessoais > Cabelo > Shampoo;glúten,amendoim;0942941259799;29/05/2018
BR-02093;Krisol Mixed Nuts Blend;Krisol;100 mL;5.29;Alimentos > Petiscos;gergelim,crustáceos,peixe,soja;6606289513404;20/05/2020
BR-02094;Velaris Eco Dish Liquid;Velaris;500 mL;5.29;Casa > Limpeza > Louças;crustáceos,amendoim,gergelim,castanhas;3081836329395;08/01/2023
BR-02095;Kaleo Salted Crackers;Kaleo;300 mL;10.58;Alimentos > Petiscos;gergelim;2071548185137;03/07/2020
BR-02096;Velaris Hydrating Shampoo;Velaris;500 mL;10.58;Cuidados Pessoais > Cabelo > Shampoo;;5776771928892;07/07/2019
BR-02097;Oralix Refreshing Shower Gel;Oralix;100 mL;17.64;Cuidados Pessoais > Banho;castanhas,crustáceos,amendoim;0589230360677;26/06/2023
BR-02098;Glova Laundry Capsules;Glova;750 mL;3.53;Casa > Lavanderia;glúten,crustáceos;2655713649671;25/11/2020
BR-02099;Solven Granola Bar;Solven;200 mL;8.82;Alimentos > Petiscos;crustáceos;5257448825268;18/07/2018
BR-02100;Alteva Salted Crackers;Alteva;250 mL;2.65;Alimentos > Petiscos;;1567338515761;20/03/2021
BR-02101;Solaris Rice Cakes;Solaris;50 mL;8.82;Alimentos > Petiscos;;6809838319346;13/11/2022
BR-02102;Kaleo 24hr Roll-On Deodorant;Kaleo;400 mL;8.82;Cuidados Pessoais > Desodorante;peixe,leite,soja,castanhas;4563338923497;12/01/2022
BR-02103;Arovia Repair Conditioner;Arovia;250 mL;14.11;Cuidados Pessoais > Cabelo > Condicionador;;5155782638806;09/04/2020
BR-02104;Solvix Repair Conditioner;Solvix;100 mL;14.11;Cuidados Pessoais > Cabelo > Condicionador;;6186286974762;07/01/2020
BR-02105;Luminos Exfoliating Face Scrub;Luminos;150 mL;17.64;Cuidados Pessoais > Rosto > Limpeza;;8726819319226;23/02/2021
BR-02106;Nuarix Volumising Shampoo;Nuarix;150 mL;3.53;Cuidados Pessoais > Cabelo > Shampoo;leite,peixe,trigo,crustáceos;3941854554189;04/11/2019
BR-02107;Alteva Whitening Deodorant;Alteva;150 mL;2.65;Cuidados Pessoais > Desodorante;leite,glúten;3563032826736;29/08/2021
BR-02108;Lumeva Mustard Sauce;Lumeva;50 mL;7.05;Alimentos > Condimentos;glúten,gergelim,peixe;5716896213251;02/09/2018
BR-02109;Kaleo Laundry Capsules;Kaleo;500 mL;10.58;Casa > Lavanderia;castanhas,peixe,amendoim,glúten;3476088230924;20/01/2022
BR-02110;Kaleo Laundry Capsules;Kaleo;500 mL;7.05;Casa > Lavanderia;crustáceos,soja,peixe;3163308460178;08/10/2019
BR-02111;Brightway Rice Cakes;Brightway;500 mL;1.76;Alimentos > Petiscos;soja;6490847491163;08/09/2020
BR-02112;Solvix Night Cream;Solvix;50 mL;5.29;Cuidados Pessoais > Rosto > Hidratação;;0166366228455;27/07/2021
BR-02113;Elaris Daily Moisturiser;Elaris;50 mL;17.64;Cuidados Pessoais > Rosto > Hidratação;crustáceos,peixe;2295110848613;30/05/2018
BR-02114;Tolvex Foaming Hand Wash;Tolvex;50 mL;1.76;Cuidados Pessoais > Sabonete Líquido;;0469017495382;10/03/2019
BR-02115;Tresol Rice Cakes;Tresol;200 mL;7.05;Alimentos > Petiscos;;0667884573213;30/10/2022
BR-02116;Kaleo 24hr Roll-On Deodorant;Kaleo;1000 mL;7.05;Cuidados Pessoais > Desodorante;soja;8935440711075;04/12/2019
BR-02117;Vivara Eco Dish Liquid;Vivara;50 mL;3.53;Casa > Limpeza > Louças;leite;5066714853337;15/05/2019
BR-02118;Verdant Multi-Surface Spray;Verdant;400 mL;8.82;Casa > Limpeza > Superfícies;amendoim,ovos;2982492202880;23/10/2018
BR-02119;Oralix 48hr Spray Deodorant;Oralix;500 mL;8.82;Cuidados Pessoais > Desodorante;ovos;7680126962500;03/09/2021
BR-02120;Tolvex Deep Clean Body Wash;Tolvex;150 mL;3.53;Cuidados Pessoais > Banho;glúten,ovos;3943032502746;16/06/2022
BR-02121;Luxara Leave-In Conditioner;Luxara;150 mL;17.64;Cuidados Pessoais > Cabelo > Condicionador;amendoim,leite;3765439994289;30/12/2021
BR-02122;Luminos Oat Protein Bar;Luminos;150 mL;5.29;Alimentos > Petiscos;;8641486329081;31/07/2021
BR-02123;Oralix Nourishing Body Cleanser;Oralix;200 mL;17.64;Cuidados Pessoais > Banho;ovos,castanhas,leite;5182377210901;03/06/2023
BR-02124;Verdant SPF Moisturiser;Verdant;400 mL;5.29;Cuidados Pessoais > Rosto > Hidratação;ovos,glúten,crustáceos,leite;7400345688483;11/06/2022
BR-02125;Krisol Sensitive Deodorant;Krisol;150 mL;14.11;Cuidados Pessoais > Desodorante;amendoim,peixe;6607236604749;01/03/2019
BR-02126;Luxara Deep Conditioner;Luxara;75 mL;17.64;Cuidados Pessoais > Cabelo > Condicionador;;3689382528943;20/01/2018
BR-02127;Frosten Night Cream;Frosten;150 mL;8.82;Cuidados Pessoais > Rosto > Hidratação;;6026957752667;01/04/2021
BR-02128;Aurova Liquid Laundry Detergent;Aurova;1000 mL;2.65;Casa > Lavanderia;soja,peixe,crustáceos;8175248135370;28/04/2022
BR-02129;Lumeva Night Cream;Lumeva;500 mL;5.29;Cuidados Pessoais > Rosto > Hidratação;soja,leite,glúten,amendoim;5395260885326;01/04/2023
BR-02130;Hevara Brightening Face Wash;Hevara;50 mL;2.65;Cuidados Pessoais > Rosto > Limpeza;;4997475473773;01/06/2018
BR-02131;Lumeva Lightweight Lotion;Lumeva;50 mL;10.58;Cuidados Pessoais > Rosto > Hidratação;gergelim,ovos,amendoim;5659773961039;24/10/2020
BR-02132;Velaris Nourishing Body Cleanser;Velaris;150 mL;10.58;Cuidados Pessoais > Banho;glúten,ovos,leite,amendoim;0417569430726;03/03/2019
BR-02133;Polvera Vinegar Dressing;Polvera;500 mL;14.11;Alimentos > Condimentos;ovos,peixe,glúten;6587236341106;16/12/2020
BR-02134;Orinum Fabric Softener;Orinum;500 mL;10.58;Casa > Lavanderia;ovos,trigo,peixe;5728182912786;28/12/2023
BR-02135;Gleam Fabric Softener;Gleam;100 mL;7.05;Casa > Lavanderia;glúten,ovos,peixe,leite;8415855373049;28/05/2020
BR-02136;Aurova Glass Cleaner;Aurova;75 mL;17.64;Casa > Limpeza > Superfícies;;7071694481447;10/01/2018
BR-02137;Tolvex Moisturising Body Wash;Tolvex;200 mL;1.76;Cuidados Pessoais > Banho;castanhas,peixe,leite;2310640797290;11/08/2022
BR-02138;Kaleo Laundry Powder;Kaleo;500 mL;17.64;Casa > Lavanderia;amendoim,trigo;7344979925197;22/05/2023
BR-02139;Purelix Mixed Nuts Blend;Purelix;300 mL;8.82;Alimentos > Petiscos;crustáceos,castanhas;8783710539252;14/08/2018
BR-02140;Cryston Foaming Hand Wash;Cryston;75 mL;17.64;Cuidados Pessoais > Sabonete Líquido;soja,peixe;0174304025608;11/07/2018
BR-02141;Serafix Daily Moisturiser;Serafix;75 mL;10.58;Cuidados Pessoais > Rosto > Hidratação;crustáceos,glúten,castanhas;2707127971760;22/05/2020
BR-02142;Zephyr Granola Bar;Zephyr;300 mL;7.05;Alimentos > Petiscos;crustáceos;2990438817678;17/06/2022
BR-02143;Orinum Leave-In Conditioner;Orinum;50 mL;3.53;Cuidados Pessoais > Cabelo > Condicionador;amendoim,soja;1639158464724;06/10/2021
BR-02144;Elaris Antibacterial Hand Wash;Elaris;300 mL;14.11;Cuidados Pessoais > Sabonete Líquido;trigo,leite,soja,crustáceos;9061550261342;01/05/2018
BR-02145;Velaris Oat Protein Bar;Velaris;150 mL;2.65;Alimentos > Petiscos;trigo;0667665405320;11/02/2021
BR-02146;Nuarix Deep Conditioner;Nuarix;300 mL;7.05;Cuidados Pessoais > Cabelo > Condicionador;castanhas;3286178058136;29/10/2023
BR-02147;Orinum Nourishing Body Cleanser;Orinum;150 mL;3.53;Cuidados Pessoais > Banho;;3678864555263;28/03/2019
BR-02148;Luminos 24hr Roll-On Deodorant;Luminos;400 mL;1.76;Cuidados Pessoais > Desodorante;castanhas,crustáceos;0529508687440;15/01/2019
BR-02149;Qualis Leave-In Conditioner;Qualis;1000 mL;17.64;Cuidados Pessoais > Cabelo > Condicionador;peixe,trigo,castanhas,amendoim;6926356006258;17/11/2021
BR-02150;Helix Anti-Dandruff Shampoo;Helix;400 mL;14.11;Cuidados Pessoais > Cabelo > Shampoo;ovos,soja;7849531273445;01/10/2021
BR-02151;Polvera Liquid Laundry Detergent;Polvera;75 mL;14.11;Casa > Lavanderia;trigo,ovos,soja;4616461526537;12/09/2019
BR-02152;Solvix Leave-In Conditioner;Solvix;200 mL;14.11;Cuidados Pessoais > Cabelo > Condicionador;;8101481297193;21/01/2021
BR-02153;Aevum Sensitive Skin Body Wash;Aevum;1000 mL;7.05;Cuidados Pessoais > Banho;crustáceos;4812681793005;05/11/2023
BR-02154;Primus Nourishing Body Cleanser;Primus;500 mL;1.76;Cuidados Pessoais > Banho;gergelim,leite;8140334050813;17/07/2018
BR-02155;Hevara Sensitive Deodorant;Hevara;150 mL;8.82;Cuidados Pessoais > Desodorante;peixe,leite,trigo,gergelim;3116694602127;05/04/2021
BR-02156;Sovara Foaming Hand Wash;Sovara;200 mL;3.53;Cuidados Pessoais > Sabonete Líquido;ovos,trigo,castanhas,amendoim;8362074988496;07/08/2021
BR-02157;Kaleo Dish Liquid;Kaleo;300 mL;1.76;Casa > Limpeza > Louças;trigo,leite,soja,ovos;1465657166575;30/09/2023
BR-02158;Aurova Tomato Ketchup;Aurova;50 mL;7.05;Alimentos > Condimentos;glúten,castanhas,leite,trigo;3896416450860;14/08/2019
BR-02159;Toreva Oat Protein Bar;Toreva;150 mL;3.53;Alimentos > Petiscos;soja;0724876412612;10/06/2020
BR-02160;Vivara Vinegar Dressing;Vivara;250 mL;14.11;Alimentos > Condimentos;castanhas,gergelim;6180583934085;17/06/2020
BR-02161;Teraxis Sport Deodorant;Teraxis;200 mL;3.53;Cuidados Pessoais > Desodorante;gergelim,glúten,castanhas;9881920696563;14/03/2020
BR-02162;Polvera Repair Conditioner;Polvera;750 mL;10.58;Cuidados Pessoais > Cabelo > Condicionador;crustáceos;6223683127534;07/11/2020
BR-02163;Aurova Colour Protect Shampoo;Aurova;750 mL;8.82;Cuidados Pessoais > Cabelo > Shampoo;crustáceos,gergelim;0228017710624;28/04/2021
BR-02164;Tresol 24hr Roll-On Deodorant;Tresol;300 mL;7.05;Cuidados Pessoais > Desodorante;crustáceos,soja;5341439103234;22/05/2019
02165;Polvera Laundry Capsules;Polvera;300 mL;14.11;Casa > Lavanderia;leite,peixe,gergelim,castanhas;7477201104081;01/08/2020
BR-02166;Cristalix Fabric Softener;Cristalix;400 mL;17.64;Casa > Lavanderia;peixe;0187779533424;30/06/2019
BR-02167;Frosten 48hr Spray Deodorant;Frosten;150 mL;3.53;Cuidados Pessoais > Desodorante;amendoim;2577727745753;16/07/2018
BR-02168;Polvera Deep Conditioner;Polvera;500 mL;17.64;Cuidados Pessoais > Cabelo > Condicionador;trigo,ovos;1484603638393;11/06/2022
BR-02169;DUMMY-Solaris Oat Protein Bar;Solaris;500 mL;17.64;Alimentos > Petiscos;trigo,leite;4759835894778;18/08/2018
BR-02170;Nuarix Aloe Hand Wash;Nuarix;150 mL;3.53;Cuidados Pessoais > Sabonete Líquido;castanhas,soja,trigo,glúten;0254616794673;27/01/2023
BR-02171;Alteva Liquid Laundry Detergent;Alteva;750 mL;17.64;Casa > Lavanderia;soja,peixe,ovos;3959459211857;30/11/2022
BR-02172;Teraxis Leave-In Conditioner;Teraxis;250 mL;1.76;Cuidados Pessoais > Cabelo > Condicionador;crustáceos,amendoim,gergelim;9473779626381;02/04/2022
BR-02173;Arovia Sport Deodorant;Arovia;750 mL;14.11;Cuidados Pessoais > Desodorante;glúten,ovos,crustáceos;8220081001426;29/08/2023
BR-02174;Aevum Foaming Hand Wash;Aevum;50 mL;10.58;Cuidados Pessoais > Sabonete Líquido;castanhas;1575951490969;29/12/2022
BR-02175;Polvera Hydrating Shampoo;Polvera;500 mL;1.76;Cuidados Pessoais > Cabelo > Shampoo;;4587242274964;01/10/2022
BR-02176;Lumeva 48hr Spray Deodorant;Lumeva;200 mL;17.64;Cuidados Pessoais > Desodorante;leite;5171972512343;22/04/2020
BR-02177;Plexum Brightening Face Wash;Plexum;300 mL;14.11;Cuidados Pessoais > Rosto > Limpeza;crustáceos,glúten;7734265875037;13/10/2018
BR-02178;Hevara Nourishing Body Cleanser;Hevara;1000 mL;14.11;Cuidados Pessoais > Banho;ovos,amendoim,leite,soja;7128061990740;04/06/2022
BR-02179;Aevum Foaming Hand Wash;Aevum;400 mL;7.05;Cuidados Pessoais > Sabonete Líquido;trigo,ovos,crustáceos;1243566830325;27/11/2021
BR-02180;Clarity Exfoliating Face Scrub;Clarity;250 mL;3.53;Cuidados Pessoais > Rosto > Limpeza;castanhas,gergelim;7673507810729;11/11/2023
BR-02181;Gleam Mixed Nuts Blend;Gleam;750 mL;7.05;Alimentos > Petiscos;peixe,amendoim,glúten;1261499363192;06/06/2022
BR-02182;Qualis Volumising Conditioner;Qualis;300 mL;7.05;Cuidados Pessoais > Cabelo > Condicionador;soja,leite;9519566300635;17/05/2022
BR-02183;Oralix Deep Conditioner;Oralix;250 mL;2.65;Cuidados Pessoais > Cabelo > Condicionador;amendoim,leite,crustáceos;8704811353738;30/08/2022
BR-02184;Velaris 48hr Spray Deodorant;Velaris;1000 mL;3.53;Cuidados Pessoais > Desodorante;castanhas,gergelim,peixe,soja;7705548990716;17/01/2020
BR-02185;Aevum Oat Protein Bar;Aevum;300 mL;2.65;Alimentos > Petiscos;amendoim,gergelim;2700293313266;18/09/2023
BR-02186;Velaris Dishwasher Tablets;Velaris;200 mL;10.58;Casa > Limpeza > Louças;;2136884157719;09/07/2019
BR-02187;Purevex Oat Protein Bar;Purevex;500 mL;7.05;Alimentos > Petiscos;castanhas;1956176558922;28/09/2019
BR-02188;Vivara Brightening Face Wash;Vivara;100 mL;17.64;Cuidados Pessoais > Rosto > Limpeza;gergelim,crustáceos;0630228293351;12/08/2019
BR-02189;Alteva Laundry Capsules;Alteva;750 mL;14.11;Casa > Lavanderia;;5359647268478;25/12/2020
BR-02190;Solvix Fragrance-Free Hand Wash;Solvix;250 mL;8.82;Cuidados Pessoais > Sabonete Líquido;;7283101850887;21/07/2018
BR-02191;Toreva Laundry Capsules;Toreva;300 mL;7.05;Casa > Lavanderia;leite,castanhas;8105801088676;08/07/2023
BR-02192;Solaris SPF Moisturiser;Solaris;300 mL;2.65;Cuidados Pessoais > Rosto > Hidratação;soja,crustáceos,peixe,glúten;3646533347747;31/07/2022
BR-02193;Velaris Oil Control Face Wash;Velaris;750 mL;3.53;Cuidados Pessoais > Rosto > Limpeza;peixe;2819150237437;05/08/2023
BR-02194;Toreva Brightening Face Wash;Toreva;50 mL;8.82;Cuidados Pessoais > Rosto > Limpeza;ovos;9405047260973;16/10/2022
BR-02195;Purevex Smooth & Shine Conditioner;Purevex;200 mL;8.82;Cuidados Pessoais > Cabelo > Condicionador;ovos,soja,gergelim,castanhas;6098591981741;09/06/2023
BR-02196;Motivo Mixed Nuts Blend;Motivo;300 mL;8.82;Alimentos > Petiscos;glúten;7885874895579;23/04/2019
BR-02197;DUMMY-Teraxis Gentle Face Wash;Teraxis;750 mL;17.64;Cuidados Pessoais > Rosto > Limpeza;amendoim,glúten;9616395257472;07/05/2023
BR-02198;Cristalix Bathroom Cleaner;Cristalix;400 mL;3.53;Casa > Limpeza > Superfícies;;2384877561917;28/10/2023
BR-02199;Vivara Bathroom Cleaner;Vivara;400 mL;17.64;Casa > Limpeza > Superfícies;trigo;2900059054512;30/11/2022
BR-02200;Toreva Exfoliating Face Scrub;Toreva;500 mL;8.82;Cuidados Pessoais > Rosto > Limpeza;leite,castanhas;9193442462718;06/07/2019
BR-02201;Plexum Hydrating Face Wash;Plexum;150 mL;1.76;Cuidados Pessoais > Rosto > Limpeza;castanhas,soja,gergelim;5359759809620;26/08/2023
BR-02202;Aevum Deep Conditioner;Aevum;300 mL;1.76;Cuidados Pessoais > Cabelo > Condicionador;crustáceos,gergelim,glúten,peixe;5788273763093;05/04/2023
BR-02203;Frosten Kitchen Cleaner;Frosten;1000 mL;17.64;Casa > Limpeza > Superfícies;peixe;6609797855004;12/04/2021
BR-02204;Polvera SPF Moisturiser;Polvera;50 mL;14.11;Cuidados Pessoais > Rosto > Hidratação;glúten;6290107932265;27/12/2021
BR-02205;Alteva Volumising Conditioner;Alteva;100 mL;8.82;Cuidados Pessoais > Cabelo > Condicionador;peixe,soja;0594156711779;01/08/2021
BR-02206;Luxara Hydrating Face Wash;Luxara;400 mL;3.53;Cuidados Pessoais > Rosto > Limpeza;castanhas,gergelim;1987088407558;01/04/2020
BR-02207;Zephyr Oat Protein Bar;Zephyr;250 mL;5.29;Alimentos > Petiscos;castanhas,crustáceos,trigo;6839507051307;02/08/2022
BR-02208;Orinum Heavy Duty Dish Soap;Orinum;100 mL;2.65;Casa > Limpeza > Louças;gergelim;1568387027854;08/07/2020
BR-02209;Luxara Disinfectant Spray;Luxara;100 mL;2.65;Casa > Limpeza > Superfícies;glúten,trigo;4137173063900;08/12/2023
BR-02210;Aurova Whitening Deodorant;Aurova;50 mL;10.58;Cuidados Pessoais > Desodorante;amendoim,gergelim,soja,peixe;6816723866564;08/07/2018
BR-02211;Velaris Foaming Hand Wash;Velaris;250 mL;8.82;Cuidados Pessoais > Sabonete Líquido;castanhas,crustáceos,soja,glúten;5410577250404;03/01/2020
BR-02212;Gleam Whitening Deodorant;Gleam;750 mL;17.64;Cuidados Pessoais > Desodorante;ovos,leite,castanhas,peixe;5872357845727;10/07/2018
BR-02213;Brightway Liquid Laundry Detergent;Brightway;200 mL;2.65;Casa > Lavanderia;;4150749316606;13/11/2023
BR-02214;Sovara Tomato Ketchup;Sovara;1000 mL;2.65;Alimentos > Condimentos;;5566134047502;22/06/2018
BR-02215;Qualis Nourishing Body Cleanser;Qualis;500 mL;7.05;Cuidados Pessoais > Banho;;8922706990640;14/06/2021
BR-02216;Qualis Dishwasher Tablets;Qualis;300 mL;8.82;Casa > Limpeza > Louças;leite,soja,peixe,ovos;8364722455817;08/06/2023
BR-02217;Glicen Sensitive Skin Body Wash;Glicen;150 mL;5.29;Cuidados Pessoais > Banho;ovos,amendoim;2449663900049;02/01/2022
BR-02218;Hevara Hydrating Face Wash;Hevara;500 mL;1.76;Cuidados Pessoais > Rosto > Limpeza;gergelim,glúten;6725140961700;19/08/2023
BR-02219;Purevex Kitchen Cleaner;Purevex;400 mL;1.76;Casa > Limpeza > Superfícies;gergelim,ovos,peixe,soja;8813038469129;28/01/2019
BR-02220;Solven 24hr Roll-On Deodorant;Solven;300 mL;7.05;Cuidados Pessoais > Desodorante;amendoim,peixe;6257312536121;13/12/2022
BR-02221;Primus Aloe Hand Wash;Primus;400 mL;10.58;Cuidados Pessoais > Sabonete Líquido;trigo;9579474508097;02/09/2023
BR-02222;Glova Heavy Duty Dish Soap;Glova;400 mL;5.29;Casa > Limpeza > Louças;ovos;5716042614475;25/12/2018
BR-02223;Vanta Fragrance-Free Hand Wash;Vanta;200 mL;7.05;Cuidados Pessoais > Sabonete Líquido;;5264458296940;20/02/2022
BR-02224;Polvera Daily Moisturiser;Polvera;1000 mL;2.65;Cuidados Pessoais > Rosto > Hidratação;crustáceos;8049876209386;27/02/2020
BR-02225;Aevum Kitchen Cleaner;Aevum;300 mL;8.82;Casa > Limpeza > Superfícies;amendoim;2760741464407;29/11/2019
BR-02226;Serafix Antibacterial Hand Wash;Serafix;250 mL;5.29;Cuidados Pessoais > Sabonete Líquido;trigo,castanhas;5561832621382;13/11/2020
BR-02227;Zenpur Anti-Dandruff Shampoo;Zenpur;75 mL;1.76;Cuidados Pessoais > Cabelo > Shampoo;castanhas,amendoim,trigo,peixe;5275056880844;23/11/2023
BR-02228;Orinum Deep Conditioner;Orinum;100 mL;14.11;Cuidados Pessoais > Cabelo > Condicionador;;2633402937810;13/10/2020
BR-02229;Velaris Volumising Conditioner;Velaris;100 mL;14.11;Cuidados Pessoais > Cabelo > Condicionador;soja;2627767469581;15/09/2023
BR-02230;TEST-Teraxis Colour Protect Shampoo;Teraxis;200 mL;10.58;Cuidados Pessoais > Cabelo > Shampoo;crustáceos,glúten,amendoim,gergelim;2944993136750;21/07/2023
BR-02231;Purelix Volumising Conditioner;Purelix;500 mL;7.05;Cuidados Pessoais > Cabelo > Condicionador;leite,castanhas,soja,crustáceos;6783203161313;05/06/2023
BR-02232;Zephyr Disinfectant Spray;Zephyr;250 mL;5.29;Casa > Limpeza > Superfícies;ovos,amendoim,glúten;8833315180165;08/07/2022
BR-02233;Zephyr Lightweight Lotion;Zephyr;100 mL;5.29;Cuidados Pessoais > Rosto > Hidratação;trigo,gergelim,leite;1938895311545;14/09/2020
BR-02234;Novix Heavy Duty Dish Soap;Novix;75 mL;8.82;Casa > Limpeza > Louças;soja,amendoim,ovos;5910660862366;17/12/2021
BR-02235;Cladis Nourishing Body Cleanser;Cladis;50 mL;3.53;Cuidados Pessoais > Banho;trigo,glúten,amendoim;7892251826132;13/10/2021
BR-02236;Tresol Deep Clean Body Wash;Tresol;75 mL;1.76;Cuidados Pessoais > Banho;amendoim,leite,ovos,trigo;7997062981091;11/05/2023
BR-02237;Kaleo Mustard Sauce;Kaleo;300 mL;17.64;Alimentos > Condimentos;peixe,castanhas,leite;8368168214076;14/07/2020
BR-02238;Oralix Kitchen Cleaner;Oralix;500 mL;14.11;Casa > Limpeza > Superfícies;;4390390920054;22/05/2022
BR-02239;Vanta Volumising Conditioner;Vanta;400 mL;1.76;Cuidados Pessoais > Cabelo > Condicionador;amendoim;7485798889212;04/08/2020
BR-02240;Plexum Volumising Conditioner;Plexum;500 mL;2.65;Cuidados Pessoais > Cabelo > Condicionador;trigo,glúten;9322972540140;16/10/2020
BR-02241;Solaris Fabric Softener;Solaris;250 mL;7.05;Casa > Lavanderia;ovos;8864594780074;13/12/2019
BR-02242;Krisol Granola Bar;Krisol;300 mL;5.29;Alimentos > Petiscos;peixe,gergelim,soja;7555045838758;08/06/2018
BR-02243;Tolvex Deep Clean Body Wash;Tolvex;400 mL;1.76;Cuidados Pessoais > Banho;glúten,leite,soja,gergelim;7211359804338;26/08/2020
BR-02244;Solvix Anti-Dandruff Shampoo;Solvix;300 mL;10.58;Cuidados Pessoais > Cabelo > Shampoo;leite,ovos;0146019335204;16/11/2022
BR-02245;Motivo Leave-In Conditioner;Motivo;50 mL;5.29;Cuidados Pessoais > Cabelo > Condicionador;;6426633161408;02/10/2019
BR-02246;Zephyr Gentle Face Wash;Zephyr;75 mL;14.11;Cuidados Pessoais > Rosto > Limpeza;;7199457405193;22/01/2022
BR-02247;Purevex Sensitive Skin Body Wash;Purevex;750 mL;1.76;Cuidados Pessoais > Banho;;5673526359515;17/04/2023
BR-02248;Vivara Moisturising Hand Wash;Vivara;100 mL;7.05;Cuidados Pessoais > Sabonete Líquido;;3022867106654;01/10/2022
BR-02249;Elaris Refreshing Shower Gel;Elaris;750 mL;3.53;Cuidados Pessoais > Banho;castanhas;7774149057173;12/10/2021
BR-02250;Tresol Oil Control Face Wash;Tresol;400 mL;14.11;Cuidados Pessoais > Rosto > Limpeza;trigo,peixe;1587898916839;09/02/2019
BR-02251;Toreva Multi-Surface Spray;Toreva;75 mL;2.65;Casa > Limpeza > Superfícies;;4241248454675;07/06/2020
02252;Orinum Volumising Shampoo;Orinum;75 mL;14.11;Cuidados Pessoais > Cabelo > Shampoo;ovos,leite;6695450857034;07/11/2020
BR-02253;Gleam Moisturising Body Wash;Gleam;75 mL;14.11;Cuidados Pessoais > Banho;ovos,crustáceos,leite;6130112738318;10/11/2023
BR-02254;Cryston Tomato Ketchup;Cryston;100 mL;1.76;Alimentos > Condimentos;castanhas;7965640019153;05/04/2021
BR-02255;Glicen Volumising Conditioner;Glicen;50 mL;14.11;Cuidados Pessoais > Cabelo > Condicionador;trigo,amendoim,ovos,leite;6434241147547;10/06/2022
BR-02256;Nuvelo Moisturising Hand Wash;Nuvelo;500 mL;3.53;Cuidados Pessoais > Sabonete Líquido;soja;0642116846037;25/10/2023
BR-02257;Solven Rinse Aid;Solven;1000 mL;8.82;Casa > Limpeza > Louças;trigo,soja,amendoim,castanhas;6652174645330;08/02/2019
BR-02258;Frosten Fragrance-Free Hand Wash;Frosten;250 mL;1.76;Cuidados Pessoais > Sabonete Líquido;leite,castanhas,amendoim;1137134631073;06/07/2018
BR-02259;Novix Hot Chilli Sauce;Novix;300 mL;8.82;Alimentos > Condimentos;peixe,leite,ovos;8830415447471;11/09/2020
BR-02260;Nuarix Brightening Face Wash;Nuarix;150 mL;8.82;Cuidados Pessoais > Rosto > Limpeza;crustáceos,soja,peixe,glúten;9701685253170;02/08/2021
BR-02261;Zephyr Nourishing Body Cleanser;Zephyr;750 mL;5.29;Cuidados Pessoais > Banho;leite,ovos,gergelim;8596897409528;29/03/2018
BR-02262;Vanta Sport Deodorant;Vanta;750 mL;8.82;Cuidados Pessoais > Desodorante;glúten,trigo,ovos;8472668063994;06/12/2019
BR-02263;Sovara Daily Moisturiser;Sovara;1000 mL;2.65;Cuidados Pessoais > Rosto > Hidratação;;9540627890888;09/08/2018
BR-02264;Serafix Aloe Hand Wash;Serafix;75 mL;2.65;Cuidados Pessoais > Sabonete Líquido;ovos;7959282233121;10/09/2021
BR-02265;Solaris Foaming Hand Wash;Solaris;100 mL;8.82;Cuidados Pessoais > Sabonete Líquido;;3856162714135;17/02/2021
BR-02266;Gleam Volumising Conditioner;Gleam;400 mL;5.29;Cuidados Pessoais > Cabelo > Condicionador;soja;5737421420944;29/01/2020
BR-02267;Aevum Deep Clean Body Wash;Aevum;150 mL;14.11;Cuidados Pessoais > Banho;ovos,castanhas;8719942505925;13/09/2021
02268;Arovia Gentle Face Wash;Arovia;750 mL;8.82;Cuidados Pessoais > Rosto > Limpeza;gergelim,crustáceos;7993642737959;02/02/2023
BR-02269;Alteva Leave-In Conditioner;Alteva;1000 mL;2.65;Cuidados Pessoais > Cabelo > Condicionador;ovos,trigo,gergelim;1351113301072;06/09/2021
BR-02270;Krisol Brightening Face Wash;Krisol;1000 mL;1.76;Cuidados Pessoais > Rosto > Limpeza;amendoim;6948412322232;28/11/2019
BR-02271;Velaris Sensitive Skin Body Wash;Velaris;150 mL;17.64;Cuidados Pessoais > Banho;crustáceos,leite;9439137085870;28/10/2023
BR-02272;Lumeva Exfoliating Face Scrub;Lumeva;100 mL;2.65;Cuidados Pessoais > Rosto > Limpeza;ovos;6822608099378;04/10/2018
BR-02273;Lumeva 24hr Roll-On Deodorant;Lumeva;150 mL;2.65;Cuidados Pessoais > Desodorante;gergelim,amendoim,glúten;9883803747386;21/05/2019
BR-02274;Aurova Volumising Shampoo;Aurova;400 mL;1.76;Cuidados Pessoais > Cabelo > Shampoo;glúten,amendoim;6245540770059;10/08/2020
BR-02275;Gleam Sport Deodorant;Gleam;500 mL;17.64;Cuidados Pessoais > Desodorante;soja;4811808293855;26/08/2018
BR-02276;Nuvelo Smooth & Shine Conditioner;Nuvelo;400 mL;14.11;Cuidados Pessoais > Cabelo > Condicionador;gergelim,trigo,castanhas,amendoim;7537156415332;17/05/2018
BR-02277;Motivo Multi-Surface Spray;Motivo;300 mL;10.58;Casa > Limpeza > Superfícies;leite,peixe,soja;3119161195535;15/04/2018
BR-02278;Solaris Dishwasher Tablets;Solaris;150 mL;2.65;Casa > Limpeza > Louças;amendoim;0377917037932;23/04/2018
BR-02279;Novix Antibacterial Hand Wash;Novix;750 mL;3.53;Cuidados Pessoais > Sabonete Líquido;;0458207216241;13/01/2023
BR-02280;Tresol Granola Bar;Tresol;200 mL;10.58;Alimentos > Petiscos;amendoim,crustáceos,soja,ovos;5506529905369;12/12/2022
BR-02281;Tresol Dish Liquid;Tresol;50 mL;14.11;Casa > Limpeza > Louças;leite;9578903550812;25/08/2022
BR-02282;Nuvelo Fabric Softener;Nuvelo;250 mL;10.58;Casa > Lavanderia;crustáceos,gergelim;1744205405152;27/08/2021
BR-02283;Nuvelo Foaming Hand Wash;Nuvelo;50 mL;3.53;Cuidados Pessoais > Sabonete Líquido;ovos,soja;1675993001342;18/11/2018
BR-02284;Zenpur Daily Moisturiser;Zenpur;1000 mL;17.64;Cuidados Pessoais > Rosto > Hidratação;;6709144654844;23/01/2018
BR-02285;Vanta Moisturising Body Wash;Vanta;200 mL;1.76;Cuidados Pessoais > Banho;;4645497683488;11/12/2022
BR-02286;Vivara 48hr Spray Deodorant;Vivara;300 mL;1.76;Cuidados Pessoais > Desodorante;gergelim,trigo;4662576013806;12/04/2023
BR-02287;Tolvex Rinse Aid;Tolvex;75 mL;2.65;Casa > Limpeza > Louças;ovos,trigo,glúten,peixe;6525081595909;16/06/2021
BR-02288;Qualis Gentle Face Wash;Qualis;50 mL;14.11;Cuidados Pessoais > Rosto > Limpeza;;7416477631037;03/10/2019
BR-02289;Glova Mixed Nuts Blend;Glova;750 mL;14.11;Alimentos > Petiscos;crustáceos,leite,trigo;5461684446969;04/03/2021
BR-02290;Aevum Whitening Deodorant;Aevum;100 mL;7.05;Cuidados Pessoais > Desodorante;ovos,gergelim;3281137244797;06/10/2019
BR-02291;Tolvex Heavy Duty Dish Soap;Tolvex;250 mL;2.65;Casa > Limpeza > Louças;amendoim,gergelim;9400946584632;26/09/2019
BR-02292;Luxara Mustard Sauce;Luxara;500 mL;14.11;Alimentos > Condimentos;leite,crustáceos,soja,gergelim;6764973780539;28/01/2021
BR-02293;Glova Repair Conditioner;Glova;750 mL;2.65;Cuidados Pessoais > Cabelo > Condicionador;crustáceos,ovos,peixe,gergelim;8974767666095;01/12/2018
BR-02294;Aevum Dish Liquid;Aevum;150 mL;8.82;Casa > Limpeza > Louças;peixe;4259931769708;15/12/2023
BR-02295;Krisol Sensitive Deodorant;Krisol;400 mL;8.82;Cuidados Pessoais > Desodorante;castanhas,soja;6396704477717;17/01/2021
BR-02296;Orinum Nourishing Body Cleanser;Orinum;400 mL;1.76;Cuidados Pessoais > Banho;castanhas;0155449409980;06/08/2021
BR-02297;TEST-Tresol Bathroom Cleaner;Tresol;250 mL;10.58;Casa > Limpeza > Superfícies;crustáceos;4484555766332;17/10/2021
BR-02298;Kaleo Granola Bar;Kaleo;50 mL;8.82;Alimentos > Petiscos;;9530727728273;13/05/2022
BR-02299;Solvix Rinse Aid;Solvix;500 mL;17.64;Casa > Limpeza > Louças;leite,gergelim,amendoim;2660366980279;18/11/2022
BR-02300;Verdant Mustard Sauce;Verdant;500 mL;3.53;Alimentos > Condimentos;amendoim,soja,castanhas,leite;0796165377780;14/11/2020
BR-02301;Solaris Repair Conditioner;Solaris;75 mL;10.58;Cuidados Pessoais > Cabelo > Condicionador;glúten,ovos;9163695072590;22/12/2019
BR-02302;Solven 24hr Roll-On Deodorant;Solven;300 mL;2.65;Cuidados Pessoais > Desodorante;peixe,crustáceos;8079823070080;17/09/2018
BR-02303;Krisol Oil Control Face Wash;Krisol;200 mL;1.76;Cuidados Pessoais > Rosto > Limpeza;soja;7432692494189;16/01/2018
BR-02304;Solvix Repair Shampoo;Solvix;750 mL;8.82;Cuidados Pessoais > Cabelo > Shampoo;glúten,ovos,gergelim,castanhas;2946403118288;08/03/2023
BR-02305;Verdant Dish Liquid;Verdant;300 mL;8.82;Casa > Limpeza > Louças;castanhas,ovos,gergelim,glúten;2033905966698;05/11/2020
BR-02306;Clarity Leave-In Conditioner;Clarity;200 mL;5.29;Cuidados Pessoais > Cabelo > Condicionador;soja,crustáceos,castanhas,peixe;4288463773488;22/08/2021
BR-02307;Zephyr Refreshing Shower Gel;Zephyr;100 mL;14.11;Cuidados Pessoais > Banho;trigo,ovos,crustáceos;9316250553267;22/12/2022
BR-02308;Brightway Eco Dish Liquid;Brightway;200 mL;7.05;Casa > Limpeza > Louças;soja,crustáceos,trigo,glúten;8779388949127;27/11/2023
BR-02309;Nexpur Foaming Hand Wash;Nexpur;500 mL;14.11;Cuidados Pessoais > Sabonete Líquido;amendoim,crustáceos,peixe;9104076296969;08/07/2021
BR-02310;Solven Repair Conditioner;Solven;250 mL;14.11;Cuidados Pessoais > Cabelo > Condicionador;ovos;8020404107190;10/10/2018
02311;Arovia Smooth & Shine Conditioner;Arovia;200 mL;5.29;Cuidados Pessoais > Cabelo > Condicionador;crustáceos;0265781496354;25/07/2021
BR-02312;Frosten Moisturising Body Wash;Frosten;150 mL;8.82;Cuidados Pessoais > Banho;ovos;1015845673134;09/05/2023
BR-02313;Glicen Moisturising Body Wash;Glicen;75 mL;14.11;Cuidados Pessoais > Banho;glúten,soja;1756073021730;31/01/2023
BR-02314;Aevum Oil Control Face Wash;Aevum;400 mL;1.76;Cuidados Pessoais > Rosto > Limpeza;;0149262189228;05/12/2020
BR-02315;Purelix Moisturising Body Wash;Purelix;75 mL;5.29;Cuidados Pessoais > Banho;peixe,castanhas,amendoim,glúten;9660251435801;07/02/2021
BR-02316;Purevex Multi-Surface Spray;Purevex;500 mL;1.76;Casa > Limpeza > Superfícies;;4501531195969;27/08/2018
BR-02317;Cladis Volumising Conditioner;Cladis;750 mL;5.29;Cuidados Pessoais > Cabelo > Condicionador;crustáceos,glúten;9660548562579;04/12/2021
02318;Nexpur Nourishing Body Cleanser;Nexpur;100 mL;7.05;Cuidados Pessoais > Banho;amendoim,leite,peixe;9486175418276;06/08/2023
BR-02319;Frostine Hydrating Shampoo;Frostine;500 mL;17.64;Cuidados Pessoais > Cabelo > Shampoo;;6058019755705;29/11/2019
BR-02320;Tolvex Foaming Hand Wash;Tolvex;500 mL;10.58;Cuidados Pessoais > Sabonete Líquido;leite,amendoim;4414429426703;12/12/2023
BR-02321;Nuarix Liquid Laundry Detergent;Nuarix;250 mL;1.76;Casa > Lavanderia;;5137862684972;26/06/2018
BR-02322;Verdant Night Cream;Verdant;75 mL;10.58;Cuidados Pessoais > Rosto > Hidratação;gergelim,ovos,amendoim,glúten;0768170068144;19/06/2020
BR-02323;Clarity Fragrance-Free Hand Wash;Clarity;400 mL;3.53;Cuidados Pessoais > Sabonete Líquido;glúten;7661054171509;30/04/2018
BR-02324;Zephyr Glass Cleaner;Zephyr;75 mL;14.11;Casa > Limpeza > Superfícies;crustáceos,gergelim;0077842845571;25/11/2022
BR-02325;Teraxis Colour Protect Shampoo;Teraxis;300 mL;14.11;Cuidados Pessoais > Cabelo > Shampoo;leite,peixe,gergelim;7219228349140;20/04/2020
BR-02326;Brightway Sensitive Skin Body Wash;Brightway;75 mL;8.82;Cuidados Pessoais > Banho;crustáceos;2597833674082;23/02/2019
BR-02327;Zenpur Deep Conditioner;Zenpur;750 mL;7.05;Cuidados Pessoais > Cabelo > Condicionador;crustáceos,peixe;9880122562089;04/06/2020
BR-02328;Tolvex Antibacterial Hand Wash;Tolvex;50 mL;17.64;Cuidados Pessoais > Sabonete Líquido;leite,peixe,gergelim;0162063703554;11/12/2021
BR-02329;Toreva Dish Liquid;Toreva;75 mL;10.58;Casa > Limpeza > Louças;peixe,ovos,glúten;6296586360254;24/09/2020
BR-02330;Solaris Aloe Hand Wash;Solaris;150 mL;3.53;Cuidados Pessoais > Sabonete Líquido;;9225450806946;17/03/2018
BR-02331;Luxara Heavy Duty Dish Soap;Luxara;400 mL;5.29;Casa > Limpeza > Louças;crustáceos,ovos,soja,castanhas;4100066584844;13/09/2020
BR-02332;Plexum Oat Protein Bar;Plexum;50 mL;1.76;Alimentos > Petiscos;peixe,leite;3560897064938;11/04/2023
BR-02333;Zephyr Whitening Deodorant;Zephyr;200 mL;7.05;Cuidados Pessoais > Desodorante;glúten,leite,castanhas;8304702789020;09/02/2023
BR-02334;Vivara Fragrance-Free Hand Wash;Vivara;75 mL;5.29;Cuidados Pessoais > Sabonete Líquido;;0501985754730;12/09/2023
BR-02335;Elaris Sensitive Skin Body Wash;Elaris;100 mL;14.11;Cuidados Pessoais > Banho;soja,leite;2828507255321;23/02/2018
BR-02336;Novix 48hr Spray Deodorant;Novix;250 mL;2.65;Cuidados Pessoais > Desodorante;castanhas,leite;1352471178870;16/11/2021
BR-02337;Glova Nourishing Body Cleanser;Glova;150 mL;2.65;Cuidados Pessoais > Banho;amendoim,ovos,leite,trigo;1412007404511;18/09/2021
BR-02338;TEST-Aevum Aloe Hand Wash;Aevum;150 mL;5.29;Cuidados Pessoais > Sabonete Líquido;crustáceos;6926899473876;11/04/2020
BR-02339;Brightway Sensitive Skin Body Wash;Brightway;1000 mL;8.82;Cuidados Pessoais > Banho;soja;9060563607123;20/05/2021
BR-02340;Velaris Volumising Shampoo;Velaris;150 mL;7.05;Cuidados Pessoais > Cabelo > Shampoo;ovos,trigo,castanhas,amendoim;1936694364366;04/12/2021
BR-02341;Helix Mayonnaise;Helix;1000 mL;7.05;Alimentos > Condimentos;glúten,amendoim;5681508951466;11/08/2020
BR-02342;Novix Tomato Ketchup;Novix;400 mL;17.64;Alimentos > Condimentos;crustáceos,peixe,soja,ovos;0230423338835;01/03/2019
BR-02343;XXX-Motivo Vinegar Dressing;Motivo;50 mL;3.53;Alimentos > Condimentos;leite,trigo;7040043866686;26/05/2021
BR-02344;Solaris Multi-Surface Spray;Solaris;1000 mL;3.53;Casa > Limpeza > Superfícies;leite,trigo,crustáceos;5789663680532;12/06/2023
BR-02345;Oralix Hydrating Face Wash;Oralix;500 mL;17.64;Cuidados Pessoais > Rosto > Limpeza;soja;3097019982479;10/08/2023
BR-02346;Vivara Deep Clean Body Wash;Vivara;75 mL;17.64;Cuidados Pessoais > Banho;trigo,ovos,leite;9863678281680;06/05/2022
BR-02347;Motivo Moisturising Body Wash;Motivo;300 mL;17.64;Cuidados Pessoais > Banho;ovos,trigo,crustáceos,amendoim;0425284658066;04/11/2018
BR-02348;Aevum Hot Chilli Sauce;Aevum;100 mL;3.53;Alimentos > Condimentos;ovos,crustáceos;9703108083487;18/01/2018
BR-02349;DUMMY-Zenpur Eco Dish Liquid;Zenpur;200 mL;7.05;Casa > Limpeza > Louças;crustáceos,gergelim,leite,peixe;4833465867262;03/09/2018
BR-02350;Aurova Deep Conditioner;Aurova;75 mL;17.64;Cuidados Pessoais > Cabelo > Condicionador;;6664059974305;16/12/2023
BR-02351;Zephyr Disinfectant Spray;Zephyr;150 mL;14.11;Casa > Limpeza > Superfícies;trigo,castanhas,soja,crustáceos;1268870415570;08/02/2019
BR-02352;Serafix Exfoliating Face Scrub;Serafix;75 mL;7.05;Cuidados Pessoais > Rosto > Limpeza;ovos;7562479944337;01/04/2019
BR-02353;Nexpur Disinfectant Spray;Nexpur;400 mL;5.29;Casa > Limpeza > Superfícies;;5976620840782;28/01/2021
BR-02354;Verdant Rice Cakes;Verdant;50 mL;2.65;Alimentos > Petiscos;crustáceos,glúten;4662199785654;28/05/2019
BR-02355;Polvera Sport Deodorant;Polvera;200 mL;3.53;Cuidados Pessoais > Desodorante;castanhas,gergelim;6672929907223;17/09/2022
BR-02356;Nuvelo Disinfectant Spray;Nuvelo;50 mL;10.58;Casa > Limpeza > Superfícies;;1541382738680;23/11/2023
BR-02357;Lumeva Oil Control Face Wash;Lumeva;100 mL;5.29;Cuidados Pessoais > Rosto > Limpeza;glúten,gergelim,peixe,ovos;2546862966101;17/07/2020
BR-02358;Vivara Sensitive Deodorant;Vivara;400 mL;7.05;Cuidados Pessoais > Desodorante;leite,gergelim,amendoim,ovos;7149262735060;09/05/2018
BR-02359;Brightway Moisturising Body Wash;Brightway;300 mL;10.58;Cuidados Pessoais > Banho;peixe,leite;9614909100917;27/10/2022
BR-02360;Polvera Fragrance-Free Hand Wash;Polvera;750 mL;8.82;Cuidados Pessoais > Sabonete Líquido;castanhas,amendoim;3001784627428;18/01/2018
BR-02361;Kaleo Mustard Sauce;Kaleo;100 mL;8.82;Alimentos > Condimentos;glúten,gergelim,crustáceos,castanhas;3073216656917;07/07/2018
02362;Oralix Rice Cakes;Oralix;1000 mL;17.64;Alimentos > Petiscos;ovos,glúten,crustáceos;1340250064223;21/02/2023
BR-02363;Cristalix Fragrance-Free Hand Wash;Cristalix;200 mL;7.05;Cuidados Pessoais > Sabonete Líquido;castanhas,trigo,peixe;5053477411607;05/10/2019
BR-02364;Nuarix Fabric Softener;Nuarix;750 mL;8.82;Casa > Lavanderia;gergelim;8755987592049;13/10/2018
BR-02365;Toreva Mustard Sauce;Toreva;100 mL;17.64;Alimentos > Condimentos;soja;0164303297748;22/04/2021
BR-02366;Plexum Mustard Sauce;Plexum;150 mL;3.53;Alimentos > Condimentos;amendoim,castanhas,crustáceos,glúten;6740477246498;24/05/2023
BR-02367;Aurova Smooth & Shine Conditioner;Aurova;1000 mL;7.05;Cuidados Pessoais > Cabelo > Condicionador;;9067100997846;09/04/2021
BR-02368;Primus Smooth & Shine Conditioner;Primus;100 mL;5.29;Cuidados Pessoais > Cabelo > Condicionador;;6421282658590;09/04/2023
BR-02369;Elaris Refreshing Shower Gel;Elaris;500 mL;2.65;Cuidados Pessoais > Banho;;5579991584349;07/12/2021
BR-02370;Glova Fragrance-Free Hand Wash;Glova;1000 mL;3.53;Cuidados Pessoais > Sabonete Líquido;amendoim;3440708063131;08/09/2021
BR-02371;Cristalix Rinse Aid;Cristalix;250 mL;14.11;Casa > Limpeza > Louças;amendoim,castanhas,leite,gergelim;7312821112644;16/09/2019
BR-02372;Helix Colour Protect Shampoo;Helix;250 mL;7.05;Cuidados Pessoais > Cabelo > Shampoo;crustáceos,gergelim;8937707050705;28/02/2022
BR-02373;Teraxis Tomato Ketchup;Teraxis;300 mL;3.53;Alimentos > Condimentos;soja,trigo,crustáceos;6243265720793;22/11/2023
BR-02374;Tolvex Nourishing Body Cleanser;Tolvex;400 mL;1.76;Cuidados Pessoais > Banho;gergelim,soja,crustáceos;9877523999637;12/05/2022
BR-02375;Alteva Dish Liquid;Alteva;200 mL;8.82;Casa > Limpeza > Louças;amendoim,ovos;9838579282623;15/03/2018
BR-02376;Zenpur Repair Shampoo;Zenpur;75 mL;8.82;Cuidados Pessoais > Cabelo > Shampoo;glúten,castanhas,trigo,soja;4787155333172;21/07/2020
BR-02377;Gleam Volumising Shampoo;Gleam;200 mL;14.11;Cuidados Pessoais > Cabelo > Shampoo;;9617650210003;04/12/2019
BR-02378;Sovara Disinfectant Spray;Sovara;200 mL;8.82;Casa > Limpeza > Superfícies;crustáceos,leite,gergelim,trigo;1253806319053;02/06/2020
BR-02379;Aevum Glass Cleaner;Aevum;150 mL;3.53;Casa > Limpeza > Superfícies;crustáceos,trigo,glúten,gergelim;6226897531159;01/11/2019
02380;Krisol Mustard Sauce;Krisol;150 mL;17.64;Alimentos > Condimentos;trigo,leite,crustáceos;5793144494198;19/03/2022
BR-02381;Toreva Mustard Sauce;Toreva;1000 mL;10.58;Alimentos > Condimentos;amendoim;3840927715734;23/08/2022
BR-02382;Zephyr Fabric Softener;Zephyr;1000 mL;14.11;Casa > Lavanderia;;5182511031867;30/01/2023
BR-02383;Velaris Deep Conditioner;Velaris;250 mL;2.65;Cuidados Pessoais > Cabelo > Condicionador;amendoim,castanhas;6619667601501;12/01/2021
BR-02384;Zephyr Brightening Face Wash;Zephyr;75 mL;1.76;Cuidados Pessoais > Rosto > Limpeza;soja,glúten;5576475665730;25/07/2019
BR-02385;Velaris Heavy Duty Dish Soap;Velaris;200 mL;2.65;Casa > Limpeza > Louças;;5068590233098;01/05/2021
BR-02386;Glova Moisturising Hand Wash;Glova;200 mL;14.11;Cuidados Pessoais > Sabonete Líquido;;6165373053429;01/01/2018
BR-02387;Purevex Disinfectant Spray;Purevex;1000 mL;10.58;Casa > Limpeza > Superfícies;glúten;3096150710668;14/05/2019
BR-02388;Oralix Aloe Hand Wash;Oralix;150 mL;10.58;Cuidados Pessoais > Sabonete Líquido;leite,castanhas,glúten;4117977963194;13/03/2021
BR-02389;Vanta Foaming Hand Wash;Vanta;750 mL;10.58;Cuidados Pessoais > Sabonete Líquido;;8749612298307;03/10/2023
BR-02390;Novix Hot Chilli Sauce;Novix;500 mL;7.05;Alimentos > Condimentos;crustáceos,gergelim,trigo;4375968686273;04/11/2020
BR-02391;Nuarix Laundry Powder;Nuarix;150 mL;1.76;Casa > Lavanderia;;9715475950132;04/06/2020
BR-02392;Brightway Foaming Hand Wash;Brightway;1000 mL;2.65;Cuidados Pessoais > Sabonete Líquido;;5678140828249;20/07/2022
BR-02393;Gleam Lightweight Lotion;Gleam;75 mL;5.29;Cuidados Pessoais > Rosto > Hidratação;ovos,peixe,castanhas;0942315963789;18/12/2018
BR-02394;Gleam Gentle Face Wash;Gleam;750 mL;2.65;Cuidados Pessoais > Rosto > Limpeza;ovos,gergelim;1369004790461;04/06/2021
BR-02395;Verdant Lightweight Lotion;Verdant;50 mL;8.82;Cuidados Pessoais > Rosto > Hidratação;ovos,castanhas,glúten,amendoim;3942789119269;31/12/2023
BR-02396;Luminos Dish Liquid;Luminos;750 mL;17.64;Casa > Limpeza > Louças;leite,peixe,ovos;4416661177290;13/02/2021
BR-02397;Purelix Deep Conditioner;Purelix;400 mL;1.76;Cuidados Pessoais > Cabelo > Condicionador;leite,castanhas,gergelim,amendoim;2404977957240;28/01/2018
02398;Oralix Refreshing Shower Gel;Oralix;150 mL;2.65;Cuidados Pessoais > Banho;ovos,gergelim;6175989622490;29/05/2021
BR-02399;Purelix Hot Chilli Sauce;Purelix;200 mL;2.65;Alimentos > Condimentos;amendoim,crustáceos,leite,soja;5199010263347;03/07/2019
BR-02400;Krisol Volumising Conditioner;Krisol;400 mL;14.11;Cuidados Pessoais > Cabelo > Condicionador;;8594268239552;17/12/2020
BR-02401;Verdant Brightening Face Wash;Verdant;500 mL;3.53;Cuidados Pessoais > Rosto > Limpeza;;3801155769418;27/02/2022
BR-02402;Lumeva Volumising Shampoo;Lumeva;500 mL;8.82;Cuidados Pessoais > Cabelo > Shampoo;soja,trigo;3750839731756;15/11/2019
BR-02403;Solvix 48hr Spray Deodorant;Solvix;150 mL;3.53;Cuidados Pessoais > Desodorante;soja,amendoim;2139579656283;27/01/2018
BR-02404;Plexum Kitchen Cleaner;Plexum;250 mL;1.76;Casa > Limpeza > Superfícies;;6455804829403;04/05/2023
BR-02405;Nexpur Vinegar Dressing;Nexpur;500 mL;10.58;Alimentos > Condimentos;castanhas;5872937062582;12/03/2023
BR-02406;Motivo Mixed Nuts Blend;Motivo;50 mL;17.64;Alimentos > Petiscos;;5582262316754;24/03/2018
BR-02407;Vivara Hydrating Shampoo;Vivara;150 mL;3.53;Cuidados Pessoais > Cabelo > Shampoo;leite,soja,amendoim;1477568863719;26/08/2020
BR-02408;Frosten Disinfectant Spray;Frosten;500 mL;14.11;Casa > Limpeza > Superfícies;;8053828981220;02/07/2020
BR-02409;Motivo Vinegar Dressing;Motivo;250 mL;14.11;Alimentos > Condimentos;soja,crustáceos;6445125622203;21/04/2020
BR-02410;Verdant Intensive Moisturiser;Verdant;1000 mL;7.05;Cuidados Pessoais > Rosto > Hidratação;glúten;9613807186061;09/04/2020
BR-02411;Verdant Eco Dish Liquid;Verdant;250 mL;2.65;Casa > Limpeza > Louças;;6838292162984;28/03/2022
BR-02412;Nuarix Nourishing Body Cleanser;Nuarix;100 mL;14.11;Cuidados Pessoais > Banho;castanhas,crustáceos,ovos,peixe;0363056956258;22/05/2018
BR-02413;Motivo Vinegar Dressing;Motivo;750 mL;7.05;Alimentos > Condimentos;;2352888990880;27/10/2023
BR-02414;Alteva Antibacterial Hand Wash;Alteva;75 mL;2.65;Cuidados Pessoais > Sabonete Líquido;;7149236036803;11/09/2023
BR-02415;Luxara Mustard Sauce;Luxara;1000 mL;17.64;Alimentos > Condimentos;amendoim,glúten;3721326776383;05/07/2020
BR-02416;Purevex Colour Protect Shampoo;Purevex;1000 mL;17.64;Cuidados Pessoais > Cabelo > Shampoo;;4384309797561;01/10/2023
BR-02417;Kaleo Granola Bar;Kaleo;75 mL;17.64;Alimentos > Petiscos;;8018747291317;19/05/2019
BR-02418;Zenpur Volumising Conditioner;Zenpur;750 mL;14.11;Cuidados Pessoais > Cabelo > Condicionador;peixe,leite;3023121781709;17/06/2021
BR-02419;Tresol Leave-In Conditioner;Tresol;400 mL;8.82;Cuidados Pessoais > Cabelo > Condicionador;gergelim,glúten,ovos,peixe;1859206304165;10/11/2021
BR-02420;DUMMY-Nexpur Volumising Conditioner;Nexpur;300 mL;2.65;Cuidados Pessoais > Cabelo > Condicionador;glúten,ovos,leite,amendoim;5310017925131;14/06/2022
BR-02421;Brightway Mayonnaise;Brightway;150 mL;17.64;Alimentos > Condimentos;glúten,crustáceos,castanhas,trigo;1370209819406;03/11/2018
BR-02422;Lumeva Intensive Moisturiser;Lumeva;300 mL;2.65;Cuidados Pessoais > Rosto > Hidratação;peixe;0772720450983;30/01/2018
BR-02423;Nuarix Moisturising Hand Wash;Nuarix;1000 mL;8.82;Cuidados Pessoais > Sabonete Líquido;soja;3501626251045;19/01/2021
BR-02424;Solaris Antibacterial Hand Wash;Solaris;150 mL;1.76;Cuidados Pessoais > Sabonete Líquido;ovos,castanhas;1332096730929;16/04/2021
BR-02425;Frostine Deep Clean Body Wash;Frostine;75 mL;5.29;Cuidados Pessoais > Banho;glúten,peixe;6533903638574;12/02/2021
BR-02426;Aevum Oil Control Face Wash;Aevum;75 mL;8.82;Cuidados Pessoais > Rosto > Limpeza;leite,glúten,gergelim,peixe;8416267501464;29/10/2023
BR-02427;Nuvelo Gentle Face Wash;Nuvelo;300 mL;8.82;Cuidados Pessoais > Rosto > Limpeza;;0394558464200;05/02/2019
BR-02428;Krisol Liquid Laundry Detergent;Krisol;1000 mL;1.76;Casa > Lavanderia;soja;2016519889065;06/03/2018
BR-02429;Solaris Dish Liquid;Solaris;250 mL;1.76;Casa > Limpeza > Louças;castanhas,ovos,trigo;6775046162282;08/03/2021
BR-02430;Solvix Hydrating Face Wash;Solvix;300 mL;8.82;Cuidados Pessoais > Rosto > Limpeza;gergelim,glúten,crustáceos;2020487103658;20/07/2020
BR-02431;Motivo Intensive Moisturiser;Motivo;200 mL;2.65;Cuidados Pessoais > Rosto > Hidratação;amendoim,trigo;7197453145952;25/12/2021
BR-02432;Oralix Sensitive Skin Body Wash;Oralix;50 mL;3.53;Cuidados Pessoais > Banho;leite,peixe,castanhas,trigo;7356427294366;16/01/2019
BR-02433;Luminos Sensitive Skin Body Wash;Luminos;750 mL;17.64;Cuidados Pessoais > Banho;amendoim;5081464702360;25/01/2018
BR-02434;Glova Bathroom Cleaner;Glova;400 mL;1.76;Casa > Limpeza > Superfícies;leite,trigo,gergelim;5255313417624;04/02/2020
BR-02435;Clarity Liquid Laundry Detergent;Clarity;250 mL;7.05;Casa > Lavanderia;;7540163790583;03/01/2021
BR-02436;Luxara Laundry Powder;Luxara;75 mL;14.11;Casa > Lavanderia;glúten;3396910829655;13/11/2022
BR-02437;Oralix Volumising Shampoo;Oralix;300 mL;7.05;Cuidados Pessoais > Cabelo > Shampoo;amendoim,peixe,crustáceos;6478562508458;26/08/2018
BR-02438;Gleam Salted Crackers;Gleam;200 mL;5.29;Alimentos > Petiscos;glúten,trigo,castanhas,soja;0992861028555;15/03/2019
BR-02439;Alteva Night Cream;Alteva;1000 mL;3.53;Cuidados Pessoais > Rosto > Hidratação;castanhas,trigo;0328659181988;25/05/2018
BR-02440;Alteva 48hr Spray Deodorant;Alteva;150 mL;1.76;Cuidados Pessoais > Desodorante;soja,leite;6730830388408;05/03/2019
BR-02441;Teraxis Rice Cakes;Teraxis;400 mL;14.11;Alimentos > Petiscos;glúten,trigo,ovos;9105071970953;10/06/2023
BR-02442;Zenpur SPF Moisturiser;Zenpur;200 mL;1.76;Cuidados Pessoais > Rosto > Hidratação;glúten,ovos,amendoim;3876738431556;20/08/2022
BR-02443;Aevum Glass Cleaner;Aevum;250 mL;14.11;Casa > Limpeza > Superfícies;trigo,peixe,glúten,castanhas;6327324370393;19/11/2018
BR-02444;Toreva Dish Liquid;Toreva;300 mL;10.58;Casa > Limpeza > Louças;soja,ovos,glúten;1343076832984;24/12/2022
BR-02445;Helix Aloe Hand Wash;Helix;1000 mL;10.58;Cuidados Pessoais > Sabonete Líquido;;5191702423633;14/12/2022
BR-02446;Cryston Night Cream;Cryston;150 mL;17.64;Cuidados Pessoais > Rosto > Hidratação;peixe;1318434135717;27/11/2022
BR-02447;Brightway Oat Protein Bar;Brightway;300 mL;2.65;Alimentos > Petiscos;;1476207347870;26/07/2020
BR-02448;Frostine Granola Bar;Frostine;75 mL;7.05;Alimentos > Petiscos;castanhas,peixe;4731168859266;07/07/2022
BR-02449;Teraxis Exfoliating Face Scrub;Teraxis;50 mL;1.76;Cuidados Pessoais > Rosto > Limpeza;gergelim,amendoim,soja,glúten;3014857816568;10/02/2018
BR-02450;Oralix Stain Remover;Oralix;1000 mL;7.05;Casa > Lavanderia;;8902446288269;26/09/2018
BR-02451;Verdant Kitchen Cleaner;Verdant;300 mL;1.76;Casa > Limpeza > Superfícies;crustáceos,soja,peixe,glúten;3149318137224;05/04/2020
BR-02452;Frostine Liquid Laundry Detergent;Frostine;250 mL;1.76;Casa > Lavanderia;leite;8349116476494;28/01/2020
BR-02453;Serafix Rice Cakes;Serafix;500 mL;10.58;Alimentos > Petiscos;ovos,soja,gergelim,castanhas;7227818155392;30/01/2020
BR-02454;Novix Whitening Deodorant;Novix;150 mL;1.76;Cuidados Pessoais > Desodorante;ovos;3671603384179;05/11/2023
BR-02455;Zephyr Glass Cleaner;Zephyr;100 mL;17.64;Casa > Limpeza > Superfícies;amendoim,leite,crustáceos;2648810503915;06/09/2022
BR-02456;Purevex Disinfectant Spray;Purevex;100 mL;17.64;Casa > Limpeza > Superfícies;soja,crustáceos,glúten,amendoim;8593082278143;10/10/2022
BR-02457;Cristalix Rinse Aid;Cristalix;750 mL;8.82;Casa > Limpeza > Louças;peixe;9823207248614;17/12/2018
BR-02458;Solvix Sensitive Deodorant;Solvix;100 mL;5.29;Cuidados Pessoais > Desodorante;;6780194670145;14/11/2018
BR-02459;Zephyr Smooth & Shine Conditioner;Zephyr;200 mL;7.05;Cuidados Pessoais > Cabelo > Condicionador;ovos,trigo,leite;8362487485629;26/05/2020
BR-02460;Gleam Disinfectant Spray;Gleam;500 mL;10.58;Casa > Limpeza > Superfícies;;7327760639510;10/09/2020
BR-02461;Clarity Aloe Hand Wash;Clarity;750 mL;1.76;Cuidados Pessoais > Sabonete Líquido;castanhas,crustáceos,amendoim;1698436633757;02/09/2022
BR-02462;XXX-Nuvelo Colour Protect Shampoo;Nuvelo;250 mL;5.29;Cuidados Pessoais > Cabelo > Shampoo;crustáceos,glúten;7785929458363;29/10/2018
BR-02463;Nuarix Stain Remover;Nuarix;150 mL;14.11;Casa > Lavanderia;amendoim,gergelim;9239604244508;18/01/2020
BR-02464;Solaris Sensitive Deodorant;Solaris;1000 mL;1.76;Cuidados Pessoais > Desodorante;ovos;7829598816106;17/08/2020
BR-02465;Aurova Glass Cleaner;Aurova;100 mL;7.05;Casa > Limpeza > Superfícies;;3804374126987;09/02/2018
BR-02466;Toreva Laundry Capsules;Toreva;250 mL;2.65;Casa > Lavanderia;;8619970783930;24/11/2018
BR-02467;Lumeva Oil Control Face Wash;Lumeva;200 mL;1.76;Cuidados Pessoais > Rosto > Limpeza;crustáceos;5942501657558;01/08/2021
BR-02468;Alteva Bathroom Cleaner;Alteva;300 mL;5.29;Casa > Limpeza > Superfícies;gergelim;1070560557381;08/03/2021
BR-02469;Clarity Hydrating Shampoo;Clarity;300 mL;1.76;Cuidados Pessoais > Cabelo > Shampoo;;6616153176604;05/11/2019
BR-02470;Nuarix SPF Moisturiser;Nuarix;250 mL;10.58;Cuidados Pessoais > Rosto > Hidratação;crustáceos,ovos,gergelim,trigo;3369757554608;24/04/2022
BR-02471;Nuvelo Laundry Powder;Nuvelo;100 mL;10.58;Casa > Lavanderia;;5338824996960;25/03/2022
BR-02472;Novix Salted Crackers;Novix;1000 mL;2.65;Alimentos > Petiscos;crustáceos,castanhas,leite,trigo;1403634874518;20/07/2019
BR-02473;Glova Rice Cakes;Glova;750 mL;5.29;Alimentos > Petiscos;glúten,leite,trigo;2930944312137;30/01/2021
BR-02474;Qualis Granola Bar;Qualis;400 mL;1.76;Alimentos > Petiscos;;7256687230633;13/09/2022
BR-02475;Alteva Sensitive Deodorant;Alteva;150 mL;14.11;Cuidados Pessoais > Desodorante;;5104136777678;19/01/2022
BR-02476;Tolvex Dishwasher Tablets;Tolvex;100 mL;3.53;Casa > Limpeza > Louças;glúten,peixe;7371967557917;26/06/2019
BR-02477;Frostine Sensitive Skin Body Wash;Frostine;250 mL;7.05;Cuidados Pessoais > Banho;;2894438826978;12/07/2022
BR-02478;Glova Rinse Aid;Glova;150 mL;10.58;Casa > Limpeza > Louças;crustáceos,amendoim,peixe;8996908786394;19/11/2018
BR-02479;Novix Daily Moisturiser;Novix;150 mL;8.82;Cuidados Pessoais > Rosto > Hidratação;leite,amendoim,glúten,castanhas;4447427072542;21/01/2021
BR-02480;Velaris 48hr Spray Deodorant;Velaris;500 mL;10.58;Cuidados Pessoais > Desodorante;;0954728740758;06/01/2019
BR-02481;Lumeva Dishwasher Tablets;Lumeva;75 mL;7.05;Casa > Limpeza > Louças;amendoim,ovos;8280356899103;05/03/2022
BR-02482;Velaris Laundry Capsules;Velaris;400 mL;1.76;Casa > Lavanderia;castanhas,leite,ovos;3993925679741;04/06/2022
BR-02483;Krisol Gentle Face Wash;Krisol;400 mL;14.11;Cuidados Pessoais > Rosto > Limpeza;;8626678616330;26/05/2022
BR-02484;Glova Hydrating Face Wash;Glova;150 mL;1.76;Cuidados Pessoais > Rosto > Limpeza;trigo;6249864094662;09/02/2022
BR-02485;Solaris Lightweight Lotion;Solaris;400 mL;1.76;Cuidados Pessoais > Rosto > Hidratação;soja,peixe;4434954121768;29/11/2019
BR-02486;Gleam Sensitive Skin Body Wash;Gleam;50 mL;2.65;Cuidados Pessoais > Banho;gergelim;9348280092058;05/10/2020
BR-02487;Luminos Fragrance-Free Hand Wash;Luminos;200 mL;8.82;Cuidados Pessoais > Sabonete Líquido;gergelim,peixe,glúten;9001923315241;01/03/2018
BR-02488;Toreva Daily Moisturiser;Toreva;1000 mL;14.11;Cuidados Pessoais > Rosto > Hidratação;gergelim,ovos,castanhas,amendoim;2768612779339;15/07/2020
BR-02489;Sovara Brightening Face Wash;Sovara;750 mL;7.05;Cuidados Pessoais > Rosto > Limpeza;leite;1844576616291;30/01/2022
BR-02490;Elaris Deep Clean Body Wash;Elaris;75 mL;1.76;Cuidados Pessoais > Banho;ovos;8417326523465;22/02/2022
BR-02491;Elaris Granola Bar;Elaris;300 mL;2.65;Alimentos > Petiscos;leite;3846726440198;03/10/2023
BR-02492;Hevara Dishwasher Tablets;Hevara;500 mL;2.65;Casa > Limpeza > Louças;soja,castanhas;3542562860786;13/12/2018
02493;Elaris Hydrating Face Wash;Elaris;400 mL;8.82;Cuidados Pessoais > Rosto > Limpeza;;3407491850584;22/07/2019
BR-02494;Oralix Mustard Sauce;Oralix;250 mL;8.82;Alimentos > Condimentos;peixe,castanhas;1206906119597;04/02/2023
BR-02495;Brightway Exfoliating Face Scrub;Brightway;250 mL;5.29;Cuidados Pessoais > Rosto > Limpeza;;3158464394429;09/03/2018
BR-02496;Verdant Granola Bar;Verdant;1000 mL;1.76;Alimentos > Petiscos;;9231950787302;02/11/2021
BR-02497;Frosten Mayonnaise;Frosten;50 mL;1.76;Alimentos > Condimentos;amendoim;3292620555566;28/08/2019
BR-02498;Aevum Fabric Softener;Aevum;400 mL;8.82;Casa > Lavanderia;castanhas,crustáceos,soja;3939943109518;29/08/2023
BR-02499;Krisol Fabric Softener;Krisol;400 mL;17.64;Casa > Lavanderia;gergelim,trigo,leite;9572839783016;06/11/2022
BR-02500;Arovia Whitening Deodorant;Arovia;1000 mL;17.64;Cuidados Pessoais > Desodorante;peixe,leite;7456256703272;12/02/2019
BR-02501;Orinum Stain Remover;Orinum;250 mL;17.64;Casa > Lavanderia;castanhas,leite,gergelim;2075204690744;02/05/2020
BR-02502;Teraxis Dish Liquid;Teraxis;300 mL;7.05;Casa > Limpeza > Louças;amendoim,crustáceos,gergelim,ovos;9202444073195;05/06/2023
BR-02503;Gleam Colour Protect Shampoo;Gleam;750 mL;1.76;Cuidados Pessoais > Cabelo > Shampoo;;1203672916948;29/05/2019
BR-02504;Teraxis Antibacterial Hand Wash;Teraxis;300 mL;10.58;Cuidados Pessoais > Sabonete Líquido;amendoim,crustáceos,ovos;0793527565205;12/10/2020
BR-02505;Zephyr Volumising Shampoo;Zephyr;1000 mL;1.76;Cuidados Pessoais > Cabelo > Shampoo;;6183215290078;24/04/2021
BR-02506;Motivo Repair Shampoo;Motivo;200 mL;5.29;Cuidados Pessoais > Cabelo > Shampoo;;8604283167232;20/06/2019
BR-02507;Tolvex Intensive Moisturiser;Tolvex;200 mL;7.05;Cuidados Pessoais > Rosto > Hidratação;ovos,leite,peixe;0606737788923;24/10/2018
BR-02508;Novix Daily Moisturiser;Novix;75 mL;1.76;Cuidados Pessoais > Rosto > Hidratação;;7290847980112;12/02/2023
BR-02509;Arovia Nourishing Body Cleanser;Arovia;300 mL;7.05;Cuidados Pessoais > Banho;peixe,castanhas,gergelim;7579033675941;27/06/2023
BR-02510;Luminos Dish Liquid;Luminos;750 mL;5.29;Casa > Limpeza > Louças;gergelim,amendoim,peixe;5230804533434;12/04/2018
BR-02511;Novix Lightweight Lotion;Novix;100 mL;1.76;Cuidados Pessoais > Rosto > Hidratação;leite,glúten,gergelim;2675547539641;02/01/2019
BR-02512;Alteva Moisturising Hand Wash;Alteva;100 mL;8.82;Cuidados Pessoais > Sabonete Líquido;;1723035821721;10/05/2022
BR-02513;Luminos Oil Control Face Wash;Luminos;500 mL;1.76;Cuidados Pessoais > Rosto > Limpeza;gergelim,leite;8861125804438;04/09/2018
BR-02514;Solvix Fragrance-Free Hand Wash;Solvix;400 mL;14.11;Cuidados Pessoais > Sabonete Líquido;ovos;1271681098177;30/08/2022
BR-02515;Vivara Moisturising Hand Wash;Vivara;100 mL;2.65;Cuidados Pessoais > Sabonete Líquido;trigo,peixe;7371107068686;10/11/2022
BR-02516;Tolvex Intensive Moisturiser;Tolvex;200 mL;2.65;Cuidados Pessoais > Rosto > Hidratação;crustáceos,soja;5946895374251;08/12/2019
BR-02517;Orinum Sensitive Deodorant;Orinum;300 mL;17.64;Cuidados Pessoais > Desodorante;glúten,crustáceos,gergelim,peixe;3951660323701;13/02/2019
BR-02518;Lumeva Daily Moisturiser;Lumeva;250 mL;1.76;Cuidados Pessoais > Rosto > Hidratação;ovos,castanhas,glúten;9963230477251;11/09/2022
BR-02519;Vivara Hydrating Shampoo;Vivara;1000 mL;8.82;Cuidados Pessoais > Cabelo > Shampoo;soja;8416290628817;07/08/2021
BR-02520;XXX-Cladis Rice Cakes;Cladis;50 mL;5.29;Alimentos > Petiscos;;9805183434939;27/07/2022
BR-02521;Sovara Brightening Face Wash;Sovara;500 mL;1.76;Cuidados Pessoais > Rosto > Limpeza;crustáceos,glúten,soja,trigo;7244167621873;03/04/2021
BR-02522;Lumeva Gentle Face Wash;Lumeva;300 mL;7.05;Cuidados Pessoais > Rosto > Limpeza;amendoim,trigo,soja;2683487092959;03/03/2019
BR-02523;Luxara Moisturising Hand Wash;Luxara;750 mL;1.76;Cuidados Pessoais > Sabonete Líquido;amendoim,castanhas,glúten,crustáceos;2627733125817;20/06/2019
BR-02524;Cryston Vinegar Dressing;Cryston;300 mL;10.58;Alimentos > Condimentos;amendoim;0419744765227;27/05/2021
BR-02525;Cladis Aloe Hand Wash;Cladis;500 mL;8.82;Cuidados Pessoais > Sabonete Líquido;ovos,amendoim;6921751713527;01/05/2021
BR-02526;Gleam Sport Deodorant;Gleam;400 mL;1.76;Cuidados Pessoais > Desodorante;leite,glúten;5745807664875;22/10/2023
BR-02527;Plexum Daily Moisturiser;Plexum;500 mL;5.29;Cuidados Pessoais > Rosto > Hidratação;;2760783359488;24/12/2019
BR-02528;Verdant Mayonnaise;Verdant;250 mL;3.53;Alimentos > Condimentos;gergelim,glúten;1603534176549;27/07/2022
BR-02529;Solven Anti-Dandruff Shampoo;Solven;75 mL;2.65;Cuidados Pessoais > Cabelo > Shampoo;;1473912983584;22/10/2020
BR-02530;DUMMY-Hevara Lightweight Lotion;Hevara;50 mL;2.65;Cuidados Pessoais > Rosto > Hidratação;crustáceos;7127715685391;19/01/2018
BR-02531;Solvix Dish Liquid;Solvix;400 mL;7.05;Casa > Limpeza > Louças;crustáceos,amendoim;0803089229061;06/12/2020
BR-02532;Lumeva Colour Protect Shampoo;Lumeva;300 mL;8.82;Cuidados Pessoais > Cabelo > Shampoo;amendoim,leite,trigo,castanhas;9376452658726;20/11/2023
BR-02533;Cristalix Refreshing Shower Gel;Cristalix;500 mL;10.58;Cuidados Pessoais > Banho;peixe,trigo;6008059801887;26/09/2023
BR-02534;Nuarix Moisturising Body Wash;Nuarix;150 mL;1.76;Cuidados Pessoais > Banho;;5378286872204;20/02/2020
BR-02535;Purevex Deep Clean Body Wash;Purevex;50 mL;17.64;Cuidados Pessoais > Banho;;6922397662156;07/01/2021
02536;Nuarix Anti-Dandruff Shampoo;Nuarix;75 mL;17.64;Cuidados Pessoais > Cabelo > Shampoo;;7027292942866;06/06/2020
BR-02537;Arovia Whitening Deodorant;Arovia;150 mL;7.05;Cuidados Pessoais > Desodorante;trigo,peixe,soja,amendoim;9874955910926;29/07/2020
BR-02538;Vivara Brightening Face Wash;Vivara;500 mL;17.64;Cuidados Pessoais > Rosto > Limpeza;crustáceos,trigo;8346389161904;05/12/2021
BR-02539;Solaris Whitening Deodorant;Solaris;250 mL;5.29;Cuidados Pessoais > Desodorante;;2961499094162;01/04/2023
BR-02540;Teraxis Rinse Aid;Teraxis;1000 mL;3.53;Casa > Limpeza > Louças;;2798914548111;11/05/2019
BR-02541;Primus Kitchen Cleaner;Primus;200 mL;8.82;Casa > Limpeza > Superfícies;amendoim,gergelim,crustáceos,trigo;9400926288659;01/04/2018
BR-02542;Luminos Kitchen Cleaner;Luminos;50 mL;17.64;Casa > Limpeza > Superfícies;;5701974357521;12/06/2019
02543;Nuarix Sport Deodorant;Nuarix;250 mL;10.58;Cuidados Pessoais > Desodorante;leite,gergelim,amendoim,soja;9001581236247;06/02/2020
BR-02544;Gleam Lightweight Lotion;Gleam;1000 mL;7.05;Cuidados Pessoais > Rosto > Hidratação;leite,glúten,trigo;5190672446093;12/01/2022
BR-02545;Nexpur Glass Cleaner;Nexpur;200 mL;17.64;Casa > Limpeza > Superfícies;crustáceos,amendoim,glúten;6308357289098;23/01/2019
BR-02546;Vanta Tomato Ketchup;Vanta;300 mL;5.29;Alimentos > Condimentos;crustáceos,amendoim;1804202230598;07/05/2023
BR-02547;Cristalix Sensitive Deodorant;Cristalix;150 mL;10.58;Cuidados Pessoais > Desodorante;trigo,gergelim,crustáceos,soja;5755525868561;14/01/2022
BR-02548;Krisol Deep Clean Body Wash;Krisol;300 mL;7.05;Cuidados Pessoais > Banho;crustáceos,gergelim,trigo,castanhas;6487130002557;05/12/2020
BR-02549;Qualis Fragrance-Free Hand Wash;Qualis;150 mL;5.29;Cuidados Pessoais > Sabonete Líquido;crustáceos,gergelim;5294844704148;04/03/2022
BR-02550;Polvera Nourishing Body Cleanser;Polvera;300 mL;5.29;Cuidados Pessoais > Banho;crustáceos;0695118196136;31/12/2023
BR-02551;Vivara Hot Chilli Sauce;Vivara;1000 mL;8.82;Alimentos > Condimentos;glúten,amendoim;2298133241997;01/03/2023
BR-02552;Helix Multi-Surface Spray;Helix;500 mL;1.76;Casa > Limpeza > Superfícies;;6774360489099;30/10/2023
BR-02553;Brightway Whitening Deodorant;Brightway;400 mL;2.65;Cuidados Pessoais > Desodorante;soja,peixe;9474934768892;19/05/2020
BR-02554;XXX-Purelix Oat Protein Bar;Purelix;75 mL;10.58;Alimentos > Petiscos;;8776458084313;24/08/2022
BR-02555;Nexpur Mustard Sauce;Nexpur;75 mL;14.11;Alimentos > Condimentos;leite,glúten,castanhas,ovos;1260557402842;08/10/2021
BR-02556;Novix Rinse Aid;Novix;400 mL;10.58;Casa > Limpeza > Louças;;2681307837315;01/11/2023
BR-02557;Zenpur Mixed Nuts Blend;Zenpur;750 mL;7.05;Alimentos > Petiscos;;2345923258021;29/03/2021
BR-02558;Solaris Sport Deodorant;Solaris;75 mL;2.65;Cuidados Pessoais > Desodorante;trigo,crustáceos,amendoim;3514928632702;23/09/2019
BR-02559;Cryston Gentle Face Wash;Cryston;200 mL;1.76;Cuidados Pessoais > Rosto > Limpeza;gergelim;1060763443345;28/08/2022
BR-02560;Gleam Refreshing Shower Gel;Gleam;300 mL;5.29;Cuidados Pessoais > Banho;castanhas;6416298702528;23/01/2019
BR-02561;Nuvelo 24hr Roll-On Deodorant;Nuvelo;1000 mL;5.29;Cuidados Pessoais > Desodorante;ovos,crustáceos;2368504485265;30/07/2018
BR-02562;Glicen Mayonnaise;Glicen;150 mL;8.82;Alimentos > Condimentos;crustáceos,trigo;2405530611395;11/03/2018
BR-02563;Vivara Nourishing Body Cleanser;Vivara;1000 mL;17.64;Cuidados Pessoais > Banho;trigo,crustáceos,castanhas,peixe;2340870568339;01/10/2021
BR-02564;Cladis Sport Deodorant;Cladis;150 mL;17.64;Cuidados Pessoais > Desodorante;glúten,gergelim;1828439974865;23/06/2018
BR-02565;Hevara Nourishing Body Cleanser;Hevara;250 mL;14.11;Cuidados Pessoais > Banho;soja;8079266094049;28/10/2020
BR-02566;Luminos Bathroom Cleaner;Luminos;75 mL;14.11;Casa > Limpeza > Superfícies;leite,castanhas;6655899065865;29/07/2023
BR-02567;Nexpur Mixed Nuts Blend;Nexpur;150 mL;3.53;Alimentos > Petiscos;peixe;4300631910690;07/04/2023
BR-02568;Motivo Volumising Shampoo;Motivo;150 mL;8.82;Cuidados Pessoais > Cabelo > Shampoo;ovos,glúten,amendoim,castanhas;2028612232860;10/05/2019
BR-02569;TEST-Hevara Daily Moisturiser;Hevara;100 mL;7.05;Cuidados Pessoais > Rosto > Hidratação;amendoim,trigo;2492243023201;03/03/2018
BR-02570;Serafix Moisturising Body Wash;Serafix;100 mL;14.11;Cuidados Pessoais > Banho;glúten,trigo,gergelim,crustáceos;3509791353298;14/08/2021
BR-02571;Teraxis Antibacterial Hand Wash;Teraxis;400 mL;10.58;Cuidados Pessoais > Sabonete Líquido;glúten;4846764089778;26/01/2022
BR-02572;Purevex Exfoliating Face Scrub;Purevex;200 mL;1.76;Cuidados Pessoais > Rosto > Limpeza;soja,leite,crustáceos,gergelim;9063360273157;29/09/2022
BR-02573;Purelix Kitchen Cleaner;Purelix;75 mL;14.11;Casa > Limpeza > Superfícies;peixe;2924598977736;17/01/2020
BR-02574;Serafix Granola Bar;Serafix;500 mL;3.53;Alimentos > Petiscos;;4629222283389;05/12/2018
BR-02575;Toreva Hydrating Face Wash;Toreva;100 mL;3.53;Cuidados Pessoais > Rosto > Limpeza;castanhas;9062709401442;01/11/2018
BR-02576;Qualis Repair Conditioner;Qualis;100 mL;3.53;Cuidados Pessoais > Cabelo > Condicionador;trigo,amendoim,castanhas,soja;7089393504626;14/02/2020
BR-02577;TEST-Nuvelo Exfoliating Face Scrub;Nuvelo;75 mL;8.82;Cuidados Pessoais > Rosto > Limpeza;castanhas;8338789591900;26/10/2021
BR-02578;Frosten Gentle Face Wash;Frosten;1000 mL;7.05;Cuidados Pessoais > Rosto > Limpeza;gergelim,crustáceos;5950825723231;27/02/2018
BR-02579;Zephyr Deep Clean Body Wash;Zephyr;500 mL;10.58;Cuidados Pessoais > Banho;;8694846747520;06/02/2019
BR-02580;Cristalix Lightweight Lotion;Cristalix;250 mL;10.58;Cuidados Pessoais > Rosto > Hidratação;leite,gergelim;6922702525411;29/03/2019
BR-02581;Krisol Salted Crackers;Krisol;250 mL;8.82;Alimentos > Petiscos;trigo,amendoim,ovos;2667680940590;06/07/2022
BR-02582;XXX-Vanta Intensive Moisturiser;Vanta;150 mL;5.29;Cuidados Pessoais > Rosto > Hidratação;amendoim,trigo,glúten;5320654326147;22/06/2020
BR-02583;Nuarix Daily Moisturiser;Nuarix;1000 mL;5.29;Cuidados Pessoais > Rosto > Hidratação;ovos,castanhas,trigo;4310915683097;04/02/2022
BR-02584;Tolvex Gentle Face Wash;Tolvex;100 mL;3.53;Cuidados Pessoais > Rosto > Limpeza;trigo,peixe;4974787067647;28/02/2021
BR-02585;Purelix Smooth & Shine Conditioner;Purelix;1000 mL;5.29;Cuidados Pessoais > Cabelo > Condicionador;;7078101012447;16/11/2023
BR-02586;Cladis Nourishing Body Cleanser;Cladis;750 mL;7.05;Cuidados Pessoais > Banho;ovos;1874900449103;10/09/2018
BR-02587;Nuarix Kitchen Cleaner;Nuarix;150 mL;2.65;Casa > Limpeza > Superfícies;glúten,trigo;0499306404122;28/10/2018
BR-02588;Vanta Deep Clean Body Wash;Vanta;1000 mL;7.05;Cuidados Pessoais > Banho;glúten,soja,ovos,amendoim;0550315887853;09/06/2018
BR-02589;Zephyr Foaming Hand Wash;Zephyr;300 mL;14.11;Cuidados Pessoais > Sabonete Líquido;leite,ovos,castanhas;1483515609514;24/12/2020
BR-02590;Cryston Mixed Nuts Blend;Cryston;400 mL;1.76;Alimentos > Petiscos;ovos;5386115111622;13/04/2023
BR-02591;Aurova Anti-Dandruff Shampoo;Aurova;250 mL;5.29;Cuidados Pessoais > Cabelo > Shampoo;ovos,leite;6165047255319;28/05/2018
BR-02592;Solaris Kitchen Cleaner;Solaris;75 mL;3.53;Casa > Limpeza > Superfícies;leite;7250845240885;25/11/2022
BR-02593;Tolvex Salted Crackers;Tolvex;750 mL;10.58;Alimentos > Petiscos;trigo,castanhas,soja,peixe;3601099931915;06/01/2021
02594;Aevum Moisturising Body Wash;Aevum;750 mL;17.64;Cuidados Pessoais > Banho;;2971922887414;05/10/2021
BR-02595;Verdant Oat Protein Bar;Verdant;750 mL;3.53;Alimentos > Petiscos;amendoim,soja;4502664273869;01/06/2022
BR-02596;Luxara Fragrance-Free Hand Wash;Luxara;75 mL;2.65;Cuidados Pessoais > Sabonete Líquido;;5129272430676;13/04/2023
BR-02597;Alteva Disinfectant Spray;Alteva;150 mL;10.58;Casa > Limpeza > Superfícies;crustáceos,gergelim,ovos;0708240893511;15/06/2020
BR-02598;Zenpur Gentle Face Wash;Zenpur;400 mL;3.53;Cuidados Pessoais > Rosto > Limpeza;;8236616201728;25/08/2021
BR-02599;Solvix Salted Crackers;Solvix;100 mL;10.58;Alimentos > Petiscos;leite,gergelim,peixe;9611084039094;10/01/2020
BR-02600;Cladis Hot Chilli Sauce;Cladis;400 mL;5.29;Alimentos > Condimentos;leite,gergelim,peixe;3339950666767;05/02/2018
BR-02601;Zenpur Granola Bar;Zenpur;50 mL;17.64;Alimentos > Petiscos;;0509083069251;16/07/2018
BR-02602;Krisol Oat Protein Bar;Krisol;500 mL;1.76;Alimentos > Petiscos;castanhas,peixe;4419941243616;27/05/2022
BR-02603;Zephyr Nourishing Body Cleanser;Zephyr;100 mL;1.76;Cuidados Pessoais > Banho;peixe,ovos,gergelim;8149836784905;28/08/2020
BR-02604;Orinum Deep Conditioner;Orinum;400 mL;7.05;Cuidados Pessoais > Cabelo > Condicionador;ovos,glúten,crustáceos,soja;7550043753157;31/12/2022
BR-02605;Kaleo 48hr Spray Deodorant;Kaleo;750 mL;8.82;Cuidados Pessoais > Desodorante;;8386039036749;25/10/2022
BR-02606;Cladis Bathroom Cleaner;Cladis;400 mL;8.82;Casa > Limpeza > Superfícies;castanhas;1534743927083;05/03/2019
BR-02607;Cryston Deep Conditioner;Cryston;500 mL;1.76;Cuidados Pessoais > Cabelo > Condicionador;;3781010320827;07/09/2020
BR-02608;Arovia Daily Moisturiser;Arovia;300 mL;1.76;Cuidados Pessoais > Rosto > Hidratação;glúten,leite,crustáceos,trigo;7885166190764;03/12/2020
BR-02609;Aevum SPF Moisturiser;Aevum;50 mL;7.05;Cuidados Pessoais > Rosto > Hidratação;glúten,crustáceos;4616222772616;18/03/2018
BR-02610;Arovia Sport Deodorant;Arovia;1000 mL;1.76;Cuidados Pessoais > Desodorante;peixe;0284655921891;22/07/2021
BR-02611;Primus Aloe Hand Wash;Primus;300 mL;7.05;Cuidados Pessoais > Sabonete Líquido;glúten,soja,gergelim,castanhas;9745391802383;19/04/2021
BR-02612;Purelix Laundry Capsules;Purelix;75 mL;7.05;Casa > Lavanderia;glúten,trigo,crustáceos,castanhas;3736090857534;01/04/2023
BR-02613;Orinum Rinse Aid;Orinum;300 mL;5.29;Casa > Limpeza > Louças;;8342900249274;01/11/2021
BR-02614;Elaris Leave-In Conditioner;Elaris;300 mL;2.65;Cuidados Pessoais > Cabelo > Condicionador;ovos,trigo;1676089601064;16/10/2022
BR-02615;Lumeva Whitening Deodorant;Lumeva;400 mL;17.64;Cuidados Pessoais > Desodorante;amendoim;2565829385403;16/05/2021
BR-02616;Teraxis Granola Bar;Teraxis;250 mL;1.76;Alimentos > Petiscos;glúten;8638346690818;20/11/2020
02617;Alteva Lightweight Lotion;Alteva;300 mL;1.76;Cuidados Pessoais > Rosto > Hidratação;glúten;6532831530707;25/03/2023
BR-02618;Lumeva Dish Liquid;Lumeva;50 mL;7.05;Casa > Limpeza > Louças;crustáceos,gergelim,peixe,leite;1508334512989;03/09/2019
BR-02619;Zenpur Rinse Aid;Zenpur;200 mL;2.65;Casa > Limpeza > Louças;soja,glúten,crustáceos,amendoim;8147425074383;29/06/2019
BR-02620;Aevum Refreshing Shower Gel;Aevum;250 mL;1.76;Cuidados Pessoais > Banho;;7867755005352;07/06/2023
BR-02621;Hevara Hot Chilli Sauce;Hevara;50 mL;5.29;Alimentos > Condimentos;crustáceos,soja,gergelim;6142474151636;06/09/2019
BR-02622;Sovara Rinse Aid;Sovara;300 mL;2.65;Casa > Limpeza > Louças;gergelim,trigo;4364851782758;23/07/2023
BR-02623;Oralix Kitchen Cleaner;Oralix;300 mL;2.65;Casa > Limpeza > Superfícies;peixe,leite;1741964000925;03/09/2021
BR-02624;Serafix Aloe Hand Wash;Serafix;1000 mL;8.82;Cuidados Pessoais > Sabonete Líquido;peixe,trigo,crustáceos,amendoim;3877765402342;14/04/2023
BR-02625;Zenpur Anti-Dandruff Shampoo;Zenpur;75 mL;5.29;Cuidados Pessoais > Cabelo > Shampoo;amendoim,leite,trigo;8265652936752;11/05/2022
BR-02626;TEST-Vivara Volumising Conditioner;Vivara;200 mL;8.82;Cuidados Pessoais > Cabelo > Condicionador;leite,soja;4989397595534;24/06/2022
BR-02627;Teraxis Mustard Sauce;Teraxis;100 mL;3.53;Alimentos > Condimentos;;9470544765832;15/02/2018
BR-02628;Glicen Colour Protect Shampoo;Glicen;1000 mL;14.11;Cuidados Pessoais > Cabelo > Shampoo;glúten,trigo,crustáceos;0438852871583;13/08/2020
BR-02629;Plexum SPF Moisturiser;Plexum;50 mL;3.53;Cuidados Pessoais > Rosto > Hidratação;glúten,crustáceos,soja,amendoim;5442402948040;04/10/2022
BR-02630;Motivo Stain Remover;Motivo;1000 mL;17.64;Casa > Lavanderia;leite,gergelim,crustáceos,soja;3427247711570;12/02/2023
02631;Novix Exfoliating Face Scrub;Novix;75 mL;8.82;Cuidados Pessoais > Rosto > Limpeza;ovos,peixe,trigo;1736713873141;24/03/2018
BR-02632;Purevex Mixed Nuts Blend;Purevex;750 mL;2.65;Alimentos > Petiscos;peixe,glúten,ovos;6246988967629;08/11/2018
BR-02633;Kaleo Laundry Powder;Kaleo;200 mL;14.11;Casa > Lavanderia;trigo,glúten,amendoim,soja;6867071671485;11/01/2022
BR-02634;Brightway Disinfectant Spray;Brightway;250 mL;14.11;Casa > Limpeza > Superfícies;castanhas,trigo,soja,gergelim;2980093413735;25/10/2020
BR-02635;Tresol Sport Deodorant;Tresol;200 mL;14.11;Cuidados Pessoais > Desodorante;;1558221819516;27/12/2022
BR-02636;Zephyr Colour Protect Shampoo;Zephyr;400 mL;1.76;Cuidados Pessoais > Cabelo > Shampoo;crustáceos,glúten,peixe;9313164538335;28/06/2022
BR-02637;Zenpur Night Cream;Zenpur;250 mL;1.76;Cuidados Pessoais > Rosto > Hidratação;castanhas;3321012546759;10/10/2018
BR-02638;Frosten Lightweight Lotion;Frosten;1000 mL;8.82;Cuidados Pessoais > Rosto > Hidratação;crustáceos,glúten,leite,ovos;1705682583207;02/10/2018
02639;Qualis Night Cream;Qualis;200 mL;8.82;Cuidados Pessoais > Rosto > Hidratação;soja,peixe,crustáceos;9883686364441;11/09/2023
02640;Polvera Hydrating Shampoo;Polvera;300 mL;5.29;Cuidados Pessoais > Cabelo > Shampoo;peixe;7392060429420;29/07/2019
02641;Lumeva Hydrating Shampoo;Lumeva;100 mL;7.05;Cuidados Pessoais > Cabelo > Shampoo;amendoim,soja,castanhas;0697820993874;05/07/2019
BR-02642;Tresol Hydrating Shampoo;Tresol;50 mL;5.29;Cuidados Pessoais > Cabelo > Shampoo;trigo,gergelim,soja,amendoim;9015059547612;16/11/2022
02643;Glicen Liquid Laundry Detergent;Glicen;1000 mL;10.58;Casa > Lavanderia;leite,soja,glúten,trigo;0054680131431;11/09/2020
BR-02644;Zenpur Antibacterial Hand Wash;Zenpur;400 mL;7.05;Cuidados Pessoais > Sabonete Líquido;trigo;1115495992910;26/04/2023
BR-02645;Aevum Dish Liquid;Aevum;300 mL;1.76;Casa > Limpeza > Louças;ovos,soja,peixe,trigo;1765920594839;18/06/2022
BR-02646;Luminos Sensitive Skin Body Wash;Luminos;75 mL;10.58;Cuidados Pessoais > Banho;leite,ovos,gergelim,trigo;3609643945340;12/07/2023
BR-02647;Oralix Oil Control Face Wash;Oralix;50 mL;10.58;Cuidados Pessoais > Rosto > Limpeza;leite,peixe,trigo,amendoim;1535305325620;16/06/2021
BR-02648;Novix Vinegar Dressing;Novix;500 mL;17.64;Alimentos > Condimentos;;4970464855514;15/07/2022
BR-02649;Nexpur Dishwasher Tablets;Nexpur;200 mL;1.76;Casa > Limpeza > Louças;crustáceos,amendoim;1193539103898;29/10/2018
BR-02650;Arovia Rice Cakes;Arovia;300 mL;14.11;Alimentos > Petiscos;leite,castanhas,trigo;1858680439424;27/02/2018
BR-02651;Solvix Sensitive Skin Body Wash;Solvix;1000 mL;17.64;Cuidados Pessoais > Banho;trigo,castanhas,gergelim,soja;8398037037734;05/12/2018
BR-02652;Vivara Deep Conditioner;Vivara;500 mL;17.64;Cuidados Pessoais > Cabelo > Condicionador;glúten,amendoim,castanhas;3074878134096;30/11/2021
BR-02653;Nuvelo Salted Crackers;Nuvelo;50 mL;8.82;Alimentos > Petiscos;;1813617000481;05/01/2022
BR-02654;Glicen Daily Moisturiser;Glicen;100 mL;5.29;Cuidados Pessoais > Rosto > Hidratação;gergelim,ovos;0945255396259;19/01/2022
BR-02655;Nuvelo Antibacterial Hand Wash;Nuvelo;200 mL;2.65;Cuidados Pessoais > Sabonete Líquido;glúten;8701093215297;13/11/2020
BR-02656;Sovara Repair Shampoo;Sovara;75 mL;2.65;Cuidados Pessoais > Cabelo > Shampoo;;4832409652612;24/06/2019
BR-02657;Purelix Repair Shampoo;Purelix;750 mL;7.05;Cuidados Pessoais > Cabelo > Shampoo;ovos,leite,gergelim,crustáceos;1233016796554;18/05/2022
BR-02658;Cristalix Hot Chilli Sauce;Cristalix;100 mL;5.29;Alimentos > Condimentos;soja,peixe,amendoim,leite;4344622807491;17/08/2018
BR-02659;DUMMY-Primus 48hr Spray Deodorant;Primus;1000 mL;1.76;Cuidados Pessoais > Desodorante;glúten,castanhas;0942816836254;31/12/2022
BR-02660;Helix Kitchen Cleaner;Helix;50 mL;17.64;Casa > Limpeza > Superfícies;trigo,crustáceos,amendoim;1059157981556;08/10/2021
BR-02661;Frostine Colour Protect Shampoo;Frostine;750 mL;8.82;Cuidados Pessoais > Cabelo > Shampoo;trigo,peixe;4352217328429;19/12/2020
BR-02662;Gleam Laundry Capsules;Gleam;1000 mL;3.53;Casa > Lavanderia;gergelim,leite,trigo,glúten;2917265134204;03/07/2021
BR-02663;Solaris Mustard Sauce;Solaris;500 mL;2.65;Alimentos > Condimentos;ovos;4562530302413;18/06/2020
BR-02664;Glova Moisturising Body Wash;Glova;75 mL;5.29;Cuidados Pessoais > Banho;;4644214377808;01/03/2022
BR-02665;Tresol Whitening Deodorant;Tresol;100 mL;14.11;Cuidados Pessoais > Desodorante;leite,trigo,peixe;0497697998725;10/12/2021
BR-02666;Sovara Aloe Hand Wash;Sovara;1000 mL;7.05;Cuidados Pessoais > Sabonete Líquido;;1350764996729;06/01/2023
BR-02667;Serafix Rice Cakes;Serafix;150 mL;10.58;Alimentos > Petiscos;leite,glúten,crustáceos,gergelim;1947505220115;13/08/2019
02668;Glicen Multi-Surface Spray;Glicen;200 mL;3.53;Casa > Limpeza > Superfícies;castanhas;9332381433162;01/11/2018
BR-02669;Tolvex Foaming Hand Wash;Tolvex;750 mL;14.11;Cuidados Pessoais > Sabonete Líquido;amendoim,peixe;9707119895114;28/04/2019
BR-02670;Novix Sensitive Deodorant;Novix;400 mL;3.53;Cuidados Pessoais > Desodorante;glúten;0371558602641;18/06/2019
BR-02671;Kaleo Exfoliating Face Scrub;Kaleo;200 mL;8.82;Cuidados Pessoais > Rosto > Limpeza;gergelim,amendoim,peixe,castanhas;9371478750805;02/01/2022
BR-02672;Teraxis Hot Chilli Sauce;Teraxis;75 mL;2.65;Alimentos > Condimentos;gergelim,amendoim,glúten;4002748942440;04/08/2020
BR-02673;Aurova Disinfectant Spray;Aurova;300 mL;10.58;Casa > Limpeza > Superfícies;leite,amendoim,gergelim;8671188161825;30/06/2023
BR-02674;Gleam Rice Cakes;Gleam;150 mL;7.05;Alimentos > Petiscos;crustáceos,amendoim,peixe;7845273318819;25/07/2021
BR-02675;Toreva Foaming Hand Wash;Toreva;200 mL;2.65;Cuidados Pessoais > Sabonete Líquido;castanhas;4557970790777;15/08/2018
BR-02676;Qualis SPF Moisturiser;Qualis;150 mL;1.76;Cuidados Pessoais > Rosto > Hidratação;;1731412725920;21/03/2019
BR-02677;Clarity Mayonnaise;Clarity;1000 mL;17.64;Alimentos > Condimentos;peixe,crustáceos;2405552517743;19/12/2023
BR-02678;Toreva Sensitive Deodorant;Toreva;100 mL;10.58;Cuidados Pessoais > Desodorante;trigo,amendoim;3742822022040;26/10/2018
BR-02679;Elaris Deep Clean Body Wash;Elaris;750 mL;10.58;Cuidados Pessoais > Banho;;7265201487606;12/08/2022
BR-02680;Orinum Kitchen Cleaner;Orinum;100 mL;8.82;Casa > Limpeza > Superfícies;;0932195693203;14/03/2022
BR-02681;Sovara Salted Crackers;Sovara;250 mL;1.76;Alimentos > Petiscos;glúten,peixe,ovos;5884452364942;23/10/2018
BR-02682;Vanta Hydrating Shampoo;Vanta;1000 mL;3.53;Cuidados Pessoais > Cabelo > Shampoo;;8967604062327;31/01/2019
BR-02683;Nuarix 24hr Roll-On Deodorant;Nuarix;400 mL;8.82;Cuidados Pessoais > Desodorante;;9679296058654;17/08/2020
BR-02684;Solvix Anti-Dandruff Shampoo;Solvix;150 mL;7.05;Cuidados Pessoais > Cabelo > Shampoo;trigo;0704310772229;27/03/2023
BR-02685;Aevum Lightweight Lotion;Aevum;250 mL;17.64;Cuidados Pessoais > Rosto > Hidratação;soja,peixe,crustáceos,trigo;2860176787383;15/10/2023
BR-02686;Solven Moisturising Body Wash;Solven;75 mL;5.29;Cuidados Pessoais > Banho;;5292383522377;16/07/2023
BR-02687;Nuvelo 24hr Roll-On Deodorant;Nuvelo;200 mL;17.64;Cuidados Pessoais > Desodorante;;6324489684600;15/02/2021
BR-02688;Purelix Volumising Shampoo;Purelix;75 mL;10.58;Cuidados Pessoais > Cabelo > Shampoo;castanhas,amendoim;2793399702140;10/04/2022
BR-02689;Lumeva Repair Shampoo;Lumeva;50 mL;7.05;Cuidados Pessoais > Cabelo > Shampoo;peixe,ovos,leite;2965441904370;20/03/2023
BR-02690;Lumeva Refreshing Shower Gel;Lumeva;1000 mL;10.58;Cuidados Pessoais > Banho;leite,castanhas,glúten;3562372464561;09/02/2018
BR-02691;Krisol Lightweight Lotion;Krisol;250 mL;2.65;Cuidados Pessoais > Rosto > Hidratação;;9906563226790;19/10/2018
BR-02692;Solaris Hydrating Shampoo;Solaris;500 mL;8.82;Cuidados Pessoais > Cabelo > Shampoo;;2592729169420;21/08/2019
BR-02693;Brightway Smooth & Shine Conditioner;Brightway;250 mL;5.29;Cuidados Pessoais > Cabelo > Condicionador;amendoim,ovos,crustáceos,trigo;7617657224586;02/11/2023
BR-02694;Sovara Exfoliating Face Scrub;Sovara;50 mL;14.11;Cuidados Pessoais > Rosto > Limpeza;gergelim,soja,glúten,castanhas;4083378361597;18/01/2020
BR-02695;Alteva Foaming Hand Wash;Alteva;300 mL;10.58;Cuidados Pessoais > Sabonete Líquido;leite,gergelim,glúten,soja;9565300022752;25/02/2018
BR-02696;Nuarix Dishwasher Tablets;Nuarix;300 mL;1.76;Casa > Limpeza > Louças;crustáceos,leite;9280337142135;19/04/2023
BR-02697;Kaleo Intensive Moisturiser;Kaleo;400 mL;5.29;Cuidados Pessoais > Rosto > Hidratação;trigo,glúten,peixe,castanhas;8949542762934;06/10/2020
BR-02698;Primus Aloe Hand Wash;Primus;150 mL;3.53;Cuidados Pessoais > Sabonete Líquido;leite,crustáceos;2819598161806;05/09/2023
BR-02699;Novix Sensitive Skin Body Wash;Novix;500 mL;1.76;Cuidados Pessoais > Banho;leite,soja;3627244522753;26/11/2020
BR-02700;Solaris Volumising Conditioner;Solaris;150 mL;3.53;Cuidados Pessoais > Cabelo > Condicionador;trigo,glúten,gergelim;1553250169939;01/02/2020
BR-02701;TEST-Verdant Heavy Duty Dish Soap;Verdant;250 mL;2.65;Casa > Limpeza > Louças;;6516086249515;09/07/2020
BR-02702;Sovara Hydrating Face Wash;Sovara;300 mL;1.76;Cuidados Pessoais > Rosto > Limpeza;crustáceos,castanhas;2966471181328;16/01/2018
BR-02703;Serafix Kitchen Cleaner;Serafix;750 mL;2.65;Casa > Limpeza > Superfícies;ovos,gergelim,amendoim,soja;5506369851673;19/09/2022
BR-02704;Zenpur Mustard Sauce;Zenpur;750 mL;2.65;Alimentos > Condimentos;peixe,glúten,crustáceos,soja;0223644995147;18/08/2020
BR-02705;Tolvex Multi-Surface Spray;Tolvex;200 mL;5.29;Casa > Limpeza > Superfícies;trigo,amendoim;9162631777445;29/08/2019
BR-02706;Solven Leave-In Conditioner;Solven;100 mL;7.05;Cuidados Pessoais > Cabelo > Condicionador;ovos;9738190347315;02/02/2023
BR-02707;Vanta 24hr Roll-On Deodorant;Vanta;1000 mL;3.53;Cuidados Pessoais > Desodorante;castanhas,gergelim,soja,glúten;8508332710458;28/04/2020
BR-02708;Helix Granola Bar;Helix;150 mL;8.82;Alimentos > Petiscos;soja,amendoim,glúten;1719163354712;08/01/2022
BR-02709;Cristalix Night Cream;Cristalix;1000 mL;17.64;Cuidados Pessoais > Rosto > Hidratação;castanhas;4176892206823;09/11/2020
BR-02710;Nuarix Whitening Deodorant;Nuarix;50 mL;3.53;Cuidados Pessoais > Desodorante;amendoim,castanhas,crustáceos,leite;8691981625492;11/03/2020
02711;Toreva Anti-Dandruff Shampoo;Toreva;150 mL;10.58;Cuidados Pessoais > Cabelo > Shampoo;ovos,soja;3861367461616;25/10/2022
BR-02712;Nuvelo Nourishing Body Cleanser;Nuvelo;150 mL;5.29;Cuidados Pessoais > Banho;leite,crustáceos,soja;6712747069533;16/11/2018
02713;Cryston Deep Conditioner;Cryston;500 mL;7.05;Cuidados Pessoais > Cabelo > Condicionador;;6972967204187;28/10/2022
BR-02714;Serafix Smooth & Shine Conditioner;Serafix;75 mL;2.65;Cuidados Pessoais > Cabelo > Condicionador;crustáceos,gergelim,glúten;5864740192556;07/10/2020
BR-02715;Qualis Repair Shampoo;Qualis;250 mL;1.76;Cuidados Pessoais > Cabelo > Shampoo;peixe,ovos;6143840397269;07/05/2023
BR-02716;Zenpur Sport Deodorant;Zenpur;400 mL;10.58;Cuidados Pessoais > Desodorante;leite,amendoim,ovos,trigo;2509563603850;12/08/2021
BR-02717;Krisol Smooth & Shine Conditioner;Krisol;500 mL;3.53;Cuidados Pessoais > Cabelo > Condicionador;ovos;3299678343589;03/02/2022
BR-02718;Solven Eco Dish Liquid;Solven;750 mL;14.11;Casa > Limpeza > Louças;peixe,soja,castanhas;8692254376363;18/07/2022
BR-02719;Solaris Smooth & Shine Conditioner;Solaris;75 mL;2.65;Cuidados Pessoais > Cabelo > Condicionador;ovos,peixe,castanhas;3595539450695;06/11/2023
BR-02720;Primus Rinse Aid;Primus;1000 mL;3.53;Casa > Limpeza > Louças;amendoim,gergelim,peixe,ovos;0997285541796;17/04/2020
BR-02721;Frostine Oat Protein Bar;Frostine;150 mL;2.65;Alimentos > Petiscos;glúten,ovos;4215440967622;29/06/2021
BR-02722;Vivara Smooth & Shine Conditioner;Vivara;400 mL;7.05;Cuidados Pessoais > Cabelo > Condicionador;;4052770354766;07/04/2022
BR-02723;Orinum Gentle Face Wash;Orinum;1000 mL;14.11;Cuidados Pessoais > Rosto > Limpeza;glúten,crustáceos,castanhas,leite;0906519407234;22/02/2021
02724;Vivara Antibacterial Hand Wash;Vivara;50 mL;7.05;Cuidados Pessoais > Sabonete Líquido;;1708292209253;27/12/2018
BR-02725;Lumeva Mixed Nuts Blend;Lumeva;50 mL;1.76;Alimentos > Petiscos;gergelim,amendoim,leite;5011474729903;24/11/2021
BR-02726;XXX-Tresol Sport Deodorant;Tresol;150 mL;14.11;Cuidados Pessoais > Desodorante;soja,leite,amendoim,crustáceos;7574568442631;12/03/2020
BR-02727;Arovia Oil Control Face Wash;Arovia;1000 mL;17.64;Cuidados Pessoais > Rosto > Limpeza;amendoim,peixe,castanhas,leite;9034830824131;18/06/2018
BR-02728;Oralix Repair Shampoo;Oralix;300 mL;7.05;Cuidados Pessoais > Cabelo > Shampoo;glúten,leite;3593417733434;23/06/2018
BR-02729;Glova Rice Cakes;Glova;500 mL;3.53;Alimentos > Petiscos;;8216063923183;21/03/2022
BR-02730;Glova Disinfectant Spray;Glova;1000 mL;2.65;Casa > Limpeza > Superfícies;;8023883697022;28/12/2021
BR-02731;Toreva Disinfectant Spray;Toreva;150 mL;8.82;Casa > Limpeza > Superfícies;amendoim,glúten,ovos;1935472863992;26/05/2022
BR-02732;Luminos Repair Conditioner;Luminos;1000 mL;3.53;Cuidados Pessoais > Cabelo > Condicionador;gergelim;4920317591458;11/02/2018
BR-02733;Aevum Dish Liquid;Aevum;1000 mL;1.76;Casa > Limpeza > Louças;glúten;5728693953919;11/04/2018
02734;Plexum Foaming Hand Wash;Plexum;150 mL;5.29;Cuidados Pessoais > Sabonete Líquido;trigo,crustáceos,peixe,glúten;3480249668990;03/12/2019
BR-02735;Vivara Hydrating Face Wash;Vivara;500 mL;8.82;Cuidados Pessoais > Rosto > Limpeza;trigo,leite;1015444847929;17/01/2018
BR-02736;Oralix Bathroom Cleaner;Oralix;250 mL;2.65;Casa > Limpeza > Superfícies;crustáceos,leite,soja,castanhas;2217759902549;10/12/2023
BR-02737;Purevex Hydrating Face Wash;Purevex;50 mL;5.29;Cuidados Pessoais > Rosto > Limpeza;leite;4103728102974;07/12/2019
BR-02738;Orinum Rinse Aid;Orinum;250 mL;8.82;Casa > Limpeza > Louças;;2637007963304;11/01/2020
BR-02739;Solven Repair Conditioner;Solven;400 mL;10.58;Cuidados Pessoais > Cabelo > Condicionador;peixe,gergelim,trigo;1274621334595;24/11/2021
BR-02740;Teraxis Laundry Powder;Teraxis;750 mL;8.82;Casa > Lavanderia;leite,gergelim;1929590994416;07/05/2021
BR-02741;Aurova Bathroom Cleaner;Aurova;400 mL;10.58;Casa > Limpeza > Superfícies;crustáceos;8256485864763;07/09/2022
BR-02742;Polvera Rinse Aid;Polvera;250 mL;14.11;Casa > Limpeza > Louças;leite,castanhas,ovos;8650679964510;12/02/2019
BR-02743;Gleam Whitening Deodorant;Gleam;50 mL;8.82;Cuidados Pessoais > Desodorante;trigo,castanhas,peixe,amendoim;7042646979503;12/07/2018
BR-02744;Purelix Intensive Moisturiser;Purelix;50 mL;10.58;Cuidados Pessoais > Rosto > Hidratação;gergelim;2850416275022;24/04/2018
BR-02745;Nexpur Vinegar Dressing;Nexpur;100 mL;8.82;Alimentos > Condimentos;ovos;2380294462769;24/09/2020
BR-02746;Elaris 24hr Roll-On Deodorant;Elaris;500 mL;14.11;Cuidados Pessoais > Desodorante;glúten,crustáceos;1512954589382;06/07/2021
BR-02747;Qualis Oil Control Face Wash;Qualis;500 mL;7.05;Cuidados Pessoais > Rosto > Limpeza;glúten,ovos,peixe,amendoim;5359522875128;29/01/2018
BR-02748;XXX-Purevex Dish Liquid;Purevex;500 mL;2.65;Casa > Limpeza > Louças;amendoim,crustáceos,soja;1114963360985;30/01/2019
BR-02749;Polvera Nourishing Body Cleanser;Polvera;50 mL;7.05;Cuidados Pessoais > Banho;glúten,peixe;1974005975832;08/12/2020
BR-02750;Zenpur Mustard Sauce;Zenpur;750 mL;7.05;Alimentos > Condimentos;ovos;0420841828654;16/01/2021
BR-02751;Cryston Dish Liquid;Cryston;500 mL;14.11;Casa > Limpeza > Louças;castanhas;5054151909373;23/02/2022
BR-02752;Zephyr Glass Cleaner;Zephyr;400 mL;10.58;Casa > Limpeza > Superfícies;;6169413512846;19/04/2020
BR-02753;Toreva Aloe Hand Wash;Toreva;250 mL;8.82;Cuidados Pessoais > Sabonete Líquido;trigo,crustáceos,gergelim,castanhas;0699226915696;28/10/2020
BR-02754;Sovara Dish Liquid;Sovara;50 mL;17.64;Casa > Limpeza > Louças;crustáceos;6100235120949;05/02/2022
BR-02755;Frosten Heavy Duty Dish Soap;Frosten;75 mL;8.82;Casa > Limpeza > Louças;soja,amendoim,gergelim;3856337598492;15/12/2018
BR-02756;Tolvex Hydrating Face Wash;Tolvex;400 mL;17.64;Cuidados Pessoais > Rosto > Limpeza;leite,ovos,gergelim;1133795233144;21/08/2020
BR-02757;Helix Repair Conditioner;Helix;1000 mL;14.11;Cuidados Pessoais > Cabelo > Condicionador;;7127879633870;17/06/2018
02758;Serafix Liquid Laundry Detergent;Serafix;1000 mL;3.53;Casa > Lavanderia;leite;8220448435192;04/07/2023
BR-02759;Solven Stain Remover;Solven;300 mL;7.05;Casa > Lavanderia;castanhas,crustáceos,ovos,peixe;0425990028429;30/06/2019
BR-02760;Solaris Daily Moisturiser;Solaris;50 mL;2.65;Cuidados Pessoais > Rosto > Hidratação;soja,ovos,glúten,crustáceos;7434030579251;08/01/2019
BR-02761;Plexum Kitchen Cleaner;Plexum;150 mL;8.82;Casa > Limpeza > Superfícies;ovos,soja,peixe,amendoim;2201529796858;24/03/2021
BR-02762;Helix Moisturising Hand Wash;Helix;75 mL;10.58;Cuidados Pessoais > Sabonete Líquido;leite,glúten,peixe;2082124076640;15/10/2021
BR-02763;Motivo Mayonnaise;Motivo;100 mL;3.53;Alimentos > Condimentos;;3501134496891;29/08/2021
BR-02764;Tresol Sensitive Skin Body Wash;Tresol;750 mL;2.65;Cuidados Pessoais > Banho;amendoim,gergelim,glúten,trigo;4949725472043;28/06/2023
BR-02765;Tresol SPF Moisturiser;Tresol;1000 mL;2.65;Cuidados Pessoais > Rosto > Hidratação;castanhas,peixe,soja;9490465144448;19/09/2022
BR-02766;Solaris Granola Bar;Solaris;200 mL;17.64;Alimentos > Petiscos;;4525288864657;12/03/2018
02767;Plexum Stain Remover;Plexum;50 mL;7.05;Casa > Lavanderia;ovos;7842139136990;07/08/2023
BR-02768;Alteva Sport Deodorant;Alteva;150 mL;5.29;Cuidados Pessoais > Desodorante;crustáceos,glúten,trigo;7154224125032;29/11/2023
BR-02769;Nuvelo Mayonnaise;Nuvelo;75 mL;3.53;Alimentos > Condimentos;crustáceos,trigo;2372074197534;10/05/2023
BR-02770;Sovara Moisturising Body Wash;Sovara;150 mL;3.53;Cuidados Pessoais > Banho;glúten;9887733521085;30/10/2021
BR-02771;Teraxis Laundry Powder;Teraxis;400 mL;8.82;Casa > Lavanderia;gergelim,trigo;6321894510883;20/11/2021
02772;Hevara Stain Remover;Hevara;750 mL;17.64;Casa > Lavanderia;;8119942817835;14/03/2021
BR-02773;Purelix Deep Conditioner;Purelix;200 mL;5.29;Cuidados Pessoais > Cabelo > Condicionador;soja,crustáceos;5534334971972;07/06/2019
BR-02774;Nuvelo Tomato Ketchup;Nuvelo;50 mL;5.29;Alimentos > Condimentos;amendoim;2430091731633;26/06/2020
BR-02775;Gleam Repair Conditioner;Gleam;150 mL;1.76;Cuidados Pessoais > Cabelo > Condicionador;crustáceos,trigo,amendoim,gergelim;7839071212578;04/11/2022
BR-02776;Oralix Dish Liquid;Oralix;100 mL;7.05;Casa > Limpeza > Louças;;9827244952077;22/04/2022
BR-02777;Teraxis Eco Dish Liquid;Teraxis;75 mL;8.82;Casa > Limpeza > Louças;gergelim;3119778951661;07/01/2022
BR-02778;Novix Moisturising Body Wash;Novix;50 mL;1.76;Cuidados Pessoais > Banho;amendoim,glúten;0277601231625;22/10/2021
BR-02779;Helix Bathroom Cleaner;Helix;50 mL;1.76;Casa > Limpeza > Superfícies;;3668574397383;11/01/2021
BR-02780;Tolvex Multi-Surface Spray;Tolvex;500 mL;7.05;Casa > Limpeza > Superfícies;gergelim,ovos;6302129182365;04/03/2020
BR-02781;Qualis Kitchen Cleaner;Qualis;75 mL;2.65;Casa > Limpeza > Superfícies;;8031026237059;01/06/2018
BR-02782;Solvix Foaming Hand Wash;Solvix;200 mL;17.64;Cuidados Pessoais > Sabonete Líquido;castanhas;2292546547639;11/11/2018
BR-02783;Helix Aloe Hand Wash;Helix;200 mL;8.82;Cuidados Pessoais > Sabonete Líquido;glúten,leite;3653542372462;04/10/2022
BR-02784;Tolvex Glass Cleaner;Tolvex;100 mL;3.53;Casa > Limpeza > Superfícies;soja,peixe,crustáceos,castanhas;7479045522427;27/06/2018
BR-02785;Sovara Whitening Deodorant;Sovara;200 mL;3.53;Cuidados Pessoais > Desodorante;amendoim,crustáceos;8064371960341;27/09/2023
BR-02786;Plexum Heavy Duty Dish Soap;Plexum;75 mL;2.65;Casa > Limpeza > Louças;leite,ovos,castanhas;6539952115424;10/11/2020
BR-02787;Zenpur Moisturising Body Wash;Zenpur;50 mL;7.05;Cuidados Pessoais > Banho;crustáceos;9086808835854;13/12/2021
BR-02788;Sovara Laundry Powder;Sovara;200 mL;8.82;Casa > Lavanderia;gergelim,crustáceos;5979974254298;25/08/2018
BR-02789;Aurova Granola Bar;Aurova;300 mL;17.64;Alimentos > Petiscos;crustáceos;5684978507867;26/05/2023
BR-02790;Plexum Repair Conditioner;Plexum;50 mL;17.64;Cuidados Pessoais > Cabelo > Condicionador;;5808678945112;30/06/2020
02791;Elaris Mayonnaise;Elaris;300 mL;14.11;Alimentos > Condimentos;;9992752371006;25/08/2019
BR-02792;Vivara Oat Protein Bar;Vivara;750 mL;10.58;Alimentos > Petiscos;castanhas;1875705320932;22/03/2022
BR-02793;Solvix Volumising Shampoo;Solvix;1000 mL;1.76;Cuidados Pessoais > Cabelo > Shampoo;;4464197294103;15/05/2020
BR-02794;Toreva Foaming Hand Wash;Toreva;500 mL;1.76;Cuidados Pessoais > Sabonete Líquido;glúten,soja,trigo;8940117130370;25/04/2018
BR-02795;Solven Heavy Duty Dish Soap;Solven;500 mL;7.05;Casa > Limpeza > Louças;crustáceos,leite,glúten;7373169275927;02/07/2023
BR-02796;Oralix Intensive Moisturiser;Oralix;75 mL;1.76;Cuidados Pessoais > Rosto > Hidratação;;6977400970186;01/06/2020
BR-02797;Teraxis Repair Conditioner;Teraxis;1000 mL;10.58;Cuidados Pessoais > Cabelo > Condicionador;ovos,gergelim,leite;6108537007005;15/02/2019
BR-02798;Krisol Refreshing Shower Gel;Krisol;100 mL;3.53;Cuidados Pessoais > Banho;;2683905101188;07/10/2018
BR-02799;Clarity Rice Cakes;Clarity;150 mL;7.05;Alimentos > Petiscos;;6987101494119;10/10/2022
BR-02800;Luxara Oil Control Face Wash;Luxara;100 mL;3.53;Cuidados Pessoais > Rosto > Limpeza;glúten,leite;4295861672114;09/06/2023
BR-02801;Toreva Refreshing Shower Gel;Toreva;200 mL;7.05;Cuidados Pessoais > Banho;peixe,castanhas,gergelim,leite;2421825480576;15/11/2021
BR-02802;Zephyr Rinse Aid;Zephyr;100 mL;7.05;Casa > Limpeza > Louças;amendoim;2633523175481;19/12/2022
BR-02803;Solvix Multi-Surface Spray;Solvix;150 mL;3.53;Casa > Limpeza > Superfícies;;2061392031865;16/01/2023
BR-02804;Nuvelo Foaming Hand Wash;Nuvelo;200 mL;17.64;Cuidados Pessoais > Sabonete Líquido;trigo;8780739004969;01/08/2020
02805;Motivo Sensitive Skin Body Wash;Motivo;300 mL;10.58;Cuidados Pessoais > Banho;peixe,trigo,glúten;0296499104712;27/08/2022
BR-02806;Toreva Lightweight Lotion;Toreva;200 mL;8.82;Cuidados Pessoais > Rosto > Hidratação;amendoim,glúten,peixe,trigo;7713715342787;17/05/2020
BR-02807;Alteva Mayonnaise;Alteva;400 mL;5.29;Alimentos > Condimentos;trigo;7665484274946;21/10/2022
BR-02808;Qualis Granola Bar;Qualis;1000 mL;7.05;Alimentos > Petiscos;;3002143665945;10/01/2022
BR-02809;Luxara Hydrating Face Wash;Luxara;100 mL;5.29;Cuidados Pessoais > Rosto > Limpeza;soja;4533566822893;29/08/2022
BR-02810;Polvera Sensitive Deodorant;Polvera;250 mL;7.05;Cuidados Pessoais > Desodorante;trigo,leite,soja,peixe;9801337619153;15/02/2023
BR-02811;Solven Multi-Surface Spray;Solven;200 mL;2.65;Casa > Limpeza > Superfícies;;1581623153940;20/10/2019
BR-02812;Glova Liquid Laundry Detergent;Glova;250 mL;17.64;Casa > Lavanderia;peixe,castanhas,leite;9163975057927;10/05/2019
BR-02813;Vanta 24hr Roll-On Deodorant;Vanta;1000 mL;17.64;Cuidados Pessoais > Desodorante;;0094430027737;21/07/2019
BR-02814;Qualis Deep Clean Body Wash;Qualis;300 mL;7.05;Cuidados Pessoais > Banho;crustáceos;6380826326763;16/07/2020
BR-02815;Helix Salted Crackers;Helix;200 mL;5.29;Alimentos > Petiscos;;0753987141425;04/11/2022
BR-02816;Tresol Granola Bar;Tresol;750 mL;5.29;Alimentos > Petiscos;ovos,peixe,trigo,leite;6461438381675;15/05/2021
BR-02817;Nuarix Mixed Nuts Blend;Nuarix;500 mL;8.82;Alimentos > Petiscos;leite,castanhas;8474389475285;07/06/2023
BR-02818;TEST-Qualis Repair Conditioner;Qualis;750 mL;14.11;Cuidados Pessoais > Cabelo > Condicionador;gergelim,glúten,trigo,ovos;4554042100144;25/06/2022
BR-02819;Krisol Hydrating Shampoo;Krisol;400 mL;14.11;Cuidados Pessoais > Cabelo > Shampoo;castanhas,amendoim,glúten,ovos;9057986626923;30/05/2020
BR-02820;Qualis Hydrating Face Wash;Qualis;150 mL;1.76;Cuidados Pessoais > Rosto > Limpeza;;2553952563775;12/06/2020
BR-02821;Zenpur Volumising Shampoo;Zenpur;100 mL;7.05;Cuidados Pessoais > Cabelo > Shampoo;gergelim,crustáceos;0131117517331;03/02/2022
BR-02822;Purelix Laundry Powder;Purelix;100 mL;7.05;Casa > Lavanderia;trigo,ovos,castanhas,leite;5694438787173;08/10/2018
BR-02823;Solvix Brightening Face Wash;Solvix;750 mL;5.29;Cuidados Pessoais > Rosto > Limpeza;gergelim,ovos;0548256273965;23/02/2021
02824;Glova Oil Control Face Wash;Glova;300 mL;2.65;Cuidados Pessoais > Rosto > Limpeza;leite;9928687842779;15/09/2021
BR-02825;Plexum Anti-Dandruff Shampoo;Plexum;300 mL;14.11;Cuidados Pessoais > Cabelo > Shampoo;leite;9750669912855;10/06/2022
BR-02826;Clarity Fabric Softener;Clarity;200 mL;7.05;Casa > Lavanderia;;6493311156858;02/07/2021
BR-02827;Motivo Refreshing Shower Gel;Motivo;100 mL;2.65;Cuidados Pessoais > Banho;leite,peixe,glúten,castanhas;3632351852297;31/12/2018
BR-02828;Cladis Fragrance-Free Hand Wash;Cladis;75 mL;5.29;Cuidados Pessoais > Sabonete Líquido;;7398714845448;25/03/2020
BR-02829;Cryston Moisturising Body Wash;Cryston;1000 mL;7.05;Cuidados Pessoais > Banho;crustáceos,glúten;7414651831631;01/04/2020
BR-02830;Plexum Repair Conditioner;Plexum;150 mL;10.58;Cuidados Pessoais > Cabelo > Condicionador;leite;5757866070252;06/04/2018
BR-02831;Sovara Glass Cleaner;Sovara;300 mL;1.76;Casa > Limpeza > Superfícies;glúten,castanhas,leite;8526106896559;06/05/2020
BR-02832;Krisol Volumising Conditioner;Krisol;200 mL;14.11;Cuidados Pessoais > Cabelo > Condicionador;ovos,amendoim;1240439684832;27/07/2021
BR-02833;Oralix Heavy Duty Dish Soap;Oralix;50 mL;1.76;Casa > Limpeza > Louças;;8208716388197;01/06/2020
BR-02834;Teraxis Oat Protein Bar;Teraxis;1000 mL;3.53;Alimentos > Petiscos;ovos,glúten,soja;8198792165013;20/11/2023
BR-02835;Tolvex Repair Shampoo;Tolvex;250 mL;14.11;Cuidados Pessoais > Cabelo > Shampoo;leite,ovos,glúten;8675226249155;12/06/2019
BR-02836;Lumeva Vinegar Dressing;Lumeva;150 mL;3.53;Alimentos > Condimentos;ovos,peixe,gergelim,trigo;1773131974937;19/04/2019
BR-02837;XXX-Tresol Brightening Face Wash;Tresol;400 mL;10.58;Cuidados Pessoais > Rosto > Limpeza;castanhas;5937651182562;03/10/2022
BR-02838;Glova Mustard Sauce;Glova;300 mL;5.29;Alimentos > Condimentos;ovos,crustáceos,trigo,soja;1548362813412;17/08/2020
BR-02839;DUMMY-Serafix 24hr Roll-On Deodorant;Serafix;150 mL;7.05;Cuidados Pessoais > Desodorante;leite,crustáceos,amendoim;9687574465445;07/08/2019
BR-02840;Solaris Colour Protect Shampoo;Solaris;150 mL;17.64;Cuidados Pessoais > Cabelo > Shampoo;ovos;2558877405032;24/09/2018
BR-02841;Aurova 24hr Roll-On Deodorant;Aurova;200 mL;10.58;Cuidados Pessoais > Desodorante;leite,gergelim;6569963874478;09/07/2023
BR-02842;Frostine Volumising Shampoo;Frostine;75 mL;3.53;Cuidados Pessoais > Cabelo > Shampoo;soja,gergelim;3410657299769;16/04/2022
BR-02843;Krisol Sensitive Deodorant;Krisol;100 mL;1.76;Cuidados Pessoais > Desodorante;crustáceos,leite,soja;9336777441083;28/10/2020
BR-02844;Velaris Hydrating Face Wash;Velaris;75 mL;2.65;Cuidados Pessoais > Rosto > Limpeza;trigo,leite,gergelim,ovos;4093582717325;06/08/2018
BR-02845;Polvera Gentle Face Wash;Polvera;50 mL;10.58;Cuidados Pessoais > Rosto > Limpeza;peixe,amendoim,glúten;5184788797880;29/09/2023
BR-02846;Primus SPF Moisturiser;Primus;1000 mL;14.11;Cuidados Pessoais > Rosto > Hidratação;peixe;1491794619063;26/12/2019
BR-02847;Zenpur Hydrating Face Wash;Zenpur;75 mL;1.76;Cuidados Pessoais > Rosto > Limpeza;soja,trigo,crustáceos,castanhas;8668689984206;27/03/2018
BR-02848;Motivo Oil Control Face Wash;Motivo;250 mL;1.76;Cuidados Pessoais > Rosto > Limpeza;leite;5241142076514;02/07/2020
BR-02849;Kaleo Brightening Face Wash;Kaleo;750 mL;7.05;Cuidados Pessoais > Rosto > Limpeza;castanhas,crustáceos,peixe,leite;3961084929700;17/05/2021
BR-02850;Alteva 48hr Spray Deodorant;Alteva;300 mL;17.64;Cuidados Pessoais > Desodorante;peixe,ovos,trigo;9767621354561;07/10/2018
BR-02851;Glova Night Cream;Glova;250 mL;5.29;Cuidados Pessoais > Rosto > Hidratação;soja,amendoim,castanhas,ovos;1200859040021;19/02/2021
02852;Vanta Repair Shampoo;Vanta;150 mL;10.58;Cuidados Pessoais > Cabelo > Shampoo;trigo,soja;7331342414716;01/10/2023
BR-02853;Cladis Heavy Duty Dish Soap;Cladis;100 mL;2.65;Casa > Limpeza > Louças;crustáceos,amendoim,trigo;9210172748216;27/10/2021
BR-02854;Arovia Repair Shampoo;Arovia;250 mL;1.76;Cuidados Pessoais > Cabelo > Shampoo;glúten,peixe,soja;1324049619658;13/01/2019
BR-02855;Cladis Heavy Duty Dish Soap;Cladis;100 mL;14.11;Casa > Limpeza > Louças;;4570658686230;15/12/2022
BR-02856;Nuarix Fabric Softener;Nuarix;400 mL;14.11;Casa > Lavanderia;;7121999391764;14/05/2023
BR-02857;Teraxis Deep Clean Body Wash;Teraxis;50 mL;1.76;Cuidados Pessoais > Banho;trigo;7962445278433;01/01/2018
BR-02858;Plexum Salted Crackers;Plexum;750 mL;17.64;Alimentos > Petiscos;gergelim,leite,peixe;4659491868499;25/09/2023
BR-02859;Aevum Bathroom Cleaner;Aevum;150 mL;3.53;Casa > Limpeza > Superfícies;;3922686870371;12/02/2022
BR-02860;Novix Sensitive Deodorant;Novix;250 mL;7.05;Cuidados Pessoais > Desodorante;crustáceos,peixe;5309246430813;30/06/2020
BR-02861;Kaleo Leave-In Conditioner;Kaleo;250 mL;14.11;Cuidados Pessoais > Cabelo > Condicionador;glúten;1226643509451;23/02/2022
BR-02862;Plexum Rice Cakes;Plexum;75 mL;7.05;Alimentos > Petiscos;trigo,peixe,gergelim,ovos;2477603828078;15/10/2018
BR-02863;Brightway Moisturising Body Wash;Brightway;200 mL;8.82;Cuidados Pessoais > Banho;gergelim,peixe,amendoim,leite;7939969793391;11/04/2020
BR-02864;Serafix Hydrating Face Wash;Serafix;150 mL;17.64;Cuidados Pessoais > Rosto > Limpeza;peixe,gergelim,soja;8689825817387;12/11/2022
BR-02865;Motivo Liquid Laundry Detergent;Motivo;250 mL;3.53;Casa > Lavanderia;soja;5079937873525;12/04/2019
BR-02866;TEST-Alteva Eco Dish Liquid;Alteva;50 mL;10.58;Casa > Limpeza > Louças;amendoim,peixe,leite,castanhas;3342995086728;24/09/2019
BR-02867;Kaleo Foaming Hand Wash;Kaleo;500 mL;2.65;Cuidados Pessoais > Sabonete Líquido;;7677786739719;23/12/2023
BR-02868;Vanta Colour Protect Shampoo;Vanta;250 mL;14.11;Cuidados Pessoais > Cabelo > Shampoo;peixe,gergelim;9933053740627;15/11/2020
BR-02869;Glova Volumising Conditioner;Glova;50 mL;5.29;Cuidados Pessoais > Cabelo > Condicionador;trigo;4877365188492;31/03/2019
02870;Purelix Eco Dish Liquid;Purelix;300 mL;2.65;Casa > Limpeza > Louças;trigo;9406357247630;27/11/2021
BR-02871;Cladis Kitchen Cleaner;Cladis;1000 mL;17.64;Casa > Limpeza > Superfícies;leite,glúten;7284385800995;24/09/2023
BR-02872;Solvix Foaming Hand Wash;Solvix;750 mL;3.53;Cuidados Pessoais > Sabonete Líquido;castanhas,leite;5149048735972;15/03/2022
BR-02873;Elaris Night Cream;Elaris;250 mL;5.29;Cuidados Pessoais > Rosto > Hidratação;amendoim,peixe,ovos;0779977222264;13/06/2021
BR-02874;Krisol Antibacterial Hand Wash;Krisol;250 mL;5.29;Cuidados Pessoais > Sabonete Líquido;leite;0270275076974;25/11/2022
BR-02875;Cristalix Oat Protein Bar;Cristalix;500 mL;1.76;Alimentos > Petiscos;ovos,amendoim;5386901681209;02/08/2023
BR-02876;Oralix 24hr Roll-On Deodorant;Oralix;50 mL;10.58;Cuidados Pessoais > Desodorante;glúten,ovos,castanhas,trigo;8593922445568;19/10/2021
BR-02877;Kaleo Leave-In Conditioner;Kaleo;100 mL;2.65;Cuidados Pessoais > Cabelo > Condicionador;gergelim,amendoim;4139995176998;26/03/2020
BR-02878;Cristalix Gentle Face Wash;Cristalix;500 mL;2.65;Cuidados Pessoais > Rosto > Limpeza;peixe,castanhas;9070569510631;12/08/2022
BR-02879;Tresol Hydrating Shampoo;Tresol;500 mL;14.11;Cuidados Pessoais > Cabelo > Shampoo;leite,glúten;1173069938214;02/02/2021
BR-02880;Novix 48hr Spray Deodorant;Novix;400 mL;17.64;Cuidados Pessoais > Desodorante;glúten,peixe,trigo,amendoim;9302840521853;13/07/2018
BR-02881;Oralix Sensitive Deodorant;Oralix;500 mL;5.29;Cuidados Pessoais > Desodorante;;9126048589657;15/12/2020
BR-02882;Purevex Eco Dish Liquid;Purevex;500 mL;7.05;Casa > Limpeza > Louças;leite,soja;8654719270548;22/09/2023
BR-02883;Alteva Bathroom Cleaner;Alteva;400 mL;1.76;Casa > Limpeza > Superfícies;peixe,glúten;2300560944614;17/01/2022
BR-02884;Tresol Moisturising Body Wash;Tresol;1000 mL;5.29;Cuidados Pessoais > Banho;leite,peixe;6566050590853;07/03/2022
BR-02885;Sovara Rice Cakes;Sovara;250 mL;14.11;Alimentos > Petiscos;glúten,soja,crustáceos,amendoim;3919474372995;20/06/2018
BR-02886;Toreva Mixed Nuts Blend;Toreva;100 mL;2.65;Alimentos > Petiscos;peixe,leite,ovos,gergelim;2764714243211;17/02/2019
BR-02887;Oralix Colour Protect Shampoo;Oralix;100 mL;10.58;Cuidados Pessoais > Cabelo > Shampoo;trigo,soja,crustáceos;7381330983144;24/02/2022
BR-02888;Solaris Leave-In Conditioner;Solaris;500 mL;1.76;Cuidados Pessoais > Cabelo > Condicionador;amendoim;6332874256561;28/05/2022
BR-02889;Vanta Aloe Hand Wash;Vanta;1000 mL;8.82;Cuidados Pessoais > Sabonete Líquido;leite,glúten,gergelim,castanhas;5895381575019;10/07/2021
BR-02890;Solvix Night Cream;Solvix;500 mL;8.82;Cuidados Pessoais > Rosto > Hidratação;gergelim,ovos,leite;7794914881512;23/04/2021
BR-02891;Purelix Intensive Moisturiser;Purelix;75 mL;8.82;Cuidados Pessoais > Rosto > Hidratação;ovos,crustáceos;1006562666882;22/01/2022
BR-02892;Polvera SPF Moisturiser;Polvera;250 mL;5.29;Cuidados Pessoais > Rosto > Hidratação;soja,crustáceos,gergelim;6659959902343;27/02/2021
BR-02893;Luxara Leave-In Conditioner;Luxara;75 mL;10.58;Cuidados Pessoais > Cabelo > Condicionador;trigo;6648491861461;19/10/2019
BR-02894;TEST-Plexum Stain Remover;Plexum;300 mL;5.29;Casa > Lavanderia;gergelim,leite;5331513135619;24/03/2019
BR-02895;DUMMY-Nexpur Multi-Surface Spray;Nexpur;400 mL;17.64;Casa > Limpeza > Superfícies;crustáceos,soja;4479372239176;07/04/2022
BR-02896;Nuarix Colour Protect Shampoo;Nuarix;300 mL;17.64;Cuidados Pessoais > Cabelo > Shampoo;trigo;5885843135745;03/03/2018
BR-02897;Frostine Laundry Capsules;Frostine;400 mL;7.05;Casa > Lavanderia;;7397296175653;05/12/2022
BR-02898;Clarity Disinfectant Spray;Clarity;50 mL;10.58;Casa > Limpeza > Superfícies;;8344251180954;03/12/2020
BR-02899;Purevex Sport Deodorant;Purevex;750 mL;3.53;Cuidados Pessoais > Desodorante;ovos,castanhas;2863484016176;16/07/2018
BR-02900;Verdant Hot Chilli Sauce;Verdant;750 mL;2.65;Alimentos > Condimentos;amendoim,castanhas;3375201569142;19/11/2022
BR-02901;Motivo Tomato Ketchup;Motivo;1000 mL;7.05;Alimentos > Condimentos;;5733768409130;30/12/2020
BR-02902;Primus Repair Shampoo;Primus;75 mL;1.76;Cuidados Pessoais > Cabelo > Shampoo;peixe,crustáceos,trigo;5714514951493;11/01/2022
BR-02903;Arovia Whitening Deodorant;Arovia;150 mL;17.64;Cuidados Pessoais > Desodorante;soja,peixe,leite;7296618084386;26/10/2023
BR-02904;Novix Repair Shampoo;Novix;200 mL;17.64;Cuidados Pessoais > Cabelo > Shampoo;crustáceos;2309907046448;26/10/2021
BR-02905;Luminos Refreshing Shower Gel;Luminos;1000 mL;1.76;Cuidados Pessoais > Banho;leite,amendoim,castanhas;1990818733001;28/12/2019
BR-02906;Cristalix Glass Cleaner;Cristalix;100 mL;14.11;Casa > Limpeza > Superfícies;trigo;3736950432604;21/09/2021
BR-02907;Verdant Dish Liquid;Verdant;400 mL;5.29;Casa > Limpeza > Louças;soja,castanhas;2265493053973;17/02/2020
BR-02908;Solven SPF Moisturiser;Solven;150 mL;8.82;Cuidados Pessoais > Rosto > Hidratação;glúten,peixe,amendoim,ovos;6060098972744;15/02/2018
BR-02909;DUMMY-Helix Granola Bar;Helix;200 mL;5.29;Alimentos > Petiscos;;6411991365643;22/07/2018
BR-02910;Nuarix Mayonnaise;Nuarix;250 mL;7.05;Alimentos > Condimentos;peixe;0062892238435;14/01/2022
BR-02911;Lumeva Disinfectant Spray;Lumeva;150 mL;17.64;Casa > Limpeza > Superfícies;castanhas,amendoim,glúten,gergelim;9225174752949;29/12/2022
BR-02912;Cladis Bathroom Cleaner;Cladis;250 mL;8.82;Casa > Limpeza > Superfícies;;2889563836763;01/10/2022
BR-02913;Oralix Sensitive Deodorant;Oralix;150 mL;2.65;Cuidados Pessoais > Desodorante;;1221338753423;29/10/2018
BR-02914;Tolvex SPF Moisturiser;Tolvex;500 mL;5.29;Cuidados Pessoais > Rosto > Hidratação;amendoim,castanhas;7498839683823;22/01/2022
BR-02915;Elaris Repair Conditioner;Elaris;150 mL;1.76;Cuidados Pessoais > Cabelo > Condicionador;soja,castanhas,glúten,peixe;5215173466064;22/12/2023
BR-02916;Teraxis Oat Protein Bar;Teraxis;750 mL;3.53;Alimentos > Petiscos;crustáceos,ovos;5756108010308;27/10/2019
BR-02917;Hevara Deep Conditioner;Hevara;100 mL;5.29;Cuidados Pessoais > Cabelo > Condicionador;castanhas,glúten,ovos,crustáceos;1698323285410;08/12/2020
BR-02918;Purelix Leave-In Conditioner;Purelix;150 mL;3.53;Cuidados Pessoais > Cabelo > Condicionador;trigo,ovos,amendoim;4537150451964;24/06/2023
BR-02919;Solaris Laundry Capsules;Solaris;500 mL;17.64;Casa > Lavanderia;;1159132684233;18/12/2019
BR-02920;Serafix Rice Cakes;Serafix;250 mL;8.82;Alimentos > Petiscos;peixe,leite;3369310571974;10/10/2020
BR-02921;Hevara Leave-In Conditioner;Hevara;500 mL;2.65;Cuidados Pessoais > Cabelo > Condicionador;amendoim,castanhas;5278762602359;26/10/2022
BR-02922;Solvix Daily Moisturiser;Solvix;750 mL;5.29;Cuidados Pessoais > Rosto > Hidratação;;9998689195074;24/11/2022
BR-02923;Cladis Disinfectant Spray;Cladis;750 mL;5.29;Casa > Limpeza > Superfícies;ovos,glúten,amendoim,crustáceos;7461231900249;08/01/2019
BR-02924;Glova Sport Deodorant;Glova;400 mL;8.82;Cuidados Pessoais > Desodorante;peixe,soja,crustáceos,ovos;5332702899664;15/11/2022
BR-02925;Novix Laundry Capsules;Novix;250 mL;17.64;Casa > Lavanderia;soja,ovos;1621065149474;26/04/2020
BR-02926;Glicen Heavy Duty Dish Soap;Glicen;250 mL;7.05;Casa > Limpeza > Louças;ovos;0557710302752;25/08/2022
BR-02927;Teraxis Sensitive Skin Body Wash;Teraxis;500 mL;8.82;Cuidados Pessoais > Banho;peixe,crustáceos,soja,trigo;8434231494529;20/02/2019
BR-02928;Hevara Repair Conditioner;Hevara;500 mL;10.58;Cuidados Pessoais > Cabelo > Condicionador;;6209818040992;18/04/2019
BR-02929;Frostine 24hr Roll-On Deodorant;Frostine;75 mL;7.05;Cuidados Pessoais > Desodorante;glúten,soja,peixe,castanhas;5085013474296;03/07/2022
BR-02930;Verdant Exfoliating Face Scrub;Verdant;75 mL;3.53;Cuidados Pessoais > Rosto > Limpeza;peixe;4725439245391;18/06/2022
BR-02931;Tresol Nourishing Body Cleanser;Tresol;200 mL;1.76;Cuidados Pessoais > Banho;ovos,crustáceos,amendoim,castanhas;4253968527683;26/12/2019
BR-02932;Solven Sensitive Skin Body Wash;Solven;500 mL;17.64;Cuidados Pessoais > Banho;;2246614280973;07/01/2018
BR-02933;Aevum Deep Conditioner;Aevum;400 mL;1.76;Cuidados Pessoais > Cabelo > Condicionador;peixe,soja,castanhas,glúten;1591175331703;09/07/2019
BR-02934;Aurova Mustard Sauce;Aurova;150 mL;14.11;Alimentos > Condimentos;crustáceos,leite,peixe,gergelim;4377587253713;10/07/2023
BR-02935;Solvix Deep Conditioner;Solvix;75 mL;8.82;Cuidados Pessoais > Cabelo > Condicionador;soja;3003256964741;03/10/2018
BR-02936;Purevex Oil Control Face Wash;Purevex;75 mL;8.82;Cuidados Pessoais > Rosto > Limpeza;;9683948422663;19/03/2020
02937;Frostine Anti-Dandruff Shampoo;Frostine;150 mL;1.76;Cuidados Pessoais > Cabelo > Shampoo;glúten,leite,soja,castanhas;4913156536674;27/12/2018
BR-02938;Frostine Exfoliating Face Scrub;Frostine;300 mL;5.29;Cuidados Pessoais > Rosto > Limpeza;ovos,amendoim;5228232534857;05/02/2020
BR-02939;Orinum Oat Protein Bar;Orinum;750 mL;5.29;Alimentos > Petiscos;glúten,peixe;5775833521972;01/01/2018
BR-02940;Elaris Hot Chilli Sauce;Elaris;50 mL;10.58;Alimentos > Condimentos;ovos,trigo;3154024478301;28/01/2023
BR-02941;Solven 24hr Roll-On Deodorant;Solven;300 mL;5.29;Cuidados Pessoais > Desodorante;crustáceos;0349141052692;14/06/2022
BR-02942;Frostine Exfoliating Face Scrub;Frostine;100 mL;14.11;Cuidados Pessoais > Rosto > Limpeza;ovos;2645436768797;11/11/2022
BR-02943;Motivo Bathroom Cleaner;Motivo;400 mL;3.53;Casa > Limpeza > Superfícies;glúten,gergelim,peixe;3013332798825;23/01/2019
BR-02944;Nexpur Multi-Surface Spray;Nexpur;1000 mL;10.58;Casa > Limpeza > Superfícies;ovos,peixe,glúten;4949185147567;20/05/2019
BR-02945;Aurova Antibacterial Hand Wash;Aurova;500 mL;7.05;Cuidados Pessoais > Sabonete Líquido;castanhas,trigo,peixe,leite;6822879561413;14/02/2018
02946;Motivo Heavy Duty Dish Soap;Motivo;75 mL;8.82;Casa > Limpeza > Louças;trigo,soja,glúten,castanhas;5789088506905;23/02/2020
BR-02947;Elaris Refreshing Shower Gel;Elaris;400 mL;2.65;Cuidados Pessoais > Banho;;2027302385954;03/02/2019
BR-02948;Frosten Mixed Nuts Blend;Frosten;1000 mL;3.53;Alimentos > Petiscos;;7223033582333;11/01/2022
BR-02949;Nuarix Hydrating Shampoo;Nuarix;75 mL;5.29;Cuidados Pessoais > Cabelo > Shampoo;glúten,crustáceos,gergelim,peixe;3879278767826;04/10/2020
BR-02950;Teraxis Antibacterial Hand Wash;Teraxis;500 mL;7.05;Cuidados Pessoais > Sabonete Líquido;trigo;9665144486571;14/01/2021
BR-02951;Cladis Gentle Face Wash;Cladis;100 mL;1.76;Cuidados Pessoais > Rosto > Limpeza;gergelim,ovos,amendoim;8499198720296;07/10/2023
BR-02952;Aurova Hydrating Shampoo;Aurova;50 mL;1.76;Cuidados Pessoais > Cabelo > Shampoo;amendoim,soja,gergelim,glúten;1419811796337;28/03/2018
BR-02953;Zephyr Mustard Sauce;Zephyr;400 mL;7.05;Alimentos > Condimentos;castanhas,leite,amendoim,trigo;3271929802847;16/12/2020
BR-02954;TEST-Helix Repair Shampoo;Helix;1000 mL;10.58;Cuidados Pessoais > Cabelo > Shampoo;soja,peixe,trigo,crustáceos;0885163238138;01/07/2023
BR-02955;Velaris Nourishing Body Cleanser;Velaris;1000 mL;7.05;Cuidados Pessoais > Banho;;0376226594150;11/06/2019
BR-02956;Aurova Whitening Deodorant;Aurova;500 mL;8.82;Cuidados Pessoais > Desodorante;;6357811644669;12/08/2023
BR-02957;Solven Intensive Moisturiser;Solven;150 mL;3.53;Cuidados Pessoais > Rosto > Hidratação;leite,ovos,glúten,gergelim;9158511858113;06/08/2018
BR-02958;Motivo Anti-Dandruff Shampoo;Motivo;50 mL;3.53;Cuidados Pessoais > Cabelo > Shampoo;castanhas;3596828901409;11/04/2019
BR-02959;Qualis Leave-In Conditioner;Qualis;300 mL;5.29;Cuidados Pessoais > Cabelo > Condicionador;;6766027168928;13/03/2023
BR-02960;Luxara Stain Remover;Luxara;200 mL;14.11;Casa > Lavanderia;crustáceos,ovos,gergelim,peixe;9383477051043;27/04/2023
BR-02961;Teraxis Gentle Face Wash;Teraxis;500 mL;1.76;Cuidados Pessoais > Rosto > Limpeza;gergelim;2131148241432;27/03/2018
BR-02962;Frostine SPF Moisturiser;Frostine;300 mL;14.11;Cuidados Pessoais > Rosto > Hidratação;glúten,amendoim,trigo,peixe;5963490019769;25/11/2023
BR-02963;Plexum Oat Protein Bar;Plexum;150 mL;7.05;Alimentos > Petiscos;leite,glúten;4195113030764;18/05/2022
BR-02964;Zephyr Repair Shampoo;Zephyr;300 mL;2.65;Cuidados Pessoais > Cabelo > Shampoo;peixe,gergelim,amendoim;6482098728488;18/10/2018
BR-02965;Novix Liquid Laundry Detergent;Novix;300 mL;10.58;Casa > Lavanderia;trigo,soja,amendoim,glúten;4055724772135;07/08/2022
BR-02966;Brightway Exfoliating Face Scrub;Brightway;50 mL;2.65;Cuidados Pessoais > Rosto > Limpeza;leite,amendoim,gergelim;1723190170665;29/11/2023
BR-02967;Orinum Moisturising Hand Wash;Orinum;100 mL;2.65;Cuidados Pessoais > Sabonete Líquido;castanhas,gergelim,soja,peixe;5840470571267;25/07/2021
BR-02968;Motivo Fragrance-Free Hand Wash;Motivo;200 mL;2.65;Cuidados Pessoais > Sabonete Líquido;castanhas,peixe,gergelim;6715711120704;05/03/2019
02969;Nuarix Liquid Laundry Detergent;Nuarix;250 mL;17.64;Casa > Lavanderia;soja,castanhas,peixe,glúten;9262552576155;26/04/2018
BR-02970;Serafix Mixed Nuts Blend;Serafix;250 mL;17.64;Alimentos > Petiscos;gergelim,leite;8618683043423;22/10/2019
BR-02971;Polvera Eco Dish Liquid;Polvera;400 mL;17.64;Casa > Limpeza > Louças;soja,trigo;1013398930902;23/02/2021
BR-02972;Cristalix Moisturising Body Wash;Cristalix;400 mL;10.58;Cuidados Pessoais > Banho;gergelim,amendoim;9014056502570;24/06/2023
BR-02973;Vanta Sensitive Skin Body Wash;Vanta;750 mL;8.82;Cuidados Pessoais > Banho;leite,trigo,crustáceos,castanhas;9904636919914;16/10/2023
BR-02974;Purelix Hydrating Face Wash;Purelix;200 mL;17.64;Cuidados Pessoais > Rosto > Limpeza;soja,peixe,trigo,glúten;9616367717751;29/01/2020
BR-02975;Hevara Heavy Duty Dish Soap;Hevara;1000 mL;7.05;Casa > Limpeza > Louças;peixe;9154897881417;21/07/2019
BR-02976;Nexpur SPF Moisturiser;Nexpur;400 mL;14.11;Cuidados Pessoais > Rosto > Hidratação;;5087550562443;29/12/2023
BR-02977;Tolvex Colour Protect Shampoo;Tolvex;500 mL;17.64;Cuidados Pessoais > Cabelo > Shampoo;crustáceos,gergelim,castanhas;0139193870746;27/11/2018
BR-02978;Luminos Night Cream;Luminos;75 mL;5.29;Cuidados Pessoais > Rosto > Hidratação;glúten,gergelim;4382814046242;29/04/2023
BR-02979;Solvix Laundry Capsules;Solvix;150 mL;8.82;Casa > Lavanderia;trigo,soja,peixe;2733089034540;23/06/2021
BR-02980;Elaris Aloe Hand Wash;Elaris;150 mL;3.53;Cuidados Pessoais > Sabonete Líquido;;0954968617735;23/08/2018
BR-02981;Zephyr Disinfectant Spray;Zephyr;750 mL;2.65;Casa > Limpeza > Superfícies;glúten,gergelim,amendoim,soja;7617099511039;09/12/2021
BR-02982;Toreva Moisturising Hand Wash;Toreva;400 mL;10.58;Cuidados Pessoais > Sabonete Líquido;ovos;0902805795504;09/04/2018
BR-02983;Frostine Nourishing Body Cleanser;Frostine;200 mL;2.65;Cuidados Pessoais > Banho;peixe,glúten;3057275622021;11/04/2019
BR-02984;Novix Bathroom Cleaner;Novix;750 mL;3.53;Casa > Limpeza > Superfícies;soja,leite,castanhas,ovos;7013760720326;17/02/2021
BR-02985;Serafix Stain Remover;Serafix;100 mL;5.29;Casa > Lavanderia;crustáceos,castanhas,peixe;7794668532418;17/04/2021
BR-02986;Brightway Fabric Softener;Brightway;300 mL;17.64;Casa > Lavanderia;;7574658578561;10/05/2021
BR-02987;Arovia 24hr Roll-On Deodorant;Arovia;750 mL;3.53;Cuidados Pessoais > Desodorante;trigo,crustáceos;9346829851654;15/08/2019
BR-02988;Solaris Smooth & Shine Conditioner;Solaris;150 mL;8.82;Cuidados Pessoais > Cabelo > Condicionador;;1877863414485;14/05/2023
BR-02989;Orinum Hot Chilli Sauce;Orinum;200 mL;14.11;Alimentos > Condimentos;soja,crustáceos,ovos;0318872779604;06/08/2022
BR-02990;Primus Vinegar Dressing;Primus;500 mL;10.58;Alimentos > Condimentos;amendoim,trigo,leite;5057846221637;08/12/2020
BR-02991;Helix Fragrance-Free Hand Wash;Helix;500 mL;10.58;Cuidados Pessoais > Sabonete Líquido;ovos,castanhas;3121413829877;12/07/2018
BR-02992;Polvera Laundry Capsules;Polvera;500 mL;10.58;Casa > Lavanderia;ovos,amendoim;6601705939677;01/06/2018
BR-02993;Vivara Anti-Dandruff Shampoo;Vivara;100 mL;3.53;Cuidados Pessoais > Cabelo > Shampoo;amendoim,ovos,trigo;4655295787356;15/04/2019
BR-02994;Cristalix Aloe Hand Wash;Cristalix;100 mL;1.76;Cuidados Pessoais > Sabonete Líquido;trigo;7113180021499;27/10/2023
BR-02995;Glicen Moisturising Body Wash;Glicen;500 mL;7.05;Cuidados Pessoais > Banho;castanhas,glúten,gergelim;7734328239134;06/06/2019
BR-02996;DUMMY-Luxara Tomato Ketchup;Luxara;1000 mL;5.29;Alimentos > Condimentos;peixe,amendoim,soja;5980846987329;31/01/2023
BR-02997;Nuvelo Whitening Deodorant;Nuvelo;250 mL;10.58;Cuidados Pessoais > Desodorante;crustáceos;1370244698455;30/04/2018
BR-02998;Motivo Dish Liquid;Motivo;300 mL;1.76;Casa > Limpeza > Louças;amendoim,crustáceos,soja,leite;6264658899872;28/12/2019
BR-02999;Krisol SPF Moisturiser;Krisol;200 mL;10.58;Cuidados Pessoais > Rosto > Hidratação;ovos;2842092749393;01/07/2018
BR-03000;Helix Eco Dish Liquid;Helix;1000 mL;2.65;Casa > Limpeza > Louças;trigo;0215128513688;16/02/2021
BR-03001;Elaris Nourishing Body Cleanser;Elaris;75 mL;10.58;Cuidados Pessoais > Banho;trigo,soja;7008777519001;22/04/2020
BR-03002;Glicen Leave-In Conditioner;Glicen;300 mL;1.76;Cuidados Pessoais > Cabelo > Condicionador;soja,amendoim,crustáceos;8432674846431;14/11/2018
BR-03003;Tresol Refreshing Shower Gel;Tresol;150 mL;5.29;Cuidados Pessoais > Banho;castanhas,amendoim,soja,crustáceos;6730585821960;11/02/2021
BR-03004;Lumeva Whitening Deodorant;Lumeva;300 mL;17.64;Cuidados Pessoais > Desodorante;trigo;4312125588988;11/03/2020
BR-03005;Nexpur Oat Protein Bar;Nexpur;150 mL;1.76;Alimentos > Petiscos;gergelim,ovos,amendoim;1257067077929;14/05/2021
BR-03006;Frostine SPF Moisturiser;Frostine;400 mL;8.82;Cuidados Pessoais > Rosto > Hidratação;crustáceos,ovos,gergelim,glúten;1568731024263;26/04/2021
BR-03007;Glicen Whitening Deodorant;Glicen;300 mL;5.29;Cuidados Pessoais > Desodorante;amendoim,peixe,glúten,trigo;8310903585873;08/07/2019
BR-03008;Solvix Moisturising Hand Wash;Solvix;100 mL;14.11;Cuidados Pessoais > Sabonete Líquido;leite,trigo;7192642102389;03/12/2022
BR-03009;Luxara Smooth & Shine Conditioner;Luxara;50 mL;14.11;Cuidados Pessoais > Cabelo > Condicionador;peixe;6497069599011;16/07/2022
BR-03010;Plexum Mustard Sauce;Plexum;1000 mL;5.29;Alimentos > Condimentos;castanhas;3950211187007;17/01/2018
BR-03011;Tresol Sensitive Skin Body Wash;Tresol;100 mL;3.53;Cuidados Pessoais > Banho;castanhas;5322089395606;08/12/2023
BR-03012;Luminos Eco Dish Liquid;Luminos;200 mL;10.58;Casa > Limpeza > Louças;ovos,crustáceos,glúten;0147824759919;14/05/2019
BR-03013;Clarity Kitchen Cleaner;Clarity;50 mL;10.58;Casa > Limpeza > Superfícies;castanhas,leite,peixe;8885760273169;23/03/2018
BR-03014;Oralix Brightening Face Wash;Oralix;100 mL;7.05;Cuidados Pessoais > Rosto > Limpeza;leite,peixe;3270524169454;02/11/2022
BR-03015;Novix Intensive Moisturiser;Novix;300 mL;10.58;Cuidados Pessoais > Rosto > Hidratação;peixe,amendoim,glúten;9142840000138;22/12/2022
BR-03016;Orinum Night Cream;Orinum;500 mL;7.05;Cuidados Pessoais > Rosto > Hidratação;ovos,leite,crustáceos;3823225833768;05/11/2019
BR-03017;Aurova Mayonnaise;Aurova;150 mL;7.05;Alimentos > Condimentos;leite,ovos;5417765786615;23/06/2018
BR-03018;Vanta Salted Crackers;Vanta;50 mL;8.82;Alimentos > Petiscos;ovos,glúten,peixe,gergelim;4793933489146;18/08/2018
BR-03019;Frosten Volumising Conditioner;Frosten;1000 mL;10.58;Cuidados Pessoais > Cabelo > Condicionador;ovos;5558008757570;07/09/2021
BR-03020;Glova Volumising Shampoo;Glova;500 mL;5.29;Cuidados Pessoais > Cabelo > Shampoo;trigo,soja,crustáceos,leite;8444685013818;28/09/2020
BR-03021;Hevara Fabric Softener;Hevara;1000 mL;7.05;Casa > Lavanderia;;8429326457015;09/04/2023
BR-03022;Plexum Kitchen Cleaner;Plexum;400 mL;1.76;Casa > Limpeza > Superfícies;;0653605497128;22/04/2023
BR-03023;Helix Dishwasher Tablets;Helix;1000 mL;1.76;Casa > Limpeza > Louças;trigo,peixe,glúten,castanhas;7756999060411;02/09/2023
BR-03024;Motivo Aloe Hand Wash;Motivo;50 mL;8.82;Cuidados Pessoais > Sabonete Líquido;peixe,ovos,gergelim;8289210758648;17/06/2020
BR-03025;Cristalix Whitening Deodorant;Cristalix;50 mL;14.11;Cuidados Pessoais > Desodorante;soja,glúten;6314928969184;14/07/2022
BR-03026;Toreva Repair Shampoo;Toreva;1000 mL;10.58;Cuidados Pessoais > Cabelo > Shampoo;peixe,soja,amendoim,trigo;4964220699252;06/11/2021
BR-03027;Oralix Laundry Powder;Oralix;50 mL;5.29;Casa > Lavanderia;gergelim,leite;8756344910889;26/11/2021
BR-03028;Luxara Brightening Face Wash;Luxara;500 mL;5.29;Cuidados Pessoais > Rosto > Limpeza;;9272778340799;09/02/2020
BR-03029;Helix Smooth & Shine Conditioner;Helix;500 mL;2.65;Cuidados Pessoais > Cabelo > Condicionador;crustáceos,ovos,glúten;7110340207366;28/09/2018
BR-03030;Toreva Bathroom Cleaner;Toreva;400 mL;7.05;Casa > Limpeza > Superfícies;;7918480000010;21/07/2020
BR-03031;Solvix Gentle Face Wash;Solvix;1000 mL;3.53;Cuidados Pessoais > Rosto > Limpeza;;4890401139210;26/12/2021
BR-03032;Glicen Vinegar Dressing;Glicen;75 mL;3.53;Alimentos > Condimentos;crustáceos,trigo,amendoim;4376456184684;09/02/2019
BR-03033;Tolvex Whitening Deodorant;Tolvex;150 mL;5.29;Cuidados Pessoais > Desodorante;castanhas,crustáceos,amendoim;7091487192909;24/09/2023
BR-03034;Alteva Oil Control Face Wash;Alteva;100 mL;10.58;Cuidados Pessoais > Rosto > Limpeza;peixe,ovos;9789681266691;30/04/2019
BR-03035;Clarity Aloe Hand Wash;Clarity;100 mL;14.11;Cuidados Pessoais > Sabonete Líquido;leite,gergelim,peixe;6574865977592;16/03/2023
BR-03036;XXX-Velaris Glass Cleaner;Velaris;150 mL;17.64;Casa > Limpeza > Superfícies;;0750682337337;05/09/2020
BR-03037;Arovia Intensive Moisturiser;Arovia;200 mL;2.65;Cuidados Pessoais > Rosto > Hidratação;peixe;7886570738542;08/07/2022
BR-03038;XXX-Brightway Nourishing Body Cleanser;Brightway;75 mL;14.11;Cuidados Pessoais > Banho;trigo;1330587892880;03/03/2018
BR-03039;Frosten Leave-In Conditioner;Frosten;1000 mL;8.82;Cuidados Pessoais > Cabelo > Condicionador;crustáceos,peixe;9308883707995;08/10/2018
BR-03040;Glicen Oat Protein Bar;Glicen;50 mL;10.58;Alimentos > Petiscos;soja;1543449197478;13/01/2018
BR-03041;DUMMY-Elaris Vinegar Dressing;Elaris;500 mL;10.58;Alimentos > Condimentos;ovos,glúten,crustáceos;2498596343652;12/07/2018
BR-03042;Solven Rinse Aid;Solven;300 mL;3.53;Casa > Limpeza > Louças;crustáceos,trigo,amendoim;0896287013211;05/03/2022
BR-03043;Orinum Foaming Hand Wash;Orinum;50 mL;2.65;Cuidados Pessoais > Sabonete Líquido;ovos,gergelim,crustáceos,leite;7104599920718;14/10/2023
BR-03044;Polvera Eco Dish Liquid;Polvera;50 mL;3.53;Casa > Limpeza > Louças;ovos;3189605034614;04/01/2019
BR-03045;Elaris Kitchen Cleaner;Elaris;75 mL;14.11;Casa > Limpeza > Superfícies;ovos,amendoim;6554512335593;04/11/2018
BR-03046;Tolvex Fragrance-Free Hand Wash;Tolvex;750 mL;2.65;Cuidados Pessoais > Sabonete Líquido;peixe,glúten;3036338648659;20/03/2018
BR-03047;TEST-Elaris Deep Clean Body Wash;Elaris;200 mL;5.29;Cuidados Pessoais > Banho;trigo,castanhas;0191653647060;18/11/2022
BR-03048;Teraxis Heavy Duty Dish Soap;Teraxis;1000 mL;14.11;Casa > Limpeza > Louças;gergelim,ovos,soja;4145244864912;19/07/2021
BR-03049;Luminos Brightening Face Wash;Luminos;750 mL;1.76;Cuidados Pessoais > Rosto > Limpeza;soja,castanhas;1840639294659;07/02/2019
BR-03050;TEST-Cryston Oil Control Face Wash;Cryston;75 mL;1.76;Cuidados Pessoais > Rosto > Limpeza;;4991264384707;06/02/2019
BR-03051;Gleam Dishwasher Tablets;Gleam;50 mL;8.82;Casa > Limpeza > Louças;;9163392362598;20/06/2020
BR-03052;Sovara Smooth & Shine Conditioner;Sovara;250 mL;14.11;Cuidados Pessoais > Cabelo > Condicionador;;1924912830069;11/12/2019
BR-03053;Glova Hydrating Face Wash;Glova;500 mL;5.29;Cuidados Pessoais > Rosto > Limpeza;trigo,amendoim,castanhas,leite;6791776196076;16/12/2018
BR-03054;Brightway Repair Shampoo;Brightway;750 mL;3.53;Cuidados Pessoais > Cabelo > Shampoo;soja;5913353153567;18/11/2019
BR-03055;Cryston Oat Protein Bar;Cryston;100 mL;7.05;Alimentos > Petiscos;leite,amendoim;0941477168285;11/12/2019
BR-03056;Gleam Colour Protect Shampoo;Gleam;100 mL;7.05;Cuidados Pessoais > Cabelo > Shampoo;peixe,gergelim;2163629703863;12/03/2021
BR-03057;XXX-Plexum Hot Chilli Sauce;Plexum;100 mL;3.53;Alimentos > Condimentos;trigo;2426378368128;26/10/2021
BR-03058;Elaris Daily Moisturiser;Elaris;250 mL;3.53;Cuidados Pessoais > Rosto > Hidratação;crustáceos,gergelim,amendoim,soja;5904474176436;23/01/2021
BR-03059;Zephyr Daily Moisturiser;Zephyr;250 mL;14.11;Cuidados Pessoais > Rosto > Hidratação;amendoim,leite,peixe,castanhas;5253293244483;08/08/2020
BR-03060;Glova SPF Moisturiser;Glova;750 mL;8.82;Cuidados Pessoais > Rosto > Hidratação;leite,gergelim;9775472815704;19/10/2022
BR-03061;Zenpur Moisturising Hand Wash;Zenpur;50 mL;2.65;Cuidados Pessoais > Sabonete Líquido;trigo,glúten,leite;4377149487242;23/10/2023
BR-03062;Tresol Lightweight Lotion;Tresol;300 mL;2.65;Cuidados Pessoais > Rosto > Hidratação;trigo,gergelim;3056820808200;26/04/2023
BR-03063;Zephyr Vinegar Dressing;Zephyr;750 mL;17.64;Alimentos > Condimentos;trigo,glúten,leite,amendoim;2521094235478;02/12/2018
BR-03064;Glicen Gentle Face Wash;Glicen;100 mL;14.11;Cuidados Pessoais > Rosto > Limpeza;trigo,leite,glúten,crustáceos;1002279825796;01/10/2023
BR-03065;Qualis Laundry Powder;Qualis;750 mL;7.05;Casa > Lavanderia;trigo;6032240807709;21/02/2018
BR-03066;Arovia Exfoliating Face Scrub;Arovia;500 mL;2.65;Cuidados Pessoais > Rosto > Limpeza;ovos,castanhas,leite;6852460888957;25/10/2019
BR-03067;Novix Tomato Ketchup;Novix;250 mL;2.65;Alimentos > Condimentos;ovos,trigo;2866009997493;23/02/2021
BR-03068;Arovia Hydrating Shampoo;Arovia;400 mL;2.65;Cuidados Pessoais > Cabelo > Shampoo;glúten,leite;3648737259017;21/08/2019
BR-03069;Clarity Whitening Deodorant;Clarity;300 mL;17.64;Cuidados Pessoais > Desodorante;gergelim,soja;4329786715424;23/10/2021
BR-03070;Aevum Vinegar Dressing;Aevum;250 mL;14.11;Alimentos > Condimentos;;9477007191030;10/02/2022
03071;Cladis Oil Control Face Wash;Cladis;150 mL;8.82;Cuidados Pessoais > Rosto > Limpeza;trigo,ovos,crustáceos,gergelim;3405155886634;28/03/2019
BR-03072;Polvera Mustard Sauce;Polvera;150 mL;17.64;Alimentos > Condimentos;leite,peixe,ovos;1542118895943;15/04/2019
BR-03073;Glicen Dishwasher Tablets;Glicen;300 mL;8.82;Casa > Limpeza > Louças;castanhas,ovos,crustáceos,gergelim;3666481431374;16/12/2020
BR-03074;Nuarix Moisturising Body Wash;Nuarix;75 mL;17.64;Cuidados Pessoais > Banho;;1106382244328;24/04/2022
BR-03075;Clarity Sport Deodorant;Clarity;250 mL;2.65;Cuidados Pessoais > Desodorante;glúten,gergelim,ovos,castanhas;9785517915436;30/06/2022
BR-03076;Vanta Eco Dish Liquid;Vanta;1000 mL;5.29;Casa > Limpeza > Louças;castanhas,amendoim;8930494080917;18/05/2018
BR-03077;Frosten Deep Clean Body Wash;Frosten;250 mL;10.58;Cuidados Pessoais > Banho;gergelim,ovos,soja,glúten;3167926640301;05/01/2023
BR-03078;Qualis 24hr Roll-On Deodorant;Qualis;750 mL;1.76;Cuidados Pessoais > Desodorante;amendoim,leite,ovos;0671091796518;14/03/2018
BR-03079;Nexpur Whitening Deodorant;Nexpur;50 mL;17.64;Cuidados Pessoais > Desodorante;castanhas,soja,crustáceos;4945583931852;16/11/2022
BR-03080;Verdant Fragrance-Free Hand Wash;Verdant;750 mL;5.29;Cuidados Pessoais > Sabonete Líquido;crustáceos,gergelim;1268881078634;22/12/2019
BR-03081;Aevum Moisturising Body Wash;Aevum;400 mL;1.76;Cuidados Pessoais > Banho;leite;7817623255884;12/04/2019
BR-03082;Gleam Colour Protect Shampoo;Gleam;75 mL;3.53;Cuidados Pessoais > Cabelo > Shampoo;crustáceos,peixe,ovos;5180784424676;16/11/2022
03083;Oralix Salted Crackers;Oralix;200 mL;3.53;Alimentos > Petiscos;glúten,crustáceos;6571254458472;16/12/2021
BR-03084;Cladis Colour Protect Shampoo;Cladis;75 mL;7.05;Cuidados Pessoais > Cabelo > Shampoo;glúten,leite,ovos,peixe;4090544496250;16/08/2019
BR-03085;Zenpur Repair Shampoo;Zenpur;150 mL;17.64;Cuidados Pessoais > Cabelo > Shampoo;crustáceos,soja,leite,gergelim;6667524420314;06/08/2021
BR-03086;Frosten Disinfectant Spray;Frosten;400 mL;1.76;Casa > Limpeza > Superfícies;castanhas,gergelim,ovos;1245077836353;24/06/2018
03087;Purelix Vinegar Dressing;Purelix;500 mL;1.76;Alimentos > Condimentos;;9227166239353;09/01/2020
BR-03088;Helix Antibacterial Hand Wash;Helix;400 mL;14.11;Cuidados Pessoais > Sabonete Líquido;peixe;5581326135423;28/01/2023
BR-03089;Polvera Moisturising Body Wash;Polvera;500 mL;3.53;Cuidados Pessoais > Banho;soja;2002530467405;31/01/2023
BR-03090;Arovia Colour Protect Shampoo;Arovia;250 mL;5.29;Cuidados Pessoais > Cabelo > Shampoo;ovos;1564835628758;02/03/2020
BR-03091;Arovia Tomato Ketchup;Arovia;500 mL;7.05;Alimentos > Condimentos;soja,glúten,peixe,trigo;9215296458713;30/03/2022
BR-03092;Gleam Moisturising Hand Wash;Gleam;750 mL;5.29;Cuidados Pessoais > Sabonete Líquido;;3221688070186;01/10/2019
03093;Qualis Anti-Dandruff Shampoo;Qualis;400 mL;7.05;Cuidados Pessoais > Cabelo > Shampoo;;2512188334016;06/04/2023
BR-03094;Frosten Dish Liquid;Frosten;200 mL;7.05;Casa > Limpeza > Louças;castanhas,crustáceos;6696253671179;19/05/2019
BR-03095;Vanta Mixed Nuts Blend;Vanta;150 mL;7.05;Alimentos > Petiscos;crustáceos,amendoim;1756592300224;13/04/2021
BR-03096;Plexum Leave-In Conditioner;Plexum;400 mL;2.65;Cuidados Pessoais > Cabelo > Condicionador;peixe,amendoim,soja;3351999721115;21/07/2021
BR-03097;DUMMY-Nexpur Smooth & Shine Conditioner;Nexpur;400 mL;1.76;Cuidados Pessoais > Cabelo > Condicionador;glúten,soja,leite,gergelim;7642011731011;14/06/2018
BR-03098;Luminos Dish Liquid;Luminos;1000 mL;7.05;Casa > Limpeza > Louças;leite,glúten,castanhas;2049566865102;31/03/2020
BR-03099;Zenpur Stain Remover;Zenpur;150 mL;14.11;Casa > Lavanderia;trigo;7839290253246;02/01/2021
BR-03100;Novix Stain Remover;Novix;50 mL;14.11;Casa > Lavanderia;leite,glúten,gergelim,soja;7765439592894;14/02/2019
BR-03101;Cristalix Intensive Moisturiser;Cristalix;75 mL;3.53;Cuidados Pessoais > Rosto > Hidratação;castanhas,soja;4749116084783;09/05/2019
BR-03102;Brightway Laundry Powder;Brightway;100 mL;5.29;Casa > Lavanderia;amendoim,glúten;4748485694456;26/11/2018
BR-03103;Kaleo Granola Bar;Kaleo;75 mL;8.82;Alimentos > Petiscos;trigo,ovos,amendoim;2607133914389;16/06/2019
BR-03104;Elaris Glass Cleaner;Elaris;1000 mL;10.58;Casa > Limpeza > Superfícies;;2395545259135;14/12/2022
BR-03105;Purelix Deep Conditioner;Purelix;400 mL;14.11;Cuidados Pessoais > Cabelo > Condicionador;leite;9780399346866;22/10/2019
BR-03106;Qualis Deep Clean Body Wash;Qualis;150 mL;2.65;Cuidados Pessoais > Banho;ovos,soja,trigo,amendoim;9183507398489;11/08/2021
BR-03107;Vivara 24hr Roll-On Deodorant;Vivara;50 mL;10.58;Cuidados Pessoais > Desodorante;ovos,castanhas,glúten,gergelim;1462785662177;28/05/2022
BR-03108;Hevara Volumising Conditioner;Hevara;100 mL;7.05;Cuidados Pessoais > Cabelo > Condicionador;gergelim;1445651499756;13/04/2020
BR-03109;Purevex Tomato Ketchup;Purevex;200 mL;7.05;Alimentos > Condimentos;soja,glúten,amendoim;5545012221982;22/08/2023
BR-03110;Solven Lightweight Lotion;Solven;150 mL;2.65;Cuidados Pessoais > Rosto > Hidratação;gergelim;5930898930927;30/01/2020
BR-03111;Nexpur Deep Conditioner;Nexpur;200 mL;2.65;Cuidados Pessoais > Cabelo > Condicionador;peixe,glúten,crustáceos;0683828266744;05/09/2018
BR-03112;Polvera Tomato Ketchup;Polvera;50 mL;14.11;Alimentos > Condimentos;soja,castanhas,amendoim;9625959012136;31/01/2022
BR-03113;Oralix 48hr Spray Deodorant;Oralix;75 mL;3.53;Cuidados Pessoais > Desodorante;soja,amendoim;3646693706750;16/11/2022
BR-03114;Luminos SPF Moisturiser;Luminos;150 mL;2.65;Cuidados Pessoais > Rosto > Hidratação;gergelim,trigo;2119457205550;19/07/2020
BR-03115;Cladis Deep Conditioner;Cladis;1000 mL;17.64;Cuidados Pessoais > Cabelo > Condicionador;castanhas,glúten;0269450583604;10/03/2023
BR-03116;Luxara Leave-In Conditioner;Luxara;500 mL;7.05;Cuidados Pessoais > Cabelo > Condicionador;glúten,soja,trigo,peixe;8866898010659;08/01/2020
BR-03117;Elaris Fabric Softener;Elaris;200 mL;5.29;Casa > Lavanderia;;5236141637071;26/10/2019
BR-03118;Hevara Bathroom Cleaner;Hevara;100 mL;1.76;Casa > Limpeza > Superfícies;;5029407993970;25/04/2023
BR-03119;Primus Oat Protein Bar;Primus;75 mL;1.76;Alimentos > Petiscos;gergelim,castanhas;9159054248782;03/03/2021
BR-03120;Frostine Tomato Ketchup;Frostine;75 mL;7.05;Alimentos > Condimentos;ovos,amendoim,leite;8877951569922;03/07/2019
BR-03121;Gleam Dish Liquid;Gleam;150 mL;14.11;Casa > Limpeza > Louças;leite,ovos,peixe,amendoim;8404763309943;13/04/2023
BR-03122;Solven Vinegar Dressing;Solven;200 mL;2.65;Alimentos > Condimentos;glúten,trigo;8427677416538;27/12/2022
BR-03123;Tolvex Intensive Moisturiser;Tolvex;300 mL;14.11;Cuidados Pessoais > Rosto > Hidratação;castanhas,peixe,soja,glúten;7164361116855;02/03/2022
BR-03124;Purevex Repair Conditioner;Purevex;400 mL;2.65;Cuidados Pessoais > Cabelo > Condicionador;gergelim,crustáceos,amendoim;7825634325106;18/05/2019
BR-03125;Nexpur Hydrating Shampoo;Nexpur;1000 mL;17.64;Cuidados Pessoais > Cabelo > Shampoo;soja,ovos,amendoim,crustáceos;1410112017473;23/11/2020
BR-03126;Helix Oat Protein Bar;Helix;250 mL;14.11;Alimentos > Petiscos;peixe,ovos,amendoim,gergelim;3802124582472;05/02/2018
BR-03127;Tolvex Liquid Laundry Detergent;Tolvex;400 mL;1.76;Casa > Lavanderia;trigo,crustáceos,castanhas,soja;4364254247021;01/05/2022
BR-03128;Teraxis Dish Liquid;Teraxis;250 mL;7.05;Casa > Limpeza > Louças;peixe,glúten,trigo;0729722318704;15/09/2023
BR-03129;Aurova Moisturising Hand Wash;Aurova;200 mL;7.05;Cuidados Pessoais > Sabonete Líquido;soja,crustáceos;5082903856989;08/07/2018
BR-03130;Frostine Smooth & Shine Conditioner;Frostine;200 mL;1.76;Cuidados Pessoais > Cabelo > Condicionador;crustáceos;8362684941478;15/08/2018
BR-03131;Cryston SPF Moisturiser;Cryston;250 mL;2.65;Cuidados Pessoais > Rosto > Hidratação;soja,crustáceos;9260608238200;08/03/2018
BR-03132;Aevum Refreshing Shower Gel;Aevum;400 mL;17.64;Cuidados Pessoais > Banho;;6782465530929;04/09/2019
BR-03133;Glova Leave-In Conditioner;Glova;100 mL;17.64;Cuidados Pessoais > Cabelo > Condicionador;crustáceos,peixe;5832232723441;21/07/2019
BR-03134;Arovia Daily Moisturiser;Arovia;300 mL;1.76;Cuidados Pessoais > Rosto > Hidratação;soja,gergelim,ovos,trigo;8994822332284;18/05/2021
BR-03135;DUMMY-Glova Foaming Hand Wash;Glova;750 mL;14.11;Cuidados Pessoais > Sabonete Líquido;;0818632133757;02/01/2020
BR-03136;Zenpur Anti-Dandruff Shampoo;Zenpur;1000 mL;8.82;Cuidados Pessoais > Cabelo > Shampoo;amendoim,crustáceos;2270048997442;09/11/2019
BR-03137;Lumeva Repair Conditioner;Lumeva;1000 mL;14.11;Cuidados Pessoais > Cabelo > Condicionador;leite;3748508374328;26/07/2018
BR-03138;DUMMY-Polvera Deep Clean Body Wash;Polvera;50 mL;17.64;Cuidados Pessoais > Banho;leite;7736675859874;16/06/2023
BR-03139;Cryston Anti-Dandruff Shampoo;Cryston;150 mL;5.29;Cuidados Pessoais > Cabelo > Shampoo;castanhas;3837902389400;30/08/2021
BR-03140;Glicen Aloe Hand Wash;Glicen;200 mL;14.11;Cuidados Pessoais > Sabonete Líquido;ovos,trigo,crustáceos;8120796248096;17/12/2021
BR-03141;Verdant Leave-In Conditioner;Verdant;1000 mL;3.53;Cuidados Pessoais > Cabelo > Condicionador;castanhas,peixe,ovos;7372017011755;14/09/2021
BR-03142;Cryston Sensitive Deodorant;Cryston;400 mL;7.05;Cuidados Pessoais > Desodorante;soja,castanhas,ovos;0674449989075;25/05/2019
BR-03143;Solaris Rice Cakes;Solaris;1000 mL;14.11;Alimentos > Petiscos;gergelim,leite,soja,glúten;2492300833415;25/12/2023
BR-03144;Arovia Multi-Surface Spray;Arovia;250 mL;8.82;Casa > Limpeza > Superfícies;;3930380354318;18/10/2020
BR-03145;Solven Kitchen Cleaner;Solven;100 mL;8.82;Casa > Limpeza > Superfícies;;4888198759971;24/07/2020
BR-03146;Gleam Leave-In Conditioner;Gleam;750 mL;3.53;Cuidados Pessoais > Cabelo > Condicionador;gergelim,leite,trigo;8398639106203;06/02/2021
BR-03147;Luxara Foaming Hand Wash;Luxara;300 mL;5.29;Cuidados Pessoais > Sabonete Líquido;;3816919486708;31/03/2023
BR-03148;Nuarix Hot Chilli Sauce;Nuarix;750 mL;17.64;Alimentos > Condimentos;amendoim,glúten,gergelim;9118510154272;19/12/2019
BR-03149;Cryston Sport Deodorant;Cryston;150 mL;1.76;Cuidados Pessoais > Desodorante;;8087258423029;23/10/2019
BR-03150;Kaleo Hot Chilli Sauce;Kaleo;400 mL;8.82;Alimentos > Condimentos;ovos;5272311434163;21/04/2022
BR-03151;Nexpur Hydrating Face Wash;Nexpur;300 mL;14.11;Cuidados Pessoais > Rosto > Limpeza;castanhas,crustáceos,trigo;7771984605347;03/06/2022
BR-03152;Teraxis Granola Bar;Teraxis;400 mL;7.05;Alimentos > Petiscos;ovos,glúten,trigo,castanhas;9683486987167;04/04/2021
BR-03153;Lumeva Moisturising Hand Wash;Lumeva;100 mL;2.65;Cuidados Pessoais > Sabonete Líquido;crustáceos,soja,peixe;0539081100076;13/04/2023
BR-03154;Glova Laundry Powder;Glova;500 mL;3.53;Casa > Lavanderia;soja,crustáceos,amendoim;1987032250810;25/03/2020
BR-03155;Solvix Hydrating Face Wash;Solvix;100 mL;3.53;Cuidados Pessoais > Rosto > Limpeza;amendoim,glúten,castanhas;4544727879243;03/03/2021
BR-03156;Purevex Glass Cleaner;Purevex;400 mL;7.05;Casa > Limpeza > Superfícies;;6686799420614;14/06/2020
BR-03157;Aevum Glass Cleaner;Aevum;500 mL;3.53;Casa > Limpeza > Superfícies;crustáceos;6182593087874;30/04/2018
BR-03158;Kaleo Dish Liquid;Kaleo;500 mL;2.65;Casa > Limpeza > Louças;ovos;2635815671022;12/05/2022
03159;Hevara Leave-In Conditioner;Hevara;250 mL;2.65;Cuidados Pessoais > Cabelo > Condicionador;soja,glúten,castanhas,gergelim;2844372828408;11/02/2019
BR-03160;Nuarix Repair Conditioner;Nuarix;100 mL;1.76;Cuidados Pessoais > Cabelo > Condicionador;;4320918281244;27/05/2023
03161;Polvera Heavy Duty Dish Soap;Polvera;300 mL;10.58;Casa > Limpeza > Louças;gergelim,soja,leite;3172940993753;26/11/2018
BR-03162;Purelix Exfoliating Face Scrub;Purelix;1000 mL;17.64;Cuidados Pessoais > Rosto > Limpeza;gergelim,ovos;4196799184512;21/09/2019
BR-03163;Glicen Sensitive Skin Body Wash;Glicen;200 mL;10.58;Cuidados Pessoais > Banho;soja,gergelim;5194056845939;29/10/2020
BR-03164;Oralix Moisturising Body Wash;Oralix;400 mL;8.82;Cuidados Pessoais > Banho;gergelim;7997225750229;09/10/2021
BR-03165;Hevara Dishwasher Tablets;Hevara;75 mL;3.53;Casa > Limpeza > Louças;crustáceos;2544955030791;23/07/2021
BR-03166;Qualis Laundry Powder;Qualis;200 mL;10.58;Casa > Lavanderia;crustáceos,trigo,soja;9677839075168;05/04/2020
BR-03167;Cladis Liquid Laundry Detergent;Cladis;300 mL;3.53;Casa > Lavanderia;crustáceos,amendoim,leite;9907372291764;28/01/2021
BR-03168;Aurova Liquid Laundry Detergent;Aurova;300 mL;2.65;Casa > Lavanderia;castanhas,amendoim;4029195650582;24/02/2021
BR-03169;Purevex Fabric Softener;Purevex;1000 mL;7.05;Casa > Lavanderia;trigo,glúten,soja,peixe;5602293511741;25/09/2023
BR-03170;Serafix Hot Chilli Sauce;Serafix;300 mL;5.29;Alimentos > Condimentos;leite,castanhas,amendoim,soja;0704351759319;28/11/2022
BR-03171;Purevex Volumising Conditioner;Purevex;50 mL;17.64;Cuidados Pessoais > Cabelo > Condicionador;castanhas,peixe;3147961265080;16/06/2023
BR-03172;Primus Sport Deodorant;Primus;250 mL;5.29;Cuidados Pessoais > Desodorante;glúten,crustáceos,ovos;6680965119883;30/12/2022
BR-03173;Hevara SPF Moisturiser;Hevara;400 mL;5.29;Cuidados Pessoais > Rosto > Hidratação;ovos;7785457477065;12/06/2018
BR-03174;Tolvex Fabric Softener;Tolvex;250 mL;17.64;Casa > Lavanderia;soja,amendoim,castanhas,peixe;6432754115657;08/09/2019
BR-03175;Oralix Glass Cleaner;Oralix;75 mL;8.82;Casa > Limpeza > Superfícies;trigo,peixe,gergelim;9981805279208;04/07/2018
BR-03176;Verdant Fabric Softener;Verdant;300 mL;5.29;Casa > Lavanderia;;6460664932378;03/10/2021
BR-03177;Aurova Whitening Deodorant;Aurova;500 mL;17.64;Cuidados Pessoais > Desodorante;soja;3149325485929;17/08/2023
BR-03178;Tolvex Mayonnaise;Tolvex;50 mL;10.58;Alimentos > Condimentos;peixe,castanhas,soja;4797109002818;01/01/2018
BR-03179;Aurova Moisturising Body Wash;Aurova;100 mL;10.58;Cuidados Pessoais > Banho;peixe,ovos,crustáceos;8088644991627;18/07/2023
BR-03180;Arovia Rice Cakes;Arovia;300 mL;8.82;Alimentos > Petiscos;;2942501229154;04/04/2020
BR-03181;Cryston 48hr Spray Deodorant;Cryston;250 mL;3.53;Cuidados Pessoais > Desodorante;ovos,crustáceos,peixe;6162429338011;18/07/2018
BR-03182;Glova Multi-Surface Spray;Glova;400 mL;14.11;Casa > Limpeza > Superfícies;amendoim,peixe;0834864917507;10/02/2023
BR-03183;Solven Laundry Powder;Solven;100 mL;5.29;Casa > Lavanderia;ovos;5349762174105;25/06/2020
BR-03184;Solven Bathroom Cleaner;Solven;200 mL;2.65;Casa > Limpeza > Superfícies;amendoim,gergelim,peixe;6898239732786;30/05/2022
BR-03185;Alteva Refreshing Shower Gel;Alteva;200 mL;10.58;Cuidados Pessoais > Banho;castanhas;5501219914997;26/11/2021
BR-03186;Serafix Repair Conditioner;Serafix;250 mL;8.82;Cuidados Pessoais > Cabelo > Condicionador;leite;1965497059445;17/01/2022
BR-03187;Clarity Vinegar Dressing;Clarity;75 mL;7.05;Alimentos > Condimentos;trigo,ovos;0203887071365;01/04/2018
BR-03188;Purevex Night Cream;Purevex;100 mL;2.65;Cuidados Pessoais > Rosto > Hidratação;;0468797521007;26/11/2023
BR-03189;Sovara Lightweight Lotion;Sovara;250 mL;7.05;Cuidados Pessoais > Rosto > Hidratação;castanhas,soja,crustáceos;5686222905443;23/01/2019
BR-03190;Luminos Multi-Surface Spray;Luminos;250 mL;10.58;Casa > Limpeza > Superfícies;soja,trigo,glúten;6907064872359;19/11/2023
BR-03191;Luxara Mixed Nuts Blend;Luxara;1000 mL;8.82;Alimentos > Petiscos;;7520477004835;30/01/2018
BR-03192;Cladis Hot Chilli Sauce;Cladis;100 mL;14.11;Alimentos > Condimentos;trigo;5538274383260;23/10/2019
BR-03193;Oralix Repair Conditioner;Oralix;300 mL;5.29;Cuidados Pessoais > Cabelo > Condicionador;gergelim,soja;7323014646754;03/05/2018
03194;Oralix Hydrating Face Wash;Oralix;750 mL;8.82;Cuidados Pessoais > Rosto > Limpeza;ovos,gergelim;5203971010442;05/06/2020
BR-03195;Vivara Gentle Face Wash;Vivara;50 mL;17.64;Cuidados Pessoais > Rosto > Limpeza;;9934096008767;26/08/2023
BR-03196;Cladis Lightweight Lotion;Cladis;250 mL;8.82;Cuidados Pessoais > Rosto > Hidratação;amendoim,trigo,gergelim,crustáceos;2776857556448;03/08/2019
BR-03197;Solaris Dishwasher Tablets;Solaris;400 mL;8.82;Casa > Limpeza > Louças;;1932526749424;06/02/2020
BR-03198;Sovara Deep Conditioner;Sovara;300 mL;1.76;Cuidados Pessoais > Cabelo > Condicionador;castanhas,trigo,soja,amendoim;1498714203579;05/08/2023
BR-03199;Plexum Disinfectant Spray;Plexum;75 mL;3.53;Casa > Limpeza > Superfícies;leite,amendoim;9386362317552;15/04/2020
BR-03200;Serafix Exfoliating Face Scrub;Serafix;1000 mL;7.05;Cuidados Pessoais > Rosto > Limpeza;crustáceos,peixe,soja;0658582765468;05/10/2018
BR-03201;Clarity Whitening Deodorant;Clarity;400 mL;5.29;Cuidados Pessoais > Desodorante;;3785814429830;31/07/2022
BR-03202;Purelix Laundry Capsules;Purelix;75 mL;1.76;Casa > Lavanderia;castanhas,leite,glúten;6115551074982;18/05/2019
BR-03203;Cladis Stain Remover;Cladis;750 mL;10.58;Casa > Lavanderia;;1588901718723;12/02/2023
BR-03204;Glicen Moisturising Body Wash;Glicen;100 mL;10.58;Cuidados Pessoais > Banho;soja,ovos,castanhas,peixe;6242060511698;27/05/2023
BR-03205;Zephyr Aloe Hand Wash;Zephyr;250 mL;7.05;Cuidados Pessoais > Sabonete Líquido;castanhas;2682194719029;09/10/2020
BR-03206;Hevara Volumising Conditioner;Hevara;75 mL;1.76;Cuidados Pessoais > Cabelo > Condicionador;soja,trigo,castanhas;7592123034893;09/09/2018
BR-03207;Hevara Sensitive Deodorant;Hevara;200 mL;5.29;Cuidados Pessoais > Desodorante;;7210463118676;08/03/2018
BR-03208;Clarity Tomato Ketchup;Clarity;500 mL;14.11;Alimentos > Condimentos;soja,castanhas,leite,gergelim;5445931813124;10/01/2022
BR-03209;Zephyr Intensive Moisturiser;Zephyr;750 mL;14.11;Cuidados Pessoais > Rosto > Hidratação;amendoim;1350540764719;25/04/2022
BR-03210;Teraxis Mixed Nuts Blend;Teraxis;750 mL;7.05;Alimentos > Petiscos;peixe;8131453948075;02/07/2019
BR-03211;Krisol Deep Clean Body Wash;Krisol;500 mL;7.05;Cuidados Pessoais > Banho;gergelim,amendoim;5840222776025;28/01/2019
BR-03212;Sovara Liquid Laundry Detergent;Sovara;300 mL;14.11;Casa > Lavanderia;castanhas;2793444519068;08/12/2022
BR-03213;Gleam Bathroom Cleaner;Gleam;100 mL;2.65;Casa > Limpeza > Superfícies;;8306344371083;15/11/2020
BR-03214;Orinum Repair Conditioner;Orinum;250 mL;7.05;Cuidados Pessoais > Cabelo > Condicionador;soja;7353497248688;19/09/2023
BR-03215;Nexpur Mayonnaise;Nexpur;100 mL;8.82;Alimentos > Condimentos;castanhas;0227746903383;09/11/2020
BR-03216;Plexum Multi-Surface Spray;Plexum;400 mL;1.76;Casa > Limpeza > Superfícies;gergelim,crustáceos;7522212004025;29/05/2020
BR-03217;Tresol Mustard Sauce;Tresol;50 mL;5.29;Alimentos > Condimentos;gergelim;7384535002153;12/08/2022
BR-03218;Serafix Hydrating Face Wash;Serafix;300 mL;10.58;Cuidados Pessoais > Rosto > Limpeza;glúten,amendoim,soja;6586949199783;08/08/2021
BR-03219;Plexum Salted Crackers;Plexum;1000 mL;7.05;Alimentos > Petiscos;castanhas,glúten;3296773759420;06/05/2020
BR-03220;Gleam Colour Protect Shampoo;Gleam;500 mL;17.64;Cuidados Pessoais > Cabelo > Shampoo;ovos,peixe,gergelim;6334280911546;06/04/2019
BR-03221;Kaleo Aloe Hand Wash;Kaleo;200 mL;14.11;Cuidados Pessoais > Sabonete Líquido;leite,castanhas,amendoim;9114065476517;14/01/2020
03222;Solvix Foaming Hand Wash;Solvix;1000 mL;7.05;Cuidados Pessoais > Sabonete Líquido;leite,crustáceos,castanhas,peixe;3513834562936;24/06/2020
BR-03223;Toreva Lightweight Lotion;Toreva;300 mL;8.82;Cuidados Pessoais > Rosto > Hidratação;;5822309476059;15/10/2022
BR-03224;Tolvex Glass Cleaner;Tolvex;250 mL;10.58;Casa > Limpeza > Superfícies;;2498334414675;24/04/2022
BR-03225;Primus Dishwasher Tablets;Primus;750 mL;3.53;Casa > Limpeza > Louças;trigo,ovos;4937352908318;25/11/2018
BR-03226;Nuarix Rice Cakes;Nuarix;1000 mL;17.64;Alimentos > Petiscos;crustáceos,amendoim,gergelim;7868732071810;02/02/2019
BR-03227;Verdant Aloe Hand Wash;Verdant;200 mL;2.65;Cuidados Pessoais > Sabonete Líquido;trigo,peixe,crustáceos,castanhas;1870153987409;07/12/2021
BR-03228;Clarity Daily Moisturiser;Clarity;75 mL;7.05;Cuidados Pessoais > Rosto > Hidratação;gergelim,castanhas,ovos,peixe;1742614227402;30/04/2021
BR-03229;Nexpur 24hr Roll-On Deodorant;Nexpur;100 mL;17.64;Cuidados Pessoais > Desodorante;gergelim,soja;7081035743189;23/04/2019
BR-03230;Frostine Moisturising Body Wash;Frostine;1000 mL;3.53;Cuidados Pessoais > Banho;peixe,leite;1285499726313;03/10/2021
BR-03231;Purevex Sensitive Skin Body Wash;Purevex;50 mL;17.64;Cuidados Pessoais > Banho;peixe,crustáceos,leite;4295790354068;14/01/2021
BR-03232;Nexpur Smooth & Shine Conditioner;Nexpur;150 mL;8.82;Cuidados Pessoais > Cabelo > Condicionador;gergelim,amendoim,crustáceos,soja;9186484121231;27/02/2021
BR-03233;Vanta Heavy Duty Dish Soap;Vanta;250 mL;5.29;Casa > Limpeza > Louças;leite,peixe,trigo;7235264361137;24/10/2023
BR-03234;Oralix Laundry Capsules;Oralix;250 mL;14.11;Casa > Lavanderia;;6298475487004;30/10/2022
BR-03235;Glova Intensive Moisturiser;Glova;200 mL;10.58;Cuidados Pessoais > Rosto > Hidratação;glúten,amendoim,soja,peixe;8560166858676;06/12/2022
BR-03236;Qualis Stain Remover;Qualis;150 mL;3.53;Casa > Lavanderia;glúten,crustáceos;5393036199936;31/05/2019
BR-03237;Cristalix Antibacterial Hand Wash;Cristalix;500 mL;10.58;Cuidados Pessoais > Sabonete Líquido;;5742368378036;26/01/2023
BR-03238;Purevex Repair Shampoo;Purevex;500 mL;10.58;Cuidados Pessoais > Cabelo > Shampoo;gergelim,glúten;0746120465458;28/03/2022
BR-03239;Motivo Sensitive Deodorant;Motivo;150 mL;10.58;Cuidados Pessoais > Desodorante;peixe;3813922230427;01/02/2019
BR-03240;Solaris Refreshing Shower Gel;Solaris;750 mL;17.64;Cuidados Pessoais > Banho;leite;4879370123352;07/01/2023
BR-03241;Tolvex Oat Protein Bar;Tolvex;150 mL;14.11;Alimentos > Petiscos;castanhas,leite,ovos;2929929201337;24/12/2022
BR-03242;Toreva Nourishing Body Cleanser;Toreva;400 mL;7.05;Cuidados Pessoais > Banho;;8507491139285;05/07/2019
BR-03243;Frosten Exfoliating Face Scrub;Frosten;300 mL;7.05;Cuidados Pessoais > Rosto > Limpeza;soja,gergelim,trigo,peixe;6831380033838;21/08/2020
BR-03244;Tolvex Foaming Hand Wash;Tolvex;150 mL;10.58;Cuidados Pessoais > Sabonete Líquido;;4047619456152;18/03/2019
BR-03245;Gleam Liquid Laundry Detergent;Gleam;75 mL;1.76;Casa > Lavanderia;glúten,amendoim,trigo;9223197895896;11/05/2020
BR-03246;TEST-Vanta Mayonnaise;Vanta;75 mL;1.76;Alimentos > Condimentos;glúten,gergelim,ovos,leite;7232274783010;19/06/2021
BR-03247;Zephyr Daily Moisturiser;Zephyr;500 mL;17.64;Cuidados Pessoais > Rosto > Hidratação;amendoim;4425374249415;25/07/2023
BR-03248;Luxara Fabric Softener;Luxara;200 mL;14.11;Casa > Lavanderia;leite,trigo,soja;9283109157191;19/01/2019
BR-03249;Gleam Nourishing Body Cleanser;Gleam;150 mL;14.11;Cuidados Pessoais > Banho;trigo,soja,amendoim,leite;0242505963101;23/03/2022
BR-03250;TEST-Luxara Volumising Conditioner;Luxara;200 mL;7.05;Cuidados Pessoais > Cabelo > Condicionador;;8776896176878;05/02/2020
BR-03251;Tresol Heavy Duty Dish Soap;Tresol;50 mL;7.05;Casa > Limpeza > Louças;glúten;7581014100823;10/11/2021
BR-03252;Aurova Dishwasher Tablets;Aurova;50 mL;10.58;Casa > Limpeza > Louças;ovos,glúten;7682515288000;23/06/2021
BR-03253;Luminos Heavy Duty Dish Soap;Luminos;250 mL;7.05;Casa > Limpeza > Louças;glúten,leite,castanhas;0849517042048;18/05/2023
BR-03254;Alteva Gentle Face Wash;Alteva;400 mL;17.64;Cuidados Pessoais > Rosto > Limpeza;crustáceos,castanhas,trigo,soja;3228441333588;12/08/2018
BR-03255;Oralix Deep Conditioner;Oralix;150 mL;14.11;Cuidados Pessoais > Cabelo > Condicionador;leite,glúten,trigo;3358235062742;05/12/2018
BR-03256;Velaris Granola Bar;Velaris;50 mL;17.64;Alimentos > Petiscos;soja,trigo,peixe,crustáceos;0416143543494;05/04/2019
BR-03257;Clarity Oat Protein Bar;Clarity;100 mL;7.05;Alimentos > Petiscos;castanhas,crustáceos;4643330403057;30/11/2018
BR-03258;Vivara Liquid Laundry Detergent;Vivara;1000 mL;17.64;Casa > Lavanderia;soja,castanhas;0629258099491;16/09/2018
BR-03259;Arovia Rinse Aid;Arovia;150 mL;14.11;Casa > Limpeza > Louças;soja;3129386556851;31/08/2018
BR-03260;Zephyr Leave-In Conditioner;Zephyr;1000 mL;17.64;Cuidados Pessoais > Cabelo > Condicionador;gergelim,soja,amendoim;5384792795135;25/01/2020
BR-03261;TEST-Cladis Granola Bar;Cladis;250 mL;2.65;Alimentos > Petiscos;soja,castanhas,ovos,trigo;6120140798347;16/03/2018
BR-03262;Orinum Deep Clean Body Wash;Orinum;75 mL;10.58;Cuidados Pessoais > Banho;;1083173499634;19/12/2019
BR-03263;Vivara Anti-Dandruff Shampoo;Vivara;150 mL;5.29;Cuidados Pessoais > Cabelo > Shampoo;crustáceos,castanhas,soja,leite;7528612240001;06/07/2019
03264;Serafix Whitening Deodorant;Serafix;400 mL;8.82;Cuidados Pessoais > Desodorante;ovos,gergelim,soja,trigo;0022874089752;23/06/2023
BR-03265;Glicen Oat Protein Bar;Glicen;200 mL;3.53;Alimentos > Petiscos;castanhas;1802642149289;23/09/2023
BR-03266;Motivo Daily Moisturiser;Motivo;150 mL;7.05;Cuidados Pessoais > Rosto > Hidratação;crustáceos,glúten;9279693920556;26/11/2018
BR-03267;TEST-Zephyr Sensitive Deodorant;Zephyr;200 mL;8.82;Cuidados Pessoais > Desodorante;soja;0434948159887;09/08/2019
BR-03268;Alteva Rice Cakes;Alteva;400 mL;7.05;Alimentos > Petiscos;soja,glúten;7314029030089;12/03/2019
BR-03269;Plexum Tomato Ketchup;Plexum;750 mL;2.65;Alimentos > Condimentos;;1407559786215;02/09/2022
BR-03270;Primus Brightening Face Wash;Primus;200 mL;7.05;Cuidados Pessoais > Rosto > Limpeza;leite;5344755082382;19/08/2019
BR-03271;Luxara Stain Remover;Luxara;75 mL;10.58;Casa > Lavanderia;;3719588073272;15/05/2019
BR-03272;DUMMY-Plexum Intensive Moisturiser;Plexum;250 mL;8.82;Cuidados Pessoais > Rosto > Hidratação;trigo,gergelim;4686387203232;22/11/2023
BR-03273;Krisol Oil Control Face Wash;Krisol;100 mL;14.11;Cuidados Pessoais > Rosto > Limpeza;;4943274026559;18/08/2021
BR-03274;Verdant Dishwasher Tablets;Verdant;250 mL;17.64;Casa > Limpeza > Louças;;2331081854809;27/08/2021
BR-03275;Verdant Salted Crackers;Verdant;150 mL;17.64;Alimentos > Petiscos;trigo,crustáceos,soja,gergelim;4909944718131;14/08/2019
BR-03276;Purelix Daily Moisturiser;Purelix;100 mL;2.65;Cuidados Pessoais > Rosto > Hidratação;peixe,ovos;3354733702555;22/11/2021
BR-03277;Serafix Rice Cakes;Serafix;200 mL;17.64;Alimentos > Petiscos;;4157718074925;13/08/2019
03278;Lumeva Mayonnaise;Lumeva;300 mL;10.58;Alimentos > Condimentos;trigo,gergelim;5141908274577;01/02/2021
BR-03279;Zenpur Sensitive Deodorant;Zenpur;750 mL;3.53;Cuidados Pessoais > Desodorante;leite,crustáceos;6337364353713;11/01/2020
BR-03280;Cladis Anti-Dandruff Shampoo;Cladis;150 mL;1.76;Cuidados Pessoais > Cabelo > Shampoo;leite,glúten,castanhas;8304286323108;27/12/2019
BR-03281;Nuarix Fragrance-Free Hand Wash;Nuarix;250 mL;14.11;Cuidados Pessoais > Sabonete Líquido;crustáceos,amendoim;4936673521602;02/11/2023
BR-03282;Vanta Brightening Face Wash;Vanta;100 mL;17.64;Cuidados Pessoais > Rosto > Limpeza;leite,ovos;3934964793531;08/10/2021
BR-03283;Solven Moisturising Hand Wash;Solven;250 mL;7.05;Cuidados Pessoais > Sabonete Líquido;peixe;2671889267013;04/05/2020
BR-03284;DUMMY-Frosten Antibacterial Hand Wash;Frosten;75 mL;10.58;Cuidados Pessoais > Sabonete Líquido;crustáceos,soja,trigo;2177594144774;01/01/2020
03285;Qualis Nourishing Body Cleanser;Qualis;150 mL;5.29;Cuidados Pessoais > Banho;peixe,crustáceos,ovos;6276243960638;08/06/2018
BR-03286;Frosten Deep Clean Body Wash;Frosten;500 mL;3.53;Cuidados Pessoais > Banho;soja;8917873563926;01/11/2018
BR-03287;Cryston Colour Protect Shampoo;Cryston;500 mL;2.65;Cuidados Pessoais > Cabelo > Shampoo;trigo,peixe,crustáceos;7351059734464;14/11/2023
BR-03288;Vanta 24hr Roll-On Deodorant;Vanta;750 mL;7.05;Cuidados Pessoais > Desodorante;glúten,amendoim,crustáceos;9293616629081;28/12/2022
BR-03289;Clarity Dishwasher Tablets;Clarity;300 mL;17.64;Casa > Limpeza > Louças;soja,peixe,crustáceos;7639663527369;16/02/2018
BR-03290;Vivara Deep Clean Body Wash;Vivara;250 mL;1.76;Cuidados Pessoais > Banho;leite,gergelim;4138389011754;04/09/2019
BR-03291;Zephyr Laundry Powder;Zephyr;1000 mL;14.11;Casa > Lavanderia;leite,crustáceos,gergelim,peixe;9886182561666;04/12/2020
BR-03292;Luxara Refreshing Shower Gel;Luxara;1000 mL;1.76;Cuidados Pessoais > Banho;gergelim;0222446616519;22/04/2023
BR-03293;Luxara Granola Bar;Luxara;300 mL;10.58;Alimentos > Petiscos;trigo,peixe,castanhas;7043883392384;21/12/2020
BR-03294;Clarity Sensitive Skin Body Wash;Clarity;75 mL;3.53;Cuidados Pessoais > Banho;glúten,ovos,crustáceos;6498577427353;08/12/2020
BR-03295;Luminos Deep Clean Body Wash;Luminos;250 mL;7.05;Cuidados Pessoais > Banho;trigo,leite,glúten;6465296794714;15/08/2023
BR-03296;Nuarix Dish Liquid;Nuarix;300 mL;10.58;Casa > Limpeza > Louças;leite,crustáceos,soja,castanhas;1001797766000;03/01/2020
BR-03297;Luminos Deep Conditioner;Luminos;1000 mL;5.29;Cuidados Pessoais > Cabelo > Condicionador;amendoim,trigo,soja;8223552209413;08/11/2019
BR-03298;Gleam SPF Moisturiser;Gleam;300 mL;3.53;Cuidados Pessoais > Rosto > Hidratação;;2025409411392;08/07/2022
BR-03299;Zenpur Sport Deodorant;Zenpur;100 mL;8.82;Cuidados Pessoais > Desodorante;ovos,crustáceos;6569836495090;25/12/2019
BR-03300;Primus Moisturising Hand Wash;Primus;750 mL;14.11;Cuidados Pessoais > Sabonete Líquido;crustáceos,trigo;0314306143287;12/08/2023
BR-03301;Clarity Whitening Deodorant;Clarity;750 mL;7.05;Cuidados Pessoais > Desodorante;leite,glúten,peixe;9981892371045;27/05/2021
BR-03302;DUMMY-Solaris Dish Liquid;Solaris;75 mL;2.65;Casa > Limpeza > Louças;peixe;4689068878583;16/04/2018
BR-03303;Solven Hydrating Face Wash;Solven;100 mL;14.11;Cuidados Pessoais > Rosto > Limpeza;glúten,leite,castanhas;3875189534298;24/01/2023
BR-03304;Plexum Tomato Ketchup;Plexum;750 mL;14.11;Alimentos > Condimentos;soja,glúten,leite;0414326944106;17/12/2020
BR-03305;Brightway Leave-In Conditioner;Brightway;50 mL;1.76;Cuidados Pessoais > Cabelo > Condicionador;peixe,castanhas,glúten,ovos;3348781934211;18/09/2018
BR-03306;Gleam Intensive Moisturiser;Gleam;200 mL;10.58;Cuidados Pessoais > Rosto > Hidratação;castanhas,crustáceos,soja;2514156173122;20/02/2021
BR-03307;Glova Oil Control Face Wash;Glova;750 mL;14.11;Cuidados Pessoais > Rosto > Limpeza;trigo,amendoim,crustáceos,peixe;6174035300566;03/11/2023
BR-03308;Orinum Daily Moisturiser;Orinum;100 mL;14.11;Cuidados Pessoais > Rosto > Hidratação;amendoim;0697541326302;26/02/2019
BR-03309;Luxara 24hr Roll-On Deodorant;Luxara;1000 mL;3.53;Cuidados Pessoais > Desodorante;glúten;8309221337042;11/08/2021
BR-03310;Aurova Salted Crackers;Aurova;1000 mL;17.64;Alimentos > Petiscos;leite,crustáceos,trigo;9430628734512;21/07/2019
BR-03311;DUMMY-Glova Rinse Aid;Glova;750 mL;14.11;Casa > Limpeza > Louças;gergelim;5586793160275;03/10/2023
BR-03312;Glicen Moisturising Hand Wash;Glicen;200 mL;17.64;Cuidados Pessoais > Sabonete Líquido;peixe,castanhas,glúten;1280695521106;18/09/2021
BR-03313;Cladis Gentle Face Wash;Cladis;75 mL;8.82;Cuidados Pessoais > Rosto > Limpeza;peixe,crustáceos,castanhas;9713411292889;02/10/2018
BR-03314;Nexpur Nourishing Body Cleanser;Nexpur;150 mL;17.64;Cuidados Pessoais > Banho;trigo,amendoim;7965545085543;22/10/2023
BR-03315;XXX-Primus Whitening Deodorant;Primus;1000 mL;1.76;Cuidados Pessoais > Desodorante;glúten,leite,amendoim;3987888999497;01/06/2021
BR-03316;Cladis Daily Moisturiser;Cladis;50 mL;3.53;Cuidados Pessoais > Rosto > Hidratação;peixe,ovos,soja,castanhas;9405219899024;04/01/2018
BR-03317;Solaris Glass Cleaner;Solaris;150 mL;1.76;Casa > Limpeza > Superfícies;gergelim,ovos,castanhas,glúten;0293336770529;14/07/2023
03318;Zenpur Dishwasher Tablets;Zenpur;150 mL;17.64;Casa > Limpeza > Louças;ovos,trigo;7913253325888;17/09/2023
BR-03319;Frostine Daily Moisturiser;Frostine;75 mL;10.58;Cuidados Pessoais > Rosto > Hidratação;crustáceos;4221211544480;06/12/2021
BR-03320;Solvix Refreshing Shower Gel;Solvix;200 mL;10.58;Cuidados Pessoais > Banho;;0168107137798;29/06/2023
BR-03321;Lumeva Gentle Face Wash;Lumeva;1000 mL;8.82;Cuidados Pessoais > Rosto > Limpeza;;4607372040328;07/05/2021
BR-03322;Frostine Nourishing Body Cleanser;Frostine;50 mL;2.65;Cuidados Pessoais > Banho;ovos;7856343614557;14/05/2018
BR-03323;Aevum Volumising Shampoo;Aevum;50 mL;7.05;Cuidados Pessoais > Cabelo > Shampoo;ovos;2868667756467;17/08/2023
BR-03324;Motivo Mayonnaise;Motivo;150 mL;5.29;Alimentos > Condimentos;leite;9481685319990;07/01/2018
BR-03325;Velaris Oat Protein Bar;Velaris;50 mL;2.65;Alimentos > Petiscos;peixe,ovos;8702739246781;05/08/2020
BR-03326;Nuarix Anti-Dandruff Shampoo;Nuarix;300 mL;7.05;Cuidados Pessoais > Cabelo > Shampoo;castanhas;0882324396966;03/06/2021
BR-03327;Solvix Rice Cakes;Solvix;400 mL;5.29;Alimentos > Petiscos;soja;7249292133246;22/01/2018
BR-03328;Alteva Antibacterial Hand Wash;Alteva;300 mL;7.05;Cuidados Pessoais > Sabonete Líquido;leite,castanhas,peixe;9274505695820;16/04/2022
BR-03329;Tolvex Repair Shampoo;Tolvex;750 mL;2.65;Cuidados Pessoais > Cabelo > Shampoo;amendoim;3812580256213;18/12/2022
03330;Sovara Intensive Moisturiser;Sovara;50 mL;7.05;Cuidados Pessoais > Rosto > Hidratação;leite,amendoim;2414265626161;13/08/2018
BR-03331;Frostine Intensive Moisturiser;Frostine;150 mL;1.76;Cuidados Pessoais > Rosto > Hidratação;;7247660531397;23/05/2023
BR-03332;Cryston Laundry Powder;Cryston;200 mL;14.11;Casa > Lavanderia;peixe,soja,crustáceos;7724242784124;07/07/2023
BR-03333;Arovia Hot Chilli Sauce;Arovia;75 mL;3.53;Alimentos > Condimentos;trigo,peixe,ovos,crustáceos;4998779994810;30/06/2021
BR-03334;Purelix Salted Crackers;Purelix;500 mL;2.65;Alimentos > Petiscos;crustáceos;5610408673253;05/11/2023
BR-03335;Nuvelo Aloe Hand Wash;Nuvelo;500 mL;2.65;Cuidados Pessoais > Sabonete Líquido;;6247165693867;22/07/2021
BR-03336;XXX-Luminos Volumising Shampoo;Luminos;250 mL;7.05;Cuidados Pessoais > Cabelo > Shampoo;;5280786477011;18/09/2022
BR-03337;Tresol Heavy Duty Dish Soap;Tresol;50 mL;3.53;Casa > Limpeza > Louças;soja;6270653813782;17/09/2021
BR-03338;Serafix Moisturising Hand Wash;Serafix;250 mL;7.05;Cuidados Pessoais > Sabonete Líquido;castanhas;1290458963852;30/01/2022
BR-03339;XXX-Oralix Repair Conditioner;Oralix;250 mL;1.76;Cuidados Pessoais > Cabelo > Condicionador;;4510666058803;17/07/2021
BR-03340;Gleam Dishwasher Tablets;Gleam;200 mL;5.29;Casa > Limpeza > Louças;gergelim,ovos,castanhas,amendoim;8322570211689;19/05/2022
BR-03341;Nexpur Antibacterial Hand Wash;Nexpur;500 mL;3.53;Cuidados Pessoais > Sabonete Líquido;ovos,amendoim,peixe,trigo;6917815483611;10/10/2018
BR-03342;Luxara 48hr Spray Deodorant;Luxara;150 mL;5.29;Cuidados Pessoais > Desodorante;peixe,amendoim,gergelim;9347430342678;03/01/2021
03343;Sovara Sensitive Deodorant;Sovara;75 mL;2.65;Cuidados Pessoais > Desodorante;castanhas,peixe;8160964057877;19/10/2022
BR-03344;Krisol Antibacterial Hand Wash;Krisol;75 mL;14.11;Cuidados Pessoais > Sabonete Líquido;trigo,peixe,ovos,gergelim;4730748027972;03/07/2019
BR-03345;Zephyr Kitchen Cleaner;Zephyr;75 mL;10.58;Casa > Limpeza > Superfícies;glúten,amendoim,peixe,crustáceos;5217456589880;27/12/2020
BR-03346;Sovara Hydrating Face Wash;Sovara;500 mL;7.05;Cuidados Pessoais > Rosto > Limpeza;soja,gergelim;0684145795573;17/03/2020
BR-03347;Qualis Liquid Laundry Detergent;Qualis;1000 mL;10.58;Casa > Lavanderia;glúten,crustáceos,trigo;8156130232766;02/06/2020
BR-03348;Cladis Dish Liquid;Cladis;1000 mL;7.05;Casa > Limpeza > Louças;crustáceos,soja,glúten,gergelim;8765964718171;30/12/2021
BR-03349;Vanta Brightening Face Wash;Vanta;750 mL;10.58;Cuidados Pessoais > Rosto > Limpeza;crustáceos;9975117563445;28/08/2018
BR-03350;Brightway Antibacterial Hand Wash;Brightway;75 mL;1.76;Cuidados Pessoais > Sabonete Líquido;ovos,peixe,trigo,soja;9696727833222;03/04/2022
BR-03351;Serafix Exfoliating Face Scrub;Serafix;75 mL;10.58;Cuidados Pessoais > Rosto > Limpeza;trigo,amendoim,soja,crustáceos;9812006789725;25/09/2022
BR-03352;Vivara Multi-Surface Spray;Vivara;300 mL;2.65;Casa > Limpeza > Superfícies;crustáceos,leite;1298394541646;03/05/2022
BR-03353;Solvix Deep Clean Body Wash;Solvix;75 mL;8.82;Cuidados Pessoais > Banho;;0665285300452;14/03/2022
BR-03354;Cladis Disinfectant Spray;Cladis;500 mL;8.82;Casa > Limpeza > Superfícies;trigo,glúten,gergelim,peixe;2006597741447;10/07/2019
BR-03355;Helix Tomato Ketchup;Helix;500 mL;1.76;Alimentos > Condimentos;amendoim;2068721704667;21/11/2023
BR-03356;Polvera Multi-Surface Spray;Polvera;1000 mL;17.64;Casa > Limpeza > Superfícies;;7962116712303;22/12/2020
BR-03357;TEST-Primus Fragrance-Free Hand Wash;Primus;150 mL;10.58;Cuidados Pessoais > Sabonete Líquido;glúten,gergelim;0166581366222;20/09/2019
BR-03358;Motivo Sensitive Skin Body Wash;Motivo;75 mL;1.76;Cuidados Pessoais > Banho;ovos;3050963994783;06/03/2020
BR-03359;Luxara Lightweight Lotion;Luxara;75 mL;7.05;Cuidados Pessoais > Rosto > Hidratação;leite,gergelim,trigo;4740794344411;29/03/2023
BR-03360;Sovara Sensitive Deodorant;Sovara;300 mL;2.65;Cuidados Pessoais > Desodorante;peixe,trigo,ovos,crustáceos;2392950197618;13/06/2018
BR-03361;Solven Oil Control Face Wash;Solven;300 mL;8.82;Cuidados Pessoais > Rosto > Limpeza;leite,gergelim,crustáceos,ovos;6705119388301;17/03/2018
BR-03362;Teraxis SPF Moisturiser;Teraxis;500 mL;2.65;Cuidados Pessoais > Rosto > Hidratação;crustáceos,trigo,ovos;9304201859056;18/10/2019
03363;Glova Kitchen Cleaner;Glova;75 mL;17.64;Casa > Limpeza > Superfícies;peixe,castanhas,glúten;7224128650388;02/07/2021
03364;Solven Hydrating Shampoo;Solven;1000 mL;8.82;Cuidados Pessoais > Cabelo > Shampoo;glúten,trigo,gergelim,ovos;4924440661590;26/12/2019
BR-03365;Tresol Mixed Nuts Blend;Tresol;50 mL;14.11;Alimentos > Petiscos;amendoim,gergelim,peixe;1838255914327;01/11/2018
BR-03366;Nexpur Repair Shampoo;Nexpur;200 mL;8.82;Cuidados Pessoais > Cabelo > Shampoo;leite,castanhas,ovos;8208086178084;19/07/2023
BR-03367;Qualis Volumising Shampoo;Qualis;150 mL;17.64;Cuidados Pessoais > Cabelo > Shampoo;crustáceos,soja;2420570365954;05/02/2020
BR-03368;Luminos Sensitive Deodorant;Luminos;400 mL;3.53;Cuidados Pessoais > Desodorante;glúten,trigo,leite;4699811721370;29/07/2018
BR-03369;Glicen Volumising Conditioner;Glicen;75 mL;10.58;Cuidados Pessoais > Cabelo > Condicionador;ovos,peixe,crustáceos;2702241026211;09/03/2018
BR-03370;Zephyr Laundry Powder;Zephyr;500 mL;5.29;Casa > Lavanderia;leite;9143193841539;06/01/2019
BR-03371;Hevara Tomato Ketchup;Hevara;500 mL;3.53;Alimentos > Condimentos;leite;7313972988720;08/12/2023
BR-03372;Purevex Glass Cleaner;Purevex;150 mL;1.76;Casa > Limpeza > Superfícies;trigo,soja;8768090077969;27/02/2021
BR-03373;XXX-Cryston Volumising Conditioner;Cryston;50 mL;14.11;Cuidados Pessoais > Cabelo > Condicionador;castanhas,trigo,glúten,ovos;9913854131749;22/10/2020
BR-03374;Nuarix Fabric Softener;Nuarix;75 mL;8.82;Casa > Lavanderia;amendoim,trigo;3344025885516;08/02/2018
BR-03375;Aevum Stain Remover;Aevum;100 mL;2.65;Casa > Lavanderia;ovos,leite,crustáceos;4853159964602;12/01/2023
BR-03376;Qualis Mayonnaise;Qualis;200 mL;14.11;Alimentos > Condimentos;crustáceos,castanhas,soja;8817683532474;17/11/2023
BR-03377;Zephyr Hydrating Shampoo;Zephyr;1000 mL;2.65;Cuidados Pessoais > Cabelo > Shampoo;trigo,ovos,crustáceos;4469316815160;23/03/2021
BR-03378;Hevara Dish Liquid;Hevara;750 mL;1.76;Casa > Limpeza > Louças;leite,amendoim,gergelim;5196492306616;26/02/2018
BR-03379;Gleam Repair Shampoo;Gleam;200 mL;17.64;Cuidados Pessoais > Cabelo > Shampoo;trigo,castanhas;2467193064734;11/04/2018
BR-03380;Zenpur Laundry Capsules;Zenpur;150 mL;8.82;Casa > Lavanderia;glúten,gergelim,soja,ovos;4359513331696;07/03/2022
BR-03381;Tresol Night Cream;Tresol;150 mL;3.53;Cuidados Pessoais > Rosto > Hidratação;peixe,soja;5516978837777;09/10/2019
BR-03382;Plexum Nourishing Body Cleanser;Plexum;750 mL;14.11;Cuidados Pessoais > Banho;;8884271696566;28/02/2021
BR-03383;Glicen Sport Deodorant;Glicen;150 mL;3.53;Cuidados Pessoais > Desodorante;amendoim,leite,soja,trigo;7696454406685;13/05/2021
BR-03384;Aurova Repair Conditioner;Aurova;100 mL;17.64;Cuidados Pessoais > Cabelo > Condicionador;peixe;9308011872137;14/02/2020
BR-03385;Nexpur Salted Crackers;Nexpur;50 mL;1.76;Alimentos > Petiscos;peixe,castanhas;7238616018611;19/03/2019
BR-03386;Solvix Exfoliating Face Scrub;Solvix;200 mL;1.76;Cuidados Pessoais > Rosto > Limpeza;glúten,castanhas,leite;5184047735035;11/05/2019
BR-03387;Frostine Stain Remover;Frostine;750 mL;14.11;Casa > Lavanderia;ovos,peixe;3228556336603;23/01/2020
BR-03388;Brightway Brightening Face Wash;Brightway;75 mL;14.11;Cuidados Pessoais > Rosto > Limpeza;trigo,ovos,gergelim,peixe;8289130510272;18/12/2018
BR-03389;Zenpur Dish Liquid;Zenpur;1000 mL;17.64;Casa > Limpeza > Louças;;4796056233092;12/11/2020
BR-03390;Tolvex Disinfectant Spray;Tolvex;400 mL;10.58;Casa > Limpeza > Superfícies;gergelim,castanhas,amendoim,ovos;4645829546375;30/04/2020
BR-03391;Zephyr Oil Control Face Wash;Zephyr;50 mL;5.29;Cuidados Pessoais > Rosto > Limpeza;;4716623425309;11/05/2019
BR-03392;Teraxis Smooth & Shine Conditioner;Teraxis;75 mL;7.05;Cuidados Pessoais > Cabelo > Condicionador;;0112952078188;21/07/2023
BR-03393;XXX-Solven Granola Bar;Solven;200 mL;10.58;Alimentos > Petiscos;peixe,glúten;3707043737517;11/11/2020
BR-03394;Cristalix Brightening Face Wash;Cristalix;250 mL;8.82;Cuidados Pessoais > Rosto > Limpeza;peixe,trigo;2284766009745;06/01/2018
BR-03395;Gleam Dish Liquid;Gleam;100 mL;10.58;Casa > Limpeza > Louças;;9358151418597;02/05/2021
BR-03396;Frostine Moisturising Body Wash;Frostine;500 mL;10.58;Cuidados Pessoais > Banho;peixe,leite;8469544956976;09/03/2023
BR-03397;Sovara Sport Deodorant;Sovara;75 mL;3.53;Cuidados Pessoais > Desodorante;amendoim;0015229040157;15/04/2018
BR-03398;TEST-Nexpur Glass Cleaner;Nexpur;750 mL;7.05;Casa > Limpeza > Superfícies;leite;1217220943423;07/02/2020
BR-03399;Tresol Sensitive Skin Body Wash;Tresol;200 mL;2.65;Cuidados Pessoais > Banho;gergelim,castanhas,crustáceos,soja;8734137230734;15/07/2021
BR-03400;Teraxis Multi-Surface Spray;Teraxis;150 mL;10.58;Casa > Limpeza > Superfícies;;8774978953522;07/08/2021
BR-03401;Cristalix Fabric Softener;Cristalix;250 mL;8.82;Casa > Lavanderia;glúten,castanhas,ovos,trigo;4143604387248;21/08/2020
BR-03402;Primus Sensitive Skin Body Wash;Primus;200 mL;17.64;Cuidados Pessoais > Banho;leite,peixe,amendoim;1442509693373;21/09/2021
BR-03403;Clarity Rice Cakes;Clarity;1000 mL;1.76;Alimentos > Petiscos;;5508806395849;23/09/2021
BR-03404;Zephyr SPF Moisturiser;Zephyr;1000 mL;8.82;Cuidados Pessoais > Rosto > Hidratação;glúten;6537047680987;21/12/2021
BR-03405;Cristalix Aloe Hand Wash;Cristalix;250 mL;1.76;Cuidados Pessoais > Sabonete Líquido;ovos,gergelim;3440275547010;04/02/2021
BR-03406;Qualis Smooth & Shine Conditioner;Qualis;50 mL;5.29;Cuidados Pessoais > Cabelo > Condicionador;peixe;9368340211045;17/11/2021
BR-03407;Alteva Lightweight Lotion;Alteva;50 mL;7.05;Cuidados Pessoais > Rosto > Hidratação;leite,peixe,castanhas;3493096663490;25/05/2019
BR-03408;Oralix Foaming Hand Wash;Oralix;250 mL;8.82;Cuidados Pessoais > Sabonete Líquido;crustáceos,soja,leite;4554362331938;30/10/2018
BR-03409;Solvix Mixed Nuts Blend;Solvix;75 mL;1.76;Alimentos > Petiscos;ovos,glúten,leite,gergelim;8773800778982;21/01/2019
BR-03410;Luxara Heavy Duty Dish Soap;Luxara;400 mL;1.76;Casa > Limpeza > Louças;peixe,glúten,amendoim;3316509833818;07/01/2020
BR-03411;Elaris Kitchen Cleaner;Elaris;750 mL;1.76;Casa > Limpeza > Superfícies;;4054393469896;05/11/2023
BR-03412;Polvera Intensive Moisturiser;Polvera;150 mL;17.64;Cuidados Pessoais > Rosto > Hidratação;soja,castanhas;3725801535847;20/08/2022
BR-03413;Vanta Deep Conditioner;Vanta;150 mL;3.53;Cuidados Pessoais > Cabelo > Condicionador;leite;2019268601735;10/09/2023
BR-03414;Nuarix Sport Deodorant;Nuarix;250 mL;8.82;Cuidados Pessoais > Desodorante;leite,castanhas;1817614266246;06/06/2021
BR-03415;Solaris Exfoliating Face Scrub;Solaris;400 mL;1.76;Cuidados Pessoais > Rosto > Limpeza;ovos,glúten;0800264913593;07/05/2023
BR-03416;Frosten Lightweight Lotion;Frosten;250 mL;10.58;Cuidados Pessoais > Rosto > Hidratação;trigo,castanhas;2753177910532;15/12/2022
BR-03417;Purelix Repair Conditioner;Purelix;250 mL;10.58;Cuidados Pessoais > Cabelo > Condicionador;soja;7343488919000;07/05/2018
BR-03418;Verdant Refreshing Shower Gel;Verdant;100 mL;1.76;Cuidados Pessoais > Banho;;2776066259574;19/04/2023
BR-03419;Glova SPF Moisturiser;Glova;75 mL;3.53;Cuidados Pessoais > Rosto > Hidratação;amendoim,gergelim,glúten,ovos;1727421940478;20/12/2018
BR-03420;Velaris Exfoliating Face Scrub;Velaris;75 mL;10.58;Cuidados Pessoais > Rosto > Limpeza;;6849899126385;04/06/2019
BR-03421;Frostine Disinfectant Spray;Frostine;75 mL;7.05;Casa > Limpeza > Superfícies;castanhas,leite;9733309870388;24/10/2019
BR-03422;Nexpur Granola Bar;Nexpur;750 mL;17.64;Alimentos > Petiscos;trigo,crustáceos;0497344463460;04/12/2020
BR-03423;Clarity Bathroom Cleaner;Clarity;300 mL;8.82;Casa > Limpeza > Superfícies;ovos,soja,glúten,leite;0152218159589;22/12/2023
BR-03424;Serafix Volumising Shampoo;Serafix;300 mL;17.64;Cuidados Pessoais > Cabelo > Shampoo;peixe,glúten,leite,amendoim;8232351139524;09/12/2019
BR-03425;Clarity Sport Deodorant;Clarity;1000 mL;7.05;Cuidados Pessoais > Desodorante;crustáceos,leite;3176810132471;09/08/2018
BR-03426;Oralix Kitchen Cleaner;Oralix;500 mL;2.65;Casa > Limpeza > Superfícies;ovos,amendoim;2375745451737;04/03/2020
BR-03427;Purelix Moisturising Body Wash;Purelix;250 mL;7.05;Cuidados Pessoais > Banho;crustáceos,peixe,castanhas,soja;8159166551726;04/05/2022
BR-03428;Purevex Night Cream;Purevex;150 mL;10.58;Cuidados Pessoais > Rosto > Hidratação;;1714722294539;09/02/2019
BR-03429;Hevara Heavy Duty Dish Soap;Hevara;250 mL;2.65;Casa > Limpeza > Louças;amendoim,glúten,ovos;8054008538098;24/01/2021
BR-03430;Arovia Deep Conditioner;Arovia;400 mL;10.58;Cuidados Pessoais > Cabelo > Condicionador;;9909798965915;15/07/2020
BR-03431;Luxara Hydrating Shampoo;Luxara;400 mL;1.76;Cuidados Pessoais > Cabelo > Shampoo;crustáceos,gergelim,ovos,trigo;7491671656703;25/11/2023
BR-03432;Solaris Foaming Hand Wash;Solaris;500 mL;17.64;Cuidados Pessoais > Sabonete Líquido;ovos,peixe;8203852857941;05/09/2018
BR-03433;Elaris Anti-Dandruff Shampoo;Elaris;75 mL;8.82;Cuidados Pessoais > Cabelo > Shampoo;;6898511881164;01/07/2023
BR-03434;Serafix Laundry Capsules;Serafix;200 mL;17.64;Casa > Lavanderia;;8514966757165;20/07/2021
BR-03435;Tresol Daily Moisturiser;Tresol;150 mL;2.65;Cuidados Pessoais > Rosto > Hidratação;amendoim;2683969957134;17/12/2021
BR-03436;Vanta Multi-Surface Spray;Vanta;75 mL;10.58;Casa > Limpeza > Superfícies;amendoim,castanhas,ovos,gergelim;2240238789300;11/04/2020
BR-03437;Elaris Liquid Laundry Detergent;Elaris;400 mL;10.58;Casa > Lavanderia;;4096262922590;02/01/2022
BR-03438;Sovara Exfoliating Face Scrub;Sovara;100 mL;2.65;Cuidados Pessoais > Rosto > Limpeza;;9853272720661;12/03/2023
BR-03439;Frosten Sport Deodorant;Frosten;1000 mL;1.76;Cuidados Pessoais > Desodorante;glúten,crustáceos;3037537450883;14/04/2020
BR-03440;Luxara Deep Clean Body Wash;Luxara;100 mL;7.05;Cuidados Pessoais > Banho;ovos,crustáceos,leite,trigo;9672942791912;24/10/2022
BR-03441;Nuarix Exfoliating Face Scrub;Nuarix;750 mL;17.64;Cuidados Pessoais > Rosto > Limpeza;;0472028882393;19/12/2022
BR-03442;Zephyr Heavy Duty Dish Soap;Zephyr;500 mL;14.11;Casa > Limpeza > Louças;leite,ovos,castanhas;2424431029931;08/08/2019
BR-03443;Aurova Hydrating Shampoo;Aurova;300 mL;14.11;Cuidados Pessoais > Cabelo > Shampoo;leite,glúten;9254270983186;15/05/2019
BR-03444;Cristalix Liquid Laundry Detergent;Cristalix;200 mL;5.29;Casa > Lavanderia;;7148830545087;25/06/2019
BR-03445;Solvix Bathroom Cleaner;Solvix;750 mL;17.64;Casa > Limpeza > Superfícies;gergelim,castanhas,ovos;9748846748229;18/02/2020
BR-03446;Cladis Smooth & Shine Conditioner;Cladis;200 mL;3.53;Cuidados Pessoais > Cabelo > Condicionador;leite,amendoim;6471742658844;07/08/2018
BR-03447;Helix Foaming Hand Wash;Helix;100 mL;7.05;Cuidados Pessoais > Sabonete Líquido;leite,ovos;1601241811609;13/02/2023
BR-03448;TEST-Tolvex Moisturising Hand Wash;Tolvex;75 mL;1.76;Cuidados Pessoais > Sabonete Líquido;peixe,trigo,glúten,castanhas;2168472020631;12/10/2018
BR-03449;Vanta Daily Moisturiser;Vanta;750 mL;3.53;Cuidados Pessoais > Rosto > Hidratação;amendoim,soja;2954056864292;02/06/2022
BR-03450;Hevara Salted Crackers;Hevara;400 mL;3.53;Alimentos > Petiscos;crustáceos,trigo;7318897060445;14/05/2022
BR-03451;Aurova Deep Conditioner;Aurova;400 mL;7.05;Cuidados Pessoais > Cabelo > Condicionador;castanhas,crustáceos;1991673421423;10/01/2019
BR-03452;Luminos Anti-Dandruff Shampoo;Luminos;400 mL;17.64;Cuidados Pessoais > Cabelo > Shampoo;;3664929070383;27/06/2020
BR-03453;Kaleo Rinse Aid;Kaleo;400 mL;2.65;Casa > Limpeza > Louças;amendoim;2470649222572;03/02/2019
BR-03454;Oralix Fragrance-Free Hand Wash;Oralix;50 mL;7.05;Cuidados Pessoais > Sabonete Líquido;glúten,castanhas,trigo,crustáceos;1434564663972;22/11/2018
BR-03455;Helix Liquid Laundry Detergent;Helix;100 mL;1.76;Casa > Lavanderia;soja,glúten,castanhas;7599794975678;29/12/2021
BR-03456;Motivo Fragrance-Free Hand Wash;Motivo;1000 mL;10.58;Cuidados Pessoais > Sabonete Líquido;peixe,glúten,crustáceos;4913481694032;12/11/2019
BR-03457;Nexpur Night Cream;Nexpur;75 mL;10.58;Cuidados Pessoais > Rosto > Hidratação;castanhas,soja;2442146100493;06/10/2023
BR-03458;Lumeva Brightening Face Wash;Lumeva;50 mL;1.76;Cuidados Pessoais > Rosto > Limpeza;gergelim,ovos;9836514690595;17/12/2018
BR-03459;Velaris Laundry Powder;Velaris;300 mL;8.82;Casa > Lavanderia;glúten;7900578341082;22/07/2018
BR-03460;Vanta Bathroom Cleaner;Vanta;750 mL;8.82;Casa > Limpeza > Superfícies;;3545136402948;19/12/2019
BR-03461;Nuarix Mixed Nuts Blend;Nuarix;50 mL;17.64;Alimentos > Petiscos;glúten,castanhas;0312155959950;10/12/2019
03462;Aevum Daily Moisturiser;Aevum;400 mL;2.65;Cuidados Pessoais > Rosto > Hidratação;peixe,castanhas,gergelim;3601811703288;01/07/2018
BR-03463;Brightway Mayonnaise;Brightway;250 mL;5.29;Alimentos > Condimentos;soja,peixe,ovos,trigo;4917921651487;10/05/2019
BR-03464;Elaris Hydrating Shampoo;Elaris;300 mL;17.64;Cuidados Pessoais > Cabelo > Shampoo;trigo,peixe,ovos;1737021538456;20/06/2018
BR-03465;Toreva Brightening Face Wash;Toreva;1000 mL;10.58;Cuidados Pessoais > Rosto > Limpeza;soja,ovos,glúten;1213124346667;09/06/2019
BR-03466;Serafix Dish Liquid;Serafix;300 mL;3.53;Casa > Limpeza > Louças;;5394406014613;22/06/2019
BR-03467;Hevara Nourishing Body Cleanser;Hevara;500 mL;7.05;Cuidados Pessoais > Banho;gergelim,amendoim,glúten,soja;5393600748133;13/02/2020
BR-03468;Aurova 48hr Spray Deodorant;Aurova;150 mL;10.58;Cuidados Pessoais > Desodorante;amendoim,ovos,crustáceos,trigo;1800756582558;04/12/2020
03469;Primus Laundry Powder;Primus;300 mL;17.64;Casa > Lavanderia;ovos,trigo,soja;5879050730909;26/05/2023
BR-03470;Verdant Smooth & Shine Conditioner;Verdant;1000 mL;17.64;Cuidados Pessoais > Cabelo > Condicionador;peixe,soja;6667313962865;08/10/2020
03471;Clarity Hydrating Face Wash;Clarity;400 mL;8.82;Cuidados Pessoais > Rosto > Limpeza;crustáceos,leite;1121435939396;29/11/2020
BR-03472;Nexpur Volumising Conditioner;Nexpur;500 mL;3.53;Cuidados Pessoais > Cabelo > Condicionador;gergelim,ovos,castanhas,soja;5960402874478;19/03/2023
BR-03473;Nuvelo Deep Clean Body Wash;Nuvelo;500 mL;2.65;Cuidados Pessoais > Banho;soja;5782992442352;01/07/2018
BR-03474;Alteva Aloe Hand Wash;Alteva;200 mL;5.29;Cuidados Pessoais > Sabonete Líquido;soja,glúten,peixe,leite;6263823919292;26/04/2021
BR-03475;Solvix Disinfectant Spray;Solvix;1000 mL;14.11;Casa > Limpeza > Superfícies;castanhas,amendoim;5603186865927;29/04/2023
BR-03476;Frostine Eco Dish Liquid;Frostine;500 mL;2.65;Casa > Limpeza > Louças;glúten;6454827719593;27/11/2018
BR-03477;Lumeva Tomato Ketchup;Lumeva;750 mL;7.05;Alimentos > Condimentos;;3644772911880;06/03/2021
BR-03478;Glicen Daily Moisturiser;Glicen;75 mL;7.05;Cuidados Pessoais > Rosto > Hidratação;leite,gergelim,trigo;3196172588280;24/11/2020
BR-03479;Glicen Granola Bar;Glicen;100 mL;14.11;Alimentos > Petiscos;;8045591289955;20/04/2019
BR-03480;Teraxis Deep Conditioner;Teraxis;1000 mL;14.11;Cuidados Pessoais > Cabelo > Condicionador;amendoim,crustáceos;5636518370479;22/06/2018
03481;Serafix Mixed Nuts Blend;Serafix;400 mL;2.65;Alimentos > Petiscos;castanhas;0682120358133;26/12/2022
BR-03482;Helix Rinse Aid;Helix;750 mL;10.58;Casa > Limpeza > Louças;amendoim;5240558972359;17/09/2018
BR-03483;Primus Eco Dish Liquid;Primus;500 mL;8.82;Casa > Limpeza > Louças;trigo,glúten;9297702598459;02/08/2021
BR-03484;Tresol Sport Deodorant;Tresol;100 mL;1.76;Cuidados Pessoais > Desodorante;amendoim,gergelim;7291298967332;08/02/2022
BR-03485;Cryston Mayonnaise;Cryston;50 mL;10.58;Alimentos > Condimentos;trigo;3001719557639;28/06/2019
BR-03486;Gleam Rinse Aid;Gleam;75 mL;10.58;Casa > Limpeza > Louças;trigo,ovos,castanhas;6748637470301;20/05/2020
BR-03487;Cristalix Foaming Hand Wash;Cristalix;500 mL;10.58;Cuidados Pessoais > Sabonete Líquido;;2687175840532;01/10/2018
BR-03488;Purelix Stain Remover;Purelix;250 mL;17.64;Casa > Lavanderia;trigo,glúten;8876172746006;04/10/2020
BR-03489;Zephyr Daily Moisturiser;Zephyr;250 mL;17.64;Cuidados Pessoais > Rosto > Hidratação;trigo,gergelim,crustáceos,leite;3517199497452;03/03/2018
BR-03490;Velaris Sensitive Skin Body Wash;Velaris;50 mL;10.58;Cuidados Pessoais > Banho;amendoim,leite;7125346115553;18/01/2020
BR-03491;DUMMY-Tresol Daily Moisturiser;Tresol;400 mL;17.64;Cuidados Pessoais > Rosto > Hidratação;leite;1581130839535;01/04/2019
BR-03492;Teraxis Repair Shampoo;Teraxis;750 mL;8.82;Cuidados Pessoais > Cabelo > Shampoo;;5223450896077;04/11/2018
BR-03493;Solaris Mixed Nuts Blend;Solaris;300 mL;10.58;Alimentos > Petiscos;leite,gergelim,glúten;6060506405116;27/07/2020
BR-03494;Glicen Smooth & Shine Conditioner;Glicen;200 mL;1.76;Cuidados Pessoais > Cabelo > Condicionador;;4407904389358;11/07/2020
BR-03495;Serafix Repair Shampoo;Serafix;100 mL;7.05;Cuidados Pessoais > Cabelo > Shampoo;ovos,castanhas,gergelim;2241134148123;27/08/2022
BR-03496;Clarity Oat Protein Bar;Clarity;100 mL;10.58;Alimentos > Petiscos;castanhas,soja;5273839688564;21/04/2018
BR-03497;Lumeva Rice Cakes;Lumeva;200 mL;8.82;Alimentos > Petiscos;gergelim,amendoim,crustáceos;0931957996590;01/03/2019
BR-03498;Aevum Leave-In Conditioner;Aevum;200 mL;7.05;Cuidados Pessoais > Cabelo > Condicionador;amendoim,soja,leite,gergelim;8457844902304;22/05/2023
BR-03499;Frostine Multi-Surface Spray;Frostine;1000 mL;10.58;Casa > Limpeza > Superfícies;leite,trigo;8601183769108;23/09/2023
BR-03500;Hevara Colour Protect Shampoo;Hevara;750 mL;17.64;Cuidados Pessoais > Cabelo > Shampoo;;3780110470845;09/02/2021
BR-03501;Verdant Granola Bar;Verdant;250 mL;5.29;Alimentos > Petiscos;castanhas;6721195110940;23/01/2022
BR-03502;Cladis Mixed Nuts Blend;Cladis;250 mL;17.64;Alimentos > Petiscos;ovos;6551462000885;05/11/2023
BR-03503;Gleam Hot Chilli Sauce;Gleam;300 mL;7.05;Alimentos > Condimentos;;4377222855692;17/02/2020
BR-03504;Clarity Anti-Dandruff Shampoo;Clarity;150 mL;8.82;Cuidados Pessoais > Cabelo > Shampoo;gergelim,glúten;1073276199036;08/01/2023
03505;Cristalix Glass Cleaner;Cristalix;75 mL;2.65;Casa > Limpeza > Superfícies;;2537593358518;22/11/2021
BR-03506;Teraxis Tomato Ketchup;Teraxis;200 mL;7.05;Alimentos > Condimentos;;0746723979888;30/11/2018
BR-03507;Primus Colour Protect Shampoo;Primus;100 mL;2.65;Cuidados Pessoais > Cabelo > Shampoo;;7605955870420;18/02/2022
BR-03508;Cryston Exfoliating Face Scrub;Cryston;300 mL;10.58;Cuidados Pessoais > Rosto > Limpeza;soja,trigo,castanhas;4966070287375;05/06/2019
BR-03509;Luminos Hydrating Face Wash;Luminos;250 mL;14.11;Cuidados Pessoais > Rosto > Limpeza;;2166296682738;21/12/2020
BR-03510;Clarity Smooth & Shine Conditioner;Clarity;50 mL;7.05;Cuidados Pessoais > Cabelo > Condicionador;peixe;8544606889581;06/09/2020
BR-03511;Lumeva Deep Conditioner;Lumeva;75 mL;5.29;Cuidados Pessoais > Cabelo > Condicionador;leite;4421795348560;28/10/2020
BR-03512;Elaris 24hr Roll-On Deodorant;Elaris;200 mL;10.58;Cuidados Pessoais > Desodorante;amendoim;0441631664177;14/08/2018
BR-03513;Plexum Moisturising Body Wash;Plexum;150 mL;14.11;Cuidados Pessoais > Banho;leite,amendoim,crustáceos,trigo;2120660580853;12/09/2022
BR-03514;Krisol Dish Liquid;Krisol;100 mL;17.64;Casa > Limpeza > Louças;gergelim,crustáceos,peixe;8807242075306;27/12/2022
BR-03515;Brightway Kitchen Cleaner;Brightway;300 mL;10.58;Casa > Limpeza > Superfícies;crustáceos,soja,amendoim;9586015008589;14/08/2021
BR-03516;Purevex Lightweight Lotion;Purevex;200 mL;10.58;Cuidados Pessoais > Rosto > Hidratação;ovos,peixe;7921271952610;02/06/2023
BR-03517;Purelix Colour Protect Shampoo;Purelix;400 mL;1.76;Cuidados Pessoais > Cabelo > Shampoo;peixe,gergelim,soja,glúten;7201648547138;15/06/2020
BR-03518;Luxara Repair Conditioner;Luxara;75 mL;10.58;Cuidados Pessoais > Cabelo > Condicionador;amendoim;8130043625693;17/04/2019
03519;Cristalix Mustard Sauce;Cristalix;1000 mL;5.29;Alimentos > Condimentos;;5818762404661;14/01/2019
BR-03520;Vanta Moisturising Body Wash;Vanta;300 mL;2.65;Cuidados Pessoais > Banho;castanhas,gergelim,ovos,peixe;6189329865362;26/04/2022
BR-03521;Zenpur Anti-Dandruff Shampoo;Zenpur;50 mL;2.65;Cuidados Pessoais > Cabelo > Shampoo;ovos,gergelim,crustáceos,amendoim;5037436125149;12/11/2019
BR-03522;Solven Hot Chilli Sauce;Solven;500 mL;2.65;Alimentos > Condimentos;amendoim;1521219338733;12/03/2018
BR-03523;Vanta Deep Clean Body Wash;Vanta;150 mL;3.53;Cuidados Pessoais > Banho;glúten,crustáceos,castanhas,soja;3775641089451;19/07/2019
BR-03524;Tresol Deep Clean Body Wash;Tresol;250 mL;7.05;Cuidados Pessoais > Banho;;3764941330981;08/11/2020
BR-03525;Vivara Granola Bar;Vivara;100 mL;3.53;Alimentos > Petiscos;castanhas,amendoim;9422851413630;29/08/2019
03526;Alteva Sport Deodorant;Alteva;300 mL;2.65;Cuidados Pessoais > Desodorante;soja;3305613111370;27/07/2019
BR-03527;Velaris Exfoliating Face Scrub;Velaris;750 mL;1.76;Cuidados Pessoais > Rosto > Limpeza;trigo,ovos,soja,castanhas;5221111890983;03/06/2020
BR-03528;Primus Tomato Ketchup;Primus;400 mL;5.29;Alimentos > Condimentos;soja;0913891986028;15/03/2018
BR-03529;Luxara Laundry Powder;Luxara;750 mL;10.58;Casa > Lavanderia;ovos,gergelim,glúten,trigo;3358628358803;24/01/2022
BR-03530;Arovia Stain Remover;Arovia;400 mL;14.11;Casa > Lavanderia;peixe,gergelim,leite,soja;6879024464426;28/03/2020
BR-03531;Clarity Mustard Sauce;Clarity;500 mL;10.58;Alimentos > Condimentos;gergelim,amendoim;0927029075423;19/09/2019
BR-03532;Luxara Mustard Sauce;Luxara;750 mL;17.64;Alimentos > Condimentos;;1476898363913;07/10/2021
BR-03533;Zenpur Heavy Duty Dish Soap;Zenpur;500 mL;10.58;Casa > Limpeza > Louças;gergelim,ovos,amendoim;0348454536790;11/02/2020
BR-03534;Purelix Mayonnaise;Purelix;150 mL;5.29;Alimentos > Condimentos;castanhas,crustáceos;0811759661448;03/10/2022
BR-03535;Alteva Fragrance-Free Hand Wash;Alteva;1000 mL;7.05;Cuidados Pessoais > Sabonete Líquido;leite,gergelim,castanhas,soja;1070611402233;22/10/2021
BR-03536;Zephyr Heavy Duty Dish Soap;Zephyr;300 mL;8.82;Casa > Limpeza > Louças;castanhas,glúten,trigo,ovos;9509443604888;24/03/2021
BR-03537;XXX-Glicen Laundry Capsules;Glicen;75 mL;17.64;Casa > Lavanderia;;7457576826368;18/02/2018
BR-03538;Primus Tomato Ketchup;Primus;750 mL;14.11;Alimentos > Condimentos;leite;3659077467437;10/03/2020
BR-03539;Clarity Daily Moisturiser;Clarity;1000 mL;14.11;Cuidados Pessoais > Rosto > Hidratação;;5550133343178;04/07/2019
BR-03540;Nuarix Hot Chilli Sauce;Nuarix;200 mL;10.58;Alimentos > Condimentos;ovos;8853402610153;03/11/2023
BR-03541;Motivo 48hr Spray Deodorant;Motivo;150 mL;3.53;Cuidados Pessoais > Desodorante;ovos;0785778846202;03/03/2022
BR-03542;Luminos Night Cream;Luminos;75 mL;2.65;Cuidados Pessoais > Rosto > Hidratação;peixe,glúten,trigo,soja;2634018814977;07/12/2022
BR-03543;Solven Granola Bar;Solven;500 mL;2.65;Alimentos > Petiscos;trigo,crustáceos,ovos,castanhas;5131948288276;27/08/2022
BR-03544;Nuvelo Mixed Nuts Blend;Nuvelo;150 mL;7.05;Alimentos > Petiscos;soja,castanhas,crustáceos;1886835473740;25/09/2021
BR-03545;Frostine Multi-Surface Spray;Frostine;400 mL;3.53;Casa > Limpeza > Superfícies;amendoim,crustáceos,soja;1980712336781;27/02/2019
BR-03546;Glicen Mayonnaise;Glicen;75 mL;8.82;Alimentos > Condimentos;amendoim,trigo;3739977041453;25/12/2023
BR-03547;Aurova Antibacterial Hand Wash;Aurova;300 mL;7.05;Cuidados Pessoais > Sabonete Líquido;trigo;3590632877554;01/12/2020
BR-03548;Elaris Oat Protein Bar;Elaris;50 mL;1.76;Alimentos > Petiscos;trigo,ovos;0997988576019;21/07/2022
BR-03549;Polvera Rice Cakes;Polvera;300 mL;14.11;Alimentos > Petiscos;soja,trigo,crustáceos,amendoim;3607989097891;20/01/2020
BR-03550;Polvera Deep Clean Body Wash;Polvera;750 mL;17.64;Cuidados Pessoais > Banho;soja;8101362408311;01/10/2021
BR-03551;Hevara Mayonnaise;Hevara;300 mL;7.05;Alimentos > Condimentos;crustáceos,amendoim,gergelim;5632250546783;03/11/2023
BR-03552;Primus Mustard Sauce;Primus;500 mL;1.76;Alimentos > Condimentos;glúten,castanhas;4742002892349;23/06/2020
BR-03553;DUMMY-Solven Hot Chilli Sauce;Solven;200 mL;3.53;Alimentos > Condimentos;soja,gergelim;8013724928842;11/05/2018
BR-03554;Cladis Oat Protein Bar;Cladis;750 mL;10.58;Alimentos > Petiscos;;8537512207211;25/07/2021
BR-03555;Teraxis Eco Dish Liquid;Teraxis;50 mL;8.82;Casa > Limpeza > Louças;leite,trigo,gergelim;2470321337808;01/09/2018
BR-03556;Frostine Aloe Hand Wash;Frostine;50 mL;10.58;Cuidados Pessoais > Sabonete Líquido;trigo,soja;8555079320082;01/07/2019
BR-03557;Frostine Mayonnaise;Frostine;200 mL;2.65;Alimentos > Condimentos;leite;6108557041935;28/07/2022
BR-03558;Krisol Daily Moisturiser;Krisol;300 mL;7.05;Cuidados Pessoais > Rosto > Hidratação;;5118222413296;07/03/2022
BR-03559;Luminos Moisturising Body Wash;Luminos;100 mL;5.29;Cuidados Pessoais > Banho;soja;2139928581426;21/07/2023
BR-03560;Vanta Brightening Face Wash;Vanta;100 mL;3.53;Cuidados Pessoais > Rosto > Limpeza;;4916101995328;12/01/2019
BR-03561;Lumeva Nourishing Body Cleanser;Lumeva;400 mL;17.64;Cuidados Pessoais > Banho;trigo,gergelim;1435194199794;22/12/2018
BR-03562;Cristalix Glass Cleaner;Cristalix;50 mL;2.65;Casa > Limpeza > Superfícies;ovos,glúten,castanhas,trigo;3167014104883;16/07/2019
BR-03563;Verdant Deep Clean Body Wash;Verdant;1000 mL;8.82;Cuidados Pessoais > Banho;trigo,leite,gergelim;9832736529392;10/02/2023
BR-03564;Teraxis Repair Conditioner;Teraxis;100 mL;1.76;Cuidados Pessoais > Cabelo > Condicionador;peixe,castanhas;6791671279447;19/03/2018
BR-03565;Luminos Volumising Shampoo;Luminos;250 mL;14.11;Cuidados Pessoais > Cabelo > Shampoo;castanhas;3324970730680;09/10/2022
BR-03566;Velaris Stain Remover;Velaris;500 mL;10.58;Casa > Lavanderia;;9202285404028;11/07/2022
BR-03567;Motivo Repair Shampoo;Motivo;500 mL;7.05;Cuidados Pessoais > Cabelo > Shampoo;leite,ovos;5622584819066;23/02/2018
BR-03568;Gleam SPF Moisturiser;Gleam;750 mL;17.64;Cuidados Pessoais > Rosto > Hidratação;crustáceos;8147056497179;20/08/2019
BR-03569;Nexpur Dish Liquid;Nexpur;300 mL;17.64;Casa > Limpeza > Louças;;5334533843090;21/07/2019
BR-03570;Cryston Aloe Hand Wash;Cryston;500 mL;17.64;Cuidados Pessoais > Sabonete Líquido;soja;1020852056450;15/11/2023
BR-03571;Verdant Refreshing Shower Gel;Verdant;200 mL;1.76;Cuidados Pessoais > Banho;gergelim,castanhas;6595197439503;25/10/2020
BR-03572;Hevara SPF Moisturiser;Hevara;750 mL;3.53;Cuidados Pessoais > Rosto > Hidratação;soja,gergelim,peixe,trigo;9545549128316;05/02/2019
BR-03573;Elaris Disinfectant Spray;Elaris;750 mL;7.05;Casa > Limpeza > Superfícies;trigo,glúten;8329958742797;08/08/2022
BR-03574;Zephyr Mixed Nuts Blend;Zephyr;200 mL;8.82;Alimentos > Petiscos;leite,amendoim;7864163882810;24/02/2018
BR-03575;Glicen Granola Bar;Glicen;750 mL;3.53;Alimentos > Petiscos;leite,peixe,castanhas,crustáceos;1189462311660;21/02/2022
BR-03576;Plexum Sensitive Deodorant;Plexum;1000 mL;10.58;Cuidados Pessoais > Desodorante;leite;0433590156404;21/02/2023
BR-03577;Krisol Mustard Sauce;Krisol;250 mL;10.58;Alimentos > Condimentos;amendoim,ovos,glúten,soja;7359283962578;16/02/2023
BR-03578;Polvera Daily Moisturiser;Polvera;300 mL;2.65;Cuidados Pessoais > Rosto > Hidratação;castanhas,peixe,gergelim;5764063365586;25/05/2022
BR-03579;Glova Repair Shampoo;Glova;75 mL;1.76;Cuidados Pessoais > Cabelo > Shampoo;glúten,peixe,crustáceos;9693924962342;06/03/2021
BR-03580;Aevum Exfoliating Face Scrub;Aevum;100 mL;17.64;Cuidados Pessoais > Rosto > Limpeza;ovos,castanhas;6283794774171;02/06/2020
BR-03581;Purelix Oil Control Face Wash;Purelix;50 mL;2.65;Cuidados Pessoais > Rosto > Limpeza;;7867605345034;06/09/2021
BR-03582;XXX-Sovara Liquid Laundry Detergent;Sovara;1000 mL;8.82;Casa > Lavanderia;glúten,gergelim;0618464876088;28/02/2022
BR-03583;Frostine Glass Cleaner;Frostine;300 mL;1.76;Casa > Limpeza > Superfícies;peixe;3242866227192;04/08/2019
BR-03584;Plexum Repair Shampoo;Plexum;300 mL;10.58;Cuidados Pessoais > Cabelo > Shampoo;peixe,glúten;7390607277237;21/08/2022
BR-03585;Purelix Sensitive Deodorant;Purelix;75 mL;7.05;Cuidados Pessoais > Desodorante;peixe,glúten,castanhas;7164022612344;11/11/2020
BR-03586;Kaleo Sensitive Deodorant;Kaleo;200 mL;7.05;Cuidados Pessoais > Desodorante;ovos,crustáceos,peixe,trigo;8261481099576;02/10/2023
BR-03587;Cristalix Colour Protect Shampoo;Cristalix;150 mL;17.64;Cuidados Pessoais > Cabelo > Shampoo;;7033156670530;14/10/2020
BR-03588;Novix Tomato Ketchup;Novix;250 mL;2.65;Alimentos > Condimentos;gergelim,soja,peixe,leite;6962498956914;18/09/2018
BR-03589;Zephyr Refreshing Shower Gel;Zephyr;500 mL;14.11;Cuidados Pessoais > Banho;gergelim,peixe;3804044161669;05/02/2019
BR-03590;Cladis Gentle Face Wash;Cladis;150 mL;8.82;Cuidados Pessoais > Rosto > Limpeza;gergelim,castanhas;3961048088054;14/05/2023
BR-03591;Alteva Lightweight Lotion;Alteva;400 mL;8.82;Cuidados Pessoais > Rosto > Hidratação;amendoim,leite,trigo,crustáceos;9387138992799;30/07/2020
BR-03592;Krisol Sport Deodorant;Krisol;200 mL;7.05;Cuidados Pessoais > Desodorante;trigo,peixe,gergelim;5730199526146;15/12/2021
BR-03593;Teraxis Hot Chilli Sauce;Teraxis;500 mL;3.53;Alimentos > Condimentos;castanhas,peixe;6363051281632;29/11/2022
BR-03594;DUMMY-Sovara Eco Dish Liquid;Sovara;150 mL;2.65;Casa > Limpeza > Louças;soja,glúten,gergelim;8568369570012;10/09/2021
BR-03595;Hevara Tomato Ketchup;Hevara;150 mL;7.05;Alimentos > Condimentos;ovos;6292356213430;07/09/2020
BR-03596;Helix Sensitive Deodorant;Helix;100 mL;1.76;Cuidados Pessoais > Desodorante;crustáceos,amendoim;9213860682892;21/01/2023
BR-03597;Orinum Smooth & Shine Conditioner;Orinum;50 mL;3.53;Cuidados Pessoais > Cabelo > Condicionador;castanhas,peixe;4531076907000;29/04/2022
BR-03598;XXX-Clarity Sensitive Skin Body Wash;Clarity;300 mL;14.11;Cuidados Pessoais > Banho;amendoim,soja;5934571615637;04/10/2020
BR-03599;Purelix Antibacterial Hand Wash;Purelix;1000 mL;2.65;Cuidados Pessoais > Sabonete Líquido;;1323123036725;17/10/2022
BR-03600;Orinum Fabric Softener;Orinum;150 mL;1.76;Casa > Lavanderia;ovos,peixe,leite,glúten;5034206289582;06/02/2018
BR-03601;Elaris Night Cream;Elaris;500 mL;8.82;Cuidados Pessoais > Rosto > Hidratação;;1688392114360;23/07/2023
BR-03602;Alteva Fabric Softener;Alteva;400 mL;5.29;Casa > Lavanderia;amendoim;6676682930078;05/05/2020
BR-03603;Cristalix Multi-Surface Spray;Cristalix;500 mL;14.11;Casa > Limpeza > Superfícies;amendoim,peixe,glúten;3850882570446;12/10/2021
BR-03604;Nexpur Sport Deodorant;Nexpur;500 mL;5.29;Cuidados Pessoais > Desodorante;gergelim,glúten;7421094380541;08/02/2023
BR-03605;Tolvex Rinse Aid;Tolvex;500 mL;17.64;Casa > Limpeza > Louças;leite;1860807539399;17/01/2022
BR-03606;Krisol Foaming Hand Wash;Krisol;300 mL;1.76;Cuidados Pessoais > Sabonete Líquido;;4270983965481;13/05/2021
BR-03607;Solvix Mayonnaise;Solvix;150 mL;17.64;Alimentos > Condimentos;;5363471678044;24/12/2022
BR-03608;Oralix Vinegar Dressing;Oralix;250 mL;7.05;Alimentos > Condimentos;castanhas,trigo;9258249148088;10/01/2023
BR-03609;Clarity SPF Moisturiser;Clarity;100 mL;2.65;Cuidados Pessoais > Rosto > Hidratação;glúten,soja,ovos,peixe;0587686946186;19/02/2021
BR-03610;Toreva Repair Shampoo;Toreva;400 mL;2.65;Cuidados Pessoais > Cabelo > Shampoo;ovos,crustáceos;8741056632624;06/02/2021
BR-03611;Vanta Moisturising Hand Wash;Vanta;100 mL;8.82;Cuidados Pessoais > Sabonete Líquido;gergelim,peixe,castanhas;3578666736030;18/08/2019
BR-03612;Teraxis Hydrating Shampoo;Teraxis;1000 mL;3.53;Cuidados Pessoais > Cabelo > Shampoo;castanhas,gergelim;6154799844186;26/11/2021
BR-03613;Aevum Colour Protect Shampoo;Aevum;300 mL;17.64;Cuidados Pessoais > Cabelo > Shampoo;glúten,ovos,gergelim;7628908237101;11/03/2022
BR-03614;Zephyr Heavy Duty Dish Soap;Zephyr;100 mL;5.29;Casa > Limpeza > Louças;glúten;8047327224377;16/07/2021
BR-03615;Solven Liquid Laundry Detergent;Solven;300 mL;3.53;Casa > Lavanderia;glúten,peixe;9718511477716;22/04/2022
BR-03616;Nuarix Gentle Face Wash;Nuarix;250 mL;5.29;Cuidados Pessoais > Rosto > Limpeza;leite,peixe,trigo,castanhas;7861189192831;22/02/2021
BR-03617;Vanta Granola Bar;Vanta;100 mL;10.58;Alimentos > Petiscos;;8358897435408;17/09/2023
BR-03618;Elaris Whitening Deodorant;Elaris;100 mL;1.76;Cuidados Pessoais > Desodorante;glúten,castanhas;4928767567535;03/11/2023
BR-03619;Luxara Foaming Hand Wash;Luxara;500 mL;2.65;Cuidados Pessoais > Sabonete Líquido;castanhas,soja;9241337332643;01/08/2018
03620;Aevum Liquid Laundry Detergent;Aevum;1000 mL;7.05;Casa > Lavanderia;amendoim,gergelim;9020842735992;24/03/2019
BR-03621;Helix Dishwasher Tablets;Helix;250 mL;14.11;Casa > Limpeza > Louças;peixe,amendoim,gergelim,castanhas;8296120528704;26/05/2018
BR-03622;Oralix Colour Protect Shampoo;Oralix;300 mL;3.53;Cuidados Pessoais > Cabelo > Shampoo;peixe,castanhas;2122562443762;20/09/2019
BR-03623;Glicen Dishwasher Tablets;Glicen;50 mL;10.58;Casa > Limpeza > Louças;castanhas,amendoim,glúten;6670370701094;15/03/2022
BR-03624;Velaris Granola Bar;Velaris;250 mL;5.29;Alimentos > Petiscos;gergelim,trigo,castanhas,peixe;7843711718566;14/03/2019
BR-03625;Hevara Salted Crackers;Hevara;400 mL;17.64;Alimentos > Petiscos;;8875815891868;24/07/2019
BR-03626;Aurova Hydrating Face Wash;Aurova;400 mL;17.64;Cuidados Pessoais > Rosto > Limpeza;leite,gergelim;7195715621008;18/03/2018
BR-03627;Hevara Intensive Moisturiser;Hevara;75 mL;7.05;Cuidados Pessoais > Rosto > Hidratação;;6568590037089;04/09/2022
BR-03628;Sovara Anti-Dandruff Shampoo;Sovara;150 mL;2.65;Cuidados Pessoais > Cabelo > Shampoo;;2742378376230;30/03/2019
BR-03629;Velaris Granola Bar;Velaris;50 mL;2.65;Alimentos > Petiscos;peixe;0562926692368;03/07/2019
BR-03630;Plexum Moisturising Body Wash;Plexum;200 mL;3.53;Cuidados Pessoais > Banho;;4876302986283;25/03/2019
BR-03631;Luminos Colour Protect Shampoo;Luminos;150 mL;2.65;Cuidados Pessoais > Cabelo > Shampoo;peixe,gergelim,castanhas,ovos;5913582637470;21/11/2023
BR-03632;Brightway Stain Remover;Brightway;200 mL;8.82;Casa > Lavanderia;ovos,gergelim,crustáceos,amendoim;1339172328827;10/07/2020
BR-03633;Hevara Dishwasher Tablets;Hevara;400 mL;8.82;Casa > Limpeza > Louças;ovos,soja;8705544054756;12/12/2021
BR-03634;Elaris Oil Control Face Wash;Elaris;75 mL;5.29;Cuidados Pessoais > Rosto > Limpeza;glúten,leite,crustáceos;0249914107171;24/02/2023
BR-03635;Purelix Stain Remover;Purelix;400 mL;8.82;Casa > Lavanderia;peixe;0045457942756;01/08/2020
BR-03636;Cryston Kitchen Cleaner;Cryston;150 mL;3.53;Casa > Limpeza > Superfícies;glúten,castanhas,soja;7244497122699;12/07/2021
BR-03637;Gleam Anti-Dandruff Shampoo;Gleam;1000 mL;5.29;Cuidados Pessoais > Cabelo > Shampoo;glúten,ovos;0912585340290;08/06/2023
BR-03638;Clarity Sensitive Skin Body Wash;Clarity;250 mL;5.29;Cuidados Pessoais > Banho;glúten,crustáceos,leite,soja;4013748967821;21/10/2022
BR-03639;Motivo Exfoliating Face Scrub;Motivo;750 mL;3.53;Cuidados Pessoais > Rosto > Limpeza;peixe,ovos;0599318044795;13/03/2021
BR-03640;Vanta Nourishing Body Cleanser;Vanta;250 mL;2.65;Cuidados Pessoais > Banho;glúten,amendoim;9060356270619;14/03/2018
BR-03641;Vanta Mustard Sauce;Vanta;50 mL;2.65;Alimentos > Condimentos;ovos,castanhas,soja;7281774089887;29/06/2021
BR-03642;Orinum Disinfectant Spray;Orinum;250 mL;5.29;Casa > Limpeza > Superfícies;;1545164339829;30/10/2023
BR-03643;XXX-Motivo Laundry Powder;Motivo;400 mL;1.76;Casa > Lavanderia;;9741886828753;29/06/2023
BR-03644;Solvix Colour Protect Shampoo;Solvix;500 mL;17.64;Cuidados Pessoais > Cabelo > Shampoo;trigo,soja,leite;7557861658411;16/03/2020
BR-03645;Glicen Moisturising Body Wash;Glicen;750 mL;5.29;Cuidados Pessoais > Banho;trigo;0646206672988;11/09/2020
BR-03646;Frosten Antibacterial Hand Wash;Frosten;1000 mL;7.05;Cuidados Pessoais > Sabonete Líquido;;0282963802642;22/09/2019
BR-03647;Plexum Liquid Laundry Detergent;Plexum;75 mL;8.82;Casa > Lavanderia;;2265817729256;02/04/2023
BR-03648;Sovara Laundry Powder;Sovara;150 mL;10.58;Casa > Lavanderia;ovos,trigo,soja,leite;5325260011814;29/01/2020
BR-03649;Velaris Gentle Face Wash;Velaris;150 mL;17.64;Cuidados Pessoais > Rosto > Limpeza;gergelim,leite,ovos,castanhas;2212436521013;10/05/2018
BR-03650;Qualis Bathroom Cleaner;Qualis;100 mL;1.76;Casa > Limpeza > Superfícies;leite,glúten;9911971580853;21/05/2019
BR-03651;Toreva Hydrating Shampoo;Toreva;50 mL;7.05;Cuidados Pessoais > Cabelo > Shampoo;;2250112875081;15/01/2020
BR-03652;Vanta Foaming Hand Wash;Vanta;150 mL;1.76;Cuidados Pessoais > Sabonete Líquido;crustáceos,soja,leite,gergelim;9914937191049;24/02/2022
BR-03653;Glova Anti-Dandruff Shampoo;Glova;200 mL;10.58;Cuidados Pessoais > Cabelo > Shampoo;gergelim,ovos,crustáceos,trigo;6109583483591;25/09/2018
BR-03654;Qualis Volumising Conditioner;Qualis;150 mL;10.58;Cuidados Pessoais > Cabelo > Condicionador;amendoim,castanhas,glúten;7990523347504;14/10/2018
BR-03655;Serafix Disinfectant Spray;Serafix;250 mL;10.58;Casa > Limpeza > Superfícies;peixe;4058588118552;19/01/2023
BR-03656;Velaris Multi-Surface Spray;Velaris;50 mL;14.11;Casa > Limpeza > Superfícies;castanhas,crustáceos,peixe;6271061042030;27/03/2018
BR-03657;Hevara Kitchen Cleaner;Hevara;250 mL;5.29;Casa > Limpeza > Superfícies;peixe,gergelim,trigo,glúten;8159780078616;23/10/2022
BR-03658;Oralix Dish Liquid;Oralix;500 mL;8.82;Casa > Limpeza > Louças;amendoim;7550748144434;09/12/2020
BR-03659;Tolvex Intensive Moisturiser;Tolvex;750 mL;3.53;Cuidados Pessoais > Rosto > Hidratação;peixe,trigo,glúten;3951981383347;31/05/2021
BR-03660;Qualis Anti-Dandruff Shampoo;Qualis;100 mL;3.53;Cuidados Pessoais > Cabelo > Shampoo;crustáceos,glúten,gergelim;1358996160017;19/04/2020
BR-03661;Cristalix Hydrating Shampoo;Cristalix;1000 mL;14.11;Cuidados Pessoais > Cabelo > Shampoo;crustáceos,ovos,glúten,castanhas;9789293090776;31/07/2019
BR-03662;Frostine Whitening Deodorant;Frostine;50 mL;1.76;Cuidados Pessoais > Desodorante;leite,peixe,trigo,castanhas;5094666050689;18/04/2018
BR-03663;TEST-Tolvex Repair Conditioner;Tolvex;250 mL;3.53;Cuidados Pessoais > Cabelo > Condicionador;gergelim,crustáceos,soja,glúten;8407041902416;08/08/2022
BR-03664;Solaris Tomato Ketchup;Solaris;400 mL;3.53;Alimentos > Condimentos;crustáceos;9730905330193;19/10/2019
BR-03665;Alteva 24hr Roll-On Deodorant;Alteva;300 mL;7.05;Cuidados Pessoais > Desodorante;leite,amendoim,castanhas;5023137447154;30/03/2022
BR-03666;Aurova 24hr Roll-On Deodorant;Aurova;400 mL;2.65;Cuidados Pessoais > Desodorante;leite,glúten;7488382682015;10/08/2019
BR-03667;Hevara Refreshing Shower Gel;Hevara;75 mL;8.82;Cuidados Pessoais > Banho;peixe;2076795757182;10/11/2022
BR-03668;Brightway Heavy Duty Dish Soap;Brightway;250 mL;1.76;Casa > Limpeza > Louças;;6973658794925;12/05/2020
BR-03669;Solven Anti-Dandruff Shampoo;Solven;75 mL;1.76;Cuidados Pessoais > Cabelo > Shampoo;ovos,crustáceos,soja,leite;3571909366179;05/08/2022
BR-03670;Primus Whitening Deodorant;Primus;75 mL;17.64;Cuidados Pessoais > Desodorante;soja,crustáceos,peixe,leite;6171255075847;12/03/2020
BR-03671;Polvera Dish Liquid;Polvera;400 mL;17.64;Casa > Limpeza > Louças;peixe;4083444340280;08/11/2023
BR-03672;Frosten Sport Deodorant;Frosten;750 mL;2.65;Cuidados Pessoais > Desodorante;;8771756635793;05/01/2018
BR-03673;Purevex Hydrating Face Wash;Purevex;500 mL;10.58;Cuidados Pessoais > Rosto > Limpeza;soja,trigo,leite,crustáceos;7386543701127;01/06/2022
BR-03674;Kaleo Eco Dish Liquid;Kaleo;500 mL;14.11;Casa > Limpeza > Louças;trigo;4976193487767;28/06/2018
BR-03675;Solven Volumising Shampoo;Solven;50 mL;17.64;Cuidados Pessoais > Cabelo > Shampoo;trigo,amendoim,castanhas;3115718265225;11/02/2023
BR-03676;Cladis Hydrating Shampoo;Cladis;500 mL;7.05;Cuidados Pessoais > Cabelo > Shampoo;peixe,glúten,castanhas;6584042910373;29/12/2020
BR-03677;Serafix Heavy Duty Dish Soap;Serafix;300 mL;7.05;Casa > Limpeza > Louças;peixe,crustáceos;1212498764152;11/12/2021
BR-03678;Glova Kitchen Cleaner;Glova;1000 mL;5.29;Casa > Limpeza > Superfícies;;9139683902828;23/01/2023
BR-03679;Glicen Foaming Hand Wash;Glicen;100 mL;3.53;Cuidados Pessoais > Sabonete Líquido;;7113503366894;23/03/2021
BR-03680;Aevum Rinse Aid;Aevum;100 mL;14.11;Casa > Limpeza > Louças;soja,peixe,crustáceos,glúten;4473245719550;16/01/2021
BR-03681;Novix Heavy Duty Dish Soap;Novix;200 mL;14.11;Casa > Limpeza > Louças;crustáceos;6041281771719;27/04/2022
BR-03682;Elaris Eco Dish Liquid;Elaris;200 mL;7.05;Casa > Limpeza > Louças;gergelim;3963247004293;02/03/2022
BR-03683;Velaris Sport Deodorant;Velaris;75 mL;3.53;Cuidados Pessoais > Desodorante;;0731680806827;10/01/2021
BR-03684;Lumeva Leave-In Conditioner;Lumeva;1000 mL;14.11;Cuidados Pessoais > Cabelo > Condicionador;peixe,crustáceos,castanhas;3299983918755;29/07/2018
BR-03685;Alteva Whitening Deodorant;Alteva;200 mL;2.65;Cuidados Pessoais > Desodorante;amendoim,gergelim,trigo,crustáceos;6411880346708;15/03/2018
BR-03686;Krisol Antibacterial Hand Wash;Krisol;300 mL;5.29;Cuidados Pessoais > Sabonete Líquido;amendoim,crustáceos,soja,glúten;1063707218504;08/06/2019
BR-03687;Purevex Volumising Conditioner;Purevex;300 mL;5.29;Cuidados Pessoais > Cabelo > Condicionador;leite,castanhas;4649859017522;21/06/2021
BR-03688;Purevex Moisturising Body Wash;Purevex;400 mL;8.82;Cuidados Pessoais > Banho;leite,amendoim;9357814127708;07/11/2018
BR-03689;Cristalix Granola Bar;Cristalix;150 mL;17.64;Alimentos > Petiscos;glúten,trigo,soja;9291238118747;05/07/2018
BR-03690;Verdant Deep Clean Body Wash;Verdant;150 mL;3.53;Cuidados Pessoais > Banho;trigo,gergelim,amendoim;3237603567297;17/02/2021
BR-03691;Elaris Night Cream;Elaris;400 mL;3.53;Cuidados Pessoais > Rosto > Hidratação;trigo;6472833343267;30/06/2018
BR-03692;Kaleo Mayonnaise;Kaleo;100 mL;3.53;Alimentos > Condimentos;crustáceos,gergelim,castanhas;7583441730987;09/12/2018
03693;Krisol Oat Protein Bar;Krisol;75 mL;3.53;Alimentos > Petiscos;trigo,amendoim;1296359752281;13/09/2023
BR-03694;Luminos Oil Control Face Wash;Luminos;750 mL;5.29;Cuidados Pessoais > Rosto > Limpeza;crustáceos,amendoim,leite,peixe;0929367785149;02/12/2021
BR-03695;Arovia Sport Deodorant;Arovia;750 mL;7.05;Cuidados Pessoais > Desodorante;amendoim,glúten;2973726832331;05/11/2020
BR-03696;Serafix Laundry Powder;Serafix;400 mL;8.82;Casa > Lavanderia;crustáceos,soja;7851393116532;12/04/2019
BR-03697;Verdant Volumising Conditioner;Verdant;250 mL;10.58;Cuidados Pessoais > Cabelo > Condicionador;peixe,crustáceos,castanhas,glúten;7057171591830;31/07/2020
BR-03698;Vivara Oil Control Face Wash;Vivara;300 mL;3.53;Cuidados Pessoais > Rosto > Limpeza;castanhas,leite;1358410341138;12/12/2022
BR-03699;Luminos Oil Control Face Wash;Luminos;1000 mL;3.53;Cuidados Pessoais > Rosto > Limpeza;leite;1738226068687;23/08/2022
BR-03700;Zephyr Moisturising Hand Wash;Zephyr;400 mL;1.76;Cuidados Pessoais > Sabonete Líquido;glúten,peixe,amendoim,crustáceos;8639987568191;24/11/2019
BR-03701;Krisol Eco Dish Liquid;Krisol;250 mL;2.65;Casa > Limpeza > Louças;;0298493835098;29/09/2020
BR-03702;Vivara Volumising Conditioner;Vivara;150 mL;3.53;Cuidados Pessoais > Cabelo > Condicionador;peixe,amendoim,glúten,ovos;2013065332397;25/05/2022
BR-03703;Solven Dish Liquid;Solven;1000 mL;17.64;Casa > Limpeza > Louças;peixe,amendoim,ovos;1516446592393;29/08/2022
BR-03704;Velaris Whitening Deodorant;Velaris;500 mL;3.53;Cuidados Pessoais > Desodorante;glúten,leite,gergelim;8004703226004;04/12/2023
BR-03705;Frostine Stain Remover;Frostine;1000 mL;5.29;Casa > Lavanderia;ovos,soja,amendoim,crustáceos;7310538889316;22/10/2019
BR-03706;Frostine Dish Liquid;Frostine;200 mL;3.53;Casa > Limpeza > Louças;trigo,soja,peixe,leite;6010972893825;08/10/2018
BR-03707;Vanta Deep Conditioner;Vanta;75 mL;8.82;Cuidados Pessoais > Cabelo > Condicionador;;0609784970426;18/05/2018
BR-03708;Solvix Heavy Duty Dish Soap;Solvix;400 mL;10.58;Casa > Limpeza > Louças;soja,ovos,leite;0945319422368;01/09/2021
BR-03709;Nexpur Mixed Nuts Blend;Nexpur;400 mL;2.65;Alimentos > Petiscos;crustáceos,trigo;5076233275091;24/01/2021
BR-03710;Primus SPF Moisturiser;Primus;150 mL;2.65;Cuidados Pessoais > Rosto > Hidratação;amendoim,soja,peixe;0161687630734;21/03/2023
BR-03711;Polvera Leave-In Conditioner;Polvera;250 mL;14.11;Cuidados Pessoais > Cabelo > Condicionador;gergelim,amendoim;8363917013894;22/02/2019
BR-03712;Clarity Refreshing Shower Gel;Clarity;250 mL;14.11;Cuidados Pessoais > Banho;gergelim,trigo,glúten,castanhas;3358623422349;22/06/2019
BR-03713;Frostine Volumising Conditioner;Frostine;75 mL;1.76;Cuidados Pessoais > Cabelo > Condicionador;;4423056657763;21/02/2018
BR-03714;Solven Rice Cakes;Solven;1000 mL;3.53;Alimentos > Petiscos;ovos,crustáceos;4342108439884;29/03/2020
BR-03715;Luminos Oat Protein Bar;Luminos;150 mL;2.65;Alimentos > Petiscos;glúten,peixe,amendoim;6680268748513;25/02/2019
BR-03716;Polvera Glass Cleaner;Polvera;300 mL;2.65;Casa > Limpeza > Superfícies;amendoim;7685976646921;09/11/2022
BR-03717;Solvix Whitening Deodorant;Solvix;1000 mL;1.76;Cuidados Pessoais > Desodorante;gergelim;2774694825451;01/04/2023
BR-03718;Elaris Moisturising Hand Wash;Elaris;200 mL;14.11;Cuidados Pessoais > Sabonete Líquido;trigo,leite,gergelim,crustáceos;3768352813729;17/12/2020
BR-03719;Elaris Deep Conditioner;Elaris;300 mL;8.82;Cuidados Pessoais > Cabelo > Condicionador;castanhas;2170572677981;01/03/2020
BR-03720;Brightway Moisturising Body Wash;Brightway;50 mL;5.29;Cuidados Pessoais > Banho;;4330779001219;16/01/2022
BR-03721;Cristalix Oil Control Face Wash;Cristalix;500 mL;17.64;Cuidados Pessoais > Rosto > Limpeza;leite,castanhas;5506271810638;18/10/2018
BR-03722;Vivara Eco Dish Liquid;Vivara;200 mL;7.05;Casa > Limpeza > Louças;leite,peixe,gergelim,soja;6462906516513;27/06/2019
BR-03723;Verdant Fragrance-Free Hand Wash;Verdant;400 mL;5.29;Cuidados Pessoais > Sabonete Líquido;leite,amendoim,trigo;1415238778703;21/04/2018
BR-03724;Alteva Sensitive Skin Body Wash;Alteva;250 mL;7.05;Cuidados Pessoais > Banho;leite,peixe;9357633812359;01/05/2021
BR-03725;Gleam Mayonnaise;Gleam;150 mL;10.58;Alimentos > Condimentos;;6203760207076;06/10/2020
BR-03726;Cladis Kitchen Cleaner;Cladis;300 mL;17.64;Casa > Limpeza > Superfícies;;3169760790464;03/11/2022
BR-03727;Qualis Moisturising Body Wash;Qualis;250 mL;5.29;Cuidados Pessoais > Banho;;9949344991616;30/01/2022
BR-03728;Kaleo Dish Liquid;Kaleo;500 mL;14.11;Casa > Limpeza > Louças;gergelim,trigo,peixe,castanhas;2255574194503;06/11/2023
BR-03729;Vanta Vinegar Dressing;Vanta;300 mL;10.58;Alimentos > Condimentos;;3634091616931;21/05/2019
BR-03730;TEST-Cristalix Oil Control Face Wash;Cristalix;300 mL;5.29;Cuidados Pessoais > Rosto > Limpeza;castanhas,trigo;8043326444587;26/01/2019
BR-03731;Frosten Fragrance-Free Hand Wash;Frosten;200 mL;10.58;Cuidados Pessoais > Sabonete Líquido;;5286815915677;20/05/2021
BR-03732;DUMMY-Teraxis Tomato Ketchup;Teraxis;400 mL;7.05;Alimentos > Condimentos;ovos,crustáceos,leite,soja;0812570602986;10/11/2019
BR-03733;Luxara Repair Conditioner;Luxara;750 mL;14.11;Cuidados Pessoais > Cabelo > Condicionador;;4706759650003;18/01/2020
BR-03734;Tolvex Colour Protect Shampoo;Tolvex;400 mL;14.11;Cuidados Pessoais > Cabelo > Shampoo;crustáceos,amendoim,glúten,soja;4860165612465;14/08/2022
BR-03735;Purelix Repair Conditioner;Purelix;750 mL;8.82;Cuidados Pessoais > Cabelo > Condicionador;;2516280261423;16/09/2019
BR-03736;Solaris Fabric Softener;Solaris;200 mL;10.58;Casa > Lavanderia;crustáceos,gergelim,castanhas,leite;3681948044638;10/10/2021
BR-03737;Vanta Vinegar Dressing;Vanta;50 mL;3.53;Alimentos > Condimentos;trigo,ovos,crustáceos;1411212905882;24/08/2023
BR-03738;Frosten Daily Moisturiser;Frosten;150 mL;10.58;Cuidados Pessoais > Rosto > Hidratação;peixe;3134946078186;18/10/2019
BR-03739;Tresol Rinse Aid;Tresol;75 mL;5.29;Casa > Limpeza > Louças;castanhas,trigo,gergelim,ovos;9311423115471;26/01/2023
BR-03740;Verdant Tomato Ketchup;Verdant;750 mL;17.64;Alimentos > Condimentos;soja,ovos,trigo,leite;6053954328458;10/11/2018
BR-03741;Polvera Smooth & Shine Conditioner;Polvera;750 mL;5.29;Cuidados Pessoais > Cabelo > Condicionador;crustáceos,gergelim,amendoim,ovos;1074914876425;15/12/2022
BR-03742;Zephyr Gentle Face Wash;Zephyr;750 mL;3.53;Cuidados Pessoais > Rosto > Limpeza;;1887069832921;17/01/2021
BR-03743;Glova Moisturising Body Wash;Glova;300 mL;3.53;Cuidados Pessoais > Banho;leite,ovos,peixe,amendoim;0732819750776;08/09/2019
BR-03744;Luxara Colour Protect Shampoo;Luxara;750 mL;1.76;Cuidados Pessoais > Cabelo > Shampoo;peixe,castanhas,leite;5655340026712;15/08/2022
BR-03745;Tresol Repair Shampoo;Tresol;400 mL;14.11;Cuidados Pessoais > Cabelo > Shampoo;;4316118698142;07/12/2019
BR-03746;Primus Tomato Ketchup;Primus;250 mL;3.53;Alimentos > Condimentos;soja,leite,gergelim,trigo;4922946897611;28/07/2022
BR-03747;Glova Antibacterial Hand Wash;Glova;500 mL;8.82;Cuidados Pessoais > Sabonete Líquido;leite,glúten,ovos;0920737866550;23/04/2023
03748;Qualis Colour Protect Shampoo;Qualis;250 mL;14.11;Cuidados Pessoais > Cabelo > Shampoo;glúten;0341386517677;31/07/2020
BR-03749;Brightway Hot Chilli Sauce;Brightway;400 mL;3.53;Alimentos > Condimentos;glúten,leite;6359312151004;20/03/2019
BR-03750;Frosten Smooth & Shine Conditioner;Frosten;500 mL;3.53;Cuidados Pessoais > Cabelo > Condicionador;gergelim,peixe;1311035807717;21/08/2018
BR-03751;Nexpur Dish Liquid;Nexpur;50 mL;7.05;Casa > Limpeza > Louças;glúten,soja;8795963845356;02/02/2021
BR-03752;Glova Aloe Hand Wash;Glova;750 mL;10.58;Cuidados Pessoais > Sabonete Líquido;trigo,soja,leite;0373637570810;18/09/2021
BR-03753;Hevara Colour Protect Shampoo;Hevara;50 mL;14.11;Cuidados Pessoais > Cabelo > Shampoo;gergelim,soja,glúten;6826144645570;06/12/2021
BR-03754;Oralix Gentle Face Wash;Oralix;50 mL;3.53;Cuidados Pessoais > Rosto > Limpeza;peixe,gergelim,crustáceos;4275714891251;03/12/2021
BR-03755;Solven Smooth & Shine Conditioner;Solven;1000 mL;10.58;Cuidados Pessoais > Cabelo > Condicionador;soja,crustáceos;9447401586688;03/03/2021
BR-03756;Orinum Dishwasher Tablets;Orinum;100 mL;8.82;Casa > Limpeza > Louças;castanhas,trigo;8324023089128;26/10/2019
BR-03757;Elaris Oat Protein Bar;Elaris;150 mL;14.11;Alimentos > Petiscos;;5010239414290;18/08/2018
BR-03758;Frostine Sensitive Skin Body Wash;Frostine;50 mL;2.65;Cuidados Pessoais > Banho;crustáceos,amendoim,ovos;9283249511099;14/10/2022
BR-03759;Luminos Rice Cakes;Luminos;1000 mL;3.53;Alimentos > Petiscos;glúten,ovos;1699347877629;18/04/2023
BR-03760;Orinum Intensive Moisturiser;Orinum;750 mL;5.29;Cuidados Pessoais > Rosto > Hidratação;;7217821927901;16/08/2018
BR-03761;Gleam Aloe Hand Wash;Gleam;200 mL;10.58;Cuidados Pessoais > Sabonete Líquido;trigo,gergelim;7345763587317;24/12/2018
BR-03762;Vivara Volumising Shampoo;Vivara;200 mL;3.53;Cuidados Pessoais > Cabelo > Shampoo;gergelim,peixe;7456443132816;11/03/2022
BR-03763;Serafix Antibacterial Hand Wash;Serafix;300 mL;17.64;Cuidados Pessoais > Sabonete Líquido;soja;3290460846745;18/05/2018
BR-03764;XXX-Elaris Kitchen Cleaner;Elaris;500 mL;1.76;Casa > Limpeza > Superfícies;;8799971790844;30/11/2018
BR-03765;Solaris 48hr Spray Deodorant;Solaris;400 mL;2.65;Cuidados Pessoais > Desodorante;;5275073613203;29/05/2021
BR-03766;Cristalix Deep Clean Body Wash;Cristalix;100 mL;3.53;Cuidados Pessoais > Banho;peixe;2819799111303;29/04/2023
BR-03767;Motivo Exfoliating Face Scrub;Motivo;75 mL;10.58;Cuidados Pessoais > Rosto > Limpeza;ovos,crustáceos,peixe;9781626671416;11/11/2022
BR-03768;Purelix Laundry Powder;Purelix;1000 mL;8.82;Casa > Lavanderia;crustáceos,leite,gergelim,soja;3212712151971;19/03/2018
BR-03769;Krisol Heavy Duty Dish Soap;Krisol;100 mL;14.11;Casa > Limpeza > Louças;ovos;6734992842679;30/10/2023
BR-03770;Orinum Antibacterial Hand Wash;Orinum;500 mL;7.05;Cuidados Pessoais > Sabonete Líquido;;5485120612688;05/05/2023
BR-03771;Zephyr Exfoliating Face Scrub;Zephyr;75 mL;7.05;Cuidados Pessoais > Rosto > Limpeza;glúten,gergelim;7715892781250;04/09/2023
BR-03772;Hevara Oil Control Face Wash;Hevara;750 mL;2.65;Cuidados Pessoais > Rosto > Limpeza;crustáceos,soja,peixe,amendoim;6421511261096;29/09/2018
BR-03773;Alteva Mixed Nuts Blend;Alteva;100 mL;14.11;Alimentos > Petiscos;castanhas,peixe,glúten;3998376732649;26/10/2019
BR-03774;Arovia Foaming Hand Wash;Arovia;400 mL;14.11;Cuidados Pessoais > Sabonete Líquido;leite;1423527943404;18/02/2023
BR-03775;Brightway Repair Shampoo;Brightway;400 mL;10.58;Cuidados Pessoais > Cabelo > Shampoo;amendoim,crustáceos,glúten;8605641310666;31/05/2022
BR-03776;Lumeva Refreshing Shower Gel;Lumeva;400 mL;3.53;Cuidados Pessoais > Banho;amendoim,castanhas,ovos,crustáceos;5609901480680;21/10/2018
BR-03777;Teraxis Deep Clean Body Wash;Teraxis;250 mL;8.82;Cuidados Pessoais > Banho;;3632623750542;08/05/2020
BR-03778;Glicen Leave-In Conditioner;Glicen;300 mL;1.76;Cuidados Pessoais > Cabelo > Condicionador;crustáceos;8462406837598;26/11/2020
BR-03779;Alteva Granola Bar;Alteva;400 mL;1.76;Alimentos > Petiscos;soja;0710564006744;11/03/2019
BR-03780;Motivo Whitening Deodorant;Motivo;400 mL;8.82;Cuidados Pessoais > Desodorante;amendoim;0874155075769;25/11/2020
BR-03781;Motivo Lightweight Lotion;Motivo;1000 mL;5.29;Cuidados Pessoais > Rosto > Hidratação;trigo,ovos,amendoim,crustáceos;1964240436540;17/08/2021
BR-03782;Purevex Colour Protect Shampoo;Purevex;300 mL;1.76;Cuidados Pessoais > Cabelo > Shampoo;;2226567992666;05/07/2019
BR-03783;Nuvelo Night Cream;Nuvelo;75 mL;14.11;Cuidados Pessoais > Rosto > Hidratação;peixe;9658614692114;29/06/2020
BR-03784;Novix Hot Chilli Sauce;Novix;400 mL;8.82;Alimentos > Condimentos;amendoim,ovos,trigo;2876704447186;05/05/2022
BR-03785;Polvera Rinse Aid;Polvera;75 mL;5.29;Casa > Limpeza > Louças;leite,amendoim,glúten,gergelim;0862835571427;28/03/2023
BR-03786;Aurova Sensitive Skin Body Wash;Aurova;75 mL;2.65;Cuidados Pessoais > Banho;ovos;2595353241265;25/08/2022
BR-03787;Polvera Moisturising Hand Wash;Polvera;50 mL;10.58;Cuidados Pessoais > Sabonete Líquido;;0902885411110;24/06/2019
BR-03788;Zenpur Moisturising Body Wash;Zenpur;50 mL;3.53;Cuidados Pessoais > Banho;ovos,castanhas,gergelim;4277141045283;17/04/2023
BR-03789;TEST-Glicen Fragrance-Free Hand Wash;Glicen;300 mL;17.64;Cuidados Pessoais > Sabonete Líquido;leite,glúten,amendoim,crustáceos;5260518546413;07/04/2020
BR-03790;Arovia Kitchen Cleaner;Arovia;500 mL;2.65;Casa > Limpeza > Superfícies;;2231448863669;28/08/2023
BR-03791;Aevum Refreshing Shower Gel;Aevum;250 mL;8.82;Cuidados Pessoais > Banho;gergelim,castanhas;9975265700563;26/07/2019
BR-03792;Elaris Fabric Softener;Elaris;150 mL;3.53;Casa > Lavanderia;leite,gergelim,ovos,castanhas;1609629395611;08/03/2020
BR-03793;Toreva Antibacterial Hand Wash;Toreva;75 mL;1.76;Cuidados Pessoais > Sabonete Líquido;;3749212096988;02/05/2022
BR-03794;Nuarix Moisturising Body Wash;Nuarix;400 mL;14.11;Cuidados Pessoais > Banho;crustáceos,ovos;5556239476468;15/09/2018
BR-03795;Qualis Granola Bar;Qualis;400 mL;17.64;Alimentos > Petiscos;glúten,leite;9519809599055;21/03/2022
BR-03796;Tresol Refreshing Shower Gel;Tresol;300 mL;10.58;Cuidados Pessoais > Banho;castanhas;1031530870336;04/01/2018
BR-03797;Purelix Repair Conditioner;Purelix;400 mL;14.11;Cuidados Pessoais > Cabelo > Condicionador;glúten,peixe,crustáceos;0641080910720;13/11/2022
BR-03798;Kaleo Kitchen Cleaner;Kaleo;200 mL;17.64;Casa > Limpeza > Superfícies;castanhas,ovos;5703434917108;05/08/2018
BR-03799;Solaris Brightening Face Wash;Solaris;1000 mL;1.76;Cuidados Pessoais > Rosto > Limpeza;gergelim,soja;3494374750635;06/07/2022
BR-03800;Aurova Fabric Softener;Aurova;750 mL;3.53;Casa > Lavanderia;peixe,soja,glúten,amendoim;3411525641659;21/07/2018
BR-03801;Aurova Fragrance-Free Hand Wash;Aurova;150 mL;1.76;Cuidados Pessoais > Sabonete Líquido;amendoim,leite;6965148268276;02/08/2019
BR-03802;Krisol Sensitive Deodorant;Krisol;150 mL;5.29;Cuidados Pessoais > Desodorante;;0922411771556;26/02/2020
BR-03803;XXX-Cristalix Foaming Hand Wash;Cristalix;75 mL;14.11;Cuidados Pessoais > Sabonete Líquido;trigo,ovos;1521926936093;22/07/2023
BR-03804;Serafix Deep Clean Body Wash;Serafix;750 mL;8.82;Cuidados Pessoais > Banho;ovos,soja;1039868863594;23/04/2021
BR-03805;Plexum Volumising Shampoo;Plexum;50 mL;14.11;Cuidados Pessoais > Cabelo > Shampoo;peixe,crustáceos;4537709642256;22/08/2022
BR-03806;Arovia Hydrating Face Wash;Arovia;250 mL;2.65;Cuidados Pessoais > Rosto > Limpeza;leite,soja,ovos;2191442381456;03/02/2021
BR-03807;Tresol Refreshing Shower Gel;Tresol;400 mL;7.05;Cuidados Pessoais > Banho;;5464225592279;31/10/2018
BR-03808;Teraxis Dishwasher Tablets;Teraxis;50 mL;14.11;Casa > Limpeza > Louças;amendoim,ovos;1486297832842;16/08/2021
BR-03809;DUMMY-Glova Hydrating Face Wash;Glova;100 mL;2.65;Cuidados Pessoais > Rosto > Limpeza;peixe,leite,amendoim;0098936870170;17/08/2019
03810;Nuarix Anti-Dandruff Shampoo;Nuarix;75 mL;17.64;Cuidados Pessoais > Cabelo > Shampoo;crustáceos,amendoim;4000543122265;10/05/2021
BR-03811;Plexum Dishwasher Tablets;Plexum;100 mL;14.11;Casa > Limpeza > Louças;amendoim;4503893476496;06/08/2021
BR-03812;Brightway Leave-In Conditioner;Brightway;250 mL;5.29;Cuidados Pessoais > Cabelo > Condicionador;crustáceos,amendoim,trigo;2671648435141;11/01/2022
03813;Tresol Intensive Moisturiser;Tresol;300 mL;1.76;Cuidados Pessoais > Rosto > Hidratação;castanhas,soja;8555885991896;13/09/2018
BR-03814;TEST-Velaris Brightening Face Wash;Velaris;400 mL;7.05;Cuidados Pessoais > Rosto > Limpeza;glúten,castanhas;8539111308320;02/12/2018
BR-03815;Arovia Deep Conditioner;Arovia;300 mL;2.65;Cuidados Pessoais > Cabelo > Condicionador;peixe,trigo,castanhas;1973102983313;11/08/2019
BR-03816;Brightway Fragrance-Free Hand Wash;Brightway;1000 mL;17.64;Cuidados Pessoais > Sabonete Líquido;;0074988871051;13/11/2020
BR-03817;Vanta Fabric Softener;Vanta;200 mL;5.29;Casa > Lavanderia;leite,glúten,peixe,soja;6581539362233;13/09/2020
BR-03818;Motivo Dishwasher Tablets;Motivo;200 mL;10.58;Casa > Limpeza > Louças;castanhas,amendoim,gergelim,soja;5920548885073;19/05/2020
03819;Cryston Repair Conditioner;Cryston;750 mL;2.65;Cuidados Pessoais > Cabelo > Condicionador;trigo,leite,crustáceos;7269252320998;17/07/2022
BR-03820;Orinum Moisturising Hand Wash;Orinum;100 mL;8.82;Cuidados Pessoais > Sabonete Líquido;;7012008407586;28/09/2023
BR-03821;Brightway Leave-In Conditioner;Brightway;400 mL;3.53;Cuidados Pessoais > Cabelo > Condicionador;gergelim,castanhas;9931785878731;23/01/2021
BR-03822;Plexum Nourishing Body Cleanser;Plexum;500 mL;10.58;Cuidados Pessoais > Banho;peixe,crustáceos,gergelim;0373796728039;02/08/2022
BR-03823;Hevara Multi-Surface Spray;Hevara;750 mL;7.05;Casa > Limpeza > Superfícies;castanhas,leite,ovos;2357822394977;30/05/2018
BR-03824;Frostine Laundry Powder;Frostine;50 mL;10.58;Casa > Lavanderia;peixe;2953644148776;08/12/2022
BR-03825;Qualis Mustard Sauce;Qualis;750 mL;7.05;Alimentos > Condimentos;;8836808988095;01/03/2020
03826;Orinum Deep Conditioner;Orinum;750 mL;10.58;Cuidados Pessoais > Cabelo > Condicionador;amendoim,gergelim;1755253912554;22/07/2019
BR-03827;Luminos 24hr Roll-On Deodorant;Luminos;150 mL;1.76;Cuidados Pessoais > Desodorante;glúten,crustáceos,soja,castanhas;7602787033214;19/10/2021
BR-03828;Teraxis Laundry Powder;Teraxis;300 mL;5.29;Casa > Lavanderia;;3928586743609;10/04/2021
BR-03829;Alteva Stain Remover;Alteva;500 mL;5.29;Casa > Lavanderia;peixe;2817506094710;29/12/2023
BR-03830;Zephyr Stain Remover;Zephyr;1000 mL;10.58;Casa > Lavanderia;castanhas,ovos,soja,leite;9142967307462;13/05/2022
BR-03831;Novix Mixed Nuts Blend;Novix;300 mL;7.05;Alimentos > Petiscos;ovos,leite,crustáceos;8127794917658;03/08/2021
03832;Luxara Stain Remover;Luxara;500 mL;3.53;Casa > Lavanderia;glúten;1627049141854;01/09/2022
BR-03833;Cristalix Leave-In Conditioner;Cristalix;150 mL;17.64;Cuidados Pessoais > Cabelo > Condicionador;ovos;6729003724709;07/11/2020
BR-03834;Zenpur Colour Protect Shampoo;Zenpur;75 mL;5.29;Cuidados Pessoais > Cabelo > Shampoo;;7455290035929;24/03/2018
BR-03835;Gleam Sensitive Deodorant;Gleam;50 mL;17.64;Cuidados Pessoais > Desodorante;glúten;2263030783710;05/08/2022
BR-03836;Glicen Night Cream;Glicen;750 mL;7.05;Cuidados Pessoais > Rosto > Hidratação;ovos,trigo,castanhas;7981233160309;28/01/2020
BR-03837;Cladis Mustard Sauce;Cladis;150 mL;2.65;Alimentos > Condimentos;;4021530804025;24/02/2023
BR-03838;Cryston Antibacterial Hand Wash;Cryston;400 mL;17.64;Cuidados Pessoais > Sabonete Líquido;;2893323454227;21/04/2020
BR-03839;Tolvex Tomato Ketchup;Tolvex;400 mL;14.11;Alimentos > Condimentos;ovos,peixe,trigo,gergelim;1427656570760;10/09/2019
BR-03840;Glova Anti-Dandruff Shampoo;Glova;300 mL;5.29;Cuidados Pessoais > Cabelo > Shampoo;leite,trigo;1421061141065;05/03/2021
BR-03841;DUMMY-Primus Sport Deodorant;Primus;100 mL;1.76;Cuidados Pessoais > Desodorante;;9412445161948;28/07/2022
BR-03842;Cryston 48hr Spray Deodorant;Cryston;50 mL;3.53;Cuidados Pessoais > Desodorante;gergelim;7983232367703;27/02/2022
BR-03843;Brightway Brightening Face Wash;Brightway;250 mL;2.65;Cuidados Pessoais > Rosto > Limpeza;leite,ovos,soja;5881215552486;19/10/2020
BR-03844;Velaris Sensitive Skin Body Wash;Velaris;75 mL;5.29;Cuidados Pessoais > Banho;;1618804112127;27/04/2022
BR-03845;Frosten Hydrating Shampoo;Frosten;1000 mL;1.76;Cuidados Pessoais > Cabelo > Shampoo;ovos,leite,trigo;9674697780340;07/03/2020
BR-03846;Plexum Repair Shampoo;Plexum;750 mL;5.29;Cuidados Pessoais > Cabelo > Shampoo;gergelim,soja;5574908574710;05/07/2023
BR-03847;Toreva Multi-Surface Spray;Toreva;250 mL;10.58;Casa > Limpeza > Superfícies;gergelim,peixe;4322469631813;25/08/2021
BR-03848;Lumeva Stain Remover;Lumeva;300 mL;1.76;Casa > Lavanderia;glúten,soja,trigo,gergelim;3430926204829;27/10/2020
BR-03849;Zenpur Moisturising Body Wash;Zenpur;100 mL;2.65;Cuidados Pessoais > Banho;soja,gergelim,ovos;0189733247156;28/10/2019
BR-03850;Frosten Whitening Deodorant;Frosten;750 mL;10.58;Cuidados Pessoais > Desodorante;soja,leite,glúten;1697281885847;02/06/2018
BR-03851;Elaris Kitchen Cleaner;Elaris;150 mL;2.65;Casa > Limpeza > Superfícies;leite,gergelim,castanhas,crustáceos;7346986758973;06/09/2018
BR-03852;Hevara Anti-Dandruff Shampoo;Hevara;200 mL;3.53;Cuidados Pessoais > Cabelo > Shampoo;crustáceos;0955772005367;20/11/2023
BR-03853;Oralix Oat Protein Bar;Oralix;500 mL;10.58;Alimentos > Petiscos;soja,castanhas;3820187767124;06/01/2021
BR-03854;Glicen Mustard Sauce;Glicen;75 mL;2.65;Alimentos > Condimentos;soja,leite;9127073662063;12/09/2019
BR-03855;Verdant Kitchen Cleaner;Verdant;200 mL;14.11;Casa > Limpeza > Superfícies;;9967450716237;28/09/2019
BR-03856;Sovara 48hr Spray Deodorant;Sovara;1000 mL;8.82;Cuidados Pessoais > Desodorante;castanhas,crustáceos;5768112005652;20/07/2021
BR-03857;Oralix 48hr Spray Deodorant;Oralix;1000 mL;7.05;Cuidados Pessoais > Desodorante;;7439387270752;29/05/2020
BR-03858;Lumeva Brightening Face Wash;Lumeva;1000 mL;3.53;Cuidados Pessoais > Rosto > Limpeza;trigo,soja;8448232890174;14/09/2018
BR-03859;Serafix Deep Clean Body Wash;Serafix;400 mL;17.64;Cuidados Pessoais > Banho;;1868938395433;08/02/2021
BR-03860;Arovia Mustard Sauce;Arovia;400 mL;2.65;Alimentos > Condimentos;gergelim;4038405887045;15/01/2019
BR-03861;Glova Dishwasher Tablets;Glova;500 mL;14.11;Casa > Limpeza > Louças;trigo;3351950962335;02/06/2021
BR-03862;Solvix Daily Moisturiser;Solvix;250 mL;5.29;Cuidados Pessoais > Rosto > Hidratação;glúten,gergelim,soja,ovos;3378733580586;24/10/2019
BR-03863;Alteva Eco Dish Liquid;Alteva;750 mL;8.82;Casa > Limpeza > Louças;gergelim,ovos,amendoim,crustáceos;8059515567463;17/05/2021
BR-03864;Cryston Leave-In Conditioner;Cryston;150 mL;1.76;Cuidados Pessoais > Cabelo > Condicionador;;6364704870425;13/12/2023
BR-03865;Nuvelo Tomato Ketchup;Nuvelo;1000 mL;17.64;Alimentos > Condimentos;ovos,trigo,amendoim,castanhas;4763377993806;07/11/2020
BR-03866;Glova Multi-Surface Spray;Glova;150 mL;1.76;Casa > Limpeza > Superfícies;crustáceos;6049191799700;20/09/2021
BR-03867;Solvix Disinfectant Spray;Solvix;400 mL;5.29;Casa > Limpeza > Superfícies;;0802713622551;15/06/2023
BR-03868;Purevex Fabric Softener;Purevex;750 mL;1.76;Casa > Lavanderia;trigo;2211388691867;11/11/2022
BR-03869;TEST-Zephyr Deep Clean Body Wash;Zephyr;750 mL;7.05;Cuidados Pessoais > Banho;;9572416858458;04/05/2020
BR-03870;Clarity Rice Cakes;Clarity;500 mL;2.65;Alimentos > Petiscos;;5340534749231;20/06/2018
BR-03871;Purevex Vinegar Dressing;Purevex;50 mL;14.11;Alimentos > Condimentos;glúten,soja,amendoim,trigo;6513907267451;17/10/2020
BR-03872;Lumeva Mixed Nuts Blend;Lumeva;300 mL;3.53;Alimentos > Petiscos;glúten,ovos;7802715227375;23/10/2019
03873;Purelix Mixed Nuts Blend;Purelix;150 mL;17.64;Alimentos > Petiscos;ovos,crustáceos,glúten;6813835817811;30/04/2018
BR-03874;Frostine 48hr Spray Deodorant;Frostine;1000 mL;8.82;Cuidados Pessoais > Desodorante;;3578354211351;24/04/2023
BR-03875;Helix Heavy Duty Dish Soap;Helix;200 mL;7.05;Casa > Limpeza > Louças;leite,glúten;5799798431527;29/10/2019
BR-03876;Helix Disinfectant Spray;Helix;75 mL;1.76;Casa > Limpeza > Superfícies;amendoim,peixe,castanhas;5065302006865;22/11/2021
BR-03877;Serafix Mayonnaise;Serafix;100 mL;1.76;Alimentos > Condimentos;trigo,leite;4224704284856;18/07/2018
BR-03878;Cladis Volumising Shampoo;Cladis;400 mL;3.53;Cuidados Pessoais > Cabelo > Shampoo;castanhas,leite;8932008587523;23/09/2018
BR-03879;Nexpur Dishwasher Tablets;Nexpur;300 mL;7.05;Casa > Limpeza > Louças;peixe,amendoim;3102912097653;30/10/2023
BR-03880;Solaris Brightening Face Wash;Solaris;75 mL;14.11;Cuidados Pessoais > Rosto > Limpeza;peixe,trigo,leite,amendoim;9279979348326;30/10/2020
BR-03881;Solaris Liquid Laundry Detergent;Solaris;200 mL;3.53;Casa > Lavanderia;gergelim,leite,ovos;7501775475039;08/11/2018
BR-03882;Glova Aloe Hand Wash;Glova;250 mL;14.11;Cuidados Pessoais > Sabonete Líquido;peixe;6409680120031;26/03/2018
BR-03883;Nuarix Liquid Laundry Detergent;Nuarix;750 mL;14.11;Casa > Lavanderia;;4765954408888;13/08/2023
BR-03884;Serafix 24hr Roll-On Deodorant;Serafix;400 mL;3.53;Cuidados Pessoais > Desodorante;;9304180848294;29/07/2022
BR-03885;Purelix Nourishing Body Cleanser;Purelix;100 mL;1.76;Cuidados Pessoais > Banho;crustáceos,soja,amendoim,ovos;2215634397688;08/08/2019
BR-03886;Tresol Mustard Sauce;Tresol;150 mL;17.64;Alimentos > Condimentos;;5474329955757;05/07/2021
BR-03887;Plexum Hydrating Face Wash;Plexum;250 mL;1.76;Cuidados Pessoais > Rosto > Limpeza;castanhas,amendoim,ovos;3907443297929;11/01/2018
BR-03888;Kaleo Leave-In Conditioner;Kaleo;75 mL;3.53;Cuidados Pessoais > Cabelo > Condicionador;crustáceos;0322888970269;05/05/2018
BR-03889;Tresol Nourishing Body Cleanser;Tresol;50 mL;10.58;Cuidados Pessoais > Banho;;0841069777539;26/07/2019
BR-03890;Cladis Hydrating Face Wash;Cladis;150 mL;14.11;Cuidados Pessoais > Rosto > Limpeza;soja,peixe,amendoim;2178572280439;11/06/2022
BR-03891;Orinum Dish Liquid;Orinum;200 mL;3.53;Casa > Limpeza > Louças;gergelim;0869191809812;28/04/2023
03892;Qualis SPF Moisturiser;Qualis;100 mL;14.11;Cuidados Pessoais > Rosto > Hidratação;soja,crustáceos;0041023362867;19/03/2021
BR-03893;Cladis Hydrating Shampoo;Cladis;750 mL;3.53;Cuidados Pessoais > Cabelo > Shampoo;crustáceos,leite,soja;8931364903657;20/01/2023
BR-03894;Alteva Repair Shampoo;Alteva;500 mL;14.11;Cuidados Pessoais > Cabelo > Shampoo;glúten;3190101855405;16/03/2022
BR-03895;Elaris Bathroom Cleaner;Elaris;500 mL;14.11;Casa > Limpeza > Superfícies;;3817174749072;18/01/2020
BR-03896;Alteva Oil Control Face Wash;Alteva;250 mL;5.29;Cuidados Pessoais > Rosto > Limpeza;crustáceos;3623057620723;30/04/2022
BR-03897;Cristalix Aloe Hand Wash;Cristalix;75 mL;17.64;Cuidados Pessoais > Sabonete Líquido;gergelim,castanhas;2186253956399;16/12/2020
BR-03898;Solaris Vinegar Dressing;Solaris;200 mL;3.53;Alimentos > Condimentos;amendoim;3490934269265;26/06/2020
BR-03899;Frostine SPF Moisturiser;Frostine;500 mL;5.29;Cuidados Pessoais > Rosto > Hidratação;;4105458960190;12/07/2020
BR-03900;Solaris Hot Chilli Sauce;Solaris;100 mL;17.64;Alimentos > Condimentos;crustáceos,castanhas,peixe;6807345710717;20/02/2023
BR-03901;Purelix Liquid Laundry Detergent;Purelix;250 mL;8.82;Casa > Lavanderia;;2647223146429;08/07/2018
BR-03902;Orinum Deep Conditioner;Orinum;300 mL;8.82;Cuidados Pessoais > Cabelo > Condicionador;glúten,peixe,gergelim;7581343447767;21/11/2019
BR-03903;Hevara Exfoliating Face Scrub;Hevara;750 mL;10.58;Cuidados Pessoais > Rosto > Limpeza;soja,crustáceos,peixe;1204597767400;31/10/2020
BR-03904;Luminos Rinse Aid;Luminos;300 mL;3.53;Casa > Limpeza > Louças;ovos,glúten;1556529278134;18/07/2022
BR-03905;Solvix Repair Conditioner;Solvix;500 mL;1.76;Cuidados Pessoais > Cabelo > Condicionador;peixe,crustáceos;7933839502786;02/05/2022
BR-03906;Solvix Mayonnaise;Solvix;300 mL;5.29;Alimentos > Condimentos;;4135039785140;18/10/2018
BR-03907;Purevex Deep Conditioner;Purevex;75 mL;1.76;Cuidados Pessoais > Cabelo > Condicionador;crustáceos,glúten,soja;6852374761155;02/11/2021
BR-03908;Frosten Fabric Softener;Frosten;1000 mL;14.11;Casa > Lavanderia;gergelim;4008110521244;27/03/2018
BR-03909;Sovara Hot Chilli Sauce;Sovara;300 mL;14.11;Alimentos > Condimentos;peixe,ovos,glúten,crustáceos;6453383733104;03/12/2022
BR-03910;Orinum Mustard Sauce;Orinum;300 mL;1.76;Alimentos > Condimentos;ovos;0777353396417;11/01/2021
BR-03911;Nexpur Daily Moisturiser;Nexpur;400 mL;8.82;Cuidados Pessoais > Rosto > Hidratação;glúten,gergelim,leite;2720993525127;04/01/2018
BR-03912;Cryston Eco Dish Liquid;Cryston;250 mL;8.82;Casa > Limpeza > Louças;peixe,crustáceos;0047587012804;23/02/2023
03913;Nuvelo Refreshing Shower Gel;Nuvelo;75 mL;2.65;Cuidados Pessoais > Banho;soja,gergelim,peixe;1010830153523;13/01/2023
BR-03914;Vanta Liquid Laundry Detergent;Vanta;250 mL;10.58;Casa > Lavanderia;;8863841962843;10/03/2019
BR-03915;Verdant Rinse Aid;Verdant;400 mL;7.05;Casa > Limpeza > Louças;glúten,leite,castanhas;7923218395764;11/11/2021
BR-03916;Aevum Hydrating Face Wash;Aevum;150 mL;5.29;Cuidados Pessoais > Rosto > Limpeza;peixe,trigo;4195178631890;06/01/2020
BR-03917;Motivo Disinfectant Spray;Motivo;750 mL;17.64;Casa > Limpeza > Superfícies;peixe,gergelim;7967379956884;14/05/2018
03918;Toreva Oat Protein Bar;Toreva;750 mL;10.58;Alimentos > Petiscos;castanhas,trigo,ovos;6348786480109;12/09/2021
BR-03919;Primus Hydrating Shampoo;Primus;200 mL;3.53;Cuidados Pessoais > Cabelo > Shampoo;amendoim,ovos,leite;2205835957880;29/03/2018
BR-03920;Plexum Oat Protein Bar;Plexum;250 mL;3.53;Alimentos > Petiscos;trigo,crustáceos,soja;8276067062509;26/11/2018
BR-03921;XXX-Glicen Hot Chilli Sauce;Glicen;1000 mL;3.53;Alimentos > Condimentos;ovos,glúten,leite;9560699323237;02/11/2022
BR-03922;Cladis Kitchen Cleaner;Cladis;250 mL;7.05;Casa > Limpeza > Superfícies;;1973111202726;30/12/2019
BR-03923;Cristalix Repair Shampoo;Cristalix;75 mL;14.11;Cuidados Pessoais > Cabelo > Shampoo;ovos,soja;8927334095866;28/09/2020
BR-03924;Sovara Sport Deodorant;Sovara;750 mL;3.53;Cuidados Pessoais > Desodorante;trigo;6624299663902;11/01/2023
BR-03925;Polvera Night Cream;Polvera;300 mL;10.58;Cuidados Pessoais > Rosto > Hidratação;soja;8912280023704;07/08/2022
BR-03926;Arovia Sensitive Skin Body Wash;Arovia;1000 mL;5.29;Cuidados Pessoais > Banho;;4173361239337;08/01/2019
BR-03927;Verdant Stain Remover;Verdant;250 mL;7.05;Casa > Lavanderia;crustáceos,castanhas,ovos,gergelim;5238589725068;15/02/2023
BR-03928;Plexum Salted Crackers;Plexum;100 mL;3.53;Alimentos > Petiscos;crustáceos;0903134644396;10/02/2018
BR-03929;Qualis Salted Crackers;Qualis;1000 mL;5.29;Alimentos > Petiscos;glúten;5833265090128;02/12/2023
BR-03930;Frostine Colour Protect Shampoo;Frostine;1000 mL;17.64;Cuidados Pessoais > Cabelo > Shampoo;soja,peixe,amendoim,trigo;9030067991349;31/07/2022
BR-03931;Motivo Liquid Laundry Detergent;Motivo;1000 mL;1.76;Casa > Lavanderia;castanhas,peixe,ovos;2174726723401;14/11/2022
BR-03932;Hevara Stain Remover;Hevara;400 mL;14.11;Casa > Lavanderia;crustáceos;5386689707344;28/05/2019
BR-03933;Luminos Colour Protect Shampoo;Luminos;500 mL;5.29;Cuidados Pessoais > Cabelo > Shampoo;ovos,crustáceos,soja;6982379953429;30/04/2018
BR-03934;Cladis Sensitive Deodorant;Cladis;500 mL;1.76;Cuidados Pessoais > Desodorante;soja,castanhas,trigo;6756529805308;07/03/2020
BR-03935;Zephyr Antibacterial Hand Wash;Zephyr;50 mL;7.05;Cuidados Pessoais > Sabonete Líquido;leite,castanhas,ovos;0019950098722;08/06/2022
BR-03936;TEST-Brightway Intensive Moisturiser;Brightway;400 mL;2.65;Cuidados Pessoais > Rosto > Hidratação;crustáceos,castanhas,trigo;0593541572391;25/07/2023
BR-03937;Verdant Night Cream;Verdant;400 mL;7.05;Cuidados Pessoais > Rosto > Hidratação;castanhas;8919959746513;22/12/2023
BR-03938;Solvix Intensive Moisturiser;Solvix;250 mL;10.58;Cuidados Pessoais > Rosto > Hidratação;ovos;6032888948970;25/05/2021
BR-03939;Tresol Repair Shampoo;Tresol;300 mL;5.29;Cuidados Pessoais > Cabelo > Shampoo;trigo,gergelim;8280823143029;01/12/2021
BR-03940;Zephyr Deep Conditioner;Zephyr;1000 mL;3.53;Cuidados Pessoais > Cabelo > Condicionador;gergelim,leite,amendoim,ovos;6980878253460;22/07/2023
BR-03941;Frosten Tomato Ketchup;Frosten;750 mL;14.11;Alimentos > Condimentos;castanhas,leite,peixe,gergelim;6131217888816;15/11/2022
BR-03942;Cladis Mayonnaise;Cladis;300 mL;10.58;Alimentos > Condimentos;gergelim,crustáceos,amendoim,peixe;2233844461173;22/07/2021
BR-03943;Glicen Lightweight Lotion;Glicen;250 mL;14.11;Cuidados Pessoais > Rosto > Hidratação;;1704944153615;21/11/2020
BR-03944;Solvix 24hr Roll-On Deodorant;Solvix;1000 mL;17.64;Cuidados Pessoais > Desodorante;ovos;3218167049153;30/05/2022
BR-03945;Oralix Hydrating Shampoo;Oralix;400 mL;3.53;Cuidados Pessoais > Cabelo > Shampoo;leite,crustáceos,peixe;8516406400587;25/03/2021
BR-03946;Solven SPF Moisturiser;Solven;100 mL;17.64;Cuidados Pessoais > Rosto > Hidratação;crustáceos;2942898116648;03/05/2023
BR-03947;Alteva Repair Conditioner;Alteva;150 mL;3.53;Cuidados Pessoais > Cabelo > Condicionador;;7485913375996;23/03/2020
BR-03948;Vivara Brightening Face Wash;Vivara;500 mL;3.53;Cuidados Pessoais > Rosto > Limpeza;gergelim;8187169467560;11/07/2019
BR-03949;Frostine Dishwasher Tablets;Frostine;1000 mL;14.11;Casa > Limpeza > Louças;gergelim,leite,crustáceos;2579751315469;08/02/2020
BR-03950;Gleam Foaming Hand Wash;Gleam;300 mL;3.53;Cuidados Pessoais > Sabonete Líquido;;3606294944722;05/08/2023
BR-03951;Zenpur Repair Conditioner;Zenpur;250 mL;14.11;Cuidados Pessoais > Cabelo > Condicionador;glúten,gergelim,crustáceos;5119489333631;03/11/2022
BR-03952;Frostine Moisturising Body Wash;Frostine;200 mL;14.11;Cuidados Pessoais > Banho;;5997719445954;28/05/2022
BR-03953;Vanta Anti-Dandruff Shampoo;Vanta;750 mL;14.11;Cuidados Pessoais > Cabelo > Shampoo;amendoim,ovos,glúten;1264053529324;07/07/2019
BR-03954;Frosten Glass Cleaner;Frosten;400 mL;5.29;Casa > Limpeza > Superfícies;;5721864532616;05/07/2022
BR-03955;Cryston Dish Liquid;Cryston;200 mL;5.29;Casa > Limpeza > Louças;amendoim,castanhas,trigo,ovos;7918055470064;08/12/2023
BR-03956;Hevara Kitchen Cleaner;Hevara;50 mL;3.53;Casa > Limpeza > Superfícies;peixe,trigo,leite,glúten;5633640976289;22/10/2019
03957;Polvera Multi-Surface Spray;Polvera;100 mL;17.64;Casa > Limpeza > Superfícies;trigo,peixe,soja,leite;0968725407743;11/12/2023
BR-03958;Purelix Salted Crackers;Purelix;500 mL;3.53;Alimentos > Petiscos;;4328127731772;27/04/2021
BR-03959;Solvix Mayonnaise;Solvix;400 mL;17.64;Alimentos > Condimentos;amendoim,soja,crustáceos,glúten;8724275814064;04/09/2021
BR-03960;Novix Nourishing Body Cleanser;Novix;50 mL;8.82;Cuidados Pessoais > Banho;crustáceos,leite,amendoim;6470594887532;12/01/2021
BR-03961;Gleam Deep Clean Body Wash;Gleam;1000 mL;5.29;Cuidados Pessoais > Banho;gergelim;4568893228179;23/12/2018
BR-03962;Kaleo Sensitive Skin Body Wash;Kaleo;100 mL;17.64;Cuidados Pessoais > Banho;;9403349775935;14/05/2020
BR-03963;Arovia Foaming Hand Wash;Arovia;500 mL;5.29;Cuidados Pessoais > Sabonete Líquido;gergelim,glúten;4549086781381;31/07/2019
BR-03964;Hevara Gentle Face Wash;Hevara;75 mL;10.58;Cuidados Pessoais > Rosto > Limpeza;peixe,amendoim,crustáceos;5833566388283;09/11/2019
BR-03965;Zephyr Volumising Conditioner;Zephyr;300 mL;14.11;Cuidados Pessoais > Cabelo > Condicionador;crustáceos,glúten,soja;0842985077024;19/05/2020
BR-03966;Helix Aloe Hand Wash;Helix;1000 mL;1.76;Cuidados Pessoais > Sabonete Líquido;peixe,soja;6320154612145;08/01/2019
03967;Teraxis Mixed Nuts Blend;Teraxis;100 mL;17.64;Alimentos > Petiscos;crustáceos,soja,ovos;9419492651187;18/09/2021
BR-03968;Oralix Oat Protein Bar;Oralix;100 mL;1.76;Alimentos > Petiscos;soja;1521809612496;25/09/2019
BR-03969;Luxara Moisturising Body Wash;Luxara;200 mL;5.29;Cuidados Pessoais > Banho;trigo;3098065727380;15/07/2018
BR-03970;Nuarix Repair Shampoo;Nuarix;250 mL;17.64;Cuidados Pessoais > Cabelo > Shampoo;castanhas,peixe;3245405360657;25/09/2022
BR-03971;Krisol Liquid Laundry Detergent;Krisol;250 mL;7.05;Casa > Lavanderia;;9852177296226;31/01/2020
BR-03972;Tolvex Brightening Face Wash;Tolvex;300 mL;14.11;Cuidados Pessoais > Rosto > Limpeza;;8446173274305;24/12/2022
BR-03973;Orinum Foaming Hand Wash;Orinum;1000 mL;7.05;Cuidados Pessoais > Sabonete Líquido;;0184766995357;20/03/2022
BR-03974;Helix Deep Clean Body Wash;Helix;100 mL;7.05;Cuidados Pessoais > Banho;;8476520562243;03/02/2023
BR-03975;Oralix Colour Protect Shampoo;Oralix;150 mL;17.64;Cuidados Pessoais > Cabelo > Shampoo;ovos,amendoim,soja,crustáceos;1045826096003;07/02/2023
BR-03976;Cryston 24hr Roll-On Deodorant;Cryston;750 mL;14.11;Cuidados Pessoais > Desodorante;trigo,glúten;1780667748185;30/03/2020
BR-03977;Cladis Moisturising Body Wash;Cladis;150 mL;10.58;Cuidados Pessoais > Banho;amendoim,trigo,peixe,ovos;3618913559651;17/02/2023
BR-03978;Brightway Volumising Conditioner;Brightway;500 mL;14.11;Cuidados Pessoais > Cabelo > Condicionador;ovos,gergelim,amendoim,castanhas;1476238026706;31/03/2021
BR-03979;Luxara Antibacterial Hand Wash;Luxara;300 mL;14.11;Cuidados Pessoais > Sabonete Líquido;ovos,peixe,amendoim;1814604991294;29/06/2020
BR-03980;Arovia Moisturising Hand Wash;Arovia;100 mL;3.53;Cuidados Pessoais > Sabonete Líquido;leite,trigo,crustáceos,amendoim;8013472096732;25/09/2022
BR-03981;Zenpur Foaming Hand Wash;Zenpur;75 mL;10.58;Cuidados Pessoais > Sabonete Líquido;soja,crustáceos;6703927499141;07/08/2020
BR-03982;Lumeva Laundry Powder;Lumeva;400 mL;8.82;Casa > Lavanderia;;5308336014674;04/04/2019
BR-03983;Helix 24hr Roll-On Deodorant;Helix;1000 mL;17.64;Cuidados Pessoais > Desodorante;gergelim,glúten,trigo,soja;0322489136040;10/03/2020
BR-03984;Zenpur Bathroom Cleaner;Zenpur;250 mL;14.11;Casa > Limpeza > Superfícies;peixe,soja,amendoim;0819275848275;11/12/2022
BR-03985;Frostine Whitening Deodorant;Frostine;400 mL;3.53;Cuidados Pessoais > Desodorante;crustáceos;0192467595790;18/04/2022
03986;Velaris Oil Control Face Wash;Velaris;75 mL;2.65;Cuidados Pessoais > Rosto > Limpeza;soja,castanhas,ovos,peixe;7087165081702;14/04/2020
03987;Cladis Hot Chilli Sauce;Cladis;75 mL;5.29;Alimentos > Condimentos;trigo,amendoim;2816945384550;03/05/2021
BR-03988;Tresol Volumising Conditioner;Tresol;200 mL;7.05;Cuidados Pessoais > Cabelo > Condicionador;soja,amendoim,peixe;9201482923790;08/01/2020
BR-03989;Glicen Whitening Deodorant;Glicen;1000 mL;10.58;Cuidados Pessoais > Desodorante;peixe,castanhas,leite,soja;6011655865115;19/11/2021
BR-03990;Toreva Refreshing Shower Gel;Toreva;250 mL;8.82;Cuidados Pessoais > Banho;ovos,gergelim,leite,castanhas;0660567721369;14/03/2018
BR-03991;Nuvelo Sensitive Skin Body Wash;Nuvelo;150 mL;17.64;Cuidados Pessoais > Banho;;0639937823699;13/04/2019
BR-03992;Solvix Sensitive Skin Body Wash;Solvix;750 mL;14.11;Cuidados Pessoais > Banho;crustáceos,trigo,ovos,amendoim;1630916516808;08/05/2018
BR-03993;Kaleo Intensive Moisturiser;Kaleo;75 mL;8.82;Cuidados Pessoais > Rosto > Hidratação;castanhas;7009358717021;10/02/2018
BR-03994;Toreva Nourishing Body Cleanser;Toreva;1000 mL;8.82;Cuidados Pessoais > Banho;;1878900529940;15/08/2019
BR-03995;Zenpur Oil Control Face Wash;Zenpur;250 mL;7.05;Cuidados Pessoais > Rosto > Limpeza;soja;4923212430259;12/10/2023
BR-03996;Cristalix Mayonnaise;Cristalix;50 mL;5.29;Alimentos > Condimentos;ovos,soja,trigo;2769047447305;05/10/2023
BR-03997;Luminos Hydrating Shampoo;Luminos;400 mL;17.64;Cuidados Pessoais > Cabelo > Shampoo;;8766784533432;19/09/2020
BR-03998;Primus Sensitive Deodorant;Primus;200 mL;5.29;Cuidados Pessoais > Desodorante;leite,ovos,gergelim;8033613637501;23/09/2022
BR-03999;DUMMY-Oralix Nourishing Body Cleanser;Oralix;150 mL;5.29;Cuidados Pessoais > Banho;ovos,glúten;6378457362533;22/02/2018
BR-04000;Polvera Brightening Face Wash;Polvera;1000 mL;3.53;Cuidados Pessoais > Rosto > Limpeza;leite,trigo,crustáceos;3226992728709;17/06/2019
BR-04001;Frostine Smooth & Shine Conditioner;Frostine;50 mL;1.76;Cuidados Pessoais > Cabelo > Condicionador;crustáceos,castanhas,ovos,peixe;1029394099659;09/09/2022
BR-04002;Clarity Disinfectant Spray;Clarity;250 mL;10.58;Casa > Limpeza > Superfícies;castanhas,gergelim;1713032928448;13/12/2019
BR-04003;Solven Mixed Nuts Blend;Solven;150 mL;17.64;Alimentos > Petiscos;;2133000429569;06/01/2018
BR-04004;Krisol Gentle Face Wash;Krisol;100 mL;5.29;Cuidados Pessoais > Rosto > Limpeza;;9587202075209;23/03/2018
BR-04005;Toreva Mixed Nuts Blend;Toreva;250 mL;10.58;Alimentos > Petiscos;soja,ovos,peixe,leite;6231438744370;02/10/2020
04006;Plexum Nourishing Body Cleanser;Plexum;250 mL;10.58;Cuidados Pessoais > Banho;crustáceos;6300976325270;27/09/2020
BR-04007;Motivo Heavy Duty Dish Soap;Motivo;400 mL;7.05;Casa > Limpeza > Louças;gergelim,ovos,soja,amendoim;1420375694144;13/10/2020
BR-04008;Luminos Anti-Dandruff Shampoo;Luminos;75 mL;5.29;Cuidados Pessoais > Cabelo > Shampoo;gergelim,glúten,crustáceos,castanhas;8429533718947;07/02/2020
BR-04009;Zephyr Fabric Softener;Zephyr;500 mL;17.64;Casa > Lavanderia;castanhas,peixe,soja,amendoim;0285212004163;29/12/2020
BR-04010;Hevara Fabric Softener;Hevara;75 mL;8.82;Casa > Lavanderia;glúten,peixe;4870321870394;12/02/2022
BR-04011;Glicen Salted Crackers;Glicen;1000 mL;17.64;Alimentos > Petiscos;gergelim,glúten,amendoim,ovos;3594021698065;12/10/2018
04012;Teraxis Brightening Face Wash;Teraxis;300 mL;5.29;Cuidados Pessoais > Rosto > Limpeza;trigo,glúten,amendoim;4626556157720;27/07/2020
BR-04013;Helix Sport Deodorant;Helix;400 mL;3.53;Cuidados Pessoais > Desodorante;amendoim,gergelim,glúten;7927059944617;17/01/2023
BR-04014;Plexum Brightening Face Wash;Plexum;300 mL;1.76;Cuidados Pessoais > Rosto > Limpeza;gergelim,amendoim,glúten;7067409126024;09/09/2023
BR-04015;Luminos Multi-Surface Spray;Luminos;400 mL;2.65;Casa > Limpeza > Superfícies;;0648023258697;20/09/2023
BR-04016;Arovia Moisturising Body Wash;Arovia;500 mL;17.64;Cuidados Pessoais > Banho;;4848946541128;09/02/2021
BR-04017;Brightway Mixed Nuts Blend;Brightway;750 mL;10.58;Alimentos > Petiscos;;6913821729521;14/11/2018
BR-04018;Sovara Laundry Capsules;Sovara;400 mL;17.64;Casa > Lavanderia;soja;9675676594866;07/07/2020
BR-04019;Velaris Disinfectant Spray;Velaris;1000 mL;17.64;Casa > Limpeza > Superfícies;castanhas,crustáceos;1189724818708;11/11/2022
BR-04020;Velaris Oil Control Face Wash;Velaris;1000 mL;17.64;Cuidados Pessoais > Rosto > Limpeza;amendoim,crustáceos,trigo;6732681361593;29/06/2020
BR-04021;Oralix Fragrance-Free Hand Wash;Oralix;400 mL;10.58;Cuidados Pessoais > Sabonete Líquido;;2820749596248;31/12/2018
BR-04022;Arovia Mayonnaise;Arovia;100 mL;7.05;Alimentos > Condimentos;glúten,ovos;2314142158252;11/11/2020
BR-04023;Verdant 24hr Roll-On Deodorant;Verdant;150 mL;7.05;Cuidados Pessoais > Desodorante;gergelim;2500869920511;03/09/2018
BR-04024;Nuarix Brightening Face Wash;Nuarix;75 mL;8.82;Cuidados Pessoais > Rosto > Limpeza;amendoim,trigo,soja,gergelim;9428352706073;30/05/2023
BR-04025;Nuvelo Tomato Ketchup;Nuvelo;750 mL;14.11;Alimentos > Condimentos;amendoim,trigo,soja;6917032422349;12/10/2018
BR-04026;Frosten Glass Cleaner;Frosten;100 mL;2.65;Casa > Limpeza > Superfícies;;7005245960907;23/01/2019
BR-04027;Glova Volumising Conditioner;Glova;400 mL;3.53;Cuidados Pessoais > Cabelo > Condicionador;;9840270943154;28/11/2019
BR-04028;Krisol Hydrating Shampoo;Krisol;750 mL;14.11;Cuidados Pessoais > Cabelo > Shampoo;;7862561563683;21/06/2022
BR-04029;Teraxis Intensive Moisturiser;Teraxis;1000 mL;8.82;Cuidados Pessoais > Rosto > Hidratação;;4569606285366;22/06/2023
BR-04030;Nexpur Lightweight Lotion;Nexpur;500 mL;2.65;Cuidados Pessoais > Rosto > Hidratação;crustáceos,ovos,gergelim,peixe;3635431331125;27/06/2023
BR-04031;Sovara Salted Crackers;Sovara;200 mL;8.82;Alimentos > Petiscos;crustáceos,gergelim;3990497910302;09/05/2020
BR-04032;Frosten Exfoliating Face Scrub;Frosten;750 mL;2.65;Cuidados Pessoais > Rosto > Limpeza;ovos,gergelim,castanhas;0297670644096;09/05/2020
BR-04033;Velaris Nourishing Body Cleanser;Velaris;400 mL;10.58;Cuidados Pessoais > Banho;;4069260054280;24/08/2022
BR-04034;Solaris Brightening Face Wash;Solaris;200 mL;1.76;Cuidados Pessoais > Rosto > Limpeza;gergelim,castanhas,ovos,soja;4444138825825;02/10/2020
BR-04035;Qualis Mustard Sauce;Qualis;100 mL;10.58;Alimentos > Condimentos;crustáceos;3380617799892;03/07/2018
BR-04036;Novix Night Cream;Novix;75 mL;1.76;Cuidados Pessoais > Rosto > Hidratação;;6310595076149;20/01/2018
BR-04037;Primus Mustard Sauce;Primus;300 mL;17.64;Alimentos > Condimentos;ovos,peixe,leite;7338210920096;17/03/2019
BR-04038;Aevum Anti-Dandruff Shampoo;Aevum;500 mL;3.53;Cuidados Pessoais > Cabelo > Shampoo;;6850989479397;04/11/2023
BR-04039;Polvera Mayonnaise;Polvera;300 mL;7.05;Alimentos > Condimentos;glúten,leite,peixe;1096033822381;11/11/2019
BR-04040;Vivara Leave-In Conditioner;Vivara;150 mL;14.11;Cuidados Pessoais > Cabelo > Condicionador;castanhas,crustáceos;2705925018878;14/09/2019
BR-04041;Lumeva Deep Clean Body Wash;Lumeva;300 mL;8.82;Cuidados Pessoais > Banho;crustáceos,peixe,glúten;7887130848398;27/07/2023
BR-04042;Vanta Deep Conditioner;Vanta;300 mL;10.58;Cuidados Pessoais > Cabelo > Condicionador;trigo;9568986574898;19/09/2020
BR-04043;Teraxis Foaming Hand Wash;Teraxis;50 mL;10.58;Cuidados Pessoais > Sabonete Líquido;;9750038140438;11/01/2018
BR-04044;Aurova Anti-Dandruff Shampoo;Aurova;75 mL;8.82;Cuidados Pessoais > Cabelo > Shampoo;;0583534858427;15/09/2021
BR-04045;Purevex Sensitive Deodorant;Purevex;200 mL;2.65;Cuidados Pessoais > Desodorante;gergelim,amendoim,soja;7601832579813;24/04/2022
BR-04046;Nuarix Rinse Aid;Nuarix;1000 mL;5.29;Casa > Limpeza > Louças;trigo,amendoim;6936042599049;30/01/2018
BR-04047;Cristalix Colour Protect Shampoo;Cristalix;750 mL;8.82;Cuidados Pessoais > Cabelo > Shampoo;glúten,gergelim,ovos,castanhas;8432445743426;14/07/2021
BR-04048;Teraxis Rinse Aid;Teraxis;75 mL;3.53;Casa > Limpeza > Louças;gergelim;6952938210621;13/04/2022
BR-04049;Tresol Fabric Softener;Tresol;75 mL;1.76;Casa > Lavanderia;;7359013257042;21/03/2021
BR-04050;Primus Anti-Dandruff Shampoo;Primus;100 mL;3.53;Cuidados Pessoais > Cabelo > Shampoo;soja,leite;2595888557398;20/06/2020
BR-04051;Nuvelo Heavy Duty Dish Soap;Nuvelo;100 mL;10.58;Casa > Limpeza > Louças;;8550262599146;31/08/2020
BR-04052;Clarity 48hr Spray Deodorant;Clarity;250 mL;8.82;Cuidados Pessoais > Desodorante;glúten,ovos,crustáceos;2070367988936;27/04/2023
BR-04053;Plexum Exfoliating Face Scrub;Plexum;50 mL;2.65;Cuidados Pessoais > Rosto > Limpeza;trigo,crustáceos;7374811844874;27/12/2023
BR-04054;Zenpur Dish Liquid;Zenpur;100 mL;2.65;Casa > Limpeza > Louças;amendoim,glúten,leite,gergelim;0025587825730;25/03/2019
BR-04055;Kaleo Gentle Face Wash;Kaleo;100 mL;1.76;Cuidados Pessoais > Rosto > Limpeza;crustáceos;3540533401648;28/02/2023
BR-04056;Polvera Fabric Softener;Polvera;50 mL;10.58;Casa > Lavanderia;;9337198658517;28/03/2018
BR-04057;Glicen Deep Conditioner;Glicen;200 mL;10.58;Cuidados Pessoais > Cabelo > Condicionador;amendoim,gergelim;1932206152506;23/11/2018
BR-04058;Orinum Dish Liquid;Orinum;400 mL;17.64;Casa > Limpeza > Louças;glúten,castanhas,leite;4700622501775;26/09/2021
BR-04059;Cryston Dish Liquid;Cryston;1000 mL;7.05;Casa > Limpeza > Louças;glúten,leite,trigo,ovos;9360447070662;29/07/2018
BR-04060;Solaris Granola Bar;Solaris;750 mL;10.58;Alimentos > Petiscos;trigo,crustáceos;3983112598221;17/12/2018
BR-04061;Novix Stain Remover;Novix;400 mL;1.76;Casa > Lavanderia;;6244451696137;24/06/2023
BR-04062;Verdant Refreshing Shower Gel;Verdant;50 mL;17.64;Cuidados Pessoais > Banho;glúten,crustáceos;8531502743932;20/04/2019
BR-04063;Solvix Dish Liquid;Solvix;300 mL;8.82;Casa > Limpeza > Louças;castanhas,amendoim;8062095279589;06/06/2022
BR-04064;Nexpur Deep Clean Body Wash;Nexpur;250 mL;1.76;Cuidados Pessoais > Banho;soja,glúten,gergelim,peixe;0206822053846;11/10/2021
BR-04065;Glova Smooth & Shine Conditioner;Glova;150 mL;7.05;Cuidados Pessoais > Cabelo > Condicionador;crustáceos,gergelim,castanhas,peixe;7523266103825;08/04/2019
BR-04066;Purelix Colour Protect Shampoo;Purelix;100 mL;1.76;Cuidados Pessoais > Cabelo > Shampoo;soja,amendoim;5513099962944;08/01/2020
BR-04067;Elaris Hot Chilli Sauce;Elaris;1000 mL;14.11;Alimentos > Condimentos;leite,crustáceos,glúten;3456215552747;20/09/2019
BR-04068;Clarity Repair Shampoo;Clarity;75 mL;8.82;Cuidados Pessoais > Cabelo > Shampoo;castanhas,amendoim,ovos;9045490654785;24/08/2019
BR-04069;Frostine Dishwasher Tablets;Frostine;50 mL;17.64;Casa > Limpeza > Louças;peixe,glúten,gergelim,leite;1870074989001;30/08/2022
BR-04070;Vanta Colour Protect Shampoo;Vanta;100 mL;1.76;Cuidados Pessoais > Cabelo > Shampoo;soja,ovos;5567752163599;07/10/2019
BR-04071;Glicen Mustard Sauce;Glicen;200 mL;7.05;Alimentos > Condimentos;leite,crustáceos;6547889155932;25/03/2023
BR-04072;Solvix Bathroom Cleaner;Solvix;1000 mL;2.65;Casa > Limpeza > Superfícies;trigo,castanhas;8074221203733;21/08/2022
BR-04073;Solven Moisturising Body Wash;Solven;200 mL;8.82;Cuidados Pessoais > Banho;soja;2329142041794;19/05/2020
BR-04074;Toreva Oat Protein Bar;Toreva;150 mL;17.64;Alimentos > Petiscos;soja,leite;7184660903512;08/01/2021
BR-04075;Gleam Dish Liquid;Gleam;150 mL;5.29;Casa > Limpeza > Louças;ovos;3936057207314;19/10/2018
BR-04076;Solaris Sensitive Deodorant;Solaris;300 mL;3.53;Cuidados Pessoais > Desodorante;gergelim;6582630161800;13/02/2020
BR-04077;Alteva Refreshing Shower Gel;Alteva;400 mL;7.05;Cuidados Pessoais > Banho;peixe;3405475515696;01/11/2023
BR-04078;Kaleo Oil Control Face Wash;Kaleo;750 mL;2.65;Cuidados Pessoais > Rosto > Limpeza;ovos,trigo,leite,amendoim;1917701982773;19/04/2019
BR-04079;TEST-Qualis Disinfectant Spray;Qualis;300 mL;14.11;Casa > Limpeza > Superfícies;castanhas,gergelim,crustáceos,peixe;6612177444156;27/03/2022
BR-04080;Elaris Sensitive Deodorant;Elaris;150 mL;14.11;Cuidados Pessoais > Desodorante;glúten,gergelim;2481328180120;08/02/2022
BR-04081;Nuvelo Whitening Deodorant;Nuvelo;1000 mL;7.05;Cuidados Pessoais > Desodorante;crustáceos,soja;5264071491319;20/06/2018
BR-04082;Glicen Intensive Moisturiser;Glicen;250 mL;3.53;Cuidados Pessoais > Rosto > Hidratação;amendoim,leite,glúten;5645431290382;24/12/2019
BR-04083;Solven Fragrance-Free Hand Wash;Solven;100 mL;7.05;Cuidados Pessoais > Sabonete Líquido;trigo,glúten,peixe;3370095113914;26/01/2020
BR-04084;Orinum Leave-In Conditioner;Orinum;300 mL;2.65;Cuidados Pessoais > Cabelo > Condicionador;leite;2511874223184;06/09/2021
BR-04085;Helix Laundry Powder;Helix;150 mL;3.53;Casa > Lavanderia;crustáceos,castanhas,glúten,leite;3409718148542;26/07/2020
BR-04086;Teraxis Moisturising Hand Wash;Teraxis;400 mL;7.05;Cuidados Pessoais > Sabonete Líquido;ovos,gergelim,crustáceos,glúten;1785297642841;18/05/2022
BR-04087;Glova Fabric Softener;Glova;750 mL;3.53;Casa > Lavanderia;ovos,crustáceos,castanhas;8692742900391;05/05/2019
BR-04088;DUMMY-Vanta Antibacterial Hand Wash;Vanta;100 mL;17.64;Cuidados Pessoais > Sabonete Líquido;;1117040478733;04/05/2023
BR-04089;Oralix Lightweight Lotion;Oralix;250 mL;3.53;Cuidados Pessoais > Rosto > Hidratação;;7020739701637;26/05/2019
BR-04090;Frosten Moisturising Hand Wash;Frosten;250 mL;17.64;Cuidados Pessoais > Sabonete Líquido;;0771967674169;25/04/2022
BR-04091;Nuvelo Deep Clean Body Wash;Nuvelo;500 mL;8.82;Cuidados Pessoais > Banho;gergelim,glúten,amendoim,peixe;4424504988644;21/12/2021
BR-04092;Sovara Hydrating Face Wash;Sovara;500 mL;7.05;Cuidados Pessoais > Rosto > Limpeza;ovos,trigo;6527667315529;18/07/2021
BR-04093;Nuarix Daily Moisturiser;Nuarix;400 mL;17.64;Cuidados Pessoais > Rosto > Hidratação;trigo;1126818685068;28/05/2020
BR-04094;Alteva SPF Moisturiser;Alteva;1000 mL;8.82;Cuidados Pessoais > Rosto > Hidratação;glúten,crustáceos,gergelim;1045688263421;29/05/2021
BR-04095;Vivara Leave-In Conditioner;Vivara;750 mL;3.53;Cuidados Pessoais > Cabelo > Condicionador;gergelim,crustáceos,leite,glúten;5251362725864;26/04/2019
BR-04096;Solven Laundry Powder;Solven;75 mL;7.05;Casa > Lavanderia;;8487426154715;29/11/2019
BR-04097;Tresol Repair Shampoo;Tresol;400 mL;8.82;Cuidados Pessoais > Cabelo > Shampoo;soja,glúten,trigo;0061193689526;08/04/2023
BR-04098;Zephyr Lightweight Lotion;Zephyr;100 mL;5.29;Cuidados Pessoais > Rosto > Hidratação;castanhas;2358459638380;15/06/2021
BR-04099;Orinum Antibacterial Hand Wash;Orinum;200 mL;2.65;Cuidados Pessoais > Sabonete Líquido;ovos,trigo;5556139604756;22/04/2019
BR-04100;Elaris Tomato Ketchup;Elaris;100 mL;7.05;Alimentos > Condimentos;castanhas;8465899333578;14/01/2019
BR-04101;Luxara Glass Cleaner;Luxara;250 mL;5.29;Casa > Limpeza > Superfícies;amendoim,glúten,leite,gergelim;4772797280922;31/07/2023
BR-04102;Frostine Multi-Surface Spray;Frostine;50 mL;1.76;Casa > Limpeza > Superfícies;peixe,amendoim;0879817361884;12/10/2021
BR-04103;Brightway Bathroom Cleaner;Brightway;200 mL;8.82;Casa > Limpeza > Superfícies;ovos;6420118082950;29/10/2020
BR-04104;Gleam Vinegar Dressing;Gleam;250 mL;3.53;Alimentos > Condimentos;;1215946333818;22/04/2023
BR-04105;Verdant Eco Dish Liquid;Verdant;100 mL;14.11;Casa > Limpeza > Louças;glúten,leite,ovos;7706905337014;25/08/2020
BR-04106;Aevum Moisturising Hand Wash;Aevum;750 mL;17.64;Cuidados Pessoais > Sabonete Líquido;castanhas,ovos,amendoim;3646296905451;08/01/2020
BR-04107;TEST-Vanta Colour Protect Shampoo;Vanta;750 mL;3.53;Cuidados Pessoais > Cabelo > Shampoo;crustáceos,ovos,trigo;5840476083078;08/10/2020
BR-04108;Purelix Sport Deodorant;Purelix;50 mL;1.76;Cuidados Pessoais > Desodorante;glúten,crustáceos,amendoim;0768564492555;03/08/2020
BR-04109;Novix Brightening Face Wash;Novix;500 mL;10.58;Cuidados Pessoais > Rosto > Limpeza;castanhas,amendoim,peixe,gergelim;0022097646534;10/10/2018
BR-04110;Polvera Rice Cakes;Polvera;250 mL;8.82;Alimentos > Petiscos;peixe,trigo,crustáceos,gergelim;2334128343700;14/09/2020
BR-04111;XXX-Kaleo Bathroom Cleaner;Kaleo;300 mL;10.58;Casa > Limpeza > Superfícies;castanhas,crustáceos,glúten,ovos;9169139468936;21/08/2020
BR-04112;Cladis Volumising Conditioner;Cladis;300 mL;2.65;Cuidados Pessoais > Cabelo > Condicionador;soja,gergelim,amendoim;8117225125745;24/10/2023
BR-04113;Aurova Anti-Dandruff Shampoo;Aurova;100 mL;7.05;Cuidados Pessoais > Cabelo > Shampoo;leite,peixe,soja;9818085542060;10/01/2018
BR-04114;Hevara Eco Dish Liquid;Hevara;150 mL;10.58;Casa > Limpeza > Louças;;0789493506175;31/01/2023
BR-04115;Primus Leave-In Conditioner;Primus;100 mL;1.76;Cuidados Pessoais > Cabelo > Condicionador;castanhas,ovos,gergelim;3486579681036;03/02/2020
BR-04116;Nexpur Refreshing Shower Gel;Nexpur;200 mL;1.76;Cuidados Pessoais > Banho;;7328159543128;30/11/2020
BR-04117;Solaris Hot Chilli Sauce;Solaris;200 mL;1.76;Alimentos > Condimentos;;9404378141197;14/03/2022
BR-04118;XXX-Hevara Laundry Capsules;Hevara;150 mL;10.58;Casa > Lavanderia;;6340513005722;12/08/2020
BR-04119;Aurova Rinse Aid;Aurova;100 mL;14.11;Casa > Limpeza > Louças;ovos,gergelim,trigo,glúten;3167162996811;01/04/2023
BR-04120;Luxara Sport Deodorant;Luxara;75 mL;7.05;Cuidados Pessoais > Desodorante;trigo,soja;3521560232474;09/06/2021
BR-04121;Velaris Aloe Hand Wash;Velaris;750 mL;3.53;Cuidados Pessoais > Sabonete Líquido;ovos,gergelim,castanhas;5137035979782;08/03/2018
BR-04122;Primus Laundry Capsules;Primus;1000 mL;7.05;Casa > Lavanderia;;7867939369393;17/05/2021
BR-04123;Frosten Oat Protein Bar;Frosten;1000 mL;8.82;Alimentos > Petiscos;trigo,leite,glúten;0352104811465;07/12/2023
BR-04124;Cristalix Tomato Ketchup;Cristalix;500 mL;5.29;Alimentos > Condimentos;amendoim;3863492352494;17/03/2020
BR-04125;Vanta Multi-Surface Spray;Vanta;200 mL;2.65;Casa > Limpeza > Superfícies;peixe,trigo,castanhas;1030164040399;02/04/2023
BR-04126;Tresol Hot Chilli Sauce;Tresol;75 mL;2.65;Alimentos > Condimentos;gergelim,leite,peixe,amendoim;0438911482194;05/04/2019
BR-04127;XXX-Motivo Deep Conditioner;Motivo;100 mL;7.05;Cuidados Pessoais > Cabelo > Condicionador;ovos,gergelim;5016641509951;19/07/2023
BR-04128;Motivo Granola Bar;Motivo;500 mL;2.65;Alimentos > Petiscos;;3431532931499;09/08/2020
BR-04129;Tolvex Dishwasher Tablets;Tolvex;500 mL;3.53;Casa > Limpeza > Louças;soja;5963472624714;14/08/2020
BR-04130;Purelix Dish Liquid;Purelix;250 mL;3.53;Casa > Limpeza > Louças;crustáceos,soja,leite;8724036480026;25/12/2021
BR-04131;Zephyr Mustard Sauce;Zephyr;300 mL;7.05;Alimentos > Condimentos;crustáceos,peixe,castanhas;1727753291231;20/04/2022
BR-04132;Sovara Sport Deodorant;Sovara;200 mL;7.05;Cuidados Pessoais > Desodorante;;4930015903828;06/11/2020
BR-04133;Oralix Refreshing Shower Gel;Oralix;750 mL;3.53;Cuidados Pessoais > Banho;gergelim;3436445663093;02/07/2018
BR-04134;Clarity Foaming Hand Wash;Clarity;250 mL;17.64;Cuidados Pessoais > Sabonete Líquido;;4940664465158;12/03/2023
BR-04135;Polvera Repair Shampoo;Polvera;750 mL;3.53;Cuidados Pessoais > Cabelo > Shampoo;leite;0288349284453;05/09/2021
BR-04136;Frostine Deep Clean Body Wash;Frostine;1000 mL;3.53;Cuidados Pessoais > Banho;gergelim,trigo,leite,ovos;7944000105682;05/06/2023
BR-04137;Oralix Disinfectant Spray;Oralix;150 mL;10.58;Casa > Limpeza > Superfícies;glúten,peixe;4422169689289;07/11/2022
BR-04138;Frosten Heavy Duty Dish Soap;Frosten;400 mL;5.29;Casa > Limpeza > Louças;gergelim,castanhas;9635722315265;17/05/2018
BR-04139;Frosten Sensitive Deodorant;Frosten;200 mL;17.64;Cuidados Pessoais > Desodorante;;5758100154479;13/01/2022
BR-04140;Verdant Volumising Shampoo;Verdant;250 mL;14.11;Cuidados Pessoais > Cabelo > Shampoo;crustáceos;9848002032879;31/07/2018
BR-04141;Arovia Disinfectant Spray;Arovia;750 mL;10.58;Casa > Limpeza > Superfícies;;7832250915574;28/07/2020
BR-04142;Brightway Leave-In Conditioner;Brightway;100 mL;5.29;Cuidados Pessoais > Cabelo > Condicionador;peixe;0175426988321;05/09/2018
BR-04143;Teraxis Eco Dish Liquid;Teraxis;75 mL;3.53;Casa > Limpeza > Louças;trigo,soja;4839061845673;12/08/2019
BR-04144;Zenpur Disinfectant Spray;Zenpur;400 mL;5.29;Casa > Limpeza > Superfícies;;2394847714670;15/08/2020
BR-04145;Glicen Hydrating Face Wash;Glicen;50 mL;3.53;Cuidados Pessoais > Rosto > Limpeza;;3701832740313;25/11/2022
BR-04146;Teraxis Rinse Aid;Teraxis;400 mL;7.05;Casa > Limpeza > Louças;amendoim;1881576515025;01/02/2019
BR-04147;Verdant Laundry Capsules;Verdant;250 mL;17.64;Casa > Lavanderia;ovos;9415176386185;22/04/2018
BR-04148;Frostine Fabric Softener;Frostine;50 mL;5.29;Casa > Lavanderia;;3253555995391;14/01/2023
BR-04149;Arovia Deep Conditioner;Arovia;250 mL;10.58;Cuidados Pessoais > Cabelo > Condicionador;;0642092259739;26/08/2022
BR-04150;Orinum Multi-Surface Spray;Orinum;75 mL;1.76;Casa > Limpeza > Superfícies;leite,ovos,gergelim;3032232354337;17/07/2023
BR-04151;Toreva Granola Bar;Toreva;150 mL;10.58;Alimentos > Petiscos;peixe,leite;2674121638244;11/07/2021
BR-04152;Kaleo Heavy Duty Dish Soap;Kaleo;100 mL;5.29;Casa > Limpeza > Louças;crustáceos,trigo,amendoim,castanhas;8439609960798;19/02/2020
BR-04153;Zephyr Dish Liquid;Zephyr;250 mL;2.65;Casa > Limpeza > Louças;leite,crustáceos;1081653598518;04/02/2022
BR-04154;Teraxis Mayonnaise;Teraxis;100 mL;1.76;Alimentos > Condimentos;trigo,gergelim,soja,castanhas;5342495015288;01/03/2018
BR-04155;Verdant Deep Clean Body Wash;Verdant;500 mL;10.58;Cuidados Pessoais > Banho;;5779932469647;30/11/2019
04156;Sovara Stain Remover;Sovara;150 mL;17.64;Casa > Lavanderia;glúten,peixe,leite,crustáceos;2669930054767;19/02/2021
BR-04157;Lumeva Repair Conditioner;Lumeva;200 mL;7.05;Cuidados Pessoais > Cabelo > Condicionador;gergelim;2818325512669;26/09/2018
BR-04158;Kaleo Disinfectant Spray;Kaleo;400 mL;3.53;Casa > Limpeza > Superfícies;crustáceos,trigo,ovos,glúten;6908660229639;31/10/2018
BR-04159;Oralix Fragrance-Free Hand Wash;Oralix;75 mL;3.53;Cuidados Pessoais > Sabonete Líquido;leite,amendoim;0341760971378;10/05/2023
BR-04160;Aurova Disinfectant Spray;Aurova;500 mL;10.58;Casa > Limpeza > Superfícies;leite,amendoim;7042086647864;12/02/2020
BR-04161;Solvix Whitening Deodorant;Solvix;200 mL;5.29;Cuidados Pessoais > Desodorante;;1226941535435;14/05/2019
BR-04162;Zephyr Laundry Capsules;Zephyr;1000 mL;8.82;Casa > Lavanderia;;9822162593227;30/01/2021
BR-04163;Elaris Sensitive Skin Body Wash;Elaris;1000 mL;1.76;Cuidados Pessoais > Banho;amendoim,soja,gergelim;4162325287446;16/04/2018
BR-04164;Glova Smooth & Shine Conditioner;Glova;150 mL;5.29;Cuidados Pessoais > Cabelo > Condicionador;trigo;7603921916585;04/06/2018
BR-04165;Aurova Fragrance-Free Hand Wash;Aurova;1000 mL;17.64;Cuidados Pessoais > Sabonete Líquido;castanhas,ovos;2998663180581;29/09/2020
BR-04166;Orinum Sensitive Skin Body Wash;Orinum;300 mL;1.76;Cuidados Pessoais > Banho;peixe,soja;5077318859373;25/02/2023
BR-04167;Aurova 48hr Spray Deodorant;Aurova;250 mL;7.05;Cuidados Pessoais > Desodorante;;9533243350690;26/11/2023
04168;Cristalix SPF Moisturiser;Cristalix;150 mL;17.64;Cuidados Pessoais > Rosto > Hidratação;leite,trigo,castanhas,gergelim;7127806644856;24/07/2022
BR-04169;Nuarix Disinfectant Spray;Nuarix;300 mL;17.64;Casa > Limpeza > Superfícies;trigo,peixe,castanhas,crustáceos;5127011836062;16/07/2020
BR-04170;Zephyr Rice Cakes;Zephyr;1000 mL;8.82;Alimentos > Petiscos;amendoim,castanhas;6515414238610;07/06/2021
BR-04171;Aevum 24hr Roll-On Deodorant;Aevum;200 mL;2.65;Cuidados Pessoais > Desodorante;gergelim;2258140101196;12/04/2018
BR-04172;Polvera 24hr Roll-On Deodorant;Polvera;200 mL;7.05;Cuidados Pessoais > Desodorante;gergelim;1645808106357;31/12/2021
BR-04173;Solaris Colour Protect Shampoo;Solaris;100 mL;10.58;Cuidados Pessoais > Cabelo > Shampoo;amendoim;4556582476826;19/07/2021
BR-04174;Zenpur Fabric Softener;Zenpur;750 mL;14.11;Casa > Lavanderia;trigo;0501160026843;23/11/2022
BR-04175;Solaris Glass Cleaner;Solaris;300 mL;2.65;Casa > Limpeza > Superfícies;trigo,leite,glúten,amendoim;7637755579432;01/03/2019
BR-04176;Serafix Vinegar Dressing;Serafix;300 mL;10.58;Alimentos > Condimentos;ovos,glúten,peixe;2535229386294;30/11/2018
BR-04177;Teraxis Laundry Capsules;Teraxis;750 mL;5.29;Casa > Lavanderia;castanhas,soja,crustáceos;2751315862071;24/10/2018
BR-04178;Clarity Hydrating Face Wash;Clarity;200 mL;14.11;Cuidados Pessoais > Rosto > Limpeza;gergelim,castanhas,amendoim;0794539341122;13/06/2020
BR-04179;Purelix Fragrance-Free Hand Wash;Purelix;100 mL;17.64;Cuidados Pessoais > Sabonete Líquido;leite,peixe;9672064740553;08/03/2018
BR-04180;Toreva Exfoliating Face Scrub;Toreva;50 mL;2.65;Cuidados Pessoais > Rosto > Limpeza;leite,castanhas,gergelim;7047871237282;05/04/2023
BR-04181;Vivara Mixed Nuts Blend;Vivara;400 mL;10.58;Alimentos > Petiscos;castanhas,peixe,amendoim,ovos;9653999095475;01/12/2018
BR-04182;Verdant Glass Cleaner;Verdant;75 mL;10.58;Casa > Limpeza > Superfícies;peixe,crustáceos,amendoim,castanhas;4899615160089;18/02/2018
BR-04183;Aurova SPF Moisturiser;Aurova;250 mL;17.64;Cuidados Pessoais > Rosto > Hidratação;castanhas;1006707603451;28/06/2020
BR-04184;Gleam Moisturising Body Wash;Gleam;400 mL;5.29;Cuidados Pessoais > Banho;ovos,castanhas;2742128133090;27/04/2021
BR-04185;Oralix Hydrating Face Wash;Oralix;75 mL;17.64;Cuidados Pessoais > Rosto > Limpeza;;8753741260029;02/10/2022
BR-04186;TEST-Nuvelo Hot Chilli Sauce;Nuvelo;250 mL;17.64;Alimentos > Condimentos;ovos,gergelim,amendoim;2062488782029;10/08/2019
BR-04187;Arovia 48hr Spray Deodorant;Arovia;300 mL;8.82;Cuidados Pessoais > Desodorante;trigo,glúten;0538480302517;10/11/2021
BR-04188;XXX-Cladis Multi-Surface Spray;Cladis;75 mL;8.82;Casa > Limpeza > Superfícies;peixe,crustáceos;2390441850714;14/11/2018
BR-04189;Serafix Hydrating Face Wash;Serafix;1000 mL;8.82;Cuidados Pessoais > Rosto > Limpeza;crustáceos,castanhas,soja,ovos;4635476584882;15/08/2021
BR-04190;Purelix Intensive Moisturiser;Purelix;100 mL;1.76;Cuidados Pessoais > Rosto > Hidratação;glúten,soja,amendoim;8673702197617;14/05/2023
BR-04191;Tresol Night Cream;Tresol;300 mL;7.05;Cuidados Pessoais > Rosto > Hidratação;;7225514588506;24/05/2019
BR-04192;Frosten Laundry Powder;Frosten;750 mL;1.76;Casa > Lavanderia;ovos,leite,glúten,gergelim;2639001990737;19/01/2021
BR-04193;Cristalix Stain Remover;Cristalix;200 mL;1.76;Casa > Lavanderia;glúten;0607718729706;16/02/2020
BR-04194;Oralix SPF Moisturiser;Oralix;1000 mL;8.82;Cuidados Pessoais > Rosto > Hidratação;gergelim,trigo,leite,ovos;4469439742251;02/07/2023
BR-04195;Glicen Disinfectant Spray;Glicen;500 mL;5.29;Casa > Limpeza > Superfícies;;4214538233212;04/06/2020
BR-04196;Purevex Salted Crackers;Purevex;750 mL;5.29;Alimentos > Petiscos;peixe,gergelim,trigo,ovos;6723561194363;07/02/2019
BR-04197;XXX-Toreva Intensive Moisturiser;Toreva;300 mL;3.53;Cuidados Pessoais > Rosto > Hidratação;crustáceos,gergelim,trigo,ovos;5531844469043;09/10/2023
BR-04198;Qualis Laundry Powder;Qualis;300 mL;5.29;Casa > Lavanderia;crustáceos,ovos;6880177108693;27/05/2022
BR-04199;Vanta Sport Deodorant;Vanta;300 mL;8.82;Cuidados Pessoais > Desodorante;;0235641407714;30/10/2020
BR-04200;Hevara Deep Conditioner;Hevara;50 mL;8.82;Cuidados Pessoais > Cabelo > Condicionador;soja,castanhas;1371834979923;21/09/2019
BR-04201;Oralix Dish Liquid;Oralix;500 mL;1.76;Casa > Limpeza > Louças;crustáceos,gergelim,castanhas;8599192892170;12/11/2022
BR-04202;Oralix Heavy Duty Dish Soap;Oralix;150 mL;17.64;Casa > Limpeza > Louças;amendoim;7862646161506;01/10/2018
BR-04203;Luminos Laundry Capsules;Luminos;250 mL;1.76;Casa > Lavanderia;castanhas;0907861140763;25/01/2023
BR-04204;Frostine Refreshing Shower Gel;Frostine;1000 mL;14.11;Cuidados Pessoais > Banho;;0826374646220;24/11/2021
BR-04205;Verdant Deep Clean Body Wash;Verdant;400 mL;10.58;Cuidados Pessoais > Banho;ovos;9893835930168;08/09/2023
BR-04206;Orinum Lightweight Lotion;Orinum;50 mL;14.11;Cuidados Pessoais > Rosto > Hidratação;;9925751171445;13/04/2018
BR-04207;Kaleo Brightening Face Wash;Kaleo;500 mL;14.11;Cuidados Pessoais > Rosto > Limpeza;peixe,crustáceos;3110176602797;11/01/2019
BR-04208;Purelix Mayonnaise;Purelix;75 mL;8.82;Alimentos > Condimentos;leite,gergelim;5691039348109;30/08/2018
BR-04209;Frostine Oil Control Face Wash;Frostine;1000 mL;8.82;Cuidados Pessoais > Rosto > Limpeza;glúten;3174221659815;14/12/2018
BR-04210;Arovia Sensitive Deodorant;Arovia;750 mL;2.65;Cuidados Pessoais > Desodorante;peixe;7895379280633;15/04/2022
BR-04211;Tresol Vinegar Dressing;Tresol;200 mL;17.64;Alimentos > Condimentos;;7297131158257;24/07/2018
BR-04212;Aurova Fabric Softener;Aurova;200 mL;3.53;Casa > Lavanderia;;1218288291457;26/06/2021
BR-04213;Gleam Multi-Surface Spray;Gleam;1000 mL;8.82;Casa > Limpeza > Superfícies;soja,glúten;2125954324434;22/01/2020
BR-04214;Cryston Deep Conditioner;Cryston;500 mL;2.65;Cuidados Pessoais > Cabelo > Condicionador;;5089894081673;21/10/2019
BR-04215;Cladis Oil Control Face Wash;Cladis;750 mL;5.29;Cuidados Pessoais > Rosto > Limpeza;trigo,soja,glúten,castanhas;7385153435675;15/03/2021
BR-04216;Elaris Anti-Dandruff Shampoo;Elaris;1000 mL;1.76;Cuidados Pessoais > Cabelo > Shampoo;amendoim,peixe,ovos,soja;4556378018711;28/08/2021
BR-04217;Zephyr Volumising Shampoo;Zephyr;50 mL;10.58;Cuidados Pessoais > Cabelo > Shampoo;amendoim;0961299262367;28/03/2019
BR-04218;DUMMY-Vivara Liquid Laundry Detergent;Vivara;400 mL;14.11;Casa > Lavanderia;peixe,amendoim,trigo;3788507904751;27/11/2021
BR-04219;Krisol Leave-In Conditioner;Krisol;50 mL;5.29;Cuidados Pessoais > Cabelo > Condicionador;castanhas;0123290011249;23/08/2020
BR-04220;Teraxis Daily Moisturiser;Teraxis;250 mL;17.64;Cuidados Pessoais > Rosto > Hidratação;trigo;1215110880988;08/11/2021
BR-04221;Purelix Deep Clean Body Wash;Purelix;250 mL;5.29;Cuidados Pessoais > Banho;peixe,ovos;4008145286064;02/10/2019
BR-04222;Tolvex Repair Shampoo;Tolvex;200 mL;7.05;Cuidados Pessoais > Cabelo > Shampoo;leite,crustáceos,amendoim;9522499498973;23/06/2022
BR-04223;Glova Hydrating Face Wash;Glova;300 mL;1.76;Cuidados Pessoais > Rosto > Limpeza;;7694165870153;01/06/2019
BR-04224;Oralix Rinse Aid;Oralix;300 mL;5.29;Casa > Limpeza > Louças;amendoim,ovos;6785304456756;03/10/2023
BR-04225;Luxara Tomato Ketchup;Luxara;1000 mL;10.58;Alimentos > Condimentos;castanhas,gergelim;4335085112741;30/09/2023
BR-04226;Motivo Tomato Ketchup;Motivo;100 mL;10.58;Alimentos > Condimentos;gergelim,castanhas,trigo,leite;5660599932196;08/03/2023
BR-04227;Vivara Intensive Moisturiser;Vivara;300 mL;5.29;Cuidados Pessoais > Rosto > Hidratação;trigo,castanhas,peixe,amendoim;0287619768136;06/09/2023
BR-04228;Luminos Dish Liquid;Luminos;100 mL;1.76;Casa > Limpeza > Louças;crustáceos,amendoim,leite,ovos;8993650031901;20/12/2023
BR-04229;Luxara Sensitive Deodorant;Luxara;500 mL;3.53;Cuidados Pessoais > Desodorante;gergelim,amendoim;2208652077489;14/05/2022
BR-04230;DUMMY-Zenpur Refreshing Shower Gel;Zenpur;300 mL;5.29;Cuidados Pessoais > Banho;gergelim,ovos,glúten;6909727328555;10/07/2023
BR-04231;Velaris Disinfectant Spray;Velaris;200 mL;17.64;Casa > Limpeza > Superfícies;leite,gergelim;5228619827268;27/01/2018
BR-04232;Velaris Fragrance-Free Hand Wash;Velaris;300 mL;17.64;Cuidados Pessoais > Sabonete Líquido;glúten;9672824197863;06/09/2023
BR-04233;TEST-Nexpur Nourishing Body Cleanser;Nexpur;500 mL;17.64;Cuidados Pessoais > Banho;gergelim,trigo,castanhas;9867241954155;21/04/2023
BR-04234;Sovara Repair Shampoo;Sovara;100 mL;10.58;Cuidados Pessoais > Cabelo > Shampoo;peixe,crustáceos,trigo,glúten;8925765551463;18/01/2022
BR-04235;Primus Eco Dish Liquid;Primus;150 mL;2.65;Casa > Limpeza > Louças;soja,leite;9953218931530;11/07/2018
BR-04236;Glicen Whitening Deodorant;Glicen;300 mL;8.82;Cuidados Pessoais > Desodorante;gergelim,soja;3880671917428;29/01/2022
BR-04237;Polvera Colour Protect Shampoo;Polvera;300 mL;14.11;Cuidados Pessoais > Cabelo > Shampoo;peixe,glúten;7175240975869;19/03/2019
BR-04238;Plexum Hydrating Face Wash;Plexum;200 mL;14.11;Cuidados Pessoais > Rosto > Limpeza;glúten,castanhas;0044185006037;02/02/2018
BR-04239;Alteva Disinfectant Spray;Alteva;200 mL;5.29;Casa > Limpeza > Superfícies;;1565887934040;31/05/2022
BR-04240;Novix Dishwasher Tablets;Novix;200 mL;2.65;Casa > Limpeza > Louças;crustáceos;0787033014111;06/09/2023
BR-04241;Teraxis Volumising Conditioner;Teraxis;50 mL;10.58;Cuidados Pessoais > Cabelo > Condicionador;;6821797646707;05/11/2021
BR-04242;Nexpur Bathroom Cleaner;Nexpur;50 mL;8.82;Casa > Limpeza > Superfícies;;0800018260621;12/09/2018
BR-04243;Lumeva Hydrating Shampoo;Lumeva;750 mL;1.76;Cuidados Pessoais > Cabelo > Shampoo;gergelim,glúten,crustáceos;0909042326638;23/02/2021
BR-04244;Frostine Sensitive Deodorant;Frostine;250 mL;1.76;Cuidados Pessoais > Desodorante;leite,crustáceos;9425922021390;31/08/2021
BR-04245;Velaris Deep Conditioner;Velaris;300 mL;7.05;Cuidados Pessoais > Cabelo > Condicionador;castanhas;9325618370156;03/02/2023
BR-04246;Frostine Bathroom Cleaner;Frostine;75 mL;10.58;Casa > Limpeza > Superfícies;trigo,ovos,amendoim;5984847169364;05/02/2019
BR-04247;Motivo Bathroom Cleaner;Motivo;500 mL;3.53;Casa > Limpeza > Superfícies;gergelim,ovos,amendoim;1550145700406;20/01/2019
BR-04248;Gleam Kitchen Cleaner;Gleam;150 mL;14.11;Casa > Limpeza > Superfícies;glúten,ovos;1286131883951;10/09/2021
BR-04249;Helix Multi-Surface Spray;Helix;300 mL;1.76;Casa > Limpeza > Superfícies;;6199594253528;19/01/2022
BR-04250;Zephyr Exfoliating Face Scrub;Zephyr;750 mL;7.05;Cuidados Pessoais > Rosto > Limpeza;leite;6599954408092;22/07/2021
BR-04251;Brightway Stain Remover;Brightway;1000 mL;17.64;Casa > Lavanderia;ovos;5496308397723;20/10/2021
BR-04252;Primus Colour Protect Shampoo;Primus;150 mL;5.29;Cuidados Pessoais > Cabelo > Shampoo;glúten,castanhas,soja,trigo;9102639864938;16/02/2022
BR-04253;Frosten SPF Moisturiser;Frosten;750 mL;14.11;Cuidados Pessoais > Rosto > Hidratação;;7554538822342;04/05/2018
BR-04254;Orinum Dish Liquid;Orinum;50 mL;17.64;Casa > Limpeza > Louças;castanhas,crustáceos,amendoim,ovos;8267828275986;27/01/2023
BR-04255;Vanta Aloe Hand Wash;Vanta;400 mL;17.64;Cuidados Pessoais > Sabonete Líquido;;0513146929932;12/04/2020
BR-04256;Motivo Vinegar Dressing;Motivo;1000 mL;5.29;Alimentos > Condimentos;castanhas,gergelim;7236362858499;30/10/2018
BR-04257;Vivara Anti-Dandruff Shampoo;Vivara;400 mL;8.82;Cuidados Pessoais > Cabelo > Shampoo;crustáceos,soja,peixe,amendoim;8050745115240;10/03/2023
BR-04258;Tolvex Colour Protect Shampoo;Tolvex;400 mL;2.65;Cuidados Pessoais > Cabelo > Shampoo;;0030035275173;09/12/2019
BR-04259;Plexum Laundry Capsules;Plexum;100 mL;7.05;Casa > Lavanderia;amendoim,gergelim,crustáceos,peixe;8360029845580;23/01/2020
BR-04260;Elaris Liquid Laundry Detergent;Elaris;300 mL;2.65;Casa > Lavanderia;trigo,crustáceos,leite;1891388721729;01/10/2020
BR-04261;Sovara Antibacterial Hand Wash;Sovara;750 mL;10.58;Cuidados Pessoais > Sabonete Líquido;gergelim,glúten,amendoim;4879493173326;17/06/2019
BR-04262;Kaleo Deep Clean Body Wash;Kaleo;200 mL;17.64;Cuidados Pessoais > Banho;;7274358569325;21/08/2023
BR-04263;Nuarix Bathroom Cleaner;Nuarix;150 mL;7.05;Casa > Limpeza > Superfícies;leite;5024090508340;25/11/2021
BR-04264;Orinum Refreshing Shower Gel;Orinum;150 mL;8.82;Cuidados Pessoais > Banho;;9269252617515;10/02/2022
BR-04265;Alteva Daily Moisturiser;Alteva;500 mL;3.53;Cuidados Pessoais > Rosto > Hidratação;gergelim;7002136139992;29/11/2019
BR-04266;TEST-Aurova Oil Control Face Wash;Aurova;750 mL;17.64;Cuidados Pessoais > Rosto > Limpeza;amendoim,glúten,castanhas;1227607866078;11/07/2022
BR-04267;Gleam SPF Moisturiser;Gleam;1000 mL;3.53;Cuidados Pessoais > Rosto > Hidratação;;7077135992336;27/12/2018
BR-04268;Lumeva Smooth & Shine Conditioner;Lumeva;750 mL;17.64;Cuidados Pessoais > Cabelo > Condicionador;ovos,glúten;8605423112624;18/12/2021
BR-04269;Primus Bathroom Cleaner;Primus;750 mL;7.05;Casa > Limpeza > Superfícies;peixe,crustáceos,amendoim;6550575194344;08/06/2019
BR-04270;Primus Sport Deodorant;Primus;100 mL;8.82;Cuidados Pessoais > Desodorante;leite,trigo,castanhas;8511549475041;29/09/2022
BR-04271;Verdant 48hr Spray Deodorant;Verdant;100 mL;8.82;Cuidados Pessoais > Desodorante;trigo,glúten;8803260297485;10/04/2018
BR-04272;Aevum Sensitive Deodorant;Aevum;300 mL;17.64;Cuidados Pessoais > Desodorante;soja,glúten,castanhas;2018897611092;05/01/2023
BR-04273;Vanta Moisturising Hand Wash;Vanta;100 mL;17.64;Cuidados Pessoais > Sabonete Líquido;peixe,castanhas,soja;5818985791722;26/11/2018
BR-04274;Cladis Lightweight Lotion;Cladis;500 mL;17.64;Cuidados Pessoais > Rosto > Hidratação;soja;8551510934665;30/11/2022
BR-04275;Primus Gentle Face Wash;Primus;500 mL;1.76;Cuidados Pessoais > Rosto > Limpeza;gergelim,leite;8127274600117;31/12/2018
BR-04276;Purelix Sensitive Deodorant;Purelix;150 mL;2.65;Cuidados Pessoais > Desodorante;;0848557939387;20/02/2019
BR-04277;Luminos Repair Conditioner;Luminos;75 mL;7.05;Cuidados Pessoais > Cabelo > Condicionador;peixe,glúten,gergelim;4846159101450;21/11/2019
BR-04278;Gleam Heavy Duty Dish Soap;Gleam;75 mL;14.11;Casa > Limpeza > Louças;leite;4311387509311;12/01/2018
BR-04279;Hevara Rice Cakes;Hevara;75 mL;14.11;Alimentos > Petiscos;castanhas;5997177721669;29/03/2021
BR-04280;Motivo Moisturising Body Wash;Motivo;100 mL;8.82;Cuidados Pessoais > Banho;castanhas,soja,amendoim,trigo;4797280893724;06/08/2021
BR-04281;Sovara Rinse Aid;Sovara;75 mL;10.58;Casa > Limpeza > Louças;glúten,gergelim,soja,peixe;7501481027034;15/06/2022
BR-04282;Zenpur Intensive Moisturiser;Zenpur;400 mL;10.58;Cuidados Pessoais > Rosto > Hidratação;;0527237543549;19/04/2023
BR-04283;Solvix Disinfectant Spray;Solvix;50 mL;2.65;Casa > Limpeza > Superfícies;trigo,peixe;0748699358834;09/06/2023
BR-04284;Krisol Oat Protein Bar;Krisol;200 mL;14.11;Alimentos > Petiscos;ovos,peixe,gergelim,trigo;9144450323126;13/12/2020
BR-04285;Gleam Vinegar Dressing;Gleam;750 mL;2.65;Alimentos > Condimentos;trigo,crustáceos;4258915965457;09/09/2019
BR-04286;Cryston Kitchen Cleaner;Cryston;100 mL;1.76;Casa > Limpeza > Superfícies;ovos,peixe;8939424185043;21/11/2023
BR-04287;Zephyr Dish Liquid;Zephyr;300 mL;1.76;Casa > Limpeza > Louças;crustáceos,leite,glúten;6240828330093;19/01/2020
BR-04288;Plexum Kitchen Cleaner;Plexum;500 mL;8.82;Casa > Limpeza > Superfícies;gergelim;9257026721827;15/12/2021
BR-04289;Vivara Multi-Surface Spray;Vivara;400 mL;14.11;Casa > Limpeza > Superfícies;ovos;7536397869034;28/05/2022
BR-04290;Nuvelo Colour Protect Shampoo;Nuvelo;150 mL;10.58;Cuidados Pessoais > Cabelo > Shampoo;trigo,glúten,soja,ovos;6919571783004;06/03/2020
BR-04291;Motivo Nourishing Body Cleanser;Motivo;200 mL;7.05;Cuidados Pessoais > Banho;;5896897482877;23/07/2021
BR-04292;Tolvex Vinegar Dressing;Tolvex;150 mL;5.29;Alimentos > Condimentos;;8390215732080;06/05/2020
BR-04293;Solven Rice Cakes;Solven;300 mL;3.53;Alimentos > Petiscos;gergelim;7947311098209;21/04/2021
BR-04294;Purelix Liquid Laundry Detergent;Purelix;75 mL;2.65;Casa > Lavanderia;soja;6288570158961;20/04/2023
BR-04295;Purelix Colour Protect Shampoo;Purelix;250 mL;3.53;Cuidados Pessoais > Cabelo > Shampoo;soja,leite,trigo;6698032739964;15/11/2022
BR-04296;Clarity Moisturising Hand Wash;Clarity;50 mL;2.65;Cuidados Pessoais > Sabonete Líquido;crustáceos;4128391756736;20/10/2021
BR-04297;Kaleo Sensitive Skin Body Wash;Kaleo;100 mL;1.76;Cuidados Pessoais > Banho;crustáceos,soja;0192490748828;13/02/2021
BR-04298;Aurova Colour Protect Shampoo;Aurova;1000 mL;5.29;Cuidados Pessoais > Cabelo > Shampoo;peixe,crustáceos;2071901473420;31/03/2023
BR-04299;Oralix Leave-In Conditioner;Oralix;500 mL;8.82;Cuidados Pessoais > Cabelo > Condicionador;leite,glúten,ovos,trigo;1748986220683;16/09/2022
BR-04300;Purelix Kitchen Cleaner;Purelix;200 mL;5.29;Casa > Limpeza > Superfícies;glúten,amendoim,ovos,peixe;5235982029014;03/06/2022
BR-04301;Vivara Rice Cakes;Vivara;75 mL;8.82;Alimentos > Petiscos;;7477234366647;30/11/2022
BR-04302;Polvera Eco Dish Liquid;Polvera;1000 mL;7.05;Casa > Limpeza > Louças;castanhas,leite,soja;3504680152761;01/12/2021
BR-04303;Cladis Sensitive Skin Body Wash;Cladis;50 mL;5.29;Cuidados Pessoais > Banho;;7585693963229;18/05/2019
BR-04304;Glicen Rinse Aid;Glicen;1000 mL;8.82;Casa > Limpeza > Louças;peixe,soja,amendoim;3399712363068;27/04/2019
BR-04305;Orinum Dishwasher Tablets;Orinum;1000 mL;14.11;Casa > Limpeza > Louças;;6198780187166;25/04/2022
BR-04306;XXX-Clarity Vinegar Dressing;Clarity;150 mL;7.05;Alimentos > Condimentos;;0556724274208;19/12/2022
BR-04307;Kaleo Fabric Softener;Kaleo;1000 mL;14.11;Casa > Lavanderia;;7137564867145;26/06/2020
BR-04308;Novix Fragrance-Free Hand Wash;Novix;750 mL;5.29;Cuidados Pessoais > Sabonete Líquido;ovos,crustáceos,castanhas;9088700251886;02/12/2019
BR-04309;Cladis Liquid Laundry Detergent;Cladis;50 mL;3.53;Casa > Lavanderia;soja,glúten;4411022013927;20/10/2018
BR-04310;Teraxis Antibacterial Hand Wash;Teraxis;750 mL;3.53;Cuidados Pessoais > Sabonete Líquido;gergelim;9370997263322;12/03/2020
BR-04311;Zephyr Gentle Face Wash;Zephyr;100 mL;5.29;Cuidados Pessoais > Rosto > Limpeza;gergelim;5212400622415;03/06/2023
BR-04312;Cladis Lightweight Lotion;Cladis;50 mL;1.76;Cuidados Pessoais > Rosto > Hidratação;amendoim,gergelim,trigo;4769029027691;30/03/2018
BR-04313;Vanta SPF Moisturiser;Vanta;1000 mL;17.64;Cuidados Pessoais > Rosto > Hidratação;leite;2692782972538;24/11/2023
BR-04314;Elaris Exfoliating Face Scrub;Elaris;250 mL;5.29;Cuidados Pessoais > Rosto > Limpeza;amendoim,leite,ovos;2684908564321;08/02/2018
BR-04315;Lumeva Fragrance-Free Hand Wash;Lumeva;150 mL;2.65;Cuidados Pessoais > Sabonete Líquido;amendoim;8382790654574;01/09/2020
BR-04316;Tolvex Lightweight Lotion;Tolvex;250 mL;7.05;Cuidados Pessoais > Rosto > Hidratação;;3236616252305;04/10/2018
BR-04317;Aurova Heavy Duty Dish Soap;Aurova;1000 mL;5.29;Casa > Limpeza > Louças;glúten,amendoim;5204524205261;08/07/2023
BR-04318;Gleam Hydrating Face Wash;Gleam;500 mL;1.76;Cuidados Pessoais > Rosto > Limpeza;peixe,ovos,soja;1876395400225;05/02/2018
BR-04319;Hevara Mixed Nuts Blend;Hevara;300 mL;14.11;Alimentos > Petiscos;gergelim,peixe,castanhas,leite;2705702730382;22/01/2020
BR-04320;Zephyr Moisturising Body Wash;Zephyr;1000 mL;1.76;Cuidados Pessoais > Banho;glúten;0110800928210;16/01/2018
BR-04321;Alteva Hydrating Face Wash;Alteva;400 mL;17.64;Cuidados Pessoais > Rosto > Limpeza;;5141789265404;18/11/2018
BR-04322;Tolvex Moisturising Hand Wash;Tolvex;200 mL;3.53;Cuidados Pessoais > Sabonete Líquido;castanhas,glúten,gergelim,ovos;8709791542202;12/01/2022
BR-04323;Tresol Laundry Powder;Tresol;500 mL;5.29;Casa > Lavanderia;ovos,castanhas,crustáceos;5449632424665;26/08/2018
BR-04324;Kaleo Intensive Moisturiser;Kaleo;750 mL;7.05;Cuidados Pessoais > Rosto > Hidratação;amendoim,trigo,gergelim,leite;9001431016098;14/12/2022
BR-04325;Tolvex Salted Crackers;Tolvex;300 mL;14.11;Alimentos > Petiscos;;4302419350803;28/02/2022
BR-04326;Aurova Night Cream;Aurova;150 mL;8.82;Cuidados Pessoais > Rosto > Hidratação;amendoim,ovos,castanhas;1813428815144;14/12/2022
04327;Clarity Mixed Nuts Blend;Clarity;750 mL;1.76;Alimentos > Petiscos;soja,crustáceos;9991557287680;22/05/2021
BR-04328;Alteva Tomato Ketchup;Alteva;75 mL;10.58;Alimentos > Condimentos;gergelim;2613624341916;13/03/2023
BR-04329;Nuarix Mayonnaise;Nuarix;750 mL;8.82;Alimentos > Condimentos;soja,trigo,castanhas,gergelim;4055463218277;26/03/2018
BR-04330;Arovia Deep Clean Body Wash;Arovia;100 mL;10.58;Cuidados Pessoais > Banho;peixe,ovos,leite,amendoim;4476077989894;28/04/2022
BR-04331;Alteva Mayonnaise;Alteva;300 mL;14.11;Alimentos > Condimentos;soja,glúten;3989852588041;20/06/2022
BR-04332;Zenpur Mixed Nuts Blend;Zenpur;100 mL;8.82;Alimentos > Petiscos;gergelim,leite;3153953131356;16/06/2019
BR-04333;Glicen Anti-Dandruff Shampoo;Glicen;500 mL;8.82;Cuidados Pessoais > Cabelo > Shampoo;castanhas,ovos,crustáceos;4319262197318;07/05/2021
BR-04334;Kaleo Sensitive Deodorant;Kaleo;300 mL;8.82;Cuidados Pessoais > Desodorante;trigo,castanhas;8660194611608;15/04/2019
BR-04335;Frostine Deep Clean Body Wash;Frostine;1000 mL;8.82;Cuidados Pessoais > Banho;castanhas;4861508551106;14/03/2018
BR-04336;Cladis Gentle Face Wash;Cladis;1000 mL;2.65;Cuidados Pessoais > Rosto > Limpeza;amendoim,crustáceos;1057870371319;28/12/2018
BR-04337;Teraxis Rinse Aid;Teraxis;100 mL;14.11;Casa > Limpeza > Louças;;0036660632879;16/11/2023
BR-04338;Krisol Liquid Laundry Detergent;Krisol;250 mL;7.05;Casa > Lavanderia;peixe,leite;6955991524278;08/07/2021
BR-04339;Aevum Tomato Ketchup;Aevum;50 mL;2.65;Alimentos > Condimentos;ovos,castanhas,soja;6443162300306;02/05/2018
BR-04340;Arovia SPF Moisturiser;Arovia;1000 mL;3.53;Cuidados Pessoais > Rosto > Hidratação;;8235096888832;01/10/2018
BR-04341;Frosten Anti-Dandruff Shampoo;Frosten;300 mL;5.29;Cuidados Pessoais > Cabelo > Shampoo;peixe,crustáceos,glúten,amendoim;4441219170621;14/08/2019
BR-04342;Solaris Tomato Ketchup;Solaris;500 mL;7.05;Alimentos > Condimentos;peixe;0320039029156;21/06/2021
BR-04343;Aevum Repair Conditioner;Aevum;200 mL;3.53;Cuidados Pessoais > Cabelo > Condicionador;soja,gergelim,ovos,leite;2105970124423;19/03/2020
BR-04344;Nuarix Antibacterial Hand Wash;Nuarix;100 mL;8.82;Cuidados Pessoais > Sabonete Líquido;crustáceos,soja,trigo;2917123209556;08/06/2021
BR-04345;Serafix Sensitive Skin Body Wash;Serafix;200 mL;5.29;Cuidados Pessoais > Banho;gergelim,glúten,peixe;9148030665699;26/03/2020
BR-04346;Glicen Moisturising Body Wash;Glicen;1000 mL;1.76;Cuidados Pessoais > Banho;gergelim;7556761342826;04/08/2020
BR-04347;Nuvelo Brightening Face Wash;Nuvelo;150 mL;1.76;Cuidados Pessoais > Rosto > Limpeza;crustáceos,ovos;4272051395411;05/04/2021
BR-04348;XXX-Krisol Dish Liquid;Krisol;300 mL;2.65;Casa > Limpeza > Louças;;1284256196239;06/07/2019
BR-04349;Tolvex Hot Chilli Sauce;Tolvex;500 mL;10.58;Alimentos > Condimentos;castanhas;1377276905551;15/02/2018
BR-04350;Polvera Fabric Softener;Polvera;500 mL;5.29;Casa > Lavanderia;ovos,trigo,leite,crustáceos;0344694307497;19/08/2023
BR-04351;Oralix Mayonnaise;Oralix;750 mL;14.11;Alimentos > Condimentos;gergelim,ovos,trigo;7888901226995;17/12/2021
BR-04352;Oralix Colour Protect Shampoo;Oralix;300 mL;3.53;Cuidados Pessoais > Cabelo > Shampoo;amendoim,glúten,trigo,leite;5203065712870;22/12/2021
BR-04353;Aurova Mixed Nuts Blend;Aurova;1000 mL;7.05;Alimentos > Petiscos;leite,gergelim,glúten,crustáceos;3604947421422;10/10/2021
BR-04354;Kaleo Lightweight Lotion;Kaleo;400 mL;2.65;Cuidados Pessoais > Rosto > Hidratação;glúten,gergelim,leite,trigo;5769229625849;01/05/2023
BR-04355;Velaris Tomato Ketchup;Velaris;1000 mL;3.53;Alimentos > Condimentos;;7699959053040;02/01/2021
BR-04356;Gleam Gentle Face Wash;Gleam;750 mL;14.11;Cuidados Pessoais > Rosto > Limpeza;leite,peixe;3959070097403;30/03/2023
BR-04357;Clarity Oil Control Face Wash;Clarity;400 mL;5.29;Cuidados Pessoais > Rosto > Limpeza;ovos,leite;9093318683981;15/08/2021
BR-04358;Verdant Dish Liquid;Verdant;300 mL;5.29;Casa > Limpeza > Louças;gergelim;9189009180737;19/10/2019
BR-04359;Frosten Colour Protect Shampoo;Frosten;1000 mL;8.82;Cuidados Pessoais > Cabelo > Shampoo;;4197348607179;17/06/2023
BR-04360;Vivara Sport Deodorant;Vivara;50 mL;14.11;Cuidados Pessoais > Desodorante;peixe,gergelim;6804779001381;24/12/2023
BR-04361;Orinum Whitening Deodorant;Orinum;1000 mL;17.64;Cuidados Pessoais > Desodorante;ovos,glúten,soja;9211705946697;17/05/2022
BR-04362;Polvera Anti-Dandruff Shampoo;Polvera;400 mL;14.11;Cuidados Pessoais > Cabelo > Shampoo;soja,gergelim,trigo,glúten;9481335295407;01/05/2018
BR-04363;Qualis Sport Deodorant;Qualis;150 mL;1.76;Cuidados Pessoais > Desodorante;trigo,ovos;4316651899945;11/04/2018
BR-04364;Polvera Exfoliating Face Scrub;Polvera;200 mL;1.76;Cuidados Pessoais > Rosto > Limpeza;glúten;8168783326211;16/03/2018
BR-04365;Polvera Refreshing Shower Gel;Polvera;500 mL;8.82;Cuidados Pessoais > Banho;glúten,amendoim,crustáceos,ovos;9155152198363;04/08/2019
04366;Novix Gentle Face Wash;Novix;75 mL;14.11;Cuidados Pessoais > Rosto > Limpeza;peixe;0761242044152;03/06/2022
BR-04367;Glicen Laundry Powder;Glicen;1000 mL;1.76;Casa > Lavanderia;ovos;9940189892663;14/01/2020
BR-04368;Krisol Dishwasher Tablets;Krisol;1000 mL;10.58;Casa > Limpeza > Louças;amendoim,leite,peixe;5600229570343;25/02/2020
BR-04369;Aurova Sport Deodorant;Aurova;200 mL;2.65;Cuidados Pessoais > Desodorante;peixe,leite,crustáceos;9876799368918;07/01/2022
BR-04370;Frosten Deep Conditioner;Frosten;500 mL;7.05;Cuidados Pessoais > Cabelo > Condicionador;soja,amendoim,crustáceos;7741546334411;29/05/2018
BR-04371;Luxara Volumising Shampoo;Luxara;50 mL;3.53;Cuidados Pessoais > Cabelo > Shampoo;ovos,amendoim,soja,peixe;9420748015592;19/02/2023
BR-04372;XXX-Zenpur Deep Conditioner;Zenpur;300 mL;8.82;Cuidados Pessoais > Cabelo > Condicionador;trigo;7192680750092;05/05/2022
BR-04373;Primus Multi-Surface Spray;Primus;150 mL;5.29;Casa > Limpeza > Superfícies;leite,crustáceos;9733828789918;17/12/2022
BR-04374;Qualis Leave-In Conditioner;Qualis;100 mL;17.64;Cuidados Pessoais > Cabelo > Condicionador;ovos,castanhas,glúten,crustáceos;6992871002396;14/04/2023
BR-04375;Nuvelo Multi-Surface Spray;Nuvelo;150 mL;2.65;Casa > Limpeza > Superfícies;amendoim;5516388832898;17/12/2022
BR-04376;Vanta Tomato Ketchup;Vanta;250 mL;14.11;Alimentos > Condimentos;amendoim,gergelim;1118098166085;20/03/2019
BR-04377;Brightway Salted Crackers;Brightway;500 mL;2.65;Alimentos > Petiscos;crustáceos,ovos;4384011540332;25/10/2021
BR-04378;Frosten Heavy Duty Dish Soap;Frosten;50 mL;1.76;Casa > Limpeza > Louças;leite,castanhas,gergelim;3096277186988;08/08/2022
BR-04379;Oralix Laundry Powder;Oralix;75 mL;14.11;Casa > Lavanderia;peixe,trigo,glúten;0949274537952;03/07/2022
BR-04380;Luxara Heavy Duty Dish Soap;Luxara;100 mL;10.58;Casa > Limpeza > Louças;;6928041795881;14/06/2020
BR-04381;Plexum Refreshing Shower Gel;Plexum;250 mL;1.76;Cuidados Pessoais > Banho;;3766002855037;21/02/2021
BR-04382;Arovia Hot Chilli Sauce;Arovia;75 mL;1.76;Alimentos > Condimentos;gergelim,crustáceos,soja;1736723101098;31/03/2021
BR-04383;Cryston Whitening Deodorant;Cryston;250 mL;2.65;Cuidados Pessoais > Desodorante;leite;1207308163485;14/04/2019
BR-04384;Krisol Hydrating Shampoo;Krisol;250 mL;1.76;Cuidados Pessoais > Cabelo > Shampoo;crustáceos;2577261958435;05/05/2022
BR-04385;Solaris Volumising Shampoo;Solaris;150 mL;8.82;Cuidados Pessoais > Cabelo > Shampoo;castanhas,gergelim,trigo,crustáceos;3482280857623;14/05/2020
BR-04386;Cristalix Moisturising Hand Wash;Cristalix;750 mL;2.65;Cuidados Pessoais > Sabonete Líquido;ovos,soja,castanhas;0248552568702;22/11/2023
BR-04387;Cladis Liquid Laundry Detergent;Cladis;150 mL;8.82;Casa > Lavanderia;trigo,gergelim,glúten;0541372829122;02/12/2022
BR-04388;Elaris Repair Shampoo;Elaris;150 mL;2.65;Cuidados Pessoais > Cabelo > Shampoo;glúten,castanhas,leite;0684116020123;17/08/2019
BR-04389;Zenpur Volumising Shampoo;Zenpur;500 mL;7.05;Cuidados Pessoais > Cabelo > Shampoo;trigo,soja,crustáceos;4848936980227;08/10/2021
BR-04390;Solven Sensitive Skin Body Wash;Solven;150 mL;8.82;Cuidados Pessoais > Banho;gergelim,ovos,soja;7421415709952;27/06/2019
BR-04391;Krisol Hydrating Shampoo;Krisol;200 mL;10.58;Cuidados Pessoais > Cabelo > Shampoo;;5989926110442;14/06/2023
BR-04392;Polvera Rice Cakes;Polvera;75 mL;7.05;Alimentos > Petiscos;amendoim,soja,glúten,leite;5013681945756;20/11/2020
BR-04393;Nexpur Granola Bar;Nexpur;150 mL;8.82;Alimentos > Petiscos;gergelim,crustáceos;2955055241107;29/10/2023
BR-04394;Toreva Multi-Surface Spray;Toreva;200 mL;1.76;Casa > Limpeza > Superfícies;glúten,trigo,gergelim,amendoim;3466297254835;16/12/2021
BR-04395;Hevara SPF Moisturiser;Hevara;750 mL;8.82;Cuidados Pessoais > Rosto > Hidratação;trigo,peixe,soja;4855002309721;31/03/2022
BR-04396;Arovia Hot Chilli Sauce;Arovia;500 mL;3.53;Alimentos > Condimentos;peixe,glúten,ovos,amendoim;8285904062091;07/06/2021
BR-04397;Glova Brightening Face Wash;Glova;50 mL;3.53;Cuidados Pessoais > Rosto > Limpeza;leite;1301132633982;06/08/2022
BR-04398;Frosten Fabric Softener;Frosten;300 mL;10.58;Casa > Lavanderia;crustáceos;3481539122192;28/02/2018
BR-04399;Nuarix Night Cream;Nuarix;1000 mL;10.58;Cuidados Pessoais > Rosto > Hidratação;;5690436444698;02/12/2020
BR-04400;Gleam Night Cream;Gleam;75 mL;2.65;Cuidados Pessoais > Rosto > Hidratação;;6709905303264;03/01/2019
BR-04401;Teraxis 24hr Roll-On Deodorant;Teraxis;500 mL;14.11;Cuidados Pessoais > Desodorante;;0404464638982;13/09/2019
BR-04402;Frostine Smooth & Shine Conditioner;Frostine;50 mL;2.65;Cuidados Pessoais > Cabelo > Condicionador;amendoim,crustáceos;9057358054163;23/09/2020
04403;Aevum Colour Protect Shampoo;Aevum;100 mL;14.11;Cuidados Pessoais > Cabelo > Shampoo;leite,glúten;6921539005066;04/06/2023
BR-04404;Arovia Granola Bar;Arovia;500 mL;2.65;Alimentos > Petiscos;glúten,gergelim,leite;3303937581305;14/02/2019
BR-04405;Cryston Deep Conditioner;Cryston;50 mL;7.05;Cuidados Pessoais > Cabelo > Condicionador;glúten,castanhas;7181341029066;26/04/2019
BR-04406;Solven Aloe Hand Wash;Solven;500 mL;8.82;Cuidados Pessoais > Sabonete Líquido;peixe;1067076967025;21/08/2021
BR-04407;Lumeva Oat Protein Bar;Lumeva;75 mL;3.53;Alimentos > Petiscos;ovos,crustáceos,gergelim;3268578105283;04/04/2021
BR-04408;Polvera Repair Shampoo;Polvera;500 mL;10.58;Cuidados Pessoais > Cabelo > Shampoo;ovos;8552567678793;12/01/2018
BR-04409;Glova Sport Deodorant;Glova;75 mL;10.58;Cuidados Pessoais > Desodorante;glúten,ovos,gergelim;5340524269961;01/11/2022
BR-04410;Purelix Heavy Duty Dish Soap;Purelix;500 mL;10.58;Casa > Limpeza > Louças;glúten,leite,gergelim,soja;8281604137961;14/01/2021
BR-04411;Elaris Tomato Ketchup;Elaris;750 mL;14.11;Alimentos > Condimentos;;3834103111557;09/06/2023
BR-04412;Oralix Hot Chilli Sauce;Oralix;75 mL;17.64;Alimentos > Condimentos;leite;7849082456090;01/04/2021
BR-04413;Luminos Oil Control Face Wash;Luminos;75 mL;5.29;Cuidados Pessoais > Rosto > Limpeza;;2239354035712;12/08/2020
BR-04414;Verdant Hydrating Face Wash;Verdant;200 mL;14.11;Cuidados Pessoais > Rosto > Limpeza;trigo,peixe,ovos;8121965735157;24/03/2021
BR-04415;Oralix Heavy Duty Dish Soap;Oralix;1000 mL;10.58;Casa > Limpeza > Louças;leite,crustáceos,peixe;6471243468348;29/11/2023
BR-04416;Frosten Sport Deodorant;Frosten;400 mL;8.82;Cuidados Pessoais > Desodorante;;5798005832690;15/04/2023
BR-04417;Cladis Mayonnaise;Cladis;50 mL;10.58;Alimentos > Condimentos;leite;1798210959278;24/09/2020
BR-04418;Kaleo Mixed Nuts Blend;Kaleo;500 mL;8.82;Alimentos > Petiscos;peixe,gergelim,soja,trigo;5116106515135;12/10/2023
BR-04419;Nexpur Leave-In Conditioner;Nexpur;300 mL;3.53;Cuidados Pessoais > Cabelo > Condicionador;soja,peixe,castanhas,amendoim;8349960520480;03/08/2019
BR-04420;Motivo 48hr Spray Deodorant;Motivo;1000 mL;14.11;Cuidados Pessoais > Desodorante;ovos,soja,castanhas,leite;5869409487189;15/12/2023
BR-04421;Lumeva Smooth & Shine Conditioner;Lumeva;75 mL;14.11;Cuidados Pessoais > Cabelo > Condicionador;leite,crustáceos,peixe,soja;1545806187009;26/11/2018
BR-04422;Toreva Exfoliating Face Scrub;Toreva;75 mL;3.53;Cuidados Pessoais > Rosto > Limpeza;leite;1635769136470;18/01/2020
BR-04423;Frosten Mustard Sauce;Frosten;500 mL;8.82;Alimentos > Condimentos;gergelim,amendoim,trigo;1228985354140;29/09/2020
BR-04424;Teraxis Moisturising Body Wash;Teraxis;750 mL;7.05;Cuidados Pessoais > Banho;peixe;7363251531048;06/07/2020
BR-04425;Luminos Sensitive Skin Body Wash;Luminos;200 mL;8.82;Cuidados Pessoais > Banho;ovos;0025904754767;26/12/2018
BR-04426;Plexum Multi-Surface Spray;Plexum;250 mL;8.82;Casa > Limpeza > Superfícies;;8469172847127;26/01/2023
BR-04427;Aevum Colour Protect Shampoo;Aevum;100 mL;14.11;Cuidados Pessoais > Cabelo > Shampoo;amendoim;1987833330650;16/11/2021
BR-04428;Orinum Vinegar Dressing;Orinum;300 mL;2.65;Alimentos > Condimentos;castanhas;5220227961778;23/04/2018
BR-04429;Kaleo Moisturising Body Wash;Kaleo;500 mL;1.76;Cuidados Pessoais > Banho;castanhas,glúten,ovos,soja;2948898331197;23/09/2023
BR-04430;Luxara Heavy Duty Dish Soap;Luxara;150 mL;8.82;Casa > Limpeza > Louças;leite,castanhas;2564060564325;14/02/2018
BR-04431;Luxara Sensitive Skin Body Wash;Luxara;750 mL;8.82;Cuidados Pessoais > Banho;;9157275063627;17/09/2019
BR-04432;Kaleo Eco Dish Liquid;Kaleo;100 mL;8.82;Casa > Limpeza > Louças;;5386531235841;27/10/2023
BR-04433;Brightway Granola Bar;Brightway;50 mL;7.05;Alimentos > Petiscos;;8444620424570;03/04/2023
BR-04434;Serafix Volumising Conditioner;Serafix;75 mL;5.29;Cuidados Pessoais > Cabelo > Condicionador;trigo,ovos,gergelim,castanhas;8082938074386;07/11/2021
BR-04435;Kaleo Hot Chilli Sauce;Kaleo;750 mL;1.76;Alimentos > Condimentos;trigo;1651556733769;26/10/2018
04436;Tresol Deep Clean Body Wash;Tresol;400 mL;14.11;Cuidados Pessoais > Banho;crustáceos,peixe,castanhas,glúten;9732460570502;11/07/2019
BR-04437;Solven Salted Crackers;Solven;750 mL;3.53;Alimentos > Petiscos;leite,castanhas;8368251702459;25/02/2022
BR-04438;Motivo Mayonnaise;Motivo;400 mL;7.05;Alimentos > Condimentos;glúten,soja,amendoim;4322283721301;29/01/2020
BR-04439;Aurova Hot Chilli Sauce;Aurova;100 mL;3.53;Alimentos > Condimentos;;4484000453442;28/01/2021
BR-04440;Nexpur Moisturising Hand Wash;Nexpur;400 mL;3.53;Cuidados Pessoais > Sabonete Líquido;ovos,crustáceos,trigo,soja;2433477204844;20/03/2021
BR-04441;Motivo Exfoliating Face Scrub;Motivo;100 mL;17.64;Cuidados Pessoais > Rosto > Limpeza;castanhas;5994848275964;02/02/2022
BR-04442;Luxara Whitening Deodorant;Luxara;400 mL;10.58;Cuidados Pessoais > Desodorante;amendoim,ovos,soja,leite;0871062359166;22/05/2020
BR-04443;Kaleo Colour Protect Shampoo;Kaleo;1000 mL;7.05;Cuidados Pessoais > Cabelo > Shampoo;peixe,amendoim;9566566020766;03/08/2019
BR-04444;Helix SPF Moisturiser;Helix;150 mL;1.76;Cuidados Pessoais > Rosto > Hidratação;peixe,ovos,trigo,soja;3485794941840;06/05/2021
BR-04445;Toreva Volumising Conditioner;Toreva;1000 mL;7.05;Cuidados Pessoais > Cabelo > Condicionador;soja,ovos;5754941587445;16/05/2019
BR-04446;Kaleo 24hr Roll-On Deodorant;Kaleo;100 mL;3.53;Cuidados Pessoais > Desodorante;castanhas,ovos,glúten,crustáceos;8976811655086;08/04/2019
BR-04447;Oralix Lightweight Lotion;Oralix;500 mL;14.11;Cuidados Pessoais > Rosto > Hidratação;gergelim,ovos,trigo,peixe;7480048690808;28/09/2019
BR-04448;Glicen Foaming Hand Wash;Glicen;500 mL;3.53;Cuidados Pessoais > Sabonete Líquido;amendoim;9093427497844;16/02/2023
BR-04449;Nexpur 48hr Spray Deodorant;Nexpur;500 mL;2.65;Cuidados Pessoais > Desodorante;gergelim,peixe;5624993729950;10/07/2019
BR-04450;Aurova Nourishing Body Cleanser;Aurova;50 mL;2.65;Cuidados Pessoais > Banho;leite,amendoim,trigo;6375997298469;29/10/2023
BR-04451;Qualis Whitening Deodorant;Qualis;400 mL;10.58;Cuidados Pessoais > Desodorante;;5057599753928;05/12/2018
BR-04452;Arovia Stain Remover;Arovia;1000 mL;2.65;Casa > Lavanderia;amendoim,leite,castanhas,trigo;8465291893588;31/07/2018
BR-04453;Serafix Whitening Deodorant;Serafix;50 mL;14.11;Cuidados Pessoais > Desodorante;gergelim,trigo,leite;5426024421174;24/07/2020
BR-04454;Lumeva Fabric Softener;Lumeva;300 mL;3.53;Casa > Lavanderia;amendoim,soja,peixe;8485070134220;22/07/2020
BR-04455;Tolvex Sport Deodorant;Tolvex;50 mL;7.05;Cuidados Pessoais > Desodorante;leite,castanhas;7106208020116;29/07/2018
BR-04456;Brightway Daily Moisturiser;Brightway;250 mL;17.64;Cuidados Pessoais > Rosto > Hidratação;peixe,leite,amendoim,crustáceos;6022509201195;19/08/2023
BR-04457;Nexpur Sport Deodorant;Nexpur;300 mL;2.65;Cuidados Pessoais > Desodorante;trigo,gergelim,glúten;7026125927971;21/07/2022
BR-04458;DUMMY-Vanta Nourishing Body Cleanser;Vanta;100 mL;14.11;Cuidados Pessoais > Banho;;8301008495259;04/12/2020
BR-04459;Tolvex Moisturising Body Wash;Tolvex;150 mL;8.82;Cuidados Pessoais > Banho;;8893457649470;03/09/2023
BR-04460;Cryston Vinegar Dressing;Cryston;750 mL;3.53;Alimentos > Condimentos;glúten,ovos,gergelim;6164666326639;26/11/2018
BR-04461;Tresol Stain Remover;Tresol;750 mL;14.11;Casa > Lavanderia;crustáceos,peixe,trigo,glúten;5848516626353;07/12/2022
BR-04462;Nuarix Sport Deodorant;Nuarix;500 mL;7.05;Cuidados Pessoais > Desodorante;trigo,amendoim;0541683314218;15/06/2021
BR-04463;Gleam Kitchen Cleaner;Gleam;150 mL;17.64;Casa > Limpeza > Superfícies;;3270554402743;18/01/2019
BR-04464;Plexum Repair Conditioner;Plexum;100 mL;1.76;Cuidados Pessoais > Cabelo > Condicionador;gergelim,trigo;0790426613679;31/08/2022
BR-04465;Teraxis Brightening Face Wash;Teraxis;500 mL;8.82;Cuidados Pessoais > Rosto > Limpeza;gergelim;5295803120139;21/11/2019
BR-04466;Tolvex Rice Cakes;Tolvex;750 mL;10.58;Alimentos > Petiscos;castanhas,glúten,peixe,trigo;2117780028105;04/08/2021
BR-04467;Aevum Dishwasher Tablets;Aevum;50 mL;5.29;Casa > Limpeza > Louças;;6416702149291;13/08/2018
BR-04468;DUMMY-Serafix Disinfectant Spray;Serafix;200 mL;1.76;Casa > Limpeza > Superfícies;;0772502109856;08/06/2020
BR-04469;Nuarix Deep Clean Body Wash;Nuarix;50 mL;17.64;Cuidados Pessoais > Banho;soja,gergelim;2913539411873;08/08/2019
BR-04470;Kaleo Bathroom Cleaner;Kaleo;750 mL;5.29;Casa > Limpeza > Superfícies;ovos;7561363115969;01/12/2021
BR-04471;Frostine Mustard Sauce;Frostine;750 mL;2.65;Alimentos > Condimentos;gergelim,leite,castanhas;5763416253167;25/12/2020
BR-04472;Nuarix Refreshing Shower Gel;Nuarix;150 mL;14.11;Cuidados Pessoais > Banho;glúten;3045741298603;16/10/2020
BR-04473;Clarity Glass Cleaner;Clarity;50 mL;8.82;Casa > Limpeza > Superfícies;castanhas;3170277721780;09/07/2023
BR-04474;Novix Mixed Nuts Blend;Novix;400 mL;17.64;Alimentos > Petiscos;peixe;5003123548362;22/09/2022
BR-04475;Plexum Repair Conditioner;Plexum;750 mL;10.58;Cuidados Pessoais > Cabelo > Condicionador;ovos,gergelim,soja;2395302155953;02/02/2020
BR-04476;XXX-Frosten Leave-In Conditioner;Frosten;1000 mL;5.29;Cuidados Pessoais > Cabelo > Condicionador;;5910518507975;28/05/2019
BR-04477;Solven Smooth & Shine Conditioner;Solven;50 mL;17.64;Cuidados Pessoais > Cabelo > Condicionador;ovos,gergelim,crustáceos,leite;8985000388919;20/02/2019
BR-04478;Tresol Mixed Nuts Blend;Tresol;50 mL;5.29;Alimentos > Petiscos;leite,peixe,glúten;3374961269071;26/06/2019
BR-04479;Oralix Oat Protein Bar;Oralix;400 mL;5.29;Alimentos > Petiscos;amendoim,peixe;9690910231932;19/12/2022
BR-04480;Oralix Eco Dish Liquid;Oralix;200 mL;7.05;Casa > Limpeza > Louças;leite,glúten,crustáceos;9194923592023;13/06/2023
BR-04481;Frostine Gentle Face Wash;Frostine;750 mL;14.11;Cuidados Pessoais > Rosto > Limpeza;leite,castanhas,gergelim,peixe;0144301116708;14/11/2021
BR-04482;Solvix Volumising Shampoo;Solvix;75 mL;1.76;Cuidados Pessoais > Cabelo > Shampoo;castanhas,soja,glúten;3542365375586;20/12/2020
BR-04483;Tresol Dish Liquid;Tresol;1000 mL;17.64;Casa > Limpeza > Louças;peixe;4249148596181;21/04/2021
BR-04484;Gleam Fragrance-Free Hand Wash;Gleam;500 mL;8.82;Cuidados Pessoais > Sabonete Líquido;crustáceos,soja;9893016127929;05/05/2021
BR-04485;Tresol Volumising Conditioner;Tresol;500 mL;2.65;Cuidados Pessoais > Cabelo > Condicionador;;5071689232179;03/04/2019
BR-04486;Motivo Anti-Dandruff Shampoo;Motivo;400 mL;8.82;Cuidados Pessoais > Cabelo > Shampoo;leite;1570557014304;22/08/2019
BR-04487;Orinum Glass Cleaner;Orinum;1000 mL;2.65;Casa > Limpeza > Superfícies;trigo,amendoim,gergelim,leite;4283242009543;01/12/2018
04488;Elaris Sensitive Skin Body Wash;Elaris;100 mL;14.11;Cuidados Pessoais > Banho;peixe,crustáceos,glúten,trigo;2633313256215;11/12/2019
BR-04489;Nuvelo Hot Chilli Sauce;Nuvelo;75 mL;7.05;Alimentos > Condimentos;;5516297729166;22/05/2019
BR-04490;Frosten Hot Chilli Sauce;Frosten;150 mL;7.05;Alimentos > Condimentos;peixe,ovos,crustáceos,trigo;6487820795202;05/08/2023
BR-04491;Luminos Sensitive Deodorant;Luminos;200 mL;10.58;Cuidados Pessoais > Desodorante;gergelim,soja;7153037631747;02/09/2023
BR-04492;Cryston Repair Shampoo;Cryston;200 mL;5.29;Cuidados Pessoais > Cabelo > Shampoo;;2182725967344;02/08/2023
BR-04493;Gleam 48hr Spray Deodorant;Gleam;75 mL;14.11;Cuidados Pessoais > Desodorante;amendoim,ovos,peixe,castanhas;4756091575410;10/03/2022
BR-04494;Sovara Disinfectant Spray;Sovara;75 mL;7.05;Casa > Limpeza > Superfícies;gergelim;2342820978861;28/05/2019
BR-04495;Solvix Leave-In Conditioner;Solvix;250 mL;5.29;Cuidados Pessoais > Cabelo > Condicionador;trigo,glúten;1328687973257;09/05/2022
BR-04496;Clarity Sensitive Skin Body Wash;Clarity;150 mL;7.05;Cuidados Pessoais > Banho;castanhas,gergelim,glúten;9893443280198;15/11/2020
BR-04497;Lumeva Tomato Ketchup;Lumeva;200 mL;8.82;Alimentos > Condimentos;gergelim;7790171548946;02/08/2021
BR-04498;Cristalix Nourishing Body Cleanser;Cristalix;1000 mL;10.58;Cuidados Pessoais > Banho;soja;6076826374063;20/08/2023
BR-04499;Clarity Granola Bar;Clarity;300 mL;7.05;Alimentos > Petiscos;castanhas,trigo,ovos;5724895665469;26/02/2021
BR-04500;Primus Hydrating Face Wash;Primus;750 mL;14.11;Cuidados Pessoais > Rosto > Limpeza;soja,leite,crustáceos,gergelim;0466605226120;14/05/2021
BR-04501;TEST-Serafix Multi-Surface Spray;Serafix;50 mL;8.82;Casa > Limpeza > Superfícies;leite;6409191706694;25/07/2020
BR-04502;Primus Sport Deodorant;Primus;750 mL;2.65;Cuidados Pessoais > Desodorante;;2114091558161;29/06/2023
BR-04503;Aurova Hydrating Face Wash;Aurova;150 mL;14.11;Cuidados Pessoais > Rosto > Limpeza;;4983563277033;20/07/2022
BR-04504;Plexum Colour Protect Shampoo;Plexum;100 mL;17.64;Cuidados Pessoais > Cabelo > Shampoo;crustáceos,castanhas,trigo,glúten;7687526437973;08/07/2023
BR-04505;Tresol Granola Bar;Tresol;250 mL;7.05;Alimentos > Petiscos;glúten,soja,peixe;7191684959821;29/03/2022
BR-04506;Nuarix Brightening Face Wash;Nuarix;750 mL;7.05;Cuidados Pessoais > Rosto > Limpeza;glúten,leite;5375499049515;28/09/2018
BR-04507;Glova Granola Bar;Glova;50 mL;2.65;Alimentos > Petiscos;;8987269059470;02/02/2019
BR-04508;Serafix Exfoliating Face Scrub;Serafix;750 mL;3.53;Cuidados Pessoais > Rosto > Limpeza;peixe,glúten,castanhas;9818370394732;22/03/2019
BR-04509;Nuvelo Repair Conditioner;Nuvelo;750 mL;14.11;Cuidados Pessoais > Cabelo > Condicionador;;7514976740028;24/12/2023
BR-04510;Verdant Foaming Hand Wash;Verdant;75 mL;10.58;Cuidados Pessoais > Sabonete Líquido;;7319850478826;18/10/2021
04511;Solvix Sensitive Deodorant;Solvix;300 mL;2.65;Cuidados Pessoais > Desodorante;gergelim;2408287274066;27/06/2021
BR-04512;Novix Multi-Surface Spray;Novix;500 mL;14.11;Casa > Limpeza > Superfícies;;4491607302752;23/12/2023
BR-04513;Verdant Disinfectant Spray;Verdant;150 mL;3.53;Casa > Limpeza > Superfícies;;5000943659605;26/06/2023
BR-04514;Arovia Sport Deodorant;Arovia;250 mL;7.05;Cuidados Pessoais > Desodorante;trigo;3360694347292;15/10/2022
BR-04515;Nexpur Dishwasher Tablets;Nexpur;75 mL;8.82;Casa > Limpeza > Louças;glúten;9596170885482;07/04/2019
BR-04516;Tresol Stain Remover;Tresol;300 mL;7.05;Casa > Lavanderia;leite,amendoim,ovos,castanhas;2547246330341;22/10/2021
BR-04517;Zephyr Fabric Softener;Zephyr;750 mL;7.05;Casa > Lavanderia;leite;8943666470546;21/04/2023
BR-04518;Clarity Colour Protect Shampoo;Clarity;300 mL;2.65;Cuidados Pessoais > Cabelo > Shampoo;leite;6957071308020;14/09/2023
BR-04519;Toreva Disinfectant Spray;Toreva;100 mL;14.11;Casa > Limpeza > Superfícies;amendoim;4069535171711;11/05/2019
BR-04520;Tresol Stain Remover;Tresol;100 mL;2.65;Casa > Lavanderia;ovos;7236132800017;30/09/2021
BR-04521;Zephyr Rinse Aid;Zephyr;500 mL;14.11;Casa > Limpeza > Louças;glúten,castanhas;0334670577365;28/12/2020
BR-04522;Oralix Anti-Dandruff Shampoo;Oralix;100 mL;3.53;Cuidados Pessoais > Cabelo > Shampoo;glúten,castanhas,peixe;2094846180284;22/09/2023
BR-04523;Clarity Leave-In Conditioner;Clarity;500 mL;17.64;Cuidados Pessoais > Cabelo > Condicionador;soja,crustáceos;7211831851751;13/09/2020
BR-04524;Gleam Sensitive Skin Body Wash;Gleam;400 mL;3.53;Cuidados Pessoais > Banho;;4868182041299;23/07/2019
BR-04525;Purelix 24hr Roll-On Deodorant;Purelix;750 mL;17.64;Cuidados Pessoais > Desodorante;trigo;1445686314680;22/06/2023
BR-04526;XXX-Tolvex Nourishing Body Cleanser;Tolvex;75 mL;2.65;Cuidados Pessoais > Banho;ovos,peixe;6955392181124;24/03/2021
BR-04527;Polvera Fragrance-Free Hand Wash;Polvera;500 mL;17.64;Cuidados Pessoais > Sabonete Líquido;;7889907077307;31/08/2020
BR-04528;Kaleo Dishwasher Tablets;Kaleo;100 mL;17.64;Casa > Limpeza > Louças;ovos;0215234841712;24/08/2020
04529;Qualis Leave-In Conditioner;Qualis;400 mL;2.65;Cuidados Pessoais > Cabelo > Condicionador;crustáceos,ovos,castanhas;0641977320366;21/02/2018
BR-04530;Elaris Multi-Surface Spray;Elaris;750 mL;17.64;Casa > Limpeza > Superfícies;leite,soja,crustáceos;8445767631418;04/05/2020
BR-04531;Hevara Tomato Ketchup;Hevara;750 mL;3.53;Alimentos > Condimentos;leite;3947800050675;17/04/2019
BR-04532;Polvera Sensitive Deodorant;Polvera;300 mL;5.29;Cuidados Pessoais > Desodorante;gergelim,castanhas,peixe;8801099973488;31/01/2020
BR-04533;Nuvelo Dish Liquid;Nuvelo;250 mL;1.76;Casa > Limpeza > Louças;crustáceos,soja;2663056259723;16/06/2019
BR-04534;Luminos Exfoliating Face Scrub;Luminos;750 mL;2.65;Cuidados Pessoais > Rosto > Limpeza;amendoim,trigo;8845831604964;13/06/2018
BR-04535;Serafix Dish Liquid;Serafix;150 mL;1.76;Casa > Limpeza > Louças;crustáceos,trigo,peixe;2928750453281;30/07/2019
BR-04536;Vivara Lightweight Lotion;Vivara;1000 mL;17.64;Cuidados Pessoais > Rosto > Hidratação;;2576998589394;07/05/2023
BR-04537;Solven Repair Conditioner;Solven;50 mL;17.64;Cuidados Pessoais > Cabelo > Condicionador;peixe,glúten,amendoim,leite;7288551895532;22/02/2021
BR-04538;Nuvelo 48hr Spray Deodorant;Nuvelo;250 mL;3.53;Cuidados Pessoais > Desodorante;gergelim;5214611105596;09/03/2023
BR-04539;Tolvex Oat Protein Bar;Tolvex;200 mL;3.53;Alimentos > Petiscos;soja;4132426289892;19/05/2020
BR-04540;Glova Fragrance-Free Hand Wash;Glova;750 mL;8.82;Cuidados Pessoais > Sabonete Líquido;castanhas,amendoim,glúten;6035661973992;22/03/2022
BR-04541;Velaris Daily Moisturiser;Velaris;300 mL;8.82;Cuidados Pessoais > Rosto > Hidratação;leite,crustáceos,gergelim;9491200325863;22/03/2022
BR-04542;Luminos Exfoliating Face Scrub;Luminos;100 mL;2.65;Cuidados Pessoais > Rosto > Limpeza;glúten,gergelim,crustáceos;0912667173822;30/05/2020
BR-04543;Aevum Exfoliating Face Scrub;Aevum;400 mL;2.65;Cuidados Pessoais > Rosto > Limpeza;gergelim;2715133269016;27/06/2023
BR-04544;TEST-Purelix Mayonnaise;Purelix;150 mL;14.11;Alimentos > Condimentos;trigo,crustáceos,amendoim;2086002191241;14/11/2018
BR-04545;Nuvelo Fragrance-Free Hand Wash;Nuvelo;1000 mL;14.11;Cuidados Pessoais > Sabonete Líquido;peixe,gergelim,trigo,crustáceos;8932317484872;14/12/2020
BR-04546;Brightway Anti-Dandruff Shampoo;Brightway;50 mL;5.29;Cuidados Pessoais > Cabelo > Shampoo;;4754880617471;02/10/2020
BR-04547;Tolvex Laundry Powder;Tolvex;300 mL;10.58;Casa > Lavanderia;amendoim,crustáceos,ovos,glúten;3449985647256;12/02/2022
BR-04548;Toreva Exfoliating Face Scrub;Toreva;1000 mL;8.82;Cuidados Pessoais > Rosto > Limpeza;peixe,leite;5923389251694;17/05/2019
BR-04549;Purelix Gentle Face Wash;Purelix;500 mL;5.29;Cuidados Pessoais > Rosto > Limpeza;;2928503413593;31/05/2018
BR-04550;Cladis Multi-Surface Spray;Cladis;400 mL;2.65;Casa > Limpeza > Superfícies;ovos,castanhas;2586217008780;05/10/2018
BR-04551;Lumeva Oil Control Face Wash;Lumeva;750 mL;2.65;Cuidados Pessoais > Rosto > Limpeza;;1182798405829;09/07/2023
BR-04552;Krisol Brightening Face Wash;Krisol;250 mL;17.64;Cuidados Pessoais > Rosto > Limpeza;castanhas,gergelim,trigo;0858245503165;27/08/2020
BR-04553;Glicen Deep Clean Body Wash;Glicen;150 mL;5.29;Cuidados Pessoais > Banho;glúten,gergelim;5751225376986;23/06/2021
BR-04554;Hevara Laundry Powder;Hevara;500 mL;3.53;Casa > Lavanderia;ovos,leite;4207101563397;09/02/2019
BR-04555;Teraxis Liquid Laundry Detergent;Teraxis;400 mL;8.82;Casa > Lavanderia;peixe,amendoim,gergelim;9322933074233;03/09/2019
BR-04556;Cristalix Stain Remover;Cristalix;75 mL;1.76;Casa > Lavanderia;glúten,gergelim;8069440637216;15/05/2020
04557;Krisol Foaming Hand Wash;Krisol;75 mL;8.82;Cuidados Pessoais > Sabonete Líquido;trigo,gergelim,glúten,ovos;4963825697168;18/11/2018
BR-04558;Vivara Bathroom Cleaner;Vivara;1000 mL;7.05;Casa > Limpeza > Superfícies;;3308151130018;14/06/2018
BR-04559;Luxara Granola Bar;Luxara;1000 mL;2.65;Alimentos > Petiscos;peixe,castanhas,crustáceos;4434249415619;02/03/2020
BR-04560;Motivo Sport Deodorant;Motivo;300 mL;5.29;Cuidados Pessoais > Desodorante;leite,crustáceos,soja,peixe;8756561911294;21/04/2021
BR-04561;Zephyr Vinegar Dressing;Zephyr;200 mL;1.76;Alimentos > Condimentos;;2724197502885;18/02/2023
BR-04562;Luxara Oil Control Face Wash;Luxara;75 mL;14.11;Cuidados Pessoais > Rosto > Limpeza;castanhas,amendoim;9856275777786;16/03/2020
BR-04563;Teraxis Deep Conditioner;Teraxis;500 mL;10.58;Cuidados Pessoais > Cabelo > Condicionador;soja,glúten,crustáceos;2656837200458;24/09/2018
BR-04564;Zenpur Fragrance-Free Hand Wash;Zenpur;750 mL;2.65;Cuidados Pessoais > Sabonete Líquido;ovos,crustáceos;8273350214218;08/06/2023
BR-04565;Lumeva Deep Conditioner;Lumeva;750 mL;17.64;Cuidados Pessoais > Cabelo > Condicionador;gergelim,trigo,soja,castanhas;7224282344291;22/08/2018
BR-04566;Kaleo Multi-Surface Spray;Kaleo;100 mL;5.29;Casa > Limpeza > Superfícies;;2530072324844;07/01/2021
BR-04567;Oralix SPF Moisturiser;Oralix;250 mL;2.65;Cuidados Pessoais > Rosto > Hidratação;crustáceos;4887055480058;02/04/2023
BR-04568;Qualis Mixed Nuts Blend;Qualis;100 mL;7.05;Alimentos > Petiscos;glúten,soja;0998233215325;23/10/2023
BR-04569;Cristalix Leave-In Conditioner;Cristalix;100 mL;1.76;Cuidados Pessoais > Cabelo > Condicionador;;8616264560987;24/06/2018
BR-04570;Orinum Disinfectant Spray;Orinum;100 mL;2.65;Casa > Limpeza > Superfícies;;3847040227496;17/03/2020
BR-04571;Tolvex Moisturising Body Wash;Tolvex;150 mL;17.64;Cuidados Pessoais > Banho;glúten;5536315737034;19/10/2021
BR-04572;Tresol Glass Cleaner;Tresol;1000 mL;10.58;Casa > Limpeza > Superfícies;;3336063599999;23/04/2018
BR-04573;Teraxis Foaming Hand Wash;Teraxis;50 mL;3.53;Cuidados Pessoais > Sabonete Líquido;glúten,peixe,ovos,soja;7508105352169;29/12/2019
BR-04574;Purelix Smooth & Shine Conditioner;Purelix;250 mL;3.53;Cuidados Pessoais > Cabelo > Condicionador;glúten;1986447133411;29/10/2023
BR-04575;DUMMY-Aevum Volumising Shampoo;Aevum;75 mL;10.58;Cuidados Pessoais > Cabelo > Shampoo;peixe,leite,glúten,ovos;5361381848786;05/04/2022
BR-04576;Cryston Glass Cleaner;Cryston;75 mL;2.65;Casa > Limpeza > Superfícies;;9093320762575;22/05/2020
BR-04577;Aevum Repair Shampoo;Aevum;250 mL;10.58;Cuidados Pessoais > Cabelo > Shampoo;gergelim;5916915820914;11/03/2018
BR-04578;Sovara Refreshing Shower Gel;Sovara;300 mL;14.11;Cuidados Pessoais > Banho;gergelim,leite;8273377997934;16/10/2018
BR-04579;Alteva Granola Bar;Alteva;750 mL;5.29;Alimentos > Petiscos;castanhas,crustáceos,amendoim;8586858732574;24/04/2021
BR-04580;Plexum Night Cream;Plexum;500 mL;14.11;Cuidados Pessoais > Rosto > Hidratação;crustáceos,gergelim,ovos;4142939911968;17/08/2023
BR-04581;Kaleo Rice Cakes;Kaleo;75 mL;2.65;Alimentos > Petiscos;crustáceos;5964887206793;22/03/2023
BR-04582;Serafix Mayonnaise;Serafix;500 mL;7.05;Alimentos > Condimentos;gergelim;1826954900109;12/07/2020
BR-04583;Solven Liquid Laundry Detergent;Solven;100 mL;2.65;Casa > Lavanderia;trigo,amendoim,gergelim,soja;3302973995992;22/09/2019
BR-04584;Vanta Bathroom Cleaner;Vanta;150 mL;5.29;Casa > Limpeza > Superfícies;trigo,ovos,soja,gergelim;8390684005159;27/04/2022
BR-04585;Plexum Hydrating Face Wash;Plexum;250 mL;2.65;Cuidados Pessoais > Rosto > Limpeza;leite;3994920133030;23/06/2021
BR-04586;Novix Leave-In Conditioner;Novix;750 mL;8.82;Cuidados Pessoais > Cabelo > Condicionador;;8243256509480;19/04/2021
BR-04587;Arovia Fragrance-Free Hand Wash;Arovia;250 mL;8.82;Cuidados Pessoais > Sabonete Líquido;glúten,leite,soja;3654531574348;03/04/2023
BR-04588;Vivara Heavy Duty Dish Soap;Vivara;300 mL;7.05;Casa > Limpeza > Louças;trigo;7332999604321;05/09/2018
BR-04589;Glova Hot Chilli Sauce;Glova;75 mL;3.53;Alimentos > Condimentos;;7043796508438;14/02/2020
BR-04590;Verdant Kitchen Cleaner;Verdant;75 mL;14.11;Casa > Limpeza > Superfícies;glúten,leite;9782769817167;22/03/2021
BR-04591;Gleam Deep Conditioner;Gleam;400 mL;7.05;Cuidados Pessoais > Cabelo > Condicionador;crustáceos;5177784251081;30/12/2018
BR-04592;Gleam Fragrance-Free Hand Wash;Gleam;500 mL;17.64;Cuidados Pessoais > Sabonete Líquido;gergelim,crustáceos,ovos;1967477531620;30/03/2023
BR-04593;Vanta Heavy Duty Dish Soap;Vanta;300 mL;10.58;Casa > Limpeza > Louças;glúten,castanhas,gergelim,leite;5403289262476;24/09/2021
BR-04594;Purelix Exfoliating Face Scrub;Purelix;300 mL;17.64;Cuidados Pessoais > Rosto > Limpeza;;2894614554510;05/04/2019
BR-04595;Arovia Rice Cakes;Arovia;250 mL;8.82;Alimentos > Petiscos;castanhas,gergelim,soja,amendoim;8215709564629;24/12/2021
BR-04596;Kaleo Foaming Hand Wash;Kaleo;150 mL;1.76;Cuidados Pessoais > Sabonete Líquido;castanhas,glúten,amendoim,gergelim;4364493747900;01/09/2023
BR-04597;Novix Glass Cleaner;Novix;500 mL;5.29;Casa > Limpeza > Superfícies;ovos,leite,amendoim,peixe;7157628948061;19/10/2020
BR-04598;Qualis Mixed Nuts Blend;Qualis;1000 mL;2.65;Alimentos > Petiscos;peixe,trigo,glúten,crustáceos;4778809367667;03/03/2019
BR-04599;Kaleo Glass Cleaner;Kaleo;50 mL;1.76;Casa > Limpeza > Superfícies;soja;1939020014508;15/11/2018
BR-04600;Elaris Moisturising Hand Wash;Elaris;200 mL;7.05;Cuidados Pessoais > Sabonete Líquido;;0903722472424;28/05/2021
BR-04601;Zenpur Gentle Face Wash;Zenpur;300 mL;10.58;Cuidados Pessoais > Rosto > Limpeza;;5808230067993;09/12/2019
BR-04602;Elaris Vinegar Dressing;Elaris;300 mL;5.29;Alimentos > Condimentos;castanhas,glúten,gergelim,soja;4226081759705;25/04/2019
BR-04603;Clarity Tomato Ketchup;Clarity;50 mL;17.64;Alimentos > Condimentos;;4794905158480;12/11/2023
BR-04604;Vivara Laundry Powder;Vivara;500 mL;2.65;Casa > Lavanderia;leite;2725811416892;24/10/2021
BR-04605;Zenpur Deep Clean Body Wash;Zenpur;400 mL;5.29;Cuidados Pessoais > Banho;leite;3285155297421;02/11/2023
BR-04606;Velaris Foaming Hand Wash;Velaris;400 mL;2.65;Cuidados Pessoais > Sabonete Líquido;leite,trigo,soja,ovos;6828780897078;20/06/2021
BR-04607;TEST-Oralix Kitchen Cleaner;Oralix;250 mL;3.53;Casa > Limpeza > Superfícies;ovos,crustáceos,gergelim,trigo;0863927769845;10/02/2020
BR-04608;Nexpur Hydrating Shampoo;Nexpur;200 mL;1.76;Cuidados Pessoais > Cabelo > Shampoo;gergelim,peixe,leite,castanhas;4366899570410;08/03/2019
BR-04609;Plexum Fabric Softener;Plexum;250 mL;10.58;Casa > Lavanderia;trigo,soja;1642196346105;05/01/2023
BR-04610;Alteva Whitening Deodorant;Alteva;300 mL;1.76;Cuidados Pessoais > Desodorante;gergelim,peixe,soja;8124057926822;07/01/2021
BR-04611;Velaris Laundry Powder;Velaris;250 mL;2.65;Casa > Lavanderia;trigo,glúten,soja;4035195730094;25/04/2023
BR-04612;Vivara Intensive Moisturiser;Vivara;100 mL;7.05;Cuidados Pessoais > Rosto > Hidratação;soja,amendoim,glúten,castanhas;1145064533497;04/09/2021
BR-04613;Brightway Aloe Hand Wash;Brightway;200 mL;1.76;Cuidados Pessoais > Sabonete Líquido;;3859864684805;11/09/2023
BR-04614;Polvera Granola Bar;Polvera;100 mL;3.53;Alimentos > Petiscos;ovos,soja,gergelim;3236298259951;09/09/2021
BR-04615;Krisol Hydrating Shampoo;Krisol;200 mL;1.76;Cuidados Pessoais > Cabelo > Shampoo;gergelim,amendoim,leite;0067947199129;24/05/2018
BR-04616;Purevex Tomato Ketchup;Purevex;75 mL;10.58;Alimentos > Condimentos;gergelim;2055641990393;09/02/2023
BR-04617;Velaris Sensitive Skin Body Wash;Velaris;50 mL;7.05;Cuidados Pessoais > Banho;trigo,glúten,ovos,leite;5612199975257;23/10/2020
BR-04618;Orinum Multi-Surface Spray;Orinum;500 mL;17.64;Casa > Limpeza > Superfícies;castanhas;9944725121200;24/07/2022
BR-04619;Nuarix Mustard Sauce;Nuarix;250 mL;1.76;Alimentos > Condimentos;glúten,leite,crustáceos,gergelim;1943058471639;10/02/2021
BR-04620;Toreva Daily Moisturiser;Toreva;75 mL;5.29;Cuidados Pessoais > Rosto > Hidratação;ovos,trigo,amendoim;0360127827097;25/02/2019
BR-04621;Vanta Glass Cleaner;Vanta;100 mL;7.05;Casa > Limpeza > Superfícies;;2635688795528;22/01/2019
04622;Cladis Moisturising Body Wash;Cladis;100 mL;2.65;Cuidados Pessoais > Banho;glúten,peixe,crustáceos;0832387825088;02/03/2020
BR-04623;Vanta Mustard Sauce;Vanta;50 mL;2.65;Alimentos > Condimentos;leite,amendoim,crustáceos;6400381606039;03/08/2019
BR-04624;Kaleo Antibacterial Hand Wash;Kaleo;200 mL;7.05;Cuidados Pessoais > Sabonete Líquido;soja;7495688968279;15/07/2020
BR-04625;Vanta Intensive Moisturiser;Vanta;400 mL;3.53;Cuidados Pessoais > Rosto > Hidratação;leite,soja;5999798968621;31/08/2018
BR-04626;Luminos Sport Deodorant;Luminos;300 mL;14.11;Cuidados Pessoais > Desodorante;gergelim;2360835233911;17/10/2023
BR-04627;Gleam Moisturising Hand Wash;Gleam;1000 mL;14.11;Cuidados Pessoais > Sabonete Líquido;leite,trigo,crustáceos;4892823131971;24/01/2019
BR-04628;Oralix Leave-In Conditioner;Oralix;300 mL;8.82;Cuidados Pessoais > Cabelo > Condicionador;soja,glúten;5174964684677;05/03/2019
BR-04629;Elaris Oat Protein Bar;Elaris;400 mL;2.65;Alimentos > Petiscos;soja,castanhas;1617240539475;19/01/2023
BR-04630;Purevex Leave-In Conditioner;Purevex;150 mL;5.29;Cuidados Pessoais > Cabelo > Condicionador;peixe;1434564867110;26/10/2021
BR-04631;Vivara Hydrating Face Wash;Vivara;400 mL;5.29;Cuidados Pessoais > Rosto > Limpeza;;3341604629073;18/05/2018
BR-04632;Vanta Rinse Aid;Vanta;75 mL;7.05;Casa > Limpeza > Louças;crustáceos;5526354057019;14/10/2020
BR-04633;Nexpur Moisturising Hand Wash;Nexpur;200 mL;5.29;Cuidados Pessoais > Sabonete Líquido;amendoim,castanhas,crustáceos,leite;5966991498255;24/08/2018
BR-04634;Helix Intensive Moisturiser;Helix;300 mL;2.65;Cuidados Pessoais > Rosto > Hidratação;ovos,soja,trigo;7147118563065;24/07/2018
BR-04635;Gleam Foaming Hand Wash;Gleam;75 mL;5.29;Cuidados Pessoais > Sabonete Líquido;;2129887466834;14/08/2021
BR-04636;Helix Repair Shampoo;Helix;100 mL;5.29;Cuidados Pessoais > Cabelo > Shampoo;peixe,ovos;1926339309067;23/11/2021
BR-04637;Brightway Laundry Powder;Brightway;500 mL;5.29;Casa > Lavanderia;;0946348186955;24/07/2021
BR-04638;Helix Heavy Duty Dish Soap;Helix;300 mL;17.64;Casa > Limpeza > Louças;ovos,amendoim,leite,castanhas;8899212030828;26/02/2023
BR-04639;Serafix Exfoliating Face Scrub;Serafix;1000 mL;10.58;Cuidados Pessoais > Rosto > Limpeza;peixe,crustáceos;5696542095823;30/10/2019
BR-04640;Zephyr Bathroom Cleaner;Zephyr;1000 mL;7.05;Casa > Limpeza > Superfícies;peixe,castanhas;6701629988581;31/05/2021
04641;Cladis Dish Liquid;Cladis;250 mL;17.64;Casa > Limpeza > Louças;glúten,ovos;4416860525731;29/01/2021
BR-04642;Tolvex Eco Dish Liquid;Tolvex;500 mL;8.82;Casa > Limpeza > Louças;;3083892449000;26/09/2018
BR-04643;Nexpur Sport Deodorant;Nexpur;100 mL;2.65;Cuidados Pessoais > Desodorante;amendoim,soja,trigo,ovos;0748745340103;20/03/2023
BR-04644;Clarity Mustard Sauce;Clarity;1000 mL;1.76;Alimentos > Condimentos;castanhas;7359728046672;22/04/2021
BR-04645;Aevum Fragrance-Free Hand Wash;Aevum;150 mL;3.53;Cuidados Pessoais > Sabonete Líquido;ovos,peixe;4998742701896;20/03/2023
BR-04646;Plexum Mixed Nuts Blend;Plexum;750 mL;17.64;Alimentos > Petiscos;gergelim,crustáceos;9806665524889;16/01/2022
BR-04647;Cristalix Gentle Face Wash;Cristalix;200 mL;10.58;Cuidados Pessoais > Rosto > Limpeza;peixe,crustáceos,soja,leite;4000953656732;04/08/2023
BR-04648;Kaleo Smooth & Shine Conditioner;Kaleo;300 mL;17.64;Cuidados Pessoais > Cabelo > Condicionador;peixe,ovos,trigo;8844142533604;26/11/2019
BR-04649;Aevum Laundry Capsules;Aevum;50 mL;17.64;Casa > Lavanderia;peixe,castanhas,gergelim,amendoim;7873594463420;17/08/2023
BR-04650;Plexum Mustard Sauce;Plexum;250 mL;14.11;Alimentos > Condimentos;peixe,trigo;0665273596553;26/09/2019
BR-04651;Primus Stain Remover;Primus;50 mL;1.76;Casa > Lavanderia;;7696667156308;02/12/2022
BR-04652;Clarity Granola Bar;Clarity;100 mL;8.82;Alimentos > Petiscos;glúten,crustáceos,gergelim;6680002731375;19/07/2019
BR-04653;Purevex Fragrance-Free Hand Wash;Purevex;100 mL;8.82;Cuidados Pessoais > Sabonete Líquido;gergelim,castanhas;7992523402115;05/09/2018
BR-04654;Aurova Fragrance-Free Hand Wash;Aurova;300 mL;14.11;Cuidados Pessoais > Sabonete Líquido;glúten,amendoim,gergelim;7749205031824;31/05/2023
04655;Frosten Exfoliating Face Scrub;Frosten;1000 mL;3.53;Cuidados Pessoais > Rosto > Limpeza;;9167710866942;10/01/2023
BR-04656;Luxara Dishwasher Tablets;Luxara;50 mL;3.53;Casa > Limpeza > Louças;soja,trigo,crustáceos,peixe;8178952786906;12/03/2020
04657;Frostine Moisturising Body Wash;Frostine;250 mL;2.65;Cuidados Pessoais > Banho;glúten;7991671613701;24/02/2019
BR-04658;Solven Liquid Laundry Detergent;Solven;50 mL;14.11;Casa > Lavanderia;castanhas;5278451271057;14/06/2020
BR-04659;Nuarix Vinegar Dressing;Nuarix;500 mL;5.29;Alimentos > Condimentos;;7789415679782;31/03/2018
BR-04660;XXX-Luxara Laundry Capsules;Luxara;200 mL;14.11;Casa > Lavanderia;trigo,castanhas,peixe;7233461789174;07/05/2023
BR-04661;Solvix Hydrating Shampoo;Solvix;1000 mL;3.53;Cuidados Pessoais > Cabelo > Shampoo;;3786411894748;13/04/2023
BR-04662;Clarity Repair Shampoo;Clarity;750 mL;5.29;Cuidados Pessoais > Cabelo > Shampoo;gergelim,peixe,amendoim,crustáceos;7863824698715;11/08/2022
BR-04663;Krisol Fabric Softener;Krisol;250 mL;2.65;Casa > Lavanderia;ovos;2773152815904;15/02/2021
BR-04664;Teraxis Exfoliating Face Scrub;Teraxis;75 mL;3.53;Cuidados Pessoais > Rosto > Limpeza;ovos,castanhas,glúten,gergelim;6394512858919;04/03/2020
BR-04665;Aevum Sensitive Skin Body Wash;Aevum;500 mL;2.65;Cuidados Pessoais > Banho;glúten,ovos,gergelim;5987248343067;11/04/2023
BR-04666;TEST-Cladis Daily Moisturiser;Cladis;400 mL;2.65;Cuidados Pessoais > Rosto > Hidratação;soja;9889139979682;19/12/2023
BR-04667;Lumeva Disinfectant Spray;Lumeva;750 mL;14.11;Casa > Limpeza > Superfícies;amendoim;3724367523565;17/09/2020
BR-04668;Luminos Multi-Surface Spray;Luminos;1000 mL;17.64;Casa > Limpeza > Superfícies;crustáceos,soja,gergelim,peixe;5613085247199;13/03/2022
BR-04669;Aurova Brightening Face Wash;Aurova;50 mL;14.11;Cuidados Pessoais > Rosto > Limpeza;trigo,ovos,crustáceos;1634578483997;16/04/2023
BR-04670;Aurova Daily Moisturiser;Aurova;250 mL;5.29;Cuidados Pessoais > Rosto > Hidratação;;2346929783708;20/10/2018
BR-04671;Solaris Repair Conditioner;Solaris;75 mL;1.76;Cuidados Pessoais > Cabelo > Condicionador;;0383331129795;01/04/2023
BR-04672;Verdant Mustard Sauce;Verdant;250 mL;3.53;Alimentos > Condimentos;peixe,glúten,gergelim;2428237663788;17/10/2020
BR-04673;Vanta Volumising Shampoo;Vanta;300 mL;10.58;Cuidados Pessoais > Cabelo > Shampoo;ovos,trigo,soja;7868943383641;29/12/2021
BR-04674;Nuarix Mustard Sauce;Nuarix;500 mL;3.53;Alimentos > Condimentos;soja,castanhas,amendoim;8166149871085;29/10/2019
BR-04675;Sovara Oat Protein Bar;Sovara;500 mL;3.53;Alimentos > Petiscos;trigo,amendoim,castanhas,gergelim;0947215563251;29/08/2019
BR-04676;Hevara Whitening Deodorant;Hevara;1000 mL;17.64;Cuidados Pessoais > Desodorante;castanhas,gergelim,trigo,leite;2402381404909;22/03/2023
BR-04677;Plexum Gentle Face Wash;Plexum;150 mL;2.65;Cuidados Pessoais > Rosto > Limpeza;glúten;6809634893651;12/04/2021
04678;Velaris Sport Deodorant;Velaris;50 mL;2.65;Cuidados Pessoais > Desodorante;trigo,crustáceos,castanhas;3987457364145;23/07/2019
BR-04679;Elaris Laundry Capsules;Elaris;1000 mL;1.76;Casa > Lavanderia;;8101290021071;04/09/2022
BR-04680;Motivo Mayonnaise;Motivo;300 mL;1.76;Alimentos > Condimentos;leite;5109328212524;25/11/2021
BR-04681;Tolvex 48hr Spray Deodorant;Tolvex;50 mL;3.53;Cuidados Pessoais > Desodorante;gergelim,ovos,soja,trigo;2833882855783;18/09/2022
BR-04682;Motivo Disinfectant Spray;Motivo;150 mL;1.76;Casa > Limpeza > Superfícies;soja;5988600000468;15/10/2023
BR-04683;Brightway Brightening Face Wash;Brightway;200 mL;2.65;Cuidados Pessoais > Rosto > Limpeza;leite,crustáceos;6523357019166;03/08/2021
BR-04684;Tresol Sensitive Skin Body Wash;Tresol;750 mL;17.64;Cuidados Pessoais > Banho;;6515270127400;14/04/2019
BR-04685;Arovia Smooth & Shine Conditioner;Arovia;300 mL;14.11;Cuidados Pessoais > Cabelo > Condicionador;amendoim,trigo,glúten;9547671922473;11/09/2019
BR-04686;Glicen Deep Conditioner;Glicen;1000 mL;5.29;Cuidados Pessoais > Cabelo > Condicionador;crustáceos,glúten;8807612927068;15/03/2022
BR-04687;Cladis Exfoliating Face Scrub;Cladis;75 mL;3.53;Cuidados Pessoais > Rosto > Limpeza;;1237928148029;04/11/2019
BR-04688;Serafix Eco Dish Liquid;Serafix;250 mL;17.64;Casa > Limpeza > Louças;amendoim,crustáceos,glúten;4124043842888;18/08/2020
BR-04689;Tolvex Brightening Face Wash;Tolvex;1000 mL;2.65;Cuidados Pessoais > Rosto > Limpeza;;5827024528595;18/12/2019
BR-04690;Elaris Brightening Face Wash;Elaris;300 mL;5.29;Cuidados Pessoais > Rosto > Limpeza;trigo;1119470117237;14/04/2022
BR-04691;Hevara Gentle Face Wash;Hevara;750 mL;1.76;Cuidados Pessoais > Rosto > Limpeza;;0762378556717;02/12/2019
BR-04692;Purevex Gentle Face Wash;Purevex;300 mL;14.11;Cuidados Pessoais > Rosto > Limpeza;soja,leite;2120663267393;04/03/2022
BR-04693;Elaris Stain Remover;Elaris;500 mL;5.29;Casa > Lavanderia;gergelim;6464126630598;15/08/2022
BR-04694;Arovia Laundry Powder;Arovia;100 mL;17.64;Casa > Lavanderia;soja;3177736493356;30/11/2020
BR-04695;Helix Aloe Hand Wash;Helix;400 mL;8.82;Cuidados Pessoais > Sabonete Líquido;crustáceos,castanhas;8780668660960;20/12/2021
BR-04696;Vivara Deep Clean Body Wash;Vivara;300 mL;10.58;Cuidados Pessoais > Banho;gergelim;6233884101790;26/11/2021
BR-04697;Nuarix Liquid Laundry Detergent;Nuarix;200 mL;8.82;Casa > Lavanderia;peixe,leite,soja;5623802555780;20/12/2018
BR-04698;Elaris Disinfectant Spray;Elaris;300 mL;5.29;Casa > Limpeza > Superfícies;glúten;5146747023751;05/07/2022
BR-04699;Lumeva Tomato Ketchup;Lumeva;50 mL;7.05;Alimentos > Condimentos;amendoim;4624167497488;04/01/2022
BR-04700;Clarity Laundry Powder;Clarity;300 mL;1.76;Casa > Lavanderia;gergelim,soja;1821181485061;05/03/2019
BR-04701;Frosten Laundry Capsules;Frosten;750 mL;10.58;Casa > Lavanderia;amendoim;4060882479222;05/11/2019
BR-04702;Novix Heavy Duty Dish Soap;Novix;150 mL;1.76;Casa > Limpeza > Louças;glúten,ovos,crustáceos,amendoim;2293989085535;26/10/2019
BR-04703;Solvix Glass Cleaner;Solvix;400 mL;14.11;Casa > Limpeza > Superfícies;;5503718196249;21/04/2023
BR-04704;Solvix Foaming Hand Wash;Solvix;250 mL;1.76;Cuidados Pessoais > Sabonete Líquido;soja,amendoim;9757445101595;26/10/2020
BR-04705;Zenpur Sport Deodorant;Zenpur;200 mL;8.82;Cuidados Pessoais > Desodorante;trigo,soja,glúten;1791401864351;07/04/2023
BR-04706;Purevex Repair Shampoo;Purevex;400 mL;1.76;Cuidados Pessoais > Cabelo > Shampoo;glúten;7272029455465;08/04/2023
BR-04707;Helix Volumising Conditioner;Helix;200 mL;3.53;Cuidados Pessoais > Cabelo > Condicionador;amendoim,gergelim;3941757230890;01/06/2022
BR-04708;Gleam Volumising Shampoo;Gleam;300 mL;7.05;Cuidados Pessoais > Cabelo > Shampoo;peixe,castanhas;5173723423823;08/04/2020
BR-04709;Brightway Stain Remover;Brightway;250 mL;10.58;Casa > Lavanderia;gergelim,amendoim;6637682874250;20/02/2021
BR-04710;Cristalix Exfoliating Face Scrub;Cristalix;250 mL;2.65;Cuidados Pessoais > Rosto > Limpeza;ovos,castanhas,leite,amendoim;4994766273876;20/06/2019
BR-04711;TEST-Novix Lightweight Lotion;Novix;300 mL;5.29;Cuidados Pessoais > Rosto > Hidratação;glúten,trigo;2169337536144;13/04/2020
BR-04712;Aevum Volumising Conditioner;Aevum;750 mL;8.82;Cuidados Pessoais > Cabelo > Condicionador;crustáceos;6882409194122;30/10/2019
BR-04713;Tolvex Rinse Aid;Tolvex;200 mL;14.11;Casa > Limpeza > Louças;;3489931926493;08/11/2019
BR-04714;Primus Stain Remover;Primus;100 mL;2.65;Casa > Lavanderia;amendoim,glúten,gergelim;5986739211212;22/05/2022
BR-04715;Cryston Colour Protect Shampoo;Cryston;100 mL;1.76;Cuidados Pessoais > Cabelo > Shampoo;;1029271822905;01/06/2021
BR-04716;Tolvex Intensive Moisturiser;Tolvex;400 mL;8.82;Cuidados Pessoais > Rosto > Hidratação;;7504612247141;29/11/2018
BR-04717;Solaris Repair Shampoo;Solaris;150 mL;10.58;Cuidados Pessoais > Cabelo > Shampoo;castanhas,leite;6761461177697;01/04/2022
BR-04718;Lumeva Dishwasher Tablets;Lumeva;75 mL;2.65;Casa > Limpeza > Louças;;9898397395271;10/06/2020
BR-04719;Velaris Rice Cakes;Velaris;200 mL;2.65;Alimentos > Petiscos;leite;4504744243830;17/12/2022
BR-04720;Zephyr Hydrating Face Wash;Zephyr;50 mL;14.11;Cuidados Pessoais > Rosto > Limpeza;;3659106183550;29/11/2020
BR-04721;Frosten Heavy Duty Dish Soap;Frosten;200 mL;7.05;Casa > Limpeza > Louças;ovos,leite,crustáceos;9235955107257;09/11/2020
BR-04722;Cryston Mustard Sauce;Cryston;50 mL;3.53;Alimentos > Condimentos;gergelim,trigo,glúten;1476228989929;24/02/2021
BR-04723;Zephyr Smooth & Shine Conditioner;Zephyr;150 mL;2.65;Cuidados Pessoais > Cabelo > Condicionador;;8461759265997;07/06/2020
BR-04724;Teraxis Laundry Capsules;Teraxis;500 mL;17.64;Casa > Lavanderia;castanhas,gergelim,trigo,amendoim;1889667271850;12/04/2018
04725;Hevara Vinegar Dressing;Hevara;75 mL;7.05;Alimentos > Condimentos;soja,castanhas,leite;8057916339283;07/11/2019
BR-04726;Helix Eco Dish Liquid;Helix;75 mL;17.64;Casa > Limpeza > Louças;trigo,amendoim,soja;8011803865033;28/05/2018
BR-04727;Cladis Foaming Hand Wash;Cladis;1000 mL;8.82;Cuidados Pessoais > Sabonete Líquido;crustáceos,castanhas;1842381490068;15/07/2022
04728;Krisol Moisturising Hand Wash;Krisol;100 mL;3.53;Cuidados Pessoais > Sabonete Líquido;gergelim,ovos;6022377994502;26/01/2022
BR-04729;Zenpur Lightweight Lotion;Zenpur;100 mL;3.53;Cuidados Pessoais > Rosto > Hidratação;amendoim;9867942205853;22/11/2019
BR-04730;Arovia Glass Cleaner;Arovia;250 mL;2.65;Casa > Limpeza > Superfícies;ovos,crustáceos,amendoim;9373297291408;16/01/2020
BR-04731;Sovara Mayonnaise;Sovara;500 mL;1.76;Alimentos > Condimentos;ovos,amendoim,peixe,castanhas;3550666540794;19/04/2019
BR-04732;Luminos Exfoliating Face Scrub;Luminos;250 mL;14.11;Cuidados Pessoais > Rosto > Limpeza;;1327235662575;19/05/2020
BR-04733;Krisol Deep Conditioner;Krisol;300 mL;17.64;Cuidados Pessoais > Cabelo > Condicionador;amendoim,castanhas;6552013320575;13/04/2020
BR-04734;Nuarix Multi-Surface Spray;Nuarix;750 mL;7.05;Casa > Limpeza > Superfícies;;2071277719108;07/02/2019
BR-04735;Gleam Fragrance-Free Hand Wash;Gleam;300 mL;1.76;Cuidados Pessoais > Sabonete Líquido;trigo,gergelim,glúten,peixe;1927265755294;20/10/2020
BR-04736;Solaris Mayonnaise;Solaris;300 mL;14.11;Alimentos > Condimentos;soja;0229308485115;26/11/2018
BR-04737;Alteva Antibacterial Hand Wash;Alteva;500 mL;10.58;Cuidados Pessoais > Sabonete Líquido;ovos;6494202781838;07/02/2020
BR-04738;XXX-Frostine 48hr Spray Deodorant;Frostine;200 mL;17.64;Cuidados Pessoais > Desodorante;soja,ovos;7268215567197;30/06/2019
BR-04739;Kaleo Moisturising Body Wash;Kaleo;200 mL;17.64;Cuidados Pessoais > Banho;;7154439618909;27/06/2023
BR-04740;Serafix Oat Protein Bar;Serafix;75 mL;8.82;Alimentos > Petiscos;soja;4993726995193;12/05/2019
BR-04741;Zephyr Oil Control Face Wash;Zephyr;250 mL;17.64;Cuidados Pessoais > Rosto > Limpeza;soja,crustáceos;4858048276422;11/03/2020
BR-04742;Purelix Mayonnaise;Purelix;750 mL;5.29;Alimentos > Condimentos;leite,ovos,amendoim,castanhas;7200809125734;29/07/2023
BR-04743;Nexpur Vinegar Dressing;Nexpur;75 mL;1.76;Alimentos > Condimentos;peixe,crustáceos;3380665256705;05/11/2021
BR-04744;Serafix Granola Bar;Serafix;200 mL;5.29;Alimentos > Petiscos;soja,castanhas;6502671534555;23/05/2023
BR-04745;Zephyr Granola Bar;Zephyr;200 mL;7.05;Alimentos > Petiscos;glúten,trigo,crustáceos,leite;1083790879802;12/12/2020
BR-04746;Purelix Colour Protect Shampoo;Purelix;250 mL;10.58;Cuidados Pessoais > Cabelo > Shampoo;soja,gergelim,castanhas;6488001253900;01/11/2021
BR-04747;Glova Oil Control Face Wash;Glova;250 mL;10.58;Cuidados Pessoais > Rosto > Limpeza;peixe;0402451719492;30/01/2021
BR-04748;Primus 48hr Spray Deodorant;Primus;150 mL;2.65;Cuidados Pessoais > Desodorante;;8960105282270;15/08/2021
BR-04749;DUMMY-Clarity Brightening Face Wash;Clarity;250 mL;17.64;Cuidados Pessoais > Rosto > Limpeza;castanhas,peixe,crustáceos;4436322503244;13/06/2022
BR-04750;Primus Glass Cleaner;Primus;75 mL;14.11;Casa > Limpeza > Superfícies;trigo;2657114187349;20/07/2023
BR-04751;XXX-Primus Glass Cleaner;Primus;200 mL;3.53;Casa > Limpeza > Superfícies;castanhas,crustáceos,amendoim;3620171114237;23/08/2018
BR-04752;Purevex Oat Protein Bar;Purevex;500 mL;5.29;Alimentos > Petiscos;trigo,peixe,leite;3463178902366;03/07/2023
BR-04753;Sovara Hydrating Face Wash;Sovara;150 mL;10.58;Cuidados Pessoais > Rosto > Limpeza;glúten,peixe,ovos,castanhas;7870017453884;23/09/2020
BR-04754;Helix Leave-In Conditioner;Helix;750 mL;14.11;Cuidados Pessoais > Cabelo > Condicionador;leite,trigo;8231643035902;16/11/2018
BR-04755;Primus Liquid Laundry Detergent;Primus;75 mL;1.76;Casa > Lavanderia;ovos;0502538120446;04/09/2022
BR-04756;Orinum Vinegar Dressing;Orinum;750 mL;8.82;Alimentos > Condimentos;glúten,soja;6654552180853;21/10/2021
BR-04757;Alteva SPF Moisturiser;Alteva;300 mL;5.29;Cuidados Pessoais > Rosto > Hidratação;gergelim,crustáceos;1832950608109;15/08/2023
BR-04758;Kaleo SPF Moisturiser;Kaleo;400 mL;10.58;Cuidados Pessoais > Rosto > Hidratação;;9880242743412;24/11/2023
BR-04759;Nuvelo Night Cream;Nuvelo;150 mL;8.82;Cuidados Pessoais > Rosto > Hidratação;;4814853968310;06/02/2022
BR-04760;Nuvelo Dishwasher Tablets;Nuvelo;750 mL;5.29;Casa > Limpeza > Louças;crustáceos,soja;7257730638550;12/04/2022
BR-04761;Vanta Colour Protect Shampoo;Vanta;500 mL;1.76;Cuidados Pessoais > Cabelo > Shampoo;soja,amendoim,trigo;5879772625767;29/09/2019
BR-04762;Solaris Smooth & Shine Conditioner;Solaris;500 mL;3.53;Cuidados Pessoais > Cabelo > Condicionador;gergelim,ovos;8245537242000;04/11/2019
BR-04763;Aevum Vinegar Dressing;Aevum;300 mL;8.82;Alimentos > Condimentos;gergelim;0707718815857;05/11/2019
BR-04764;Frosten Volumising Conditioner;Frosten;150 mL;8.82;Cuidados Pessoais > Cabelo > Condicionador;trigo,castanhas,gergelim;9165434967099;04/07/2023
BR-04765;Aevum Hydrating Face Wash;Aevum;150 mL;2.65;Cuidados Pessoais > Rosto > Limpeza;;2811018013801;22/01/2022
BR-04766;Zephyr Mayonnaise;Zephyr;300 mL;5.29;Alimentos > Condimentos;crustáceos,trigo;4344048902176;29/12/2022
BR-04767;Cryston Deep Conditioner;Cryston;200 mL;7.05;Cuidados Pessoais > Cabelo > Condicionador;trigo,glúten,crustáceos;6439117228375;28/08/2021
BR-04768;Novix Colour Protect Shampoo;Novix;100 mL;17.64;Cuidados Pessoais > Cabelo > Shampoo;leite,amendoim,castanhas;9593897872610;08/11/2022
BR-04769;Tolvex Heavy Duty Dish Soap;Tolvex;75 mL;10.58;Casa > Limpeza > Louças;crustáceos,glúten,castanhas,trigo;1184762974942;10/01/2023
BR-04770;Helix Oat Protein Bar;Helix;300 mL;2.65;Alimentos > Petiscos;ovos,leite,trigo;7630901573049;08/01/2022
BR-04771;Helix Leave-In Conditioner;Helix;750 mL;2.65;Cuidados Pessoais > Cabelo > Condicionador;amendoim;3757467665422;08/09/2018
04772;Cladis Eco Dish Liquid;Cladis;300 mL;10.58;Casa > Limpeza > Louças;castanhas,leite;7073181442108;14/10/2019
BR-04773;Frosten Tomato Ketchup;Frosten;50 mL;2.65;Alimentos > Condimentos;crustáceos,amendoim,gergelim;3619353858243;22/02/2018
BR-04774;Qualis Aloe Hand Wash;Qualis;500 mL;17.64;Cuidados Pessoais > Sabonete Líquido;soja,gergelim,ovos,castanhas;3524624702173;12/01/2023
BR-04775;Qualis Refreshing Shower Gel;Qualis;150 mL;17.64;Cuidados Pessoais > Banho;peixe;9779109922087;04/06/2022
BR-04776;Primus Rinse Aid;Primus;100 mL;8.82;Casa > Limpeza > Louças;;7491455925346;03/09/2022
BR-04777;Novix Nourishing Body Cleanser;Novix;1000 mL;2.65;Cuidados Pessoais > Banho;trigo,gergelim,crustáceos,castanhas;9523613775345;20/01/2020
BR-04778;Lumeva SPF Moisturiser;Lumeva;75 mL;3.53;Cuidados Pessoais > Rosto > Hidratação;soja,peixe;8586433114597;13/06/2020
BR-04779;Hevara Dishwasher Tablets;Hevara;1000 mL;1.76;Casa > Limpeza > Louças;crustáceos,leite,soja;9540635160980;27/06/2021
BR-04780;Teraxis Salted Crackers;Teraxis;200 mL;8.82;Alimentos > Petiscos;gergelim,soja;0386065512819;23/06/2019
BR-04781;TEST-Nuvelo Colour Protect Shampoo;Nuvelo;50 mL;14.11;Cuidados Pessoais > Cabelo > Shampoo;peixe,crustáceos,soja;9049078243361;27/05/2019
BR-04782;Tolvex Antibacterial Hand Wash;Tolvex;300 mL;5.29;Cuidados Pessoais > Sabonete Líquido;;2583668240639;23/10/2023
BR-04783;Elaris Mayonnaise;Elaris;300 mL;10.58;Alimentos > Condimentos;;1749538767984;22/01/2023
BR-04784;Frostine Hot Chilli Sauce;Frostine;200 mL;5.29;Alimentos > Condimentos;ovos;2547560800797;08/07/2020
BR-04785;Cladis Hot Chilli Sauce;Cladis;100 mL;3.53;Alimentos > Condimentos;ovos,amendoim;1981025078535;05/12/2022
BR-04786;Toreva Oil Control Face Wash;Toreva;50 mL;3.53;Cuidados Pessoais > Rosto > Limpeza;;6723827814691;08/05/2022
BR-04787;Velaris Glass Cleaner;Velaris;75 mL;7.05;Casa > Limpeza > Superfícies;gergelim,soja,peixe,trigo;8878873812943;19/03/2022
BR-04788;Purelix Sensitive Deodorant;Purelix;1000 mL;1.76;Cuidados Pessoais > Desodorante;amendoim;9124690259683;25/12/2018
BR-04789;Frostine Foaming Hand Wash;Frostine;50 mL;2.65;Cuidados Pessoais > Sabonete Líquido;amendoim,gergelim,leite;9013028783320;09/09/2018
BR-04790;Hevara Foaming Hand Wash;Hevara;75 mL;7.05;Cuidados Pessoais > Sabonete Líquido;crustáceos,leite,soja;1286913214751;11/11/2019
BR-04791;Nuarix 48hr Spray Deodorant;Nuarix;500 mL;7.05;Cuidados Pessoais > Desodorante;gergelim;6322217050758;03/03/2023
BR-04792;Zephyr Oat Protein Bar;Zephyr;200 mL;14.11;Alimentos > Petiscos;glúten,amendoim,ovos,crustáceos;6428879705323;20/09/2022
BR-04793;Purelix Laundry Capsules;Purelix;400 mL;1.76;Casa > Lavanderia;;6861814762225;21/12/2018
BR-04794;Solvix Intensive Moisturiser;Solvix;75 mL;2.65;Cuidados Pessoais > Rosto > Hidratação;castanhas,trigo,peixe,crustáceos;6533067739544;17/11/2020
BR-04795;Zenpur Bathroom Cleaner;Zenpur;300 mL;17.64;Casa > Limpeza > Superfícies;castanhas;4277185516879;17/06/2023
BR-04796;Purevex Moisturising Body Wash;Purevex;500 mL;7.05;Cuidados Pessoais > Banho;amendoim,castanhas,peixe,trigo;8035676115644;16/08/2018
BR-04797;Solaris Whitening Deodorant;Solaris;150 mL;7.05;Cuidados Pessoais > Desodorante;trigo;2538618173147;19/07/2020
BR-04798;Arovia Sensitive Skin Body Wash;Arovia;50 mL;3.53;Cuidados Pessoais > Banho;;6818369124893;01/03/2023
BR-04799;Krisol Volumising Shampoo;Krisol;400 mL;5.29;Cuidados Pessoais > Cabelo > Shampoo;gergelim,crustáceos,trigo,glúten;0024324050497;20/12/2018
BR-04800;Novix Volumising Shampoo;Novix;50 mL;17.64;Cuidados Pessoais > Cabelo > Shampoo;;8137972417429;15/06/2019
BR-04801;Toreva Hot Chilli Sauce;Toreva;200 mL;17.64;Alimentos > Condimentos;castanhas,ovos,leite,crustáceos;0211334078140;05/01/2020
BR-04802;Cristalix Foaming Hand Wash;Cristalix;100 mL;14.11;Cuidados Pessoais > Sabonete Líquido;glúten,soja;4875535597877;20/11/2022
BR-04803;Cristalix Oil Control Face Wash;Cristalix;500 mL;10.58;Cuidados Pessoais > Rosto > Limpeza;amendoim,trigo,crustáceos;4224417539670;26/03/2023
BR-04804;Purelix 48hr Spray Deodorant;Purelix;100 mL;2.65;Cuidados Pessoais > Desodorante;;2735810790244;08/06/2023
BR-04805;Velaris Sensitive Deodorant;Velaris;1000 mL;1.76;Cuidados Pessoais > Desodorante;crustáceos,leite,trigo;1474550148236;31/01/2021
BR-04806;Krisol Hot Chilli Sauce;Krisol;750 mL;5.29;Alimentos > Condimentos;soja;8457543170677;18/03/2020
BR-04807;Sovara Foaming Hand Wash;Sovara;50 mL;10.58;Cuidados Pessoais > Sabonete Líquido;peixe,gergelim,crustáceos,amendoim;9286308253909;18/03/2018
BR-04808;Plexum Sport Deodorant;Plexum;75 mL;10.58;Cuidados Pessoais > Desodorante;leite,amendoim,glúten;4922240666067;01/11/2020
BR-04809;Verdant Deep Clean Body Wash;Verdant;300 mL;3.53;Cuidados Pessoais > Banho;gergelim,glúten,peixe;6380033137589;16/02/2023
BR-04810;Cryston Liquid Laundry Detergent;Cryston;400 mL;10.58;Casa > Lavanderia;crustáceos,castanhas,soja;1312978552962;19/12/2020
BR-04811;Gleam Stain Remover;Gleam;150 mL;17.64;Casa > Lavanderia;peixe,ovos,gergelim,crustáceos;9554340541620;21/08/2021
BR-04812;Oralix Whitening Deodorant;Oralix;500 mL;2.65;Cuidados Pessoais > Desodorante;gergelim,peixe,crustáceos;7288736051104;01/04/2020
BR-04813;Zenpur 48hr Spray Deodorant;Zenpur;500 mL;5.29;Cuidados Pessoais > Desodorante;glúten,castanhas,trigo,crustáceos;8000963180094;18/12/2023
BR-04814;Cristalix Rice Cakes;Cristalix;150 mL;2.65;Alimentos > Petiscos;peixe,castanhas,soja;7350103800612;04/10/2021
BR-04815;Serafix Laundry Capsules;Serafix;50 mL;2.65;Casa > Lavanderia;trigo,amendoim,gergelim,peixe;1892348222478;10/12/2018
BR-04816;Nuarix Sport Deodorant;Nuarix;75 mL;8.82;Cuidados Pessoais > Desodorante;;5285489598711;31/12/2018
BR-04817;Teraxis Heavy Duty Dish Soap;Teraxis;750 mL;1.76;Casa > Limpeza > Louças;ovos;3868611839498;09/08/2023
BR-04818;Tolvex 48hr Spray Deodorant;Tolvex;400 mL;2.65;Cuidados Pessoais > Desodorante;glúten;0424082746197;07/12/2023
BR-04819;Frostine Repair Shampoo;Frostine;200 mL;5.29;Cuidados Pessoais > Cabelo > Shampoo;soja;3090090629912;15/07/2020
BR-04820;Verdant Dish Liquid;Verdant;75 mL;1.76;Casa > Limpeza > Louças;leite,peixe;3314767300912;21/07/2022
BR-04821;Purevex Intensive Moisturiser;Purevex;750 mL;2.65;Cuidados Pessoais > Rosto > Hidratação;gergelim,castanhas;3089674631946;07/11/2021
BR-04822;Glicen Leave-In Conditioner;Glicen;300 mL;3.53;Cuidados Pessoais > Cabelo > Condicionador;;9036165438441;08/05/2019
BR-04823;Sovara Mayonnaise;Sovara;150 mL;3.53;Alimentos > Condimentos;trigo,soja,crustáceos;6345962635353;29/05/2019
BR-04824;Cryston Mixed Nuts Blend;Cryston;400 mL;7.05;Alimentos > Petiscos;leite,crustáceos,peixe,soja;6096545925445;14/10/2021
BR-04825;Orinum Salted Crackers;Orinum;300 mL;7.05;Alimentos > Petiscos;glúten,soja,leite,peixe;9327384887616;27/01/2018
BR-04826;Lumeva Nourishing Body Cleanser;Lumeva;200 mL;17.64;Cuidados Pessoais > Banho;crustáceos;0690871319723;20/09/2023
BR-04827;Oralix Whitening Deodorant;Oralix;100 mL;1.76;Cuidados Pessoais > Desodorante;trigo,leite,peixe,glúten;6028836857869;04/06/2018
BR-04828;TEST-Zenpur Salted Crackers;Zenpur;500 mL;1.76;Alimentos > Petiscos;soja,glúten;9881869675049;12/05/2021
BR-04829;Teraxis Fragrance-Free Hand Wash;Teraxis;150 mL;1.76;Cuidados Pessoais > Sabonete Líquido;crustáceos,trigo,leite;7802827398093;25/09/2023
BR-04830;Qualis Vinegar Dressing;Qualis;150 mL;14.11;Alimentos > Condimentos;amendoim,crustáceos,peixe;9304510583789;25/06/2021
BR-04831;Sovara Eco Dish Liquid;Sovara;50 mL;1.76;Casa > Limpeza > Louças;amendoim,trigo;5188689055070;13/04/2023
BR-04832;Verdant Stain Remover;Verdant;150 mL;8.82;Casa > Lavanderia;;9181498350264;18/12/2021
BR-04833;Velaris Smooth & Shine Conditioner;Velaris;750 mL;1.76;Cuidados Pessoais > Cabelo > Condicionador;gergelim,crustáceos;3077781088135;14/06/2018
BR-04834;Qualis Sensitive Deodorant;Qualis;200 mL;2.65;Cuidados Pessoais > Desodorante;;0316996213929;17/03/2020
BR-04835;Cladis Liquid Laundry Detergent;Cladis;250 mL;2.65;Casa > Lavanderia;trigo,amendoim;3294292840643;16/09/2021
BR-04836;Novix Oil Control Face Wash;Novix;200 mL;8.82;Cuidados Pessoais > Rosto > Limpeza;amendoim;7994197357180;09/01/2020
BR-04837;Aurova Fabric Softener;Aurova;150 mL;3.53;Casa > Lavanderia;ovos;9512154878974;22/06/2018
BR-04838;Frostine Laundry Capsules;Frostine;300 mL;14.11;Casa > Lavanderia;leite,glúten;6143563108234;18/01/2020
BR-04839;Glova Tomato Ketchup;Glova;75 mL;8.82;Alimentos > Condimentos;;8248611416359;04/10/2021
BR-04840;Primus Sensitive Deodorant;Primus;500 mL;7.05;Cuidados Pessoais > Desodorante;;4574735587854;05/08/2023
BR-04841;Arovia Foaming Hand Wash;Arovia;75 mL;10.58;Cuidados Pessoais > Sabonete Líquido;amendoim;4779873311976;15/11/2021
BR-04842;Cristalix Bathroom Cleaner;Cristalix;50 mL;7.05;Casa > Limpeza > Superfícies;soja,crustáceos;0747131439698;11/09/2019
BR-04843;Clarity Antibacterial Hand Wash;Clarity;1000 mL;3.53;Cuidados Pessoais > Sabonete Líquido;trigo,crustáceos,soja,leite;7504757097410;11/12/2020
BR-04844;Frostine Repair Shampoo;Frostine;250 mL;1.76;Cuidados Pessoais > Cabelo > Shampoo;;1595931857193;23/12/2022
BR-04845;DUMMY-Cladis 24hr Roll-On Deodorant;Cladis;200 mL;7.05;Cuidados Pessoais > Desodorante;gergelim,castanhas,amendoim;4397621089740;25/12/2021
BR-04846;Nexpur Granola Bar;Nexpur;50 mL;17.64;Alimentos > Petiscos;gergelim,ovos;3951904771862;29/04/2023
BR-04847;Alteva Gentle Face Wash;Alteva;250 mL;10.58;Cuidados Pessoais > Rosto > Limpeza;leite,peixe,amendoim,crustáceos;2392415134011;11/03/2023
BR-04848;Polvera Lightweight Lotion;Polvera;1000 mL;14.11;Cuidados Pessoais > Rosto > Hidratação;;3641254189508;11/11/2023
BR-04849;Nuvelo Repair Shampoo;Nuvelo;500 mL;14.11;Cuidados Pessoais > Cabelo > Shampoo;glúten,ovos,soja;5179385252740;30/01/2023
BR-04850;Krisol Nourishing Body Cleanser;Krisol;300 mL;8.82;Cuidados Pessoais > Banho;ovos,crustáceos,soja;7715787293066;19/01/2018
BR-04851;Hevara Stain Remover;Hevara;500 mL;2.65;Casa > Lavanderia;trigo,leite,soja,amendoim;2963553258787;10/11/2023
BR-04852;Tolvex Multi-Surface Spray;Tolvex;100 mL;3.53;Casa > Limpeza > Superfícies;;2446416166943;16/10/2021
BR-04853;Primus Rinse Aid;Primus;150 mL;1.76;Casa > Limpeza > Louças;amendoim,ovos,soja;9914542289742;13/05/2020
BR-04854;Velaris Granola Bar;Velaris;300 mL;3.53;Alimentos > Petiscos;peixe,ovos,gergelim,glúten;7139608389217;17/11/2022
04855;Hevara Moisturising Hand Wash;Hevara;100 mL;7.05;Cuidados Pessoais > Sabonete Líquido;;6567386805611;03/02/2018
BR-04856;Glova Moisturising Hand Wash;Glova;400 mL;8.82;Cuidados Pessoais > Sabonete Líquido;trigo,peixe,glúten;3383312467677;30/07/2023
BR-04857;Orinum Mixed Nuts Blend;Orinum;750 mL;17.64;Alimentos > Petiscos;glúten,leite,gergelim,castanhas;8438485159692;26/02/2019
BR-04858;Nexpur Oil Control Face Wash;Nexpur;1000 mL;2.65;Cuidados Pessoais > Rosto > Limpeza;amendoim;9543299032532;20/09/2022
BR-04859;Nuvelo Anti-Dandruff Shampoo;Nuvelo;150 mL;17.64;Cuidados Pessoais > Cabelo > Shampoo;;5158952778340;10/09/2018
BR-04860;Purelix Intensive Moisturiser;Purelix;250 mL;1.76;Cuidados Pessoais > Rosto > Hidratação;peixe,soja;8282326680865;23/05/2022
BR-04861;Zenpur Gentle Face Wash;Zenpur;100 mL;14.11;Cuidados Pessoais > Rosto > Limpeza;;7767466203569;03/04/2022
BR-04862;Verdant Sensitive Skin Body Wash;Verdant;200 mL;10.58;Cuidados Pessoais > Banho;crustáceos,gergelim,castanhas,peixe;5004796262579;04/12/2023
04863;Purelix Heavy Duty Dish Soap;Purelix;75 mL;10.58;Casa > Limpeza > Louças;trigo,peixe,ovos,amendoim;2810871768217;01/12/2021
BR-04864;Primus Fragrance-Free Hand Wash;Primus;500 mL;10.58;Cuidados Pessoais > Sabonete Líquido;leite,trigo,gergelim,soja;3471411363171;27/12/2022
BR-04865;Motivo Moisturising Hand Wash;Motivo;50 mL;2.65;Cuidados Pessoais > Sabonete Líquido;soja,castanhas,crustáceos,peixe;8417087014509;05/08/2022
BR-04866;Zephyr Whitening Deodorant;Zephyr;200 mL;10.58;Cuidados Pessoais > Desodorante;castanhas,crustáceos,glúten,trigo;5266664155707;13/10/2018
BR-04867;Cryston Dish Liquid;Cryston;750 mL;17.64;Casa > Limpeza > Louças;castanhas,ovos;7438818040094;14/09/2021
BR-04868;Solvix Moisturising Hand Wash;Solvix;1000 mL;7.05;Cuidados Pessoais > Sabonete Líquido;castanhas,soja;2217841516616;24/06/2023
BR-04869;Sovara Whitening Deodorant;Sovara;150 mL;2.65;Cuidados Pessoais > Desodorante;peixe;4396219764038;02/08/2020
BR-04870;Nuarix Volumising Conditioner;Nuarix;100 mL;14.11;Cuidados Pessoais > Cabelo > Condicionador;ovos,amendoim;2145478168963;28/12/2021
BR-04871;Vanta 48hr Spray Deodorant;Vanta;500 mL;10.58;Cuidados Pessoais > Desodorante;leite;7669421700017;12/12/2023
BR-04872;Cryston Rinse Aid;Cryston;250 mL;14.11;Casa > Limpeza > Louças;peixe,trigo,ovos,amendoim;0816360209621;27/09/2022
BR-04873;DUMMY-Oralix Laundry Capsules;Oralix;200 mL;7.05;Casa > Lavanderia;;9997570618517;31/03/2022
BR-04874;XXX-Teraxis Stain Remover;Teraxis;300 mL;3.53;Casa > Lavanderia;;4378815814102;03/02/2020
BR-04875;Brightway Fragrance-Free Hand Wash;Brightway;250 mL;14.11;Cuidados Pessoais > Sabonete Líquido;peixe,leite;7823944804878;17/05/2020
BR-04876;Toreva Daily Moisturiser;Toreva;400 mL;2.65;Cuidados Pessoais > Rosto > Hidratação;glúten,gergelim,castanhas;7539463431524;12/02/2018
BR-04877;Vivara Laundry Powder;Vivara;500 mL;1.76;Casa > Lavanderia;glúten;8251628167275;21/03/2022
BR-04878;DUMMY-Purevex Fragrance-Free Hand Wash;Purevex;50 mL;1.76;Cuidados Pessoais > Sabonete Líquido;;2834492073109;17/09/2023
BR-04879;Luminos Exfoliating Face Scrub;Luminos;500 mL;1.76;Cuidados Pessoais > Rosto > Limpeza;soja,crustáceos;7998519652847;24/06/2021
BR-04880;Oralix Sport Deodorant;Oralix;300 mL;7.05;Cuidados Pessoais > Desodorante;crustáceos,glúten,peixe,amendoim;9799032384813;24/08/2021
BR-04881;Zephyr Moisturising Body Wash;Zephyr;75 mL;8.82;Cuidados Pessoais > Banho;peixe,soja,castanhas,trigo;1989320989938;13/10/2022
BR-04882;Toreva Whitening Deodorant;Toreva;250 mL;3.53;Cuidados Pessoais > Desodorante;peixe;6264377157895;02/08/2020
BR-04883;Serafix Multi-Surface Spray;Serafix;500 mL;14.11;Casa > Limpeza > Superfícies;peixe;2178829314481;16/01/2023
BR-04884;Frostine Oat Protein Bar;Frostine;400 mL;10.58;Alimentos > Petiscos;soja,trigo,castanhas,crustáceos;7260449092520;03/06/2019
BR-04885;Plexum Liquid Laundry Detergent;Plexum;750 mL;1.76;Casa > Lavanderia;gergelim,glúten,leite,ovos;5352348471246;21/05/2021
BR-04886;Velaris Heavy Duty Dish Soap;Velaris;500 mL;14.11;Casa > Limpeza > Louças;peixe;8565505284307;12/05/2021
BR-04887;Gleam Night Cream;Gleam;200 mL;3.53;Cuidados Pessoais > Rosto > Hidratação;peixe,amendoim;5220394805332;24/02/2019
BR-04888;Vivara Vinegar Dressing;Vivara;200 mL;5.29;Alimentos > Condimentos;gergelim,trigo,peixe;2594583852142;03/12/2021
BR-04889;Qualis Disinfectant Spray;Qualis;400 mL;10.58;Casa > Limpeza > Superfícies;peixe,leite,trigo;4401143205486;06/10/2023
BR-04890;Velaris Refreshing Shower Gel;Velaris;100 mL;2.65;Cuidados Pessoais > Banho;gergelim,glúten,crustáceos;8441505682865;01/08/2018
BR-04891;Novix Bathroom Cleaner;Novix;250 mL;3.53;Casa > Limpeza > Superfícies;gergelim,peixe,crustáceos,glúten;5542283924727;27/03/2018
BR-04892;Helix Oat Protein Bar;Helix;400 mL;3.53;Alimentos > Petiscos;castanhas,glúten,trigo;5893942596237;05/01/2023
BR-04893;Nuarix Daily Moisturiser;Nuarix;75 mL;2.65;Cuidados Pessoais > Rosto > Hidratação;ovos;3951167374978;01/11/2022
BR-04894;TEST-Vanta Leave-In Conditioner;Vanta;100 mL;2.65;Cuidados Pessoais > Cabelo > Condicionador;amendoim,glúten;2389934758439;23/03/2023
BR-04895;Tresol Daily Moisturiser;Tresol;1000 mL;14.11;Cuidados Pessoais > Rosto > Hidratação;leite,peixe,trigo,castanhas;0922751589552;05/09/2019
BR-04896;Verdant Gentle Face Wash;Verdant;250 mL;2.65;Cuidados Pessoais > Rosto > Limpeza;trigo,amendoim;6963710999641;04/01/2019
BR-04897;Frosten Repair Conditioner;Frosten;250 mL;10.58;Cuidados Pessoais > Cabelo > Condicionador;gergelim,ovos,glúten,leite;1291974269411;17/10/2018
BR-04898;Solvix Repair Shampoo;Solvix;100 mL;5.29;Cuidados Pessoais > Cabelo > Shampoo;peixe,glúten;0380901317187;14/05/2023
BR-04899;Oralix Colour Protect Shampoo;Oralix;150 mL;10.58;Cuidados Pessoais > Cabelo > Shampoo;ovos;3479219032879;09/04/2019
BR-04900;Primus Multi-Surface Spray;Primus;250 mL;10.58;Casa > Limpeza > Superfícies;;6714898153208;22/02/2019
BR-04901;Solvix Deep Clean Body Wash;Solvix;150 mL;8.82;Cuidados Pessoais > Banho;gergelim,soja;1062128891693;10/05/2021
BR-04902;Clarity Nourishing Body Cleanser;Clarity;300 mL;5.29;Cuidados Pessoais > Banho;castanhas,leite,trigo;9031186090913;14/07/2022
BR-04903;Sovara Foaming Hand Wash;Sovara;250 mL;1.76;Cuidados Pessoais > Sabonete Líquido;castanhas,peixe,trigo,crustáceos;5553810904297;09/09/2023
BR-04904;Toreva Sensitive Deodorant;Toreva;500 mL;8.82;Cuidados Pessoais > Desodorante;;3797275458144;30/07/2020
BR-04905;Serafix Refreshing Shower Gel;Serafix;200 mL;8.82;Cuidados Pessoais > Banho;glúten,trigo,crustáceos,gergelim;6621678555766;24/01/2018
BR-04906;Velaris Whitening Deodorant;Velaris;500 mL;2.65;Cuidados Pessoais > Desodorante;peixe,soja,leite;2964082184950;30/12/2023
BR-04907;Cladis Tomato Ketchup;Cladis;200 mL;8.82;Alimentos > Condimentos;glúten,peixe,soja,leite;8871879882354;08/04/2019
BR-04908;Glicen Heavy Duty Dish Soap;Glicen;50 mL;8.82;Casa > Limpeza > Louças;peixe,leite,castanhas,glúten;0558147912255;16/04/2019
BR-04909;Qualis Sensitive Deodorant;Qualis;150 mL;17.64;Cuidados Pessoais > Desodorante;;9158849028912;07/09/2018
BR-04910;Glicen Daily Moisturiser;Glicen;75 mL;1.76;Cuidados Pessoais > Rosto > Hidratação;crustáceos,trigo,soja,castanhas;6258404093379;20/04/2020
BR-04911;Vanta Volumising Conditioner;Vanta;500 mL;1.76;Cuidados Pessoais > Cabelo > Condicionador;trigo,gergelim,crustáceos,ovos;3885656654862;20/07/2019
BR-04912;Nuarix Refreshing Shower Gel;Nuarix;1000 mL;10.58;Cuidados Pessoais > Banho;peixe;9580004891688;29/12/2021
BR-04913;Purevex Fabric Softener;Purevex;300 mL;8.82;Casa > Lavanderia;;1639931973306;07/09/2023
BR-04914;DUMMY-Lumeva Aloe Hand Wash;Lumeva;150 mL;14.11;Cuidados Pessoais > Sabonete Líquido;crustáceos,leite,amendoim;2519952903065;03/02/2022
BR-04915;TEST-Elaris Aloe Hand Wash;Elaris;250 mL;14.11;Cuidados Pessoais > Sabonete Líquido;ovos,amendoim;5187365158548;03/09/2020
BR-04916;Frosten SPF Moisturiser;Frosten;100 mL;1.76;Cuidados Pessoais > Rosto > Hidratação;ovos;3482024633834;11/01/2020
BR-04917;Kaleo Liquid Laundry Detergent;Kaleo;500 mL;14.11;Casa > Lavanderia;castanhas;3941173717845;19/01/2022
BR-04918;Qualis Laundry Capsules;Qualis;500 mL;10.58;Casa > Lavanderia;gergelim;5743311647896;24/06/2022
BR-04919;Qualis Hydrating Shampoo;Qualis;150 mL;10.58;Cuidados Pessoais > Cabelo > Shampoo;;7433989980903;29/03/2023
BR-04920;Frostine 24hr Roll-On Deodorant;Frostine;150 mL;5.29;Cuidados Pessoais > Desodorante;;5999887046285;01/10/2018
BR-04921;Cristalix Whitening Deodorant;Cristalix;150 mL;10.58;Cuidados Pessoais > Desodorante;gergelim,soja,leite,crustáceos;1606416681353;25/06/2023
BR-04922;Cristalix Hot Chilli Sauce;Cristalix;75 mL;2.65;Alimentos > Condimentos;crustáceos,trigo,ovos,amendoim;3160887453515;12/11/2023
BR-04923;Luxara Rice Cakes;Luxara;300 mL;5.29;Alimentos > Petiscos;castanhas,gergelim,amendoim,peixe;7726795035586;21/06/2018
BR-04924;Aurova Mustard Sauce;Aurova;150 mL;3.53;Alimentos > Condimentos;castanhas,crustáceos;5974887697040;22/01/2020
BR-04925;Nexpur Deep Conditioner;Nexpur;200 mL;7.05;Cuidados Pessoais > Cabelo > Condicionador;gergelim,leite;2370240241876;05/06/2023
BR-04926;Frosten Fabric Softener;Frosten;100 mL;17.64;Casa > Lavanderia;;1491696801597;29/08/2021
BR-04927;Purevex Hydrating Shampoo;Purevex;1000 mL;2.65;Cuidados Pessoais > Cabelo > Shampoo;amendoim,trigo,castanhas,crustáceos;2640517958920;12/10/2018
BR-04928;Teraxis Dish Liquid;Teraxis;400 mL;8.82;Casa > Limpeza > Louças;castanhas,trigo,ovos,gergelim;6209759177665;27/06/2021
BR-04929;Oralix Salted Crackers;Oralix;400 mL;3.53;Alimentos > Petiscos;;3225857282851;14/06/2023
BR-04930;Glova Volumising Shampoo;Glova;250 mL;14.11;Cuidados Pessoais > Cabelo > Shampoo;castanhas,glúten,leite,gergelim;4868049875098;05/04/2021
BR-04931;Motivo Deep Conditioner;Motivo;750 mL;3.53;Cuidados Pessoais > Cabelo > Condicionador;;7767977175935;14/05/2018
BR-04932;Motivo Tomato Ketchup;Motivo;75 mL;14.11;Alimentos > Condimentos;gergelim,amendoim,glúten;4517030368735;29/09/2020
BR-04933;Solven Dish Liquid;Solven;250 mL;17.64;Casa > Limpeza > Louças;soja,leite;1313487422746;01/06/2020
BR-04934;Frostine 48hr Spray Deodorant;Frostine;75 mL;7.05;Cuidados Pessoais > Desodorante;glúten;8401048807446;12/12/2023
BR-04935;Glova Liquid Laundry Detergent;Glova;750 mL;3.53;Casa > Lavanderia;peixe,soja,crustáceos;8628250994249;12/10/2018
BR-04936;Kaleo SPF Moisturiser;Kaleo;750 mL;2.65;Cuidados Pessoais > Rosto > Hidratação;soja,leite;0406388698479;06/08/2021
BR-04937;Helix Rinse Aid;Helix;500 mL;10.58;Casa > Limpeza > Louças;peixe,ovos;4035440600530;23/01/2020
BR-04938;Krisol Whitening Deodorant;Krisol;750 mL;14.11;Cuidados Pessoais > Desodorante;gergelim,peixe;9712106983576;29/01/2023
BR-04939;Orinum Hydrating Face Wash;Orinum;500 mL;5.29;Cuidados Pessoais > Rosto > Limpeza;ovos,trigo;7083457307116;27/08/2018
BR-04940;Glicen Repair Conditioner;Glicen;100 mL;10.58;Cuidados Pessoais > Cabelo > Condicionador;crustáceos,soja;8733417205042;06/04/2022
BR-04941;Novix Sensitive Deodorant;Novix;200 mL;10.58;Cuidados Pessoais > Desodorante;peixe,trigo,crustáceos;1312401326535;31/12/2022
BR-04942;Clarity Oil Control Face Wash;Clarity;400 mL;17.64;Cuidados Pessoais > Rosto > Limpeza;leite,soja;7523355499204;04/10/2023
BR-04943;Hevara Foaming Hand Wash;Hevara;250 mL;1.76;Cuidados Pessoais > Sabonete Líquido;;9334436591537;04/10/2019
BR-04944;Aurova Glass Cleaner;Aurova;1000 mL;8.82;Casa > Limpeza > Superfícies;gergelim,castanhas,ovos;4237048551317;27/06/2020
BR-04945;Plexum Fabric Softener;Plexum;300 mL;10.58;Casa > Lavanderia;;1358884577507;09/11/2019
BR-04946;Cryston Vinegar Dressing;Cryston;250 mL;17.64;Alimentos > Condimentos;ovos,amendoim;1819505285893;26/07/2020
BR-04947;Novix Salted Crackers;Novix;100 mL;2.65;Alimentos > Petiscos;;7910877980875;02/05/2021
BR-04948;Cristalix Sensitive Deodorant;Cristalix;200 mL;14.11;Cuidados Pessoais > Desodorante;crustáceos;2830093063389;17/03/2022
BR-04949;Sovara Tomato Ketchup;Sovara;50 mL;3.53;Alimentos > Condimentos;trigo;7421782771057;17/04/2018
BR-04950;Hevara Tomato Ketchup;Hevara;1000 mL;17.64;Alimentos > Condimentos;trigo;5512138308330;06/03/2020
BR-04951;Sovara Brightening Face Wash;Sovara;100 mL;3.53;Cuidados Pessoais > Rosto > Limpeza;amendoim,trigo,glúten;0017425914478;05/09/2020
04952;Arovia Laundry Powder;Arovia;150 mL;5.29;Casa > Lavanderia;crustáceos,leite,glúten;6280995605242;03/07/2021
04953;Teraxis Sensitive Skin Body Wash;Teraxis;200 mL;14.11;Cuidados Pessoais > Banho;ovos,leite,gergelim;2757898687780;06/05/2019
BR-04954;Nuvelo Repair Shampoo;Nuvelo;750 mL;1.76;Cuidados Pessoais > Cabelo > Shampoo;amendoim;8389665367638;23/07/2018
BR-04955;TEST-Hevara Kitchen Cleaner;Hevara;500 mL;14.11;Casa > Limpeza > Superfícies;crustáceos;5731829131334;03/04/2022
BR-04956;Clarity Deep Clean Body Wash;Clarity;100 mL;14.11;Cuidados Pessoais > Banho;peixe,trigo;2225446396397;11/07/2019
BR-04957;Clarity Foaming Hand Wash;Clarity;75 mL;14.11;Cuidados Pessoais > Sabonete Líquido;glúten,peixe,soja;3024159844961;21/02/2023
BR-04958;Verdant Oat Protein Bar;Verdant;500 mL;7.05;Alimentos > Petiscos;ovos,peixe,crustáceos;5694856483091;07/09/2023
BR-04959;Krisol Stain Remover;Krisol;50 mL;17.64;Casa > Lavanderia;;5506403356263;28/02/2021
BR-04960;Novix Tomato Ketchup;Novix;250 mL;8.82;Alimentos > Condimentos;ovos,amendoim;9572281605966;07/07/2018
BR-04961;Motivo 48hr Spray Deodorant;Motivo;400 mL;2.65;Cuidados Pessoais > Desodorante;glúten,crustáceos,gergelim;8197673148121;20/12/2020
BR-04962;TEST-Vivara Disinfectant Spray;Vivara;300 mL;1.76;Casa > Limpeza > Superfícies;leite,trigo;0651572024194;22/04/2018
BR-04963;Motivo 48hr Spray Deodorant;Motivo;100 mL;10.58;Cuidados Pessoais > Desodorante;glúten;6385690536256;21/08/2022
BR-04964;Vivara Hot Chilli Sauce;Vivara;200 mL;17.64;Alimentos > Condimentos;;9011707821172;18/09/2022
BR-04965;Polvera Night Cream;Polvera;750 mL;10.58;Cuidados Pessoais > Rosto > Hidratação;;6752475071293;01/01/2023
BR-04966;DUMMY-Zenpur Mayonnaise;Zenpur;500 mL;17.64;Alimentos > Condimentos;ovos,soja,trigo;2875428900564;04/04/2023
BR-04967;Alteva Daily Moisturiser;Alteva;100 mL;7.05;Cuidados Pessoais > Rosto > Hidratação;leite;5044839173004;31/05/2022
04968;Solvix Granola Bar;Solvix;400 mL;17.64;Alimentos > Petiscos;glúten,crustáceos,leite;4157429943213;04/01/2022
BR-04969;Purelix Oat Protein Bar;Purelix;300 mL;17.64;Alimentos > Petiscos;glúten;2730739370737;01/03/2021
BR-04970;DUMMY-Krisol Fabric Softener;Krisol;300 mL;14.11;Casa > Lavanderia;gergelim,amendoim;9900974993753;07/01/2023
BR-04971;Solaris Dishwasher Tablets;Solaris;50 mL;17.64;Casa > Limpeza > Louças;castanhas,soja;1665043448463;21/11/2022
BR-04972;Teraxis Salted Crackers;Teraxis;75 mL;14.11;Alimentos > Petiscos;ovos,peixe,trigo;3024829813204;10/06/2019
BR-04973;Brightway Rice Cakes;Brightway;250 mL;14.11;Alimentos > Petiscos;trigo,glúten;6255483152294;30/05/2020
BR-04974;Solven Moisturising Body Wash;Solven;400 mL;10.58;Cuidados Pessoais > Banho;castanhas,ovos,amendoim,trigo;0854912486687;06/08/2018
BR-04975;Solven Salted Crackers;Solven;250 mL;10.58;Alimentos > Petiscos;ovos;4377014389206;25/05/2021
BR-04976;Serafix Intensive Moisturiser;Serafix;250 mL;17.64;Cuidados Pessoais > Rosto > Hidratação;trigo,ovos;1017992077056;26/06/2023
BR-04977;Lumeva Kitchen Cleaner;Lumeva;400 mL;8.82;Casa > Limpeza > Superfícies;soja;3565732946011;06/09/2019
BR-04978;Novix Oat Protein Bar;Novix;200 mL;8.82;Alimentos > Petiscos;glúten;6933894726975;22/07/2018
BR-04979;Arovia Kitchen Cleaner;Arovia;400 mL;1.76;Casa > Limpeza > Superfícies;crustáceos,soja,gergelim,castanhas;3816975078381;28/11/2023
BR-04980;Zenpur Fragrance-Free Hand Wash;Zenpur;500 mL;2.65;Cuidados Pessoais > Sabonete Líquido;castanhas;4665228975330;14/07/2022
BR-04981;Sovara Stain Remover;Sovara;50 mL;2.65;Casa > Lavanderia;;2569829976999;23/12/2022
BR-04982;Sovara Anti-Dandruff Shampoo;Sovara;500 mL;17.64;Cuidados Pessoais > Cabelo > Shampoo;peixe,soja,trigo,gergelim;7540555083484;02/02/2021
BR-04983;Cladis Refreshing Shower Gel;Cladis;100 mL;17.64;Cuidados Pessoais > Banho;glúten,castanhas,gergelim,trigo;4479289709267;09/11/2023
BR-04984;Glova Eco Dish Liquid;Glova;100 mL;2.65;Casa > Limpeza > Louças;;8588533929576;03/05/2022
BR-04985;Luminos Granola Bar;Luminos;750 mL;8.82;Alimentos > Petiscos;castanhas;6308000038103;28/01/2023
BR-04986;DUMMY-Kaleo Daily Moisturiser;Kaleo;300 mL;1.76;Cuidados Pessoais > Rosto > Hidratação;;9103128072995;28/05/2021
BR-04987;Krisol Mustard Sauce;Krisol;400 mL;7.05;Alimentos > Condimentos;leite;9640763863187;28/06/2022
BR-04988;Qualis Brightening Face Wash;Qualis;250 mL;8.82;Cuidados Pessoais > Rosto > Limpeza;crustáceos,leite;6078054071295;12/11/2023
BR-04989;Arovia Eco Dish Liquid;Arovia;400 mL;1.76;Casa > Limpeza > Louças;;1762158873149;05/08/2021
04990;Polvera Tomato Ketchup;Polvera;150 mL;5.29;Alimentos > Condimentos;;5235253220812;29/01/2020
BR-04991;Tolvex Hot Chilli Sauce;Tolvex;200 mL;5.29;Alimentos > Condimentos;ovos,leite,gergelim,castanhas;1128401723447;30/05/2022
BR-04992;Solaris Rice Cakes;Solaris;1000 mL;8.82;Alimentos > Petiscos;peixe;8908268154232;07/01/2020
BR-04993;Frosten Dish Liquid;Frosten;300 mL;17.64;Casa > Limpeza > Louças;leite,amendoim,ovos,gergelim;8170015919771;05/02/2018
BR-04994;Tolvex Bathroom Cleaner;Tolvex;200 mL;5.29;Casa > Limpeza > Superfícies;crustáceos,gergelim;2173891455056;10/08/2022
BR-04995;Gleam Mustard Sauce;Gleam;1000 mL;3.53;Alimentos > Condimentos;;2446428595250;09/11/2019
BR-04996;Kaleo Vinegar Dressing;Kaleo;200 mL;3.53;Alimentos > Condimentos;;9042584329918;08/02/2020
BR-04997;Luxara Rice Cakes;Luxara;50 mL;14.11;Alimentos > Petiscos;trigo,glúten,amendoim;4146332788455;16/06/2020
BR-04998;Zephyr Nourishing Body Cleanser;Zephyr;300 mL;17.64;Cuidados Pessoais > Banho;castanhas,gergelim,glúten;2572492598764;20/12/2020
BR-04999;Krisol Moisturising Body Wash;Krisol;300 mL;10.58;Cuidados Pessoais > Banho;peixe,leite;1644237014158;06/02/2022
