sku_id,product_name,brand,size_ml,weight_g,category,allergens,barcode,launch_date
UK-00000,Luminos Tomato Ketchup,Luminos,200,150,Food & Beverage > Condiments,wheat,1819600133891,2018-04-19
UK-00001,Hevara Laundry Powder,Hevara,1000,500,Household > Laundry,"soy,shellfish,peanuts",0265423511612,2022-01-10
UK-00002,Verdant Whitening Deodorant,Verdant,50,400,Personal Care > Deodorant,"eggs,fish,gluten,peanuts",4959310341319,2022-04-06
UK-00003,Teraxis Intensive Moisturiser,Teraxis,250,100,Personal Care > Moisturiser,"tree nuts,soy",4192832764833,2021-08-21
UK-00004,Vanta Refreshing Shower Gel,Vanta,250,300,Personal Care > Body Wash,"eggs,soy",9537672423888,2020-12-12
UK-00005,DUMMY-Sovara Oat Protein Bar,Sovara,750,300,Food & Beverage > Snacks,"soy,wheat",8710122691667,2023-04-02
UK-00006,Luxara Fabric Softener,Luxara,50,75,Household > Laundry,"peanuts,tree nuts,eggs,wheat",6270482814899,2020-03-25
UK-00007,Krisol Repair Conditioner,Krisol,100,500,Personal Care > Conditioner,"milk,tree nuts,shellfish,gluten",1543039117183,2019-05-31
UK-00008,Luxara Volumising Conditioner,Luxara,100,200,Personal Care > Conditioner,"gluten,fish,soy,peanuts",3465787133155,2018-03-28
UK-00009,Plexum Eco Dish Liquid,Plexum,750,150,Household > Dishwash,,1031051834732,2019-06-26
UK-00010,Clarity Oat Protein Bar,Clarity,400,150,Food & Beverage > Snacks,"fish,soy,eggs",1656670106512,2020-10-15
UK-00011,Novix Oil Control Face Wash,Novix,400,100,Personal Care > Face Wash,"wheat,peanuts,shellfish",3178108013264,2023-06-13
UK-00012,Cladis Kitchen Cleaner,Cladis,50,100,Household > Surface Cleaner,"milk,fish,peanuts",7468723430987,2018-09-07
UK-00013,Oralix Granola Bar,Oralix,50,400,Food & Beverage > Snacks,"sesame,wheat,milk,peanuts",1219136193992,2018-06-12
UK-00014,Purelix Dish Liquid,Purelix,1000,500,Household > Dishwash,"peanuts,soy",5346247510793,2019-02-14
UK-00015,Aurova Colour Protect Shampoo,Aurova,500,200,Personal Care > Shampoo,tree nuts,1354278498083,2021-05-11
UK-00016,Tresol Tomato Ketchup,Tresol,200,75,Food & Beverage > Condiments,,8244935348741,2018-07-28
UK-00017,Nuvelo Repair Shampoo,Nuvelo,50,50,Personal Care > Shampoo,"wheat,peanuts",2786801128058,2019-08-30
UK-00018,Vanta Moisturising Hand Wash,Vanta,200,250,Personal Care > Hand Wash,,5331586923229,2022-08-16
UK-00019,Tolvex Refreshing Shower Gel,Tolvex,250,300,Personal Care > Body Wash,peanuts,2160733754330,2018-04-07
UK-00020,Cladis Mayonnaise,Cladis,250,200,Food & Beverage > Condiments,,4586850142948,2018-06-06
UK-00021,Sovara Colour Protect Shampoo,Sovara,250,250,Personal Care > Shampoo,"gluten,sesame,eggs",6934060883560,2018-10-14
UK-00022,Lumeva Mustard Sauce,Lumeva,250,75,Food & Beverage > Condiments,"sesame,peanuts",6564823662998,2021-05-17
UK-00023,Zephyr Aloe Hand Wash,Zephyr,200,200,Personal Care > Hand Wash,fish,9957773872147,2023-10-13
UK-00024,Qualis Vinegar Dressing,Qualis,75,150,Food & Beverage > Condiments,"soy,gluten",2003791769369,2023-07-18
UK-00025,Brightway Moisturising Hand Wash,Brightway,1000,50,Personal Care > Hand Wash,,6328708317270,2023-12-16
UK-00026,XXX-Toreva Stain Remover,Toreva,400,500,Household > Laundry,"sesame,shellfish,wheat",7743487347147,2020-08-18
UK-00027,Toreva SPF Moisturiser,Toreva,500,75,Personal Care > Moisturiser,wheat,3623166587603,2020-04-27
UK-00028,Arovia Foaming Hand Wash,Arovia,750,50,Personal Care > Hand Wash,"fish,shellfish,milk,wheat",4668893734677,2018-04-29
UK-00029,Polvera Fragrance-Free Hand Wash,Polvera,1000,300,Personal Care > Hand Wash,shellfish,2980699016279,2020-01-15
UK-00030,Motivo Nourishing Body Cleanser,Motivo,250,150,Personal Care > Body Wash,"tree nuts,gluten,fish",4641708053101,2018-05-08
UK-00031,Luminos Oil Control Face Wash,Luminos,750,100,Personal Care > Face Wash,wheat,7193745299129,2021-06-28
UK-00032,Luminos Colour Protect Shampoo,Luminos,200,300,Personal Care > Shampoo,"soy,eggs,gluten",1491905865181,2021-10-29
UK-00033,Solaris Deep Clean Body Wash,Solaris,75,300,Personal Care > Body Wash,"shellfish,wheat",6284987769455,2020-10-02
UK-00034,Orinum Anti-Dandruff Shampoo,Orinum,150,400,Personal Care > Shampoo,"gluten,fish,tree nuts,milk",7527354549489,2018-02-11
UK-00035,Helix Laundry Powder,Helix,150,300,Household > Laundry,"sesame,soy,shellfish",7701436349574,2023-12-15
UK-00036,Tolvex Sensitive Deodorant,Tolvex,500,250,Personal Care > Deodorant,"shellfish,peanuts",4431351823370,2021-02-06
UK-00037,Krisol Oat Protein Bar,Krisol,500,200,Food & Beverage > Snacks,,3435240824005,2021-04-11
UK-00038,Teraxis Mixed Nuts Blend,Teraxis,400,75,Food & Beverage > Snacks,,9477752047118,2022-06-30
00039,Clarity Multi-Surface Spray,Clarity,1000,50,Household > Surface Cleaner,wheat,9413186999388,2022-04-08
UK-00040,TEST-Frostine Glass Cleaner,Frostine,750,300,Household > Surface Cleaner,"gluten,milk",9133412328125,2018-01-11
UK-00041,Nuarix Foaming Hand Wash,Nuarix,750,400,Personal Care > Hand Wash,"milk,soy",4471349361835,2019-09-03
UK-00042,Purevex Night Cream,Purevex,50,100,Personal Care > Moisturiser,"gluten,peanuts",7174648877195,2018-06-13
UK-00043,Aevum Fragrance-Free Hand Wash,Aevum,200,50,Personal Care > Hand Wash,,3990490278744,2020-01-14
UK-00044,Teraxis Heavy Duty Dish Soap,Teraxis,400,75,Household > Dishwash,"tree nuts,fish,gluten",5125674680718,2021-07-12
UK-00045,Glova SPF Moisturiser,Glova,300,500,Personal Care > Moisturiser,,8760385977039,2020-12-29
UK-00046,Elaris Laundry Powder,Elaris,400,400,Household > Laundry,,0932480861317,2023-03-06
UK-00047,Solaris Volumising Shampoo,Solaris,200,500,Personal Care > Shampoo,"fish,shellfish",7378263982146,2022-08-27
UK-00048,Nuvelo Whitening Deodorant,Nuvelo,50,200,Personal Care > Deodorant,"gluten,shellfish",2787558867535,2020-09-05
UK-00049,Plexum Heavy Duty Dish Soap,Plexum,300,50,Household > Dishwash,"shellfish,fish",6270289517184,2023-02-15
UK-00050,Purelix Refreshing Shower Gel,Purelix,1000,100,Personal Care > Body Wash,,7459615865789,2018-05-28
UK-00051,Cristalix Dish Liquid,Cristalix,1000,200,Household > Dishwash,eggs,6117240050451,2022-03-16
UK-00052,Cristalix Moisturising Hand Wash,Cristalix,500,300,Personal Care > Hand Wash,"wheat,gluten,sesame,milk",9693792374742,2018-02-08
UK-00053,Solvix Bathroom Cleaner,Solvix,16.91,100,Household > Surface Cleaner,,7594647436719,2020-08-29
UK-00054,Zenpur Aloe Hand Wash,Zenpur,750,200,Personal Care > Hand Wash,"milk,fish",4090974395338,2020-10-23
UK-00055,Teraxis Mayonnaise,Teraxis,75,50,Food & Beverage > Condiments,"shellfish,milk",9521456232858,2023-12-15
UK-00056,Nexpur Fabric Softener,Nexpur,200,400,Household > Laundry,"tree nuts,eggs",7123685160487,2019-05-22
UK-00057,Solvix Bathroom Cleaner,Solvix,1000,200,Household > Surface Cleaner,"fish,tree nuts,eggs,sesame",3709859317464,2019-04-23
UK-00058,Vanta Deep Conditioner,Vanta,200,400,Personal Care > Conditioner,,1382675869267,2019-02-10
UK-00059,Purelix Disinfectant Spray,Purelix,200,50,Household > Surface Cleaner,"soy,shellfish",7351585064318,2023-02-06
UK-00060,Gleam Volumising Shampoo,Gleam,1000,50,Personal Care > Shampoo,,5329318393358,2019-08-28
UK-00061,Nuvelo Dish Liquid,Nuvelo,100,100,Household > Dishwash,"peanuts,wheat,eggs,tree nuts",0205395024024,2022-09-21
UK-00062,Tolvex Liquid Laundry Detergent,Tolvex,75,400,Household > Laundry,"tree nuts,sesame,eggs",7839084700765,2022-10-13
UK-00063,Solaris Tomato Ketchup,Solaris,400,75,Food & Beverage > Condiments,,5921249985697,2023-12-14
UK-00064,Primus Intensive Moisturiser,Primus,750,300,Personal Care > Moisturiser,,1836736576613,2021-07-04
UK-00065,Polvera Fragrance-Free Hand Wash,Polvera,200,250,Personal Care > Hand Wash,shellfish,1111615280981,2021-09-12
UK-00066,Purelix Tomato Ketchup,Purelix,250,300,Food & Beverage > Condiments,,4945198327316,2021-12-05
UK-00067,Glova Fabric Softener,Glova,200,150,Household > Laundry,"sesame,gluten,milk",9402445502292,2022-06-30
UK-00068,Tolvex Volumising Shampoo,Tolvex,1000,50,Personal Care > Shampoo,,8366752545995,2018-12-14
UK-00069,Nexpur Refreshing Shower Gel,Nexpur,25.36,50,Personal Care > Body Wash,,4767976438157,2022-10-27
UK-00070,DUMMY-Solvix Anti-Dandruff Shampoo,Solvix,1000,400,Personal Care > Shampoo,"peanuts,milk,soy,shellfish",9003432445105,2023-07-31
UK-00071,Kaleo Rice Cakes,Kaleo,100,300,Food & Beverage > Snacks,"soy,sesame,tree nuts,milk",6060715969669,2021-03-31
UK-00072,Luminos Repair Shampoo,Luminos,250,100,Personal Care > Shampoo,"shellfish,tree nuts,eggs,soy",1369681645351,2019-11-20
UK-00073,Teraxis Colour Protect Shampoo,Teraxis,75,500,Personal Care > Shampoo,"soy,tree nuts,sesame,shellfish",2312432921272,2023-03-16
UK-00074,Orinum Eco Dish Liquid,Orinum,1000,250,Household > Dishwash,"wheat,shellfish",1774490581477,2023-01-26
UK-00075,Vivara Moisturising Body Wash,Vivara,200,75,Personal Care > Body Wash,,9986798079354,2023-05-03
UK-00076,Oralix Laundry Powder,Oralix,400,75,Household > Laundry,"eggs,sesame",2037788925544,2022-05-06
UK-00077,Solvix Fragrance-Free Hand Wash,Solvix,750,50,Personal Care > Hand Wash,"eggs,tree nuts",1864492519254,2021-06-24
UK-00078,Tresol Hot Chilli Sauce,Tresol,750,75,Food & Beverage > Condiments,"sesame,fish",5281685054235,2021-10-31
UK-00079,Plexum Kitchen Cleaner,Plexum,100,100,Household > Surface Cleaner,,4188805929620,2019-10-27
UK-00080,Nexpur Smooth & Shine Conditioner,Nexpur,400,50,Personal Care > Conditioner,"tree nuts,soy,shellfish",9473834735973,2023-03-07
UK-00081,Primus Intensive Moisturiser,Primus,500,300,Personal Care > Moisturiser,soy,9240758181410,2019-10-19
UK-00082,Primus Intensive Moisturiser,Primus,100,300,Personal Care > Moisturiser,,3750606853612,2022-03-16
UK-00083,Toreva Gentle Face Wash,Toreva,75,250,Personal Care > Face Wash,wheat,0472779010434,2019-09-05
UK-00084,Alteva Stain Remover,Alteva,300,75,Household > Laundry,"soy,peanuts",1036971179802,2023-10-12
UK-00085,Hevara Dishwasher Tablets,Hevara,100,200,Household > Dishwash,"milk,tree nuts,soy",9621851888886,2018-03-25
UK-00086,Vanta Foaming Hand Wash,Vanta,1000,300,Personal Care > Hand Wash,"peanuts,milk",5153195205851,2019-12-19
UK-00087,Nuarix Hot Chilli Sauce,Nuarix,400,100,Food & Beverage > Condiments,eggs,7043030548688,2023-04-24
UK-00088,Krisol Daily Moisturiser,Krisol,1000,150,Personal Care > Moisturiser,"tree nuts,milk",5415667652779,2022-02-13
UK-00089,Helix Fabric Softener,Helix,300,75,Household > Laundry,"gluten,wheat,peanuts",5115447962752,2023-01-06
00090,Lumeva Nourishing Body Cleanser,Lumeva,300,200,Personal Care > Body Wash,,1658202970219,2020-08-24
UK-00091,Vivara Mustard Sauce,Vivara,300,50,Food & Beverage > Condiments,"wheat,shellfish,tree nuts,gluten",7192856543107,2020-02-02
UK-00092,Motivo Disinfectant Spray,Motivo,500,75,Household > Surface Cleaner,"peanuts,shellfish",3947312172711,2021-08-02
UK-00093,Hevara Mustard Sauce,Hevara,75,500,Food & Beverage > Condiments,"peanuts,gluten,wheat,tree nuts",2583132370589,2022-02-20
UK-00094,Tresol Disinfectant Spray,Tresol,750,75,Household > Surface Cleaner,,4678669125172,2023-03-24
UK-00095,Zenpur Vinegar Dressing,Zenpur,100,500,Food & Beverage > Condiments,"wheat,gluten,fish,peanuts",0182422535848,2018-11-20
UK-00096,Teraxis Night Cream,Teraxis,500,200,Personal Care > Moisturiser,peanuts,9818299229955,2018-06-18
UK-00097,Vanta Moisturising Body Wash,Vanta,1000,200,Personal Care > Body Wash,gluten,6907844736475,2018-10-26
UK-00098,Nexpur Salted Crackers,Nexpur,400,300,Food & Beverage > Snacks,"shellfish,soy,tree nuts",9255562588157,2020-09-17
UK-00099,Nuvelo Multi-Surface Spray,Nuvelo,400,150,Household > Surface Cleaner,eggs,0469632595320,2023-08-03
UK-00100,Solaris Laundry Capsules,Solaris,200,400,Household > Laundry,,1687339500471,2023-04-12
UK-00101,Zephyr Lightweight Lotion,Zephyr,75,300,Personal Care > Moisturiser,peanuts,5650609835845,2018-10-29
UK-00102,Orinum Aloe Hand Wash,Orinum,500,200,Personal Care > Hand Wash,"gluten,eggs,wheat,milk",6558523986805,2018-07-05
UK-00103,Hevara Refreshing Shower Gel,Hevara,250,400,Personal Care > Body Wash,"shellfish,wheat,sesame,gluten",9526949588870,2021-05-12
UK-00104,Vivara Multi-Surface Spray,Vivara,250,75,Household > Surface Cleaner,"gluten,peanuts,milk",9749930972896,2022-04-07
UK-00105,Vanta Leave-In Conditioner,Vanta,750,75,Personal Care > Conditioner,milk,7562636897025,2023-10-26
UK-00106,Toreva Hydrating Face Wash,Toreva,1000,400,Personal Care > Face Wash,"fish,tree nuts,wheat,soy",8585497334842,2020-07-10
UK-00107,Hevara SPF Moisturiser,Hevara,150,400,Personal Care > Moisturiser,"shellfish,tree nuts",8441986652401,2021-03-24
UK-00108,Zenpur Salted Crackers,Zenpur,400,200,Food & Beverage > Snacks,"soy,gluten,peanuts",8421993308331,2018-08-04
UK-00109,Qualis Repair Shampoo,Qualis,400,75,Personal Care > Shampoo,milk,8267734540192,2020-08-09
UK-00110,Kaleo Liquid Laundry Detergent,Kaleo,300,100,Household > Laundry,,6724004991549,2023-02-05
UK-00111,Alteva Vinegar Dressing,Alteva,400,100,Food & Beverage > Condiments,"shellfish,peanuts,soy,fish",1527420549326,2022-07-19
UK-00112,Toreva Aloe Hand Wash,Toreva,75,300,Personal Care > Hand Wash,,2275304637452,2021-05-21
UK-00113,Zephyr Eco Dish Liquid,Zephyr,200,250,Household > Dishwash,milk,1742684145934,2020-06-16
UK-00114,Brightway Volumising Conditioner,Brightway,400,250,Personal Care > Conditioner,"sesame,shellfish,soy",3918785191080,2023-09-02
UK-00115,Novix Hydrating Face Wash,Novix,100,100,Personal Care > Face Wash,"sesame,shellfish",1397187072869,2023-02-15
UK-00116,Luxara Dish Liquid,Luxara,400,200,Household > Dishwash,,6403910651807,2018-10-10
UK-00117,Elaris Multi-Surface Spray,Elaris,300,100,Household > Surface Cleaner,fish,5676618251285,2022-05-29
UK-00118,Glicen Laundry Powder,Glicen,150,50,Household > Laundry,,4786863375245,2020-02-12
UK-00119,XXX-Vanta Salted Crackers,Vanta,1000,300,Food & Beverage > Snacks,"milk,soy,sesame,gluten",1907903067385,2020-06-08
UK-00120,Primus Refreshing Shower Gel,Primus,200,150,Personal Care > Body Wash,"tree nuts,gluten,soy,wheat",2836440892688,2023-07-24
UK-00121,Gleam Nourishing Body Cleanser,Gleam,1000,300,Personal Care > Body Wash,"tree nuts,fish,sesame,eggs",4628733427084,2022-08-18
UK-00122,Alteva Aloe Hand Wash,Alteva,100,300,Personal Care > Hand Wash,peanuts,3517518304690,2018-06-11
UK-00123,Krisol Volumising Shampoo,Krisol,750,500,Personal Care > Shampoo,shellfish,3540331739363,2020-09-07
UK-00124,Arovia Fabric Softener,Arovia,200,300,Household > Laundry,"sesame,tree nuts,peanuts",4587717535569,2018-07-07
UK-00125,Tolvex Dishwasher Tablets,Tolvex,100,50,Household > Dishwash,"sesame,fish",4235369378545,2023-06-25
00126,Cryston Rice Cakes,Cryston,100,250,Food & Beverage > Snacks,wheat,8728080100626,2020-08-05
UK-00127,Zephyr Volumising Shampoo,Zephyr,150,500,Personal Care > Shampoo,"tree nuts,milk,shellfish",7008860084843,2018-03-12
UK-00128,Kaleo Laundry Capsules,Kaleo,75,75,Household > Laundry,"wheat,soy,sesame,peanuts",8454615679335,2021-05-13
UK-00129,Gleam Tomato Ketchup,Gleam,1000,50,Food & Beverage > Condiments,,6668700217650,2019-01-26
UK-00130,Plexum Liquid Laundry Detergent,Plexum,150,400,Household > Laundry,"milk,eggs",4890250392613,2021-05-10
UK-00131,Cristalix Smooth & Shine Conditioner,Cristalix,750,300,Personal Care > Conditioner,"tree nuts,fish,wheat,sesame",1850163159997,2022-06-13
UK-00132,Teraxis 24hr Roll-On Deodorant,Teraxis,200,400,Personal Care > Deodorant,"soy,tree nuts,fish",6296194311426,2022-04-06
UK-00133,Tolvex Mixed Nuts Blend,Tolvex,300,250,Food & Beverage > Snacks,"eggs,gluten",0475412126783,2023-09-30
UK-00134,Luminos Antibacterial Hand Wash,Luminos,75,250,Personal Care > Hand Wash,"eggs,tree nuts,fish,milk",4661839826221,2021-01-06
UK-00135,Solaris SPF Moisturiser,Solaris,100,75,Personal Care > Moisturiser,fish,4647154379932,2023-02-19
UK-00136,Frostine Volumising Shampoo,Frostine,50,300,Personal Care > Shampoo,"gluten,fish",5756924593757,2019-12-29
UK-00137,Elaris Fragrance-Free Hand Wash,Elaris,1000,400,Personal Care > Hand Wash,"soy,tree nuts,fish,wheat",6519398280733,2022-12-01
UK-00138,Purelix Daily Moisturiser,Purelix,1000,400,Personal Care > Moisturiser,peanuts,3426617979688,2023-09-07
UK-00139,Novix Rice Cakes,Novix,50,250,Food & Beverage > Snacks,"gluten,eggs,sesame,fish",3529096561013,2020-11-25
UK-00140,Tolvex Hydrating Face Wash,Tolvex,500,500,Personal Care > Face Wash,"gluten,soy,shellfish,wheat",6798250714610,2019-04-21
UK-00141,Zenpur Mixed Nuts Blend,Zenpur,200,250,Food & Beverage > Snacks,"soy,sesame,shellfish",5717751401059,2019-03-24
UK-00142,Tolvex Mayonnaise,Tolvex,150,500,Food & Beverage > Condiments,sesame,2586736226603,2020-03-19
UK-00143,Sovara Disinfectant Spray,Sovara,300,50,Household > Surface Cleaner,soy,4191825537140,2023-06-28
UK-00144,Aevum Fabric Softener,Aevum,300,300,Household > Laundry,"eggs,tree nuts,sesame,fish",7924991251346,2019-04-25
UK-00145,Nuarix Repair Conditioner,Nuarix,100,500,Personal Care > Conditioner,"fish,wheat,gluten",6278282742251,2023-01-22
UK-00146,Zenpur Dish Liquid,Zenpur,50,400,Household > Dishwash,soy,6887676772196,2018-05-07
UK-00147,Vanta Brightening Face Wash,Vanta,200,150,Personal Care > Face Wash,"peanuts,wheat,shellfish,gluten",7881914858078,2020-06-14
UK-00148,Tolvex Antibacterial Hand Wash,Tolvex,1000,150,Personal Care > Hand Wash,"milk,shellfish",4517133959625,2019-07-25
UK-00149,Oralix Oil Control Face Wash,Oralix,750,250,Personal Care > Face Wash,"peanuts,sesame,wheat,shellfish",4494812604222,2020-10-19
UK-00150,Cristalix Repair Conditioner,Cristalix,1000,300,Personal Care > Conditioner,"wheat,peanuts,fish",6711684577590,2018-01-11
UK-00151,Glicen Salted Crackers,Glicen,400,250,Food & Beverage > Snacks,,8636374545896,2019-06-19
00152,Qualis Heavy Duty Dish Soap,Qualis,1000,50,Household > Dishwash,,1701277063246,2019-10-14
UK-00153,TEST-Gleam Daily Moisturiser,Gleam,250,200,Personal Care > Moisturiser,,5206436110374,2018-11-16
UK-00154,Plexum Smooth & Shine Conditioner,Plexum,500,400,Personal Care > Conditioner,,0516271361110,2021-07-07
UK-00155,Tresol Sport Deodorant,Tresol,300,100,Personal Care > Deodorant,eggs,8909275326971,2020-06-08
UK-00156,Tresol Hydrating Shampoo,Tresol,75,300,Personal Care > Shampoo,"fish,tree nuts",2341389994046,2020-04-21
UK-00157,Primus Stain Remover,Primus,150,300,Household > Laundry,"milk,soy",7613791805520,2022-05-04
UK-00158,Vivara Heavy Duty Dish Soap,Vivara,500,100,Household > Dishwash,"eggs,milk,gluten",0430068486667,2018-12-04
UK-00159,Novix Vinegar Dressing,Novix,750,100,Food & Beverage > Condiments,"eggs,peanuts",1832856914632,2018-08-26
UK-00160,Sovara Gentle Face Wash,Sovara,75,400,Personal Care > Face Wash,"gluten,milk,peanuts,tree nuts",2102027588429,2022-03-04
UK-00161,Glicen Repair Conditioner,Glicen,75,50,Personal Care > Conditioner,"fish,peanuts",8149177850796,2019-11-15
UK-00162,Verdant 48hr Spray Deodorant,Verdant,75,75,Personal Care > Deodorant,sesame,0003075622085,2022-09-14
00163,Cristalix Brightening Face Wash,Cristalix,300,250,Personal Care > Face Wash,"eggs,tree nuts",1802380617446,2021-09-02
UK-00164,Cryston Colour Protect Shampoo,Cryston,50,250,Personal Care > Shampoo,peanuts,9493759738323,2018-01-27
UK-00165,Plexum Antibacterial Hand Wash,Plexum,500,250,Personal Care > Hand Wash,,5064138367027,2021-02-20
UK-00166,Plexum Hydrating Shampoo,Plexum,500,300,Personal Care > Shampoo,"shellfish,eggs",9182619906230,2021-04-09
UK-00167,Cladis SPF Moisturiser,Cladis,250,250,Personal Care > Moisturiser,"peanuts,soy,eggs",3291212775610,2022-01-07
UK-00168,Frostine Exfoliating Face Scrub,Frostine,400,200,Personal Care > Face Wash,,1249035213569,2023-10-05
UK-00169,Verdant Nourishing Body Cleanser,Verdant,100,50,Personal Care > Body Wash,"shellfish,sesame,soy",1712100323659,2018-12-11
UK-00170,Verdant Eco Dish Liquid,Verdant,75,50,Household > Dishwash,,3721510702969,2022-06-06
UK-00171,Motivo Multi-Surface Spray,Motivo,1000,300,Household > Surface Cleaner,tree nuts,3244720999344,2023-08-06
UK-00172,Velaris Aloe Hand Wash,Velaris,50,75,Personal Care > Hand Wash,"fish,wheat",6383806578756,2023-08-20
UK-00173,Nuvelo Sensitive Deodorant,Nuvelo,100,50,Personal Care > Deodorant,"gluten,soy",0407859321339,2020-12-27
UK-00174,Krisol Liquid Laundry Detergent,Krisol,150,300,Household > Laundry,"wheat,gluten",3955905992936,2023-07-10
UK-00175,Kaleo Fabric Softener,Kaleo,400,50,Household > Laundry,,0393087059321,2021-10-27
UK-00176,Toreva Mixed Nuts Blend,Toreva,50,50,Food & Beverage > Snacks,gluten,2185156915458,2019-07-13
UK-00177,XXX-Teraxis Volumising Conditioner,Teraxis,400,250,Personal Care > Conditioner,sesame,9539264422095,2022-05-23
UK-00178,Kaleo Dish Liquid,Kaleo,750,250,Household > Dishwash,"soy,eggs,shellfish,sesame",5135521570437,2020-10-19
UK-00179,Zenpur Salted Crackers,Zenpur,200,75,Food & Beverage > Snacks,,0676267658614,2023-05-18
UK-00180,Nexpur Dishwasher Tablets,Nexpur,400,75,Household > Dishwash,,4054115262187,2019-01-17
00181,Lumeva Whitening Deodorant,Lumeva,400,50,Personal Care > Deodorant,"wheat,fish,gluten",0153368844431,2019-01-28
UK-00182,Clarity Deep Clean Body Wash,Clarity,500,400,Personal Care > Body Wash,milk,5061497310329,2021-04-10
UK-00183,Glova Repair Shampoo,Glova,200,300,Personal Care > Shampoo,"shellfish,peanuts,eggs",8625652704773,2020-12-14
UK-00184,Clarity Brightening Face Wash,Clarity,50,100,Personal Care > Face Wash,,1586938068682,2023-04-29
UK-00185,Velaris Dishwasher Tablets,Velaris,200,75,Household > Dishwash,"milk,sesame,wheat",1722332061632,2019-08-29
UK-00186,Toreva Rinse Aid,Toreva,75,75,Household > Dishwash,"sesame,fish,tree nuts",4870998616226,2019-02-15
UK-00187,Arovia Colour Protect Shampoo,Arovia,75,200,Personal Care > Shampoo,"tree nuts,fish,peanuts,soy",7997024629962,2018-06-08
UK-00188,Nuarix Fragrance-Free Hand Wash,Nuarix,150,50,Personal Care > Hand Wash,"peanuts,tree nuts,milk",5444713247546,2022-09-04
UK-00189,Serafix Dish Liquid,Serafix,400,150,Household > Dishwash,"shellfish,sesame,tree nuts",0821486289020,2020-02-29
UK-00190,DUMMY-Cristalix Gentle Face Wash,Cristalix,50,400,Personal Care > Face Wash,,5345786103572,2023-01-02
UK-00191,Frosten Volumising Conditioner,Frosten,500,250,Personal Care > Conditioner,"wheat,peanuts",1406029333348,2022-08-05
UK-00192,Arovia Liquid Laundry Detergent,Arovia,1000,50,Household > Laundry,"wheat,gluten,milk",3494466574378,2021-05-22
UK-00193,Lumeva Vinegar Dressing,Lumeva,300,75,Food & Beverage > Condiments,,8589944171547,2021-08-24
UK-00194,Gleam SPF Moisturiser,Gleam,1000,200,Personal Care > Moisturiser,wheat,8309652074462,2022-07-16
UK-00195,Frosten Antibacterial Hand Wash,Frosten,750,150,Personal Care > Hand Wash,"soy,sesame",7584282417242,2020-01-20
UK-00196,Gleam Mustard Sauce,Gleam,2.54,150,Food & Beverage > Condiments,"soy,peanuts",6554947170998,2018-10-19
UK-00197,Primus Kitchen Cleaner,Primus,75,300,Household > Surface Cleaner,"peanuts,fish,milk,sesame",2235697252175,2021-09-24
UK-00198,Toreva Mayonnaise,Toreva,1000,50,Food & Beverage > Condiments,,7432927129664,2022-07-11
UK-00199,Motivo Foaming Hand Wash,Motivo,50,50,Personal Care > Hand Wash,"soy,tree nuts,milk,wheat",8300335421689,2021-06-07
UK-00200,Vanta Deep Conditioner,Vanta,200,200,Personal Care > Conditioner,"sesame,gluten,tree nuts",6257532603320,2020-05-15
UK-00201,Frosten Salted Crackers,Frosten,500,100,Food & Beverage > Snacks,,5064890901002,2019-04-20
00202,Motivo Foaming Hand Wash,Motivo,75,500,Personal Care > Hand Wash,"shellfish,wheat",3046184992615,2023-09-27
UK-00203,Glova Oat Protein Bar,Glova,200,75,Food & Beverage > Snacks,,7393483564200,2023-07-27
UK-00204,Qualis Exfoliating Face Scrub,Qualis,150,50,Personal Care > Face Wash,,1197218114373,2021-04-27
UK-00205,Oralix Intensive Moisturiser,Oralix,75,100,Personal Care > Moisturiser,,4556110022556,2022-11-28
UK-00206,Glicen Rinse Aid,Glicen,75,250,Household > Dishwash,"wheat,eggs",6674676212025,2019-03-01
UK-00207,Velaris Aloe Hand Wash,Velaris,750,400,Personal Care > Hand Wash,gluten,6590277167017,2020-12-07
UK-00208,Zephyr Mustard Sauce,Zephyr,1000,500,Food & Beverage > Condiments,"gluten,soy,tree nuts,peanuts",8916375628904,2018-02-17
UK-00209,Primus Mayonnaise,Primus,400,400,Food & Beverage > Condiments,eggs,7535408386638,2018-11-19
00210,Clarity Glass Cleaner,Clarity,400,75,Household > Surface Cleaner,"shellfish,tree nuts,eggs",7016608801997,2021-06-01
UK-00211,Aurova Stain Remover,Aurova,1000,400,Household > Laundry,"tree nuts,milk",3758997571139,2018-01-09
UK-00212,Teraxis Sport Deodorant,Teraxis,200,500,Personal Care > Deodorant,"tree nuts,eggs,milk,sesame",7261493316372,2020-02-20
UK-00213,Solven Granola Bar,Solven,300,50,Food & Beverage > Snacks,"eggs,shellfish,sesame,tree nuts",9827080869782,2019-12-27
UK-00214,Kaleo Oat Protein Bar,Kaleo,100,75,Food & Beverage > Snacks,"gluten,tree nuts,fish",6934654722695,2023-09-30
UK-00215,Toreva Lightweight Lotion,Toreva,500,150,Personal Care > Moisturiser,soy,9452288515874,2022-09-06
UK-00216,Elaris Vinegar Dressing,Elaris,300,50,Food & Beverage > Condiments,"eggs,milk,fish,gluten",0034244204382,2018-05-13
UK-00217,Solven Sensitive Deodorant,Solven,750,500,Personal Care > Deodorant,sesame,6384066658004,2020-10-26
UK-00218,Arovia Hydrating Face Wash,Arovia,400,150,Personal Care > Face Wash,"gluten,sesame",9334721228162,2018-06-16
UK-00219,Luxara Fragrance-Free Hand Wash,Luxara,200,100,Personal Care > Hand Wash,gluten,4057202590941,2023-07-03
UK-00220,Zenpur Eco Dish Liquid,Zenpur,75,250,Household > Dishwash,"soy,wheat,eggs,fish",8268861533552,2022-01-17
UK-00221,Krisol Night Cream,Krisol,750,500,Personal Care > Moisturiser,"sesame,milk,eggs",5739930561644,2021-03-04
UK-00222,Arovia Sensitive Skin Body Wash,Arovia,250,500,Personal Care > Body Wash,"shellfish,gluten,milk,wheat",3581128801337,2022-10-04
00223,Novix Volumising Shampoo,Novix,300,75,Personal Care > Shampoo,milk,7501102481931,2020-11-25
UK-00224,Orinum Foaming Hand Wash,Orinum,1000,300,Personal Care > Hand Wash,"tree nuts,milk,fish",1809190158145,2021-05-19
UK-00225,Elaris Dish Liquid,Elaris,400,300,Household > Dishwash,"milk,shellfish,wheat",8326842450882,2019-08-03
UK-00226,Zephyr Hydrating Shampoo,Zephyr,750,300,Personal Care > Shampoo,"sesame,eggs,peanuts,gluten",5368222394310,2020-01-13
UK-00227,Oralix Vinegar Dressing,Oralix,500,400,Food & Beverage > Condiments,"eggs,peanuts,gluten,wheat",1397552314914,2020-03-03
UK-00228,Orinum Sensitive Deodorant,Orinum,250,200,Personal Care > Deodorant,"wheat,tree nuts,sesame,soy",2053364525779,2022-12-30
UK-00229,Solaris Sport Deodorant,Solaris,500,75,Personal Care > Deodorant,gluten,1428341108091,2022-07-18
UK-00230,Vanta Dishwasher Tablets,Vanta,500,200,Household > Dishwash,"sesame,shellfish,wheat,gluten",6394278816581,2018-02-13
UK-00231,Lumeva Mayonnaise,Lumeva,1000,100,Food & Beverage > Condiments,"wheat,shellfish,gluten,eggs",9927503731457,2020-08-16
UK-00232,Alteva Refreshing Shower Gel,Alteva,250,300,Personal Care > Body Wash,"shellfish,milk,sesame",5184498926655,2018-11-15
UK-00233,Motivo Fabric Softener,Motivo,150,500,Household > Laundry,"tree nuts,gluten,shellfish",7908272318430,2019-09-08
UK-00234,Vivara Leave-In Conditioner,Vivara,750,75,Personal Care > Conditioner,fish,5177739260304,2019-06-08
UK-00235,Nexpur Eco Dish Liquid,Nexpur,100,500,Household > Dishwash,,9202428699045,2018-12-18
UK-00236,Aevum Exfoliating Face Scrub,Aevum,400,400,Personal Care > Face Wash,soy,6929298425798,2018-10-09
UK-00237,Motivo Exfoliating Face Scrub,Motivo,100,75,Personal Care > Face Wash,,3886291279908,2023-12-17
UK-00238,XXX-Helix Liquid Laundry Detergent,Helix,400,100,Household > Laundry,"sesame,milk,fish,peanuts",6508637659911,2022-10-09
UK-00239,Velaris Repair Conditioner,Velaris,150,75,Personal Care > Conditioner,"gluten,sesame",6430098180638,2021-07-17
UK-00240,Solven Fragrance-Free Hand Wash,Solven,100,300,Personal Care > Hand Wash,"peanuts,gluten,fish,sesame",5946368872581,2023-06-05
UK-00241,Clarity SPF Moisturiser,Clarity,250,300,Personal Care > Moisturiser,eggs,3721386589022,2022-05-13
UK-00242,Helix Tomato Ketchup,Helix,100,400,Food & Beverage > Condiments,"fish,eggs,sesame,wheat",3519066984904,2019-12-19
UK-00243,Orinum Hot Chilli Sauce,Orinum,50,150,Food & Beverage > Condiments,"peanuts,soy,milk,fish",9883920530212,2021-02-04
UK-00244,Polvera Fragrance-Free Hand Wash,Polvera,300,300,Personal Care > Hand Wash,"soy,sesame,milk,tree nuts",1184895543930,2023-02-06
UK-00245,Zephyr Aloe Hand Wash,Zephyr,200,100,Personal Care > Hand Wash,"sesame,eggs,gluten",8451848947699,2023-06-04
UK-00246,Arovia Brightening Face Wash,Arovia,400,400,Personal Care > Face Wash,"milk,shellfish,eggs,wheat",1633565880436,2021-03-22
UK-00247,Solvix Repair Shampoo,Solvix,250,75,Personal Care > Shampoo,"wheat,shellfish,tree nuts,gluten",3942373334337,2020-04-10
UK-00248,Zenpur Hydrating Face Wash,Zenpur,100,75,Personal Care > Face Wash,,1790807595791,2021-01-30
UK-00249,Krisol Kitchen Cleaner,Krisol,500,200,Household > Surface Cleaner,"soy,wheat,milk",8678085627188,2023-02-28
UK-00250,Zephyr 24hr Roll-On Deodorant,Zephyr,1000,150,Personal Care > Deodorant,"gluten,eggs,tree nuts",5942843479559,2020-01-24
UK-00251,Aurova Glass Cleaner,Aurova,300,250,Household > Surface Cleaner,"fish,peanuts",7292931438660,2020-03-14
UK-00252,Velaris Leave-In Conditioner,Velaris,1.69,100,Personal Care > Conditioner,"shellfish,wheat,tree nuts",7448906120348,2023-05-06
UK-00253,Orinum Tomato Ketchup,Orinum,250,200,Food & Beverage > Condiments,"tree nuts,sesame",8450615939981,2019-12-16
UK-00254,Toreva SPF Moisturiser,Toreva,1000,500,Personal Care > Moisturiser,"shellfish,eggs,fish",9472256996115,2019-10-26
UK-00255,Toreva 48hr Spray Deodorant,Toreva,250,200,Personal Care > Deodorant,"gluten,fish",4759876220239,2020-10-27
UK-00256,Aurova Salted Crackers,Aurova,100,300,Food & Beverage > Snacks,,1178006811490,2019-09-29
UK-00257,Frostine Repair Shampoo,Frostine,150,150,Personal Care > Shampoo,"shellfish,wheat",2820055778482,2022-12-28
UK-00258,Kaleo Smooth & Shine Conditioner,Kaleo,750,400,Personal Care > Conditioner,"fish,sesame,peanuts,wheat",7831745642407,2018-01-01
UK-00259,Zenpur Laundry Powder,Zenpur,200,400,Household > Laundry,"milk,shellfish,sesame,wheat",0649308536868,2022-06-05
00260,Hevara Oil Control Face Wash,Hevara,1000,300,Personal Care > Face Wash,"soy,peanuts,eggs",6389448463122,2019-07-14
UK-00261,Teraxis Daily Moisturiser,Teraxis,400,400,Personal Care > Moisturiser,"gluten,shellfish",3502080214423,2022-12-01
UK-00262,TEST-Plexum Salted Crackers,Plexum,75,100,Food & Beverage > Snacks,,7356475705128,2018-08-18
UK-00263,Purevex Intensive Moisturiser,Purevex,500,400,Personal Care > Moisturiser,soy,4601367303719,2023-11-05
UK-00264,Velaris Mayonnaise,Velaris,300,200,Food & Beverage > Condiments,"wheat,milk",8814743503139,2022-11-14
UK-00265,Nexpur 24hr Roll-On Deodorant,Nexpur,200,75,Personal Care > Deodorant,"soy,milk,sesame",9792513271954,2018-09-03
UK-00266,Gleam Nourishing Body Cleanser,Gleam,100,500,Personal Care > Body Wash,,2735857306521,2020-10-23
UK-00267,Hevara Deep Clean Body Wash,Hevara,400,500,Personal Care > Body Wash,"sesame,shellfish",3928557498217,2023-12-16
UK-00268,Elaris Volumising Conditioner,Elaris,200,500,Personal Care > Conditioner,"shellfish,milk",8620959351866,2020-02-17
UK-00269,Arovia Laundry Capsules,Arovia,500,100,Household > Laundry,"peanuts,tree nuts,fish,sesame",5118102203177,2020-02-24
00270,Clarity Hydrating Shampoo,Clarity,1000,300,Personal Care > Shampoo,"sesame,peanuts,milk",5391037170589,2022-08-31
UK-00271,Lumeva 24hr Roll-On Deodorant,Lumeva,200,500,Personal Care > Deodorant,,1413811386338,2023-11-26
UK-00272,Clarity Mayonnaise,Clarity,1000,100,Food & Beverage > Condiments,"sesame,fish,eggs,gluten",9576122868527,2023-12-27
UK-00273,Zenpur Heavy Duty Dish Soap,Zenpur,250,500,Household > Dishwash,"tree nuts,fish",6593983684571,2023-01-07
UK-00274,Glicen Antibacterial Hand Wash,Glicen,50,200,Personal Care > Hand Wash,"milk,sesame,wheat,shellfish",0433504888995,2019-09-26
UK-00275,Cryston Hydrating Shampoo,Cryston,250,100,Personal Care > Shampoo,peanuts,5933441969313,2021-08-22
UK-00276,Solaris Kitchen Cleaner,Solaris,750,75,Household > Surface Cleaner,"peanuts,milk,fish,sesame",0556613906043,2023-11-18
UK-00277,Novix Nourishing Body Cleanser,Novix,750,100,Personal Care > Body Wash,"sesame,soy",2067998136461,2019-08-30
UK-00278,Helix Repair Conditioner,Helix,400,50,Personal Care > Conditioner,"fish,peanuts,eggs,soy",8622783769381,2023-11-18
UK-00279,Purevex Oil Control Face Wash,Purevex,200,300,Personal Care > Face Wash,"gluten,eggs",1665535590427,2021-12-03
UK-00280,Lumeva Heavy Duty Dish Soap,Lumeva,100,400,Household > Dishwash,,3352110392405,2021-11-07
UK-00281,Frostine Salted Crackers,Frostine,400,400,Food & Beverage > Snacks,,5383388487928,2018-03-17
UK-00282,Polvera Aloe Hand Wash,Polvera,500,50,Personal Care > Hand Wash,"wheat,milk",4394070164516,2018-03-20
UK-00283,Plexum Intensive Moisturiser,Plexum,300,500,Personal Care > Moisturiser,,5798123878006,2020-10-10
UK-00284,DUMMY-Qualis Fabric Softener,Qualis,400,300,Household > Laundry,milk,5554384046086,2021-02-21
UK-00285,Qualis Oil Control Face Wash,Qualis,300,100,Personal Care > Face Wash,,6893639264950,2023-01-14
UK-00286,Aurova Laundry Powder,Aurova,1000,100,Household > Laundry,"sesame,soy,wheat,shellfish",8262925188122,2021-07-24
UK-00287,Krisol Deep Conditioner,Krisol,250,300,Personal Care > Conditioner,"peanuts,shellfish,gluten",2312209949997,2020-08-03
UK-00288,Plexum Dishwasher Tablets,Plexum,1000,50,Household > Dishwash,"eggs,shellfish",2897526772232,2020-07-15
UK-00289,Krisol Deep Clean Body Wash,Krisol,50,200,Personal Care > Body Wash,"soy,gluten,sesame",1279757366090,2022-04-08
UK-00290,Cladis Granola Bar,Cladis,750,500,Food & Beverage > Snacks,"milk,sesame,eggs,soy",7038860868037,2021-04-07
UK-00291,Frostine Glass Cleaner,Frostine,200,400,Household > Surface Cleaner,fish,4908277181292,2019-07-09
UK-00292,Toreva Foaming Hand Wash,Toreva,400,50,Personal Care > Hand Wash,shellfish,9371452111752,2018-12-16
UK-00293,Glicen Laundry Capsules,Glicen,500,100,Household > Laundry,"sesame,fish,milk",2592222064475,2021-03-28
UK-00294,Glova Mayonnaise,Glova,100,150,Food & Beverage > Condiments,,9407778097330,2023-05-03
UK-00295,Orinum Glass Cleaner,Orinum,75,50,Household > Surface Cleaner,sesame,4983022050207,2021-05-07
UK-00296,Oralix 24hr Roll-On Deodorant,Oralix,75,300,Personal Care > Deodorant,wheat,4999827950147,2021-08-15
UK-00297,Purevex Sensitive Deodorant,Purevex,300,500,Personal Care > Deodorant,,4721458683398,2018-08-27
UK-00298,Glicen Colour Protect Shampoo,Glicen,1000,500,Personal Care > Shampoo,,7946954899525,2023-07-27
UK-00299,Solaris Laundry Capsules,Solaris,100,150,Household > Laundry,"soy,milk",1071396605581,2020-05-19
UK-00300,Nuarix Refreshing Shower Gel,Nuarix,200,200,Personal Care > Body Wash,,4488501556992,2018-04-30
UK-00301,Qualis Leave-In Conditioner,Qualis,250,400,Personal Care > Conditioner,"milk,wheat,shellfish",2785760849585,2018-03-18
UK-00302,Solvix Hydrating Face Wash,Solvix,250,250,Personal Care > Face Wash,,2405682996296,2019-04-24
UK-00303,Hevara SPF Moisturiser,Hevara,50,200,Personal Care > Moisturiser,"eggs,shellfish,soy",5743842150315,2022-12-23
UK-00304,Velaris Liquid Laundry Detergent,Velaris,16.91,100,Household > Laundry,tree nuts,7845218230763,2023-11-10
UK-00305,Frostine Hydrating Shampoo,Frostine,50,75,Personal Care > Shampoo,"shellfish,milk",1840943533444,2023-12-21
UK-00306,Polvera Sensitive Deodorant,Polvera,75,200,Personal Care > Deodorant,wheat,4109881385858,2021-01-15
UK-00307,Clarity Repair Conditioner,Clarity,150,100,Personal Care > Conditioner,,4958702070165,2018-08-09
UK-00308,Cladis Repair Shampoo,Cladis,100,400,Personal Care > Shampoo,"tree nuts,peanuts,gluten,fish",3817921717477,2023-04-12
UK-00309,Brightway Oil Control Face Wash,Brightway,750,200,Personal Care > Face Wash,"fish,wheat",5577017157720,2021-03-02
UK-00310,TEST-Clarity Whitening Deodorant,Clarity,100,500,Personal Care > Deodorant,,6158148769632,2020-09-25
UK-00311,Velaris Laundry Powder,Velaris,300,75,Household > Laundry,"soy,fish",6958321971995,2023-03-12
UK-00312,Solven Whitening Deodorant,Solven,400,100,Personal Care > Deodorant,"fish,eggs",9196570132904,2019-08-24
UK-00313,Orinum Mayonnaise,Orinum,500,200,Food & Beverage > Condiments,"gluten,shellfish,soy",3549465190989,2022-07-14
UK-00314,Oralix Repair Conditioner,Oralix,250,500,Personal Care > Conditioner,,0851403696563,2022-07-22
UK-00315,Novix Foaming Hand Wash,Novix,150,100,Personal Care > Hand Wash,"wheat,soy,fish",5624220102761,2019-07-11
UK-00316,Gleam Volumising Shampoo,Gleam,300,400,Personal Care > Shampoo,"fish,wheat,shellfish,peanuts",6876532690972,2020-08-27
UK-00317,DUMMY-Nuvelo Oat Protein Bar,Nuvelo,300,500,Food & Beverage > Snacks,"tree nuts,milk,sesame,peanuts",7519712847818,2023-11-14
UK-00318,Cristalix Dish Liquid,Cristalix,400,75,Household > Dishwash,"gluten,peanuts,milk,wheat",8077879565444,2019-11-18
UK-00319,Tolvex Sensitive Skin Body Wash,Tolvex,200,200,Personal Care > Body Wash,,7929049047124,2023-09-02
UK-00320,Verdant Anti-Dandruff Shampoo,Verdant,100,200,Personal Care > Shampoo,"peanuts,milk",1929275243723,2023-12-01
UK-00321,Helix Nourishing Body Cleanser,Helix,100,100,Personal Care > Body Wash,"fish,gluten,soy",7239504102764,2023-05-05
UK-00322,Tolvex Intensive Moisturiser,Tolvex,500,150,Personal Care > Moisturiser,"fish,shellfish,peanuts",2860476580189,2021-12-20
UK-00323,Gleam Aloe Hand Wash,Gleam,200,250,Personal Care > Hand Wash,"peanuts,eggs",4967393852585,2018-02-13
UK-00324,Purevex Tomato Ketchup,Purevex,50,300,Food & Beverage > Condiments,,8175344300917,2018-08-21
UK-00325,Aevum Dishwasher Tablets,Aevum,1000,75,Household > Dishwash,,1926921244714,2023-02-01
UK-00326,Nuarix Intensive Moisturiser,Nuarix,1000,250,Personal Care > Moisturiser,"wheat,eggs",4066504427176,2020-04-01
UK-00327,Kaleo Heavy Duty Dish Soap,Kaleo,1000,400,Household > Dishwash,,2863917410113,2020-10-23
UK-00328,Solaris Multi-Surface Spray,Solaris,100,50,Household > Surface Cleaner,,6425690877666,2018-10-15
UK-00329,Zephyr Laundry Powder,Zephyr,300,400,Household > Laundry,,9855460158515,2023-02-26
UK-00330,Kaleo Night Cream,Kaleo,500,50,Personal Care > Moisturiser,"soy,peanuts,fish",1571732030935,2023-06-27
UK-00331,Novix Antibacterial Hand Wash,Novix,1000,200,Personal Care > Hand Wash,"sesame,shellfish,milk",0505061387829,2020-08-12
UK-00332,Tolvex Hydrating Shampoo,Tolvex,100,400,Personal Care > Shampoo,,7903202041792,2019-12-01
UK-00333,Solven Dish Liquid,Solven,75,400,Household > Dishwash,"gluten,soy,eggs,fish",3656519825305,2019-12-12
UK-00334,Glova 24hr Roll-On Deodorant,Glova,200,100,Personal Care > Deodorant,"wheat,tree nuts,gluten",7390219620711,2018-01-27
UK-00335,Helix Refreshing Shower Gel,Helix,1000,200,Personal Care > Body Wash,"shellfish,wheat,soy",2487632909273,2018-12-27
UK-00336,Zenpur Mustard Sauce,Zenpur,300,50,Food & Beverage > Condiments,"soy,gluten,eggs,peanuts",1958837340310,2019-09-04
00337,Solaris Hot Chilli Sauce,Solaris,100,100,Food & Beverage > Condiments,,0543645970104,2019-12-22
UK-00338,Solaris Deep Conditioner,Solaris,500,75,Personal Care > Conditioner,,3799563531539,2019-02-06
UK-00339,Serafix Exfoliating Face Scrub,Serafix,300,150,Personal Care > Face Wash,,7970623972653,2019-07-13
UK-00340,Teraxis Kitchen Cleaner,Teraxis,250,200,Household > Surface Cleaner,tree nuts,2090421776255,2020-06-19
UK-00341,Nexpur Lightweight Lotion,Nexpur,1000,100,Personal Care > Moisturiser,"sesame,soy,eggs,gluten",8739774063356,2022-11-14
UK-00342,Frosten Dishwasher Tablets,Frosten,100,50,Household > Dishwash,"milk,gluten,shellfish",8068671773182,2018-02-20
UK-00343,Aurova Rice Cakes,Aurova,100,250,Food & Beverage > Snacks,"soy,eggs",0742799077268,2020-01-28
UK-00344,Hevara Sensitive Deodorant,Hevara,1000,50,Personal Care > Deodorant,,6580464989317,2021-10-07
UK-00345,Primus Salted Crackers,Primus,33.81,250,Food & Beverage > Snacks,,1657905528185,2020-04-18
UK-00346,Cristalix Repair Conditioner,Cristalix,500,75,Personal Care > Conditioner,"gluten,soy,sesame",5548640155773,2023-08-16
UK-00347,Velaris Liquid Laundry Detergent,Velaris,500,500,Household > Laundry,"shellfish,tree nuts",1371162411249,2019-04-04
UK-00348,Solaris Mixed Nuts Blend,Solaris,100,150,Food & Beverage > Snacks,"milk,peanuts,fish,tree nuts",8275670431030,2023-10-30
UK-00349,Purelix Mustard Sauce,Purelix,750,250,Food & Beverage > Condiments,"shellfish,sesame",8774924243752,2021-03-26
UK-00350,Zenpur Refreshing Shower Gel,Zenpur,200,400,Personal Care > Body Wash,gluten,2842222310592,2019-06-03
UK-00351,Vivara Bathroom Cleaner,Vivara,100,150,Household > Surface Cleaner,"milk,tree nuts,sesame,eggs",5782841067279,2021-08-04
UK-00352,Tolvex Deep Conditioner,Tolvex,500,500,Personal Care > Conditioner,"peanuts,shellfish",4929751702819,2021-06-15
UK-00353,Lumeva Deep Clean Body Wash,Lumeva,150,400,Personal Care > Body Wash,"eggs,tree nuts",0939834301871,2018-12-24
UK-00354,Serafix Laundry Capsules,Serafix,400,250,Household > Laundry,"gluten,sesame,milk,tree nuts",5626565045543,2022-12-31
UK-00355,Aurova Liquid Laundry Detergent,Aurova,400,300,Household > Laundry,"peanuts,wheat,fish",6299123478511,2022-03-20
00356,Purelix Hydrating Shampoo,Purelix,1000,200,Personal Care > Shampoo,"wheat,sesame,shellfish",9232648704946,2023-07-17
UK-00357,Plexum Laundry Capsules,Plexum,50,50,Household > Laundry,peanuts,4714627301476,2018-10-01
UK-00358,Frosten Rinse Aid,Frosten,400,300,Household > Dishwash,"shellfish,eggs",5890429025723,2022-01-03
UK-00359,Nuvelo Deep Conditioner,Nuvelo,250,300,Personal Care > Conditioner,"milk,peanuts",4818321928554,2021-05-18
UK-00360,Solven SPF Moisturiser,Solven,500,250,Personal Care > Moisturiser,milk,2845765213283,2020-06-24
UK-00361,Lumeva Hydrating Face Wash,Lumeva,500,500,Personal Care > Face Wash,"eggs,fish,shellfish,milk",1207545279857,2019-12-07
UK-00362,Luminos Granola Bar,Luminos,75,150,Food & Beverage > Snacks,wheat,3423216110764,2018-06-24
UK-00363,Vanta Gentle Face Wash,Vanta,1000,500,Personal Care > Face Wash,"milk,shellfish,eggs,wheat",0140119393256,2018-04-30
UK-00364,Tolvex Volumising Shampoo,Tolvex,200,250,Personal Care > Shampoo,"wheat,sesame",9389119083342,2019-12-05
UK-00365,Glicen Liquid Laundry Detergent,Glicen,75,150,Household > Laundry,"shellfish,tree nuts,wheat,soy",1256638361511,2023-03-24
UK-00366,Tresol Colour Protect Shampoo,Tresol,400,250,Personal Care > Shampoo,"sesame,milk",1571647947380,2022-07-27
UK-00367,Serafix Intensive Moisturiser,Serafix,75,400,Personal Care > Moisturiser,"wheat,milk",7167811266919,2019-11-23
UK-00368,Serafix Anti-Dandruff Shampoo,Serafix,250,150,Personal Care > Shampoo,"fish,eggs,soy,gluten",6749946579679,2023-09-26
UK-00369,Arovia Night Cream,Arovia,400,75,Personal Care > Moisturiser,,4773201017028,2022-04-17
UK-00370,Brightway Rinse Aid,Brightway,200,75,Household > Dishwash,,8773477848582,2018-03-14
UK-00371,Glova Deep Clean Body Wash,Glova,300,400,Personal Care > Body Wash,"fish,shellfish",7002842762460,2023-06-20
UK-00372,Solvix Colour Protect Shampoo,Solvix,400,500,Personal Care > Shampoo,"gluten,shellfish,sesame,peanuts",2806479695451,2018-09-09
UK-00373,Vanta Sensitive Skin Body Wash,Vanta,100,250,Personal Care > Body Wash,"gluten,milk",5616556503336,2021-07-02
UK-00374,Nuarix Dish Liquid,Nuarix,75,200,Household > Dishwash,,5208507698644,2018-03-25
UK-00375,DUMMY-Frosten Rice Cakes,Frosten,50,250,Food & Beverage > Snacks,"gluten,fish,tree nuts",9171357852947,2022-01-28
UK-00376,Solaris Moisturising Hand Wash,Solaris,1000,75,Personal Care > Hand Wash,"soy,peanuts,sesame,milk",4963919195419,2023-12-16
UK-00377,Aurova Glass Cleaner,Aurova,250,75,Household > Surface Cleaner,"sesame,peanuts",6853664987828,2018-03-18
UK-00378,Kaleo Vinegar Dressing,Kaleo,750,400,Food & Beverage > Condiments,shellfish,4896908357232,2019-09-09
UK-00379,Sovara Granola Bar,Sovara,300,250,Food & Beverage > Snacks,,3644249363129,2020-02-26
UK-00380,Frostine Refreshing Shower Gel,Frostine,400,400,Personal Care > Body Wash,"fish,gluten,milk,eggs",2420448207003,2018-12-10
UK-00381,Frostine Whitening Deodorant,Frostine,75,300,Personal Care > Deodorant,"eggs,fish",2319818984715,2020-09-02
UK-00382,Arovia Dish Liquid,Arovia,250,250,Household > Dishwash,"fish,soy,gluten,eggs",2123476490781,2022-03-15
UK-00383,Toreva Salted Crackers,Toreva,500,300,Food & Beverage > Snacks,"soy,peanuts,wheat",5754090034869,2021-06-20
UK-00384,Solvix Mustard Sauce,Solvix,75,500,Food & Beverage > Condiments,shellfish,6064413432753,2022-07-23
UK-00385,Helix Nourishing Body Cleanser,Helix,400,400,Personal Care > Body Wash,"tree nuts,fish,eggs",2481569857003,2020-01-23
UK-00386,Gleam Hot Chilli Sauce,Gleam,100,50,Food & Beverage > Condiments,"soy,peanuts,tree nuts",9112382965776,2019-07-01
UK-00387,Solvix Night Cream,Solvix,750,250,Personal Care > Moisturiser,"soy,eggs",6526693008931,2018-12-31
UK-00388,Verdant Kitchen Cleaner,Verdant,100,50,Household > Surface Cleaner,"gluten,fish,peanuts",2152910867711,2020-07-08
UK-00389,Serafix Mixed Nuts Blend,Serafix,200,200,Food & Beverage > Snacks,"fish,wheat,gluten",3934362620446,2020-08-22
UK-00390,Cristalix Heavy Duty Dish Soap,Cristalix,250,400,Household > Dishwash,,0725636694118,2018-08-29
UK-00391,Cristalix Nourishing Body Cleanser,Cristalix,400,250,Personal Care > Body Wash,"gluten,milk,sesame,wheat",8964652809249,2019-11-27
UK-00392,Qualis Laundry Capsules,Qualis,400,100,Household > Laundry,,5862415027455,2022-10-28
UK-00393,Lumeva SPF Moisturiser,Lumeva,200,500,Personal Care > Moisturiser,"fish,wheat",5728703203201,2023-04-11
UK-00394,Hevara Night Cream,Hevara,400,300,Personal Care > Moisturiser,,7075877712151,2019-01-19
UK-00395,DUMMY-Kaleo Brightening Face Wash,Kaleo,100,500,Personal Care > Face Wash,"gluten,soy",9089261371501,2021-03-10
UK-00396,Cladis Tomato Ketchup,Cladis,250,75,Food & Beverage > Condiments,"wheat,milk",1777490509755,2019-06-14
UK-00397,Gleam Gentle Face Wash,Gleam,200,250,Personal Care > Face Wash,,1896164236107,2020-05-02
UK-00398,Arovia Volumising Conditioner,Arovia,300,200,Personal Care > Conditioner,eggs,4764925158371,2022-12-30
UK-00399,Nuvelo Foaming Hand Wash,Nuvelo,750,300,Personal Care > Hand Wash,,6592661085730,2019-09-28
UK-00400,Teraxis Disinfectant Spray,Teraxis,1000,500,Household > Surface Cleaner,,4761742243860,2021-04-25
UK-00401,Luxara Dish Liquid,Luxara,75,50,Household > Dishwash,"eggs,sesame,fish,soy",1794549180178,2020-01-06
UK-00402,Vanta Volumising Conditioner,Vanta,75,300,Personal Care > Conditioner,"tree nuts,shellfish",7945232194161,2023-12-29
UK-00403,Cladis Moisturising Body Wash,Cladis,75,50,Personal Care > Body Wash,shellfish,7697499564125,2019-07-08
UK-00404,Glova Refreshing Shower Gel,Glova,50,150,Personal Care > Body Wash,,3723683147271,2022-09-25
UK-00405,Nexpur Moisturising Body Wash,Nexpur,100,400,Personal Care > Body Wash,"shellfish,milk,gluten",9334960501668,2023-07-24
UK-00406,Aevum Oat Protein Bar,Aevum,500,200,Food & Beverage > Snacks,,7678997308060,2021-07-17
UK-00407,Nuvelo Liquid Laundry Detergent,Nuvelo,1000,300,Household > Laundry,"eggs,shellfish,tree nuts",7602437573831,2021-10-21
UK-00408,Tresol Heavy Duty Dish Soap,Tresol,200,300,Household > Dishwash,"tree nuts,shellfish,wheat",9341722329712,2022-08-31
UK-00409,Cristalix Bathroom Cleaner,Cristalix,150,500,Household > Surface Cleaner,,0545228015615,2020-07-17
UK-00410,DUMMY-Plexum Colour Protect Shampoo,Plexum,400,200,Personal Care > Shampoo,"tree nuts,milk",8428910771193,2019-02-22
UK-00411,Primus Liquid Laundry Detergent,Primus,75,100,Household > Laundry,,3524787125529,2019-05-19
UK-00412,Purelix Exfoliating Face Scrub,Purelix,1.69,150,Personal Care > Face Wash,"tree nuts,peanuts,wheat",1456532863269,2022-08-21
UK-00413,Alteva Foaming Hand Wash,Alteva,1000,250,Personal Care > Hand Wash,,7208115562601,2022-05-30
UK-00414,Clarity Refreshing Shower Gel,Clarity,50,500,Personal Care > Body Wash,"fish,gluten",8455048926737,2022-12-17
UK-00415,Gleam Granola Bar,Gleam,300,150,Food & Beverage > Snacks,"eggs,milk",8562884318845,2023-11-06
UK-00416,Luminos 48hr Spray Deodorant,Luminos,50,500,Personal Care > Deodorant,"peanuts,soy,gluten,tree nuts",6810548510176,2021-05-05
UK-00417,Cryston Dish Liquid,Cryston,250,150,Household > Dishwash,"gluten,sesame,soy,wheat",4492683158936,2022-01-19
UK-00418,Brightway Multi-Surface Spray,Brightway,300,300,Household > Surface Cleaner,,1062737158699,2023-10-27
UK-00419,Frosten Fragrance-Free Hand Wash,Frosten,400,300,Personal Care > Hand Wash,"shellfish,fish,wheat",2827728813778,2018-05-14
UK-00420,Luxara Mixed Nuts Blend,Luxara,250,75,Food & Beverage > Snacks,"fish,eggs,sesame,wheat",9408215454471,2018-04-25
UK-00421,Frosten Leave-In Conditioner,Frosten,300,50,Personal Care > Conditioner,"peanuts,soy",2701851067942,2023-01-27
UK-00422,Velaris Sensitive Deodorant,Velaris,750,100,Personal Care > Deodorant,sesame,7772519966360,2021-10-20
UK-00423,Polvera Liquid Laundry Detergent,Polvera,400,200,Household > Laundry,,2094818139890,2018-08-05
UK-00424,Serafix Eco Dish Liquid,Serafix,400,500,Household > Dishwash,,1820433971895,2021-08-05
UK-00425,Vanta Aloe Hand Wash,Vanta,400,50,Personal Care > Hand Wash,"fish,wheat",6085641118240,2019-08-13
UK-00426,Arovia Repair Conditioner,Arovia,75,100,Personal Care > Conditioner,"fish,wheat",0952004615264,2021-08-20
UK-00427,Glova Intensive Moisturiser,Glova,50,150,Personal Care > Moisturiser,gluten,9378861405786,2022-07-26
UK-00428,Luminos Repair Shampoo,Luminos,300,150,Personal Care > Shampoo,,4891382496712,2023-08-12
UK-00429,Vivara Oil Control Face Wash,Vivara,500,100,Personal Care > Face Wash,sesame,6870079420078,2021-01-24
UK-00430,Solvix Rinse Aid,Solvix,300,250,Household > Dishwash,gluten,8402891416120,2021-02-18
UK-00431,Lumeva Moisturising Hand Wash,Lumeva,500,250,Personal Care > Hand Wash,"peanuts,shellfish",4355379502096,2023-05-06
UK-00432,Solvix Moisturising Body Wash,Solvix,100,300,Personal Care > Body Wash,"shellfish,fish,eggs,sesame",1807156956200,2019-05-27
UK-00433,Serafix Bathroom Cleaner,Serafix,400,50,Household > Surface Cleaner,milk,4531943375048,2023-07-12
UK-00434,DUMMY-Aurova Oat Protein Bar,Aurova,50,150,Food & Beverage > Snacks,"eggs,peanuts,shellfish",2839992192121,2020-11-29
UK-00435,Alteva Dishwasher Tablets,Alteva,200,150,Household > Dishwash,,8948706056643,2019-05-14
UK-00436,Cryston Vinegar Dressing,Cryston,400,250,Food & Beverage > Condiments,"milk,soy,gluten,wheat",6875063519035,2022-10-02
UK-00437,Serafix Volumising Shampoo,Serafix,100,250,Personal Care > Shampoo,"eggs,gluten",0760954317356,2018-08-11
UK-00438,Cristalix Whitening Deodorant,Cristalix,75,400,Personal Care > Deodorant,,7911006512073,2018-08-13
UK-00439,Teraxis Lightweight Lotion,Teraxis,300,75,Personal Care > Moisturiser,,0804661963991,2018-02-13
UK-00440,Cryston Glass Cleaner,Cryston,300,75,Household > Surface Cleaner,"milk,shellfish",8593110919390,2019-06-01
UK-00441,Verdant Vinegar Dressing,Verdant,250,300,Food & Beverage > Condiments,"gluten,shellfish,wheat",3200249685496,2019-08-20
UK-00442,Frostine Volumising Conditioner,Frostine,750,250,Personal Care > Conditioner,"tree nuts,milk",8920388065335,2020-04-04
UK-00443,Serafix Anti-Dandruff Shampoo,Serafix,1000,400,Personal Care > Shampoo,"gluten,tree nuts,sesame",9465217073031,2020-08-01
UK-00444,Aurova Disinfectant Spray,Aurova,150,400,Household > Surface Cleaner,"fish,soy",6205015081240,2022-12-09
UK-00445,Krisol Hydrating Face Wash,Krisol,250,50,Personal Care > Face Wash,,3342342583238,2018-03-30
UK-00446,Solven Repair Conditioner,Solven,50,100,Personal Care > Conditioner,"eggs,tree nuts,soy",4735528961125,2019-06-20
UK-00447,Novix Oil Control Face Wash,Novix,300,250,Personal Care > Face Wash,"gluten,fish",3099384253048,2019-06-02
UK-00448,Solaris Stain Remover,Solaris,150,75,Household > Laundry,"gluten,eggs,wheat",8685787255878,2023-07-20
UK-00449,Frosten Bathroom Cleaner,Frosten,300,50,Household > Surface Cleaner,soy,3736346692544,2018-12-14
UK-00450,Elaris Deep Conditioner,Elaris,400,500,Personal Care > Conditioner,"soy,milk",7895677665750,2021-01-23
UK-00451,Kaleo Antibacterial Hand Wash,Kaleo,400,150,Personal Care > Hand Wash,"eggs,tree nuts",1488814311151,2018-06-06
UK-00452,Qualis Laundry Powder,Qualis,150,250,Household > Laundry,"peanuts,gluten",3928404456698,2018-02-18
UK-00453,Krisol Disinfectant Spray,Krisol,100,300,Household > Surface Cleaner,soy,3738987751536,2022-10-23
UK-00454,Aurova Rice Cakes,Aurova,400,400,Food & Beverage > Snacks,"milk,tree nuts,wheat,peanuts",2407553666840,2021-08-28
UK-00455,Clarity Dish Liquid,Clarity,50,100,Household > Dishwash,tree nuts,9999663618633,2023-04-29
UK-00456,Clarity Anti-Dandruff Shampoo,Clarity,400,200,Personal Care > Shampoo,,2182097023167,2021-03-08
UK-00457,Elaris Oil Control Face Wash,Elaris,1000,500,Personal Care > Face Wash,,7058025662126,2022-09-10
00458,Motivo Multi-Surface Spray,Motivo,150,100,Household > Surface Cleaner,peanuts,6729949387433,2018-01-31
UK-00459,Purevex Volumising Conditioner,Purevex,300,150,Personal Care > Conditioner,"tree nuts,shellfish,sesame,soy",9014754692634,2020-01-06
UK-00460,Cryston Heavy Duty Dish Soap,Cryston,300,100,Household > Dishwash,"eggs,fish,milk,gluten",2484137681512,2019-03-07
UK-00461,Purelix Fabric Softener,Purelix,400,100,Household > Laundry,"soy,sesame",0701765636007,2020-10-23
UK-00462,Toreva Volumising Shampoo,Toreva,1000,400,Personal Care > Shampoo,"shellfish,eggs,sesame",8372742209129,2021-04-19
UK-00463,Tolvex Colour Protect Shampoo,Tolvex,300,100,Personal Care > Shampoo,,0427523083707,2023-11-12
UK-00464,Motivo Tomato Ketchup,Motivo,200,400,Food & Beverage > Condiments,,9006335331063,2018-04-25
UK-00465,Serafix Nourishing Body Cleanser,Serafix,1000,75,Personal Care > Body Wash,eggs,2206815583938,2022-06-07
UK-00466,Plexum Antibacterial Hand Wash,Plexum,150,75,Personal Care > Hand Wash,"tree nuts,wheat",0650637314959,2018-06-29
UK-00467,Purelix Volumising Shampoo,Purelix,200,400,Personal Care > Shampoo,,8924195625256,2023-05-29
UK-00468,Luminos Anti-Dandruff Shampoo,Luminos,750,400,Personal Care > Shampoo,"sesame,soy,milk",3091436391029,2022-03-15
UK-00469,Serafix Bathroom Cleaner,Serafix,100,300,Household > Surface Cleaner,milk,3975245086409,2020-07-27
UK-00470,Qualis Granola Bar,Qualis,150,150,Food & Beverage > Snacks,"milk,soy,sesame,peanuts",6852701713024,2020-04-16
UK-00471,Kaleo Deep Conditioner,Kaleo,750,500,Personal Care > Conditioner,soy,8167423362930,2021-05-26
UK-00472,Orinum Lightweight Lotion,Orinum,1000,150,Personal Care > Moisturiser,"shellfish,eggs",5662776896277,2018-03-23
UK-00473,Helix Foaming Hand Wash,Helix,200,500,Personal Care > Hand Wash,sesame,2467474689717,2021-09-26
UK-00474,Serafix Volumising Conditioner,Serafix,100,150,Personal Care > Conditioner,,0857666567497,2018-10-19
UK-00475,Glova Antibacterial Hand Wash,Glova,300,100,Personal Care > Hand Wash,fish,4587506633704,2022-01-20
UK-00476,Nuarix Tomato Ketchup,Nuarix,1000,100,Food & Beverage > Condiments,"gluten,shellfish",2439920116696,2018-11-26
UK-00477,Sovara Laundry Powder,Sovara,100,300,Household > Laundry,"peanuts,sesame",8694611952432,2022-06-19
UK-00478,Zephyr Granola Bar,Zephyr,100,400,Food & Beverage > Snacks,,1168646225221,2020-03-22
UK-00479,Primus Kitchen Cleaner,Primus,75,400,Household > Surface Cleaner,"soy,wheat,gluten,milk",2346791214164,2019-05-26
UK-00480,Qualis Daily Moisturiser,Qualis,50,150,Personal Care > Moisturiser,"shellfish,eggs,milk",0409013806980,2020-12-24
UK-00481,Krisol Glass Cleaner,Krisol,250,300,Household > Surface Cleaner,"tree nuts,gluten",5356690551076,2022-07-04
UK-00482,Luminos Mixed Nuts Blend,Luminos,750,75,Food & Beverage > Snacks,"peanuts,soy,tree nuts,sesame",9786305050575,2020-08-14
UK-00483,Cladis Heavy Duty Dish Soap,Cladis,750,75,Household > Dishwash,"fish,shellfish",1649328980275,2018-12-23
UK-00484,Cryston Lightweight Lotion,Cryston,100,400,Personal Care > Moisturiser,,7833321160251,2022-04-20
UK-00485,Glicen Night Cream,Glicen,200,400,Personal Care > Moisturiser,,2871539915664,2022-11-25
UK-00486,Verdant Oil Control Face Wash,Verdant,75,200,Personal Care > Face Wash,,1159319525694,2018-01-07
UK-00487,Frosten Daily Moisturiser,Frosten,500,150,Personal Care > Moisturiser,"fish,tree nuts,sesame",2899316087526,2021-04-30
UK-00488,Solvix Exfoliating Face Scrub,Solvix,400,100,Personal Care > Face Wash,"peanuts,wheat,milk,gluten",5481497374600,2021-09-26
UK-00489,Glicen Leave-In Conditioner,Glicen,150,50,Personal Care > Conditioner,shellfish,6420865675665,2018-10-22
UK-00490,Elaris Fabric Softener,Elaris,150,500,Household > Laundry,"eggs,wheat,tree nuts",9047292774234,2020-06-12
UK-00491,Tolvex Mixed Nuts Blend,Tolvex,1000,50,Food & Beverage > Snacks,"gluten,eggs",2662015720182,2021-10-18
UK-00492,Brightway Heavy Duty Dish Soap,Brightway,1000,300,Household > Dishwash,milk,1367492617642,2022-12-29
00493,Glova 24hr Roll-On Deodorant,Glova,75,75,Personal Care > Deodorant,,7830999741928,2022-04-22
UK-00494,Frostine Glass Cleaner,Frostine,750,100,Household > Surface Cleaner,,5182606888710,2023-10-27
UK-00495,Hevara Eco Dish Liquid,Hevara,1000,75,Household > Dishwash,eggs,2920875102938,2019-10-23
UK-00496,Verdant Colour Protect Shampoo,Verdant,50,75,Personal Care > Shampoo,,8458260340848,2023-12-28
UK-00497,Clarity Kitchen Cleaner,Clarity,400,250,Household > Surface Cleaner,"tree nuts,sesame,soy,gluten",1030324329838,2022-01-10
UK-00498,Glicen Night Cream,Glicen,750,300,Personal Care > Moisturiser,,8446267146280,2020-04-14
UK-00499,Teraxis Anti-Dandruff Shampoo,Teraxis,1000,150,Personal Care > Shampoo,"gluten,sesame",9262566093143,2019-05-26
UK-00500,Solvix Liquid Laundry Detergent,Solvix,500,300,Household > Laundry,,5155423401639,2022-03-31
UK-00501,Kaleo Hydrating Shampoo,Kaleo,500,200,Personal Care > Shampoo,"shellfish,eggs,tree nuts,gluten",9484910256251,2023-12-18
UK-00502,Cladis Stain Remover,Cladis,400,100,Household > Laundry,"milk,sesame",2226940539679,2020-01-20
UK-00503,XXX-Cryston Bathroom Cleaner,Cryston,500,200,Household > Surface Cleaner,"fish,sesame",3414651113120,2018-08-24
UK-00504,Luxara Anti-Dandruff Shampoo,Luxara,400,50,Personal Care > Shampoo,"sesame,wheat,shellfish",7881609306853,2020-09-27
UK-00505,Solvix Oat Protein Bar,Solvix,750,50,Food & Beverage > Snacks,"shellfish,wheat,soy,eggs",1528506762516,2021-10-16
UK-00506,Novix Mayonnaise,Novix,75,200,Food & Beverage > Condiments,"shellfish,peanuts",4309634807976,2018-08-24
UK-00507,Lumeva 24hr Roll-On Deodorant,Lumeva,400,250,Personal Care > Deodorant,"tree nuts,eggs",0526501673180,2023-10-08
UK-00508,Glova Volumising Conditioner,Glova,400,50,Personal Care > Conditioner,peanuts,3765456284172,2022-12-05
UK-00509,Zenpur Leave-In Conditioner,Zenpur,300,50,Personal Care > Conditioner,"soy,eggs",3402665023740,2019-05-02
UK-00510,Luxara Foaming Hand Wash,Luxara,400,100,Personal Care > Hand Wash,"fish,sesame",6211022580300,2021-11-02
UK-00511,Tolvex Aloe Hand Wash,Tolvex,50,300,Personal Care > Hand Wash,"peanuts,gluten,shellfish",1639282341434,2022-10-24
UK-00512,Hevara Exfoliating Face Scrub,Hevara,75,500,Personal Care > Face Wash,"wheat,soy,gluten,eggs",1260432609311,2018-07-28
UK-00513,Alteva Foaming Hand Wash,Alteva,200,150,Personal Care > Hand Wash,tree nuts,6708604145458,2022-09-09
UK-00514,Oralix Brightening Face Wash,Oralix,100,50,Personal Care > Face Wash,,0534749162472,2022-01-29
UK-00515,Glova Sport Deodorant,Glova,75,50,Personal Care > Deodorant,"wheat,tree nuts,sesame,shellfish",5989534396115,2019-06-19
UK-00516,Glova Vinegar Dressing,Glova,50,150,Food & Beverage > Condiments,shellfish,1189547382028,2020-02-25
UK-00517,Hevara Aloe Hand Wash,Hevara,200,500,Personal Care > Hand Wash,"tree nuts,shellfish",1617688029422,2021-04-01
UK-00518,TEST-Oralix Sensitive Skin Body Wash,Oralix,150,300,Personal Care > Body Wash,"sesame,gluten,eggs",2786866943207,2019-10-18
UK-00519,Frosten Dishwasher Tablets,Frosten,50,500,Household > Dishwash,"sesame,gluten,peanuts",4344812308340,2018-06-10
UK-00520,Nuvelo Mayonnaise,Nuvelo,100,200,Food & Beverage > Condiments,,3381059551840,2019-07-02
UK-00521,Elaris Aloe Hand Wash,Elaris,250,50,Personal Care > Hand Wash,,5342408916497,2020-04-24
UK-00522,Toreva Kitchen Cleaner,Toreva,200,150,Household > Surface Cleaner,"fish,wheat,shellfish,eggs",6527172722393,2023-07-03
UK-00523,Gleam Mixed Nuts Blend,Gleam,200,50,Food & Beverage > Snacks,"wheat,gluten",6931216376181,2019-07-17
00524,Aevum Salted Crackers,Aevum,75,300,Food & Beverage > Snacks,"milk,eggs,gluten",0231429001853,2018-12-15
UK-00525,Velaris Oil Control Face Wash,Velaris,750,400,Personal Care > Face Wash,peanuts,5723084810017,2021-04-30
UK-00526,Purelix Colour Protect Shampoo,Purelix,100,50,Personal Care > Shampoo,milk,3662543617212,2020-07-08
UK-00527,Zenpur Anti-Dandruff Shampoo,Zenpur,75,250,Personal Care > Shampoo,,5109226859265,2019-09-08
UK-00528,Lumeva Mustard Sauce,Lumeva,200,250,Food & Beverage > Condiments,,4754102252671,2023-05-14
00529,Clarity Hydrating Shampoo,Clarity,300,200,Personal Care > Shampoo,eggs,5226557676955,2019-07-21
UK-00530,Motivo Mayonnaise,Motivo,300,500,Food & Beverage > Condiments,"sesame,gluten,shellfish",8836196893131,2022-01-21
UK-00531,Luminos Refreshing Shower Gel,Luminos,250,500,Personal Care > Body Wash,"wheat,eggs,milk",5524728633302,2019-07-19
00532,Motivo Volumising Shampoo,Motivo,50,300,Personal Care > Shampoo,"milk,eggs",9179202521314,2018-02-21
UK-00533,Brightway Heavy Duty Dish Soap,Brightway,100,400,Household > Dishwash,sesame,4765704120091,2019-12-12
UK-00534,Zephyr Laundry Powder,Zephyr,300,300,Household > Laundry,"sesame,peanuts,gluten",3624186236908,2020-06-15
UK-00535,Tolvex Moisturising Hand Wash,Tolvex,500,75,Personal Care > Hand Wash,"shellfish,tree nuts,fish",6205634111595,2021-10-06
UK-00536,Elaris Refreshing Shower Gel,Elaris,100,500,Personal Care > Body Wash,,1390438303415,2018-07-03
UK-00537,DUMMY-Vanta Heavy Duty Dish Soap,Vanta,50,250,Household > Dishwash,,4054683565215,2021-09-19
UK-00538,Solven Aloe Hand Wash,Solven,500,100,Personal Care > Hand Wash,,9679042271139,2020-06-02
UK-00539,Arovia Mayonnaise,Arovia,100,500,Food & Beverage > Condiments,"gluten,sesame,tree nuts,soy",2545960633991,2018-11-04
UK-00540,Teraxis Smooth & Shine Conditioner,Teraxis,400,75,Personal Care > Conditioner,,2481717524214,2021-02-21
UK-00541,Zenpur Rinse Aid,Zenpur,75,75,Household > Dishwash,shellfish,4747219705468,2022-08-03
UK-00542,Orinum Dishwasher Tablets,Orinum,250,500,Household > Dishwash,"tree nuts,gluten,eggs,sesame",6874090380212,2021-04-05
UK-00543,DUMMY-Clarity Moisturising Hand Wash,Clarity,300,75,Personal Care > Hand Wash,fish,7157787112167,2022-11-10
UK-00544,Qualis Exfoliating Face Scrub,Qualis,75,250,Personal Care > Face Wash,"gluten,shellfish",3714708272351,2018-05-09
UK-00545,Oralix Heavy Duty Dish Soap,Oralix,250,300,Household > Dishwash,"soy,milk,gluten",0644212146141,2023-01-24
UK-00546,Aurova Aloe Hand Wash,Aurova,1000,200,Personal Care > Hand Wash,milk,1654235677828,2022-11-25
UK-00547,Motivo Whitening Deodorant,Motivo,50,500,Personal Care > Deodorant,"soy,eggs,wheat,shellfish",5027275164805,2023-01-20
UK-00548,Teraxis Volumising Conditioner,Teraxis,750,75,Personal Care > Conditioner,,3368296353390,2018-02-28
UK-00549,Luminos Sport Deodorant,Luminos,200,200,Personal Care > Deodorant,"eggs,shellfish,sesame,soy",6558685127658,2019-12-26
UK-00550,Nexpur Stain Remover,Nexpur,500,300,Household > Laundry,"peanuts,fish,gluten",9111109617981,2019-02-13
UK-00551,Primus Hot Chilli Sauce,Primus,750,50,Food & Beverage > Condiments,"fish,soy",3786137157660,2018-02-01
UK-00552,Primus 48hr Spray Deodorant,Primus,200,200,Personal Care > Deodorant,"peanuts,fish",3060002589559,2019-11-30
UK-00553,Cristalix Heavy Duty Dish Soap,Cristalix,500,300,Household > Dishwash,gluten,6096262658268,2020-08-04
UK-00554,Primus Volumising Shampoo,Primus,75,300,Personal Care > Shampoo,"sesame,wheat",5311060920982,2018-11-19
UK-00555,Luminos Heavy Duty Dish Soap,Luminos,100,400,Household > Dishwash,"wheat,soy",3438364041204,2019-02-28
UK-00556,Aevum Repair Shampoo,Aevum,75,75,Personal Care > Shampoo,peanuts,4211753617063,2018-10-29
UK-00557,Aurova Multi-Surface Spray,Aurova,1000,300,Household > Surface Cleaner,"tree nuts,shellfish,wheat",2402990155797,2018-01-21
UK-00558,Tolvex Smooth & Shine Conditioner,Tolvex,200,75,Personal Care > Conditioner,gluten,0808823513055,2019-07-22
UK-00559,Glicen Gentle Face Wash,Glicen,100,200,Personal Care > Face Wash,"shellfish,soy",1584776863421,2020-03-21
UK-00560,Cladis Mustard Sauce,Cladis,75,200,Food & Beverage > Condiments,soy,7676945919665,2020-03-29
UK-00561,Vivara Rinse Aid,Vivara,1000,75,Household > Dishwash,"wheat,milk,peanuts",9649856012563,2020-02-01
UK-00562,Purevex 48hr Spray Deodorant,Purevex,150,250,Personal Care > Deodorant,"wheat,tree nuts",1050537953811,2022-04-29
UK-00563,Aurova Lightweight Lotion,Aurova,500,150,Personal Care > Moisturiser,,8491966553303,2023-07-17
UK-00564,Nuvelo Multi-Surface Spray,Nuvelo,300,75,Household > Surface Cleaner,,7295963904097,2018-01-20
UK-00565,Tresol Bathroom Cleaner,Tresol,300,50,Household > Surface Cleaner,"sesame,milk,tree nuts,shellfish",0171644556182,2021-07-06
00566,Oralix Disinfectant Spray,Oralix,300,200,Household > Surface Cleaner,"shellfish,eggs,tree nuts",9103002156322,2018-12-27
UK-00567,Novix Brightening Face Wash,Novix,50,50,Personal Care > Face Wash,"milk,eggs",0414596422977,2019-05-07
UK-00568,Brightway Repair Conditioner,Brightway,750,300,Personal Care > Conditioner,"eggs,sesame,soy",9774573144157,2020-09-19
UK-00569,XXX-Nuarix Mayonnaise,Nuarix,75,75,Food & Beverage > Condiments,"milk,soy,gluten",3763715398851,2021-07-01
UK-00570,Gleam Rice Cakes,Gleam,100,500,Food & Beverage > Snacks,,2356798363147,2022-09-29
UK-00571,Clarity Repair Conditioner,Clarity,1000,75,Personal Care > Conditioner,shellfish,1130724078753,2020-12-23
UK-00572,Helix Colour Protect Shampoo,Helix,250,300,Personal Care > Shampoo,wheat,6868507451060,2022-09-27
UK-00573,Serafix Brightening Face Wash,Serafix,300,100,Personal Care > Face Wash,"peanuts,sesame,shellfish,gluten",6103131009431,2018-09-27
UK-00574,Nuvelo Liquid Laundry Detergent,Nuvelo,150,300,Household > Laundry,"fish,eggs,soy",4732354940126,2023-08-24
UK-00575,Velaris Oat Protein Bar,Velaris,200,150,Food & Beverage > Snacks,tree nuts,1225720765025,2020-12-16
UK-00576,Solvix Volumising Shampoo,Solvix,50,250,Personal Care > Shampoo,"gluten,milk,shellfish",3710094388225,2019-01-20
UK-00577,Tolvex Anti-Dandruff Shampoo,Tolvex,250,400,Personal Care > Shampoo,"tree nuts,sesame,peanuts",7457054589716,2021-01-10
UK-00578,TEST-Glicen Vinegar Dressing,Glicen,1000,50,Food & Beverage > Condiments,fish,3257039653135,2022-03-28
UK-00579,Nuvelo Tomato Ketchup,Nuvelo,1000,500,Food & Beverage > Condiments,"sesame,wheat,peanuts",5569644309856,2019-05-19
UK-00580,Clarity Foaming Hand Wash,Clarity,250,200,Personal Care > Hand Wash,,0727284982470,2021-03-26
UK-00581,Zephyr Anti-Dandruff Shampoo,Zephyr,400,50,Personal Care > Shampoo,peanuts,9107406500422,2021-12-05
UK-00582,Polvera Lightweight Lotion,Polvera,500,100,Personal Care > Moisturiser,,4236914307539,2022-05-02
UK-00583,Solven Foaming Hand Wash,Solven,200,200,Personal Care > Hand Wash,"peanuts,wheat,fish,tree nuts",5923426834415,2021-05-02
UK-00584,Novix Heavy Duty Dish Soap,Novix,100,300,Household > Dishwash,"eggs,wheat,shellfish",5857567667086,2018-04-19
UK-00585,Krisol Antibacterial Hand Wash,Krisol,100,200,Personal Care > Hand Wash,gluten,8529894062601,2023-03-11
UK-00586,Oralix Laundry Capsules,Oralix,75,50,Household > Laundry,"eggs,tree nuts",9149750198030,2023-10-16
UK-00587,Tolvex Smooth & Shine Conditioner,Tolvex,400,100,Personal Care > Conditioner,wheat,4407931102913,2023-10-31
UK-00588,Aurova Volumising Shampoo,Aurova,75,400,Personal Care > Shampoo,,8760146723844,2022-12-04
UK-00589,Glova Vinegar Dressing,Glova,300,100,Food & Beverage > Condiments,,2232883774411,2023-07-13
UK-00590,Cladis Sport Deodorant,Cladis,300,75,Personal Care > Deodorant,"fish,gluten,wheat",0471960940970,2018-06-24
UK-00591,Cryston 48hr Spray Deodorant,Cryston,400,200,Personal Care > Deodorant,,2588358681228,2021-12-12
UK-00592,Qualis Vinegar Dressing,Qualis,400,100,Food & Beverage > Condiments,"peanuts,fish",1767929884256,2021-11-26
UK-00593,Cladis Eco Dish Liquid,Cladis,75,50,Household > Dishwash,,2311775331267,2022-09-17
UK-00594,Lumeva Hydrating Shampoo,Lumeva,200,75,Personal Care > Shampoo,,1759025176298,2020-03-29
UK-00595,Solaris Brightening Face Wash,Solaris,400,200,Personal Care > Face Wash,soy,2683190130207,2022-01-12
UK-00596,Novix Aloe Hand Wash,Novix,75,250,Personal Care > Hand Wash,sesame,7339785598215,2022-12-03
UK-00597,Purevex Foaming Hand Wash,Purevex,750,75,Personal Care > Hand Wash,sesame,4117309850345,2020-10-26
UK-00598,Purevex Fragrance-Free Hand Wash,Purevex,100,200,Personal Care > Hand Wash,,8938984690813,2023-04-14
UK-00599,Vanta Daily Moisturiser,Vanta,250,300,Personal Care > Moisturiser,"soy,tree nuts",0238503719901,2021-11-17
UK-00600,Aevum Repair Shampoo,Aevum,750,75,Personal Care > Shampoo,"shellfish,wheat,peanuts,tree nuts",0107835674304,2018-08-15
UK-00601,Novix Refreshing Shower Gel,Novix,750,300,Personal Care > Body Wash,,8706626682171,2019-04-29
UK-00602,TEST-Zenpur Rinse Aid,Zenpur,150,250,Household > Dishwash,"milk,soy,sesame",1903689003012,2018-08-21
UK-00603,Kaleo Volumising Conditioner,Kaleo,200,50,Personal Care > Conditioner,"tree nuts,soy",4296711148377,2022-01-02
UK-00604,Hevara Exfoliating Face Scrub,Hevara,200,250,Personal Care > Face Wash,"peanuts,soy,gluten,wheat",8810569741328,2023-11-04
00605,Tolvex Brightening Face Wash,Tolvex,500,150,Personal Care > Face Wash,,5203771070448,2022-04-23
UK-00606,Oralix Daily Moisturiser,Oralix,200,300,Personal Care > Moisturiser,"milk,fish,sesame",7033626804083,2021-11-25
00607,Krisol Sensitive Skin Body Wash,Krisol,250,200,Personal Care > Body Wash,"soy,milk,tree nuts,shellfish",9660186487692,2023-10-27
UK-00608,Motivo Night Cream,Motivo,400,150,Personal Care > Moisturiser,milk,4413845960945,2022-01-21
UK-00609,Gleam SPF Moisturiser,Gleam,750,50,Personal Care > Moisturiser,,4954277070708,2022-01-09
UK-00610,Aurova Disinfectant Spray,Aurova,300,50,Household > Surface Cleaner,"eggs,peanuts,tree nuts,milk",7244472322908,2020-08-11
UK-00611,Kaleo Hydrating Shampoo,Kaleo,1000,500,Personal Care > Shampoo,"gluten,tree nuts,milk",8304405809353,2019-03-24
UK-00612,Orinum Colour Protect Shampoo,Orinum,75,500,Personal Care > Shampoo,,3359561642059,2022-01-15
UK-00613,Gleam Sensitive Deodorant,Gleam,250,400,Personal Care > Deodorant,"gluten,milk",2504290193582,2023-09-13
UK-00614,Aurova Rinse Aid,Aurova,300,50,Household > Dishwash,fish,1139898681806,2023-04-19
UK-00615,Alteva Vinegar Dressing,Alteva,400,250,Food & Beverage > Condiments,"soy,peanuts",3535375137657,2018-11-23
UK-00616,Primus Whitening Deodorant,Primus,75,250,Personal Care > Deodorant,"gluten,soy,shellfish",6392836929445,2021-10-31
00617,Helix 24hr Roll-On Deodorant,Helix,300,300,Personal Care > Deodorant,"wheat,shellfish,soy,eggs",7021648712066,2018-04-09
UK-00618,Purevex Mixed Nuts Blend,Purevex,100,500,Food & Beverage > Snacks,"fish,gluten,tree nuts,eggs",6834155999100,2018-10-30
00619,Orinum Granola Bar,Orinum,300,400,Food & Beverage > Snacks,"peanuts,shellfish,wheat",2981209957655,2022-12-02
UK-00620,Glicen Smooth & Shine Conditioner,Glicen,750,200,Personal Care > Conditioner,,3475098898643,2021-08-15
UK-00621,Krisol Fragrance-Free Hand Wash,Krisol,100,100,Personal Care > Hand Wash,,3684995154213,2021-03-25
UK-00622,Orinum Intensive Moisturiser,Orinum,150,100,Personal Care > Moisturiser,"peanuts,eggs",3421388209088,2020-03-10
UK-00623,Luminos Deep Clean Body Wash,Luminos,250,150,Personal Care > Body Wash,"gluten,fish",7827411767413,2019-07-15
UK-00624,Zenpur Daily Moisturiser,Zenpur,75,150,Personal Care > Moisturiser,,5285478150616,2023-11-06
UK-00625,Luxara 48hr Spray Deodorant,Luxara,1000,50,Personal Care > Deodorant,,3296334727271,2021-03-03
UK-00626,Teraxis Leave-In Conditioner,Teraxis,75,500,Personal Care > Conditioner,milk,6178932064965,2020-08-19
UK-00627,Velaris Mustard Sauce,Velaris,500,100,Food & Beverage > Condiments,"soy,peanuts",7769587413148,2022-09-15
UK-00628,Cristalix Bathroom Cleaner,Cristalix,1000,300,Household > Surface Cleaner,,2751562779634,2018-04-29
UK-00629,Primus SPF Moisturiser,Primus,150,300,Personal Care > Moisturiser,,8545667664049,2023-06-12
UK-00630,Qualis Mixed Nuts Blend,Qualis,1000,50,Food & Beverage > Snacks,"shellfish,fish",3928319952988,2018-03-23
UK-00631,Motivo Salted Crackers,Motivo,75,250,Food & Beverage > Snacks,"sesame,eggs",0835832863420,2022-03-12
UK-00632,Aurova Sensitive Deodorant,Aurova,500,150,Personal Care > Deodorant,,0081867024408,2020-07-31
UK-00633,Vanta Mayonnaise,Vanta,200,75,Food & Beverage > Condiments,"fish,wheat,peanuts",1118600892198,2022-05-22
UK-00634,Frostine Hydrating Face Wash,Frostine,250,300,Personal Care > Face Wash,"milk,peanuts,sesame,soy",3149764613686,2021-02-14
UK-00635,Nuarix Bathroom Cleaner,Nuarix,500,500,Household > Surface Cleaner,fish,0765817390637,2023-01-06
UK-00636,Clarity Sensitive Deodorant,Clarity,75,200,Personal Care > Deodorant,"wheat,eggs",1823793126974,2023-11-14
UK-00637,Krisol Oat Protein Bar,Krisol,150,50,Food & Beverage > Snacks,"peanuts,fish,gluten",5205996043870,2023-08-10
UK-00638,Toreva 48hr Spray Deodorant,Toreva,400,400,Personal Care > Deodorant,"sesame,eggs,gluten,soy",1620281237101,2022-10-04
UK-00639,Teraxis Kitchen Cleaner,Teraxis,500,400,Household > Surface Cleaner,sesame,6604164485952,2019-11-11
UK-00640,Alteva Repair Conditioner,Alteva,1000,150,Personal Care > Conditioner,"tree nuts,sesame,peanuts,soy",7352287056229,2023-04-12
UK-00641,Frostine Hydrating Shampoo,Frostine,150,150,Personal Care > Shampoo,,8751097921588,2020-07-14
UK-00642,Serafix 24hr Roll-On Deodorant,Serafix,200,200,Personal Care > Deodorant,"gluten,peanuts,tree nuts",9648831921340,2020-01-01
UK-00643,Solven Lightweight Lotion,Solven,100,500,Personal Care > Moisturiser,"fish,tree nuts,peanuts,gluten",9732033192223,2023-05-02
UK-00644,DUMMY-Purevex Nourishing Body Cleanser,Purevex,50,100,Personal Care > Body Wash,"shellfish,fish,gluten,wheat",4813866675482,2021-07-22
UK-00645,Aevum Liquid Laundry Detergent,Aevum,150,100,Household > Laundry,"wheat,fish",8774186520578,2021-11-18
UK-00646,Aurova Rice Cakes,Aurova,750,500,Food & Beverage > Snacks,fish,5203758309455,2019-01-21
UK-00647,Primus Sport Deodorant,Primus,50,200,Personal Care > Deodorant,,4760440907975,2023-07-02
UK-00648,Tolvex Volumising Conditioner,Tolvex,1000,500,Personal Care > Conditioner,,0509222161075,2018-09-13
UK-00649,Novix 24hr Roll-On Deodorant,Novix,200,150,Personal Care > Deodorant,"milk,tree nuts,sesame,shellfish",2958066013824,2020-12-28
UK-00650,Orinum Volumising Shampoo,Orinum,50,200,Personal Care > Shampoo,"soy,sesame,fish,eggs",0448515791974,2018-12-28
UK-00651,Kaleo Hydrating Shampoo,Kaleo,75,100,Personal Care > Shampoo,"gluten,milk",2035713432402,2022-04-03
UK-00652,Kaleo Granola Bar,Kaleo,200,100,Food & Beverage > Snacks,"tree nuts,fish,soy,sesame",3432447417597,2022-01-29
UK-00653,Orinum Whitening Deodorant,Orinum,1000,100,Personal Care > Deodorant,,9628936543586,2021-01-06
UK-00654,Arovia Colour Protect Shampoo,Arovia,150,200,Personal Care > Shampoo,shellfish,4018272795599,2022-03-28
UK-00655,Vanta Vinegar Dressing,Vanta,250,75,Food & Beverage > Condiments,"milk,wheat",6755125427822,2018-03-31
UK-00656,XXX-Cryston Disinfectant Spray,Cryston,750,300,Household > Surface Cleaner,"shellfish,soy,peanuts",5957640381660,2021-01-08
UK-00657,TEST-Frosten Heavy Duty Dish Soap,Frosten,50,100,Household > Dishwash,"wheat,peanuts,soy,sesame",2250142576279,2018-01-04
UK-00658,Serafix Mayonnaise,Serafix,100,200,Food & Beverage > Condiments,"eggs,wheat",3361328507259,2019-02-14
UK-00659,Solvix Disinfectant Spray,Solvix,300,150,Household > Surface Cleaner,"fish,shellfish,soy",1625265469684,2018-10-21
UK-00660,Polvera Sensitive Deodorant,Polvera,750,50,Personal Care > Deodorant,gluten,2355580996136,2019-07-20
UK-00661,Vanta Kitchen Cleaner,Vanta,150,200,Household > Surface Cleaner,"eggs,tree nuts,fish",2624467046227,2022-06-20
00662,Solven Vinegar Dressing,Solven,400,75,Food & Beverage > Condiments,"eggs,fish",0252986707668,2018-08-12
UK-00663,Verdant Intensive Moisturiser,Verdant,1000,75,Personal Care > Moisturiser,"shellfish,sesame,tree nuts,fish",7585126861207,2021-10-12
UK-00664,Verdant Oat Protein Bar,Verdant,150,500,Food & Beverage > Snacks,"shellfish,fish,milk,soy",4017750954657,2021-04-28
UK-00665,Nuvelo Sensitive Skin Body Wash,Nuvelo,100,200,Personal Care > Body Wash,"fish,milk",7540915086322,2018-12-11
UK-00666,Tresol Liquid Laundry Detergent,Tresol,100,400,Household > Laundry,"peanuts,tree nuts,shellfish",9389701550290,2019-02-19
UK-00667,Glicen Aloe Hand Wash,Glicen,75,250,Personal Care > Hand Wash,"fish,gluten",0241613944989,2020-09-25
UK-00668,Vivara Salted Crackers,Vivara,750,400,Food & Beverage > Snacks,fish,4248096244069,2020-04-28
UK-00669,Polvera Deep Clean Body Wash,Polvera,100,200,Personal Care > Body Wash,"shellfish,tree nuts",1330531949790,2022-09-20
UK-00670,Qualis Vinegar Dressing,Qualis,500,300,Food & Beverage > Condiments,"sesame,milk,tree nuts",5557277382643,2022-07-09
UK-00671,Helix Sensitive Skin Body Wash,Helix,1000,400,Personal Care > Body Wash,"tree nuts,eggs,soy,gluten",8544577029924,2021-12-11
UK-00672,Purelix Heavy Duty Dish Soap,Purelix,50,200,Household > Dishwash,"shellfish,soy,fish,peanuts",2691163319429,2019-10-14
UK-00673,Luxara Rice Cakes,Luxara,300,250,Food & Beverage > Snacks,fish,9455158886364,2023-07-20
UK-00674,Orinum Bathroom Cleaner,Orinum,100,100,Household > Surface Cleaner,"peanuts,milk,tree nuts",7216966630936,2019-07-22
UK-00675,Primus Eco Dish Liquid,Primus,75,300,Household > Dishwash,,5932971509686,2023-09-26
UK-00676,Cryston Oil Control Face Wash,Cryston,250,150,Personal Care > Face Wash,shellfish,3524103977399,2022-12-23
UK-00677,Cryston Oil Control Face Wash,Cryston,500,75,Personal Care > Face Wash,"tree nuts,wheat,soy,shellfish",1006876164814,2023-12-28
UK-00678,Orinum Salted Crackers,Orinum,400,50,Food & Beverage > Snacks,"fish,milk",5687611249124,2022-02-10
UK-00679,Brightway Fragrance-Free Hand Wash,Brightway,150,400,Personal Care > Hand Wash,peanuts,1517734547576,2020-11-22
UK-00680,Aevum Rinse Aid,Aevum,50,100,Household > Dishwash,sesame,4035954429474,2022-12-07
UK-00681,Brightway Mustard Sauce,Brightway,100,100,Food & Beverage > Condiments,"peanuts,fish,gluten,tree nuts",3039429045887,2022-07-21
UK-00682,DUMMY-Nexpur Disinfectant Spray,Nexpur,250,100,Household > Surface Cleaner,"sesame,tree nuts,gluten,soy",7287276015348,2020-04-25
UK-00683,Nuvelo Oil Control Face Wash,Nuvelo,750,75,Personal Care > Face Wash,tree nuts,7790833506154,2023-09-10
UK-00684,Luxara Anti-Dandruff Shampoo,Luxara,500,500,Personal Care > Shampoo,,0798334233729,2018-06-14
UK-00685,Luxara Rinse Aid,Luxara,200,75,Household > Dishwash,eggs,2840333997718,2018-07-29
UK-00686,Serafix 24hr Roll-On Deodorant,Serafix,400,75,Personal Care > Deodorant,"eggs,shellfish,soy",1893974909610,2022-12-19
UK-00687,Frosten Mayonnaise,Frosten,1000,400,Food & Beverage > Condiments,,4694725878448,2020-12-18
00688,Qualis Laundry Powder,Qualis,200,500,Household > Laundry,"peanuts,shellfish,eggs,fish",2705877221647,2019-01-23
UK-00689,Teraxis Bathroom Cleaner,Teraxis,1000,500,Household > Surface Cleaner,soy,1334845871495,2020-05-11
UK-00690,Toreva Dishwasher Tablets,Toreva,100,150,Household > Dishwash,"wheat,gluten,sesame",5879643474524,2021-06-08
UK-00691,Tolvex Sport Deodorant,Tolvex,250,400,Personal Care > Deodorant,"fish,gluten",6060652740338,2020-11-14
UK-00692,Luminos SPF Moisturiser,Luminos,250,300,Personal Care > Moisturiser,"tree nuts,sesame,soy",3987411325793,2023-04-09
UK-00693,Nuarix Deep Clean Body Wash,Nuarix,400,150,Personal Care > Body Wash,"gluten,fish",0105485741728,2018-10-31
UK-00694,Brightway Sensitive Deodorant,Brightway,100,200,Personal Care > Deodorant,"soy,sesame,eggs,gluten",3598488402159,2022-01-19
UK-00695,Kaleo Kitchen Cleaner,Kaleo,250,400,Household > Surface Cleaner,shellfish,5534490216665,2023-06-16
UK-00696,Oralix Sensitive Skin Body Wash,Oralix,500,250,Personal Care > Body Wash,,9608587495113,2019-01-13
UK-00697,Novix Liquid Laundry Detergent,Novix,100,500,Household > Laundry,,9793164772517,2020-01-15
UK-00698,Qualis Vinegar Dressing,Qualis,400,500,Food & Beverage > Condiments,"milk,fish,peanuts",0960035624391,2021-08-30
UK-00699,Gleam Laundry Capsules,Gleam,1000,150,Household > Laundry,"tree nuts,wheat,soy,fish",2342108902854,2018-10-11
UK-00700,Plexum Sport Deodorant,Plexum,1000,150,Personal Care > Deodorant,peanuts,2643350271607,2022-12-24
UK-00701,Motivo Mixed Nuts Blend,Motivo,50,400,Food & Beverage > Snacks,"fish,soy,sesame",6911289812311,2023-06-27
UK-00702,Zenpur Oat Protein Bar,Zenpur,250,300,Food & Beverage > Snacks,soy,1857481700665,2022-06-28
UK-00703,Vivara Anti-Dandruff Shampoo,Vivara,200,75,Personal Care > Shampoo,"peanuts,soy,eggs",6704502329020,2023-10-26
UK-00704,Nuarix Leave-In Conditioner,Nuarix,400,50,Personal Care > Conditioner,,9345962622824,2020-01-14
UK-00705,Nexpur 24hr Roll-On Deodorant,Nexpur,50,400,Personal Care > Deodorant,peanuts,6549500507021,2022-07-28
UK-00706,Motivo Sensitive Skin Body Wash,Motivo,750,500,Personal Care > Body Wash,wheat,1053161177684,2022-12-09
UK-00707,Teraxis Smooth & Shine Conditioner,Teraxis,50,200,Personal Care > Conditioner,"shellfish,peanuts,wheat",5859177932387,2019-06-16
UK-00708,Polvera Leave-In Conditioner,Polvera,75,75,Personal Care > Conditioner,"peanuts,eggs,soy",3424579889427,2021-09-05
UK-00709,Polvera Fragrance-Free Hand Wash,Polvera,100,50,Personal Care > Hand Wash,"milk,soy,wheat",0203265097758,2020-02-09
UK-00710,Cladis Vinegar Dressing,Cladis,400,150,Food & Beverage > Condiments,"gluten,peanuts,shellfish",1485524578713,2021-11-03
UK-00711,Purevex Fabric Softener,Purevex,250,300,Household > Laundry,,8213711842544,2023-01-28
UK-00712,Helix Aloe Hand Wash,Helix,500,100,Personal Care > Hand Wash,"sesame,soy,wheat",3035892988089,2022-01-25
UK-00713,Nuarix Laundry Powder,Nuarix,500,100,Household > Laundry,"wheat,eggs",2932896340640,2022-05-16
UK-00714,Velaris Laundry Capsules,Velaris,400,250,Household > Laundry,peanuts,0148439910627,2019-08-12
UK-00715,Krisol Kitchen Cleaner,Krisol,150,300,Household > Surface Cleaner,fish,6933513426194,2019-09-14
UK-00716,Brightway Exfoliating Face Scrub,Brightway,1000,200,Personal Care > Face Wash,"milk,eggs",8481973741893,2023-02-05
UK-00717,Krisol Deep Conditioner,Krisol,250,200,Personal Care > Conditioner,,6417692743810,2018-12-29
UK-00718,Aevum Oat Protein Bar,Aevum,250,150,Food & Beverage > Snacks,"fish,gluten,milk",1444856451019,2023-06-12
UK-00719,Solaris Hydrating Face Wash,Solaris,150,300,Personal Care > Face Wash,"eggs,shellfish",8996986091915,2019-01-24
UK-00720,Vivara Volumising Shampoo,Vivara,750,300,Personal Care > Shampoo,"milk,tree nuts,shellfish",7980660392055,2019-02-09
UK-00721,Luminos Intensive Moisturiser,Luminos,400,200,Personal Care > Moisturiser,"tree nuts,gluten",3470574238852,2022-07-02
UK-00722,Solaris 48hr Spray Deodorant,Solaris,75,250,Personal Care > Deodorant,"gluten,sesame",3541165972636,2020-12-20
UK-00723,Zenpur Rice Cakes,Zenpur,250,400,Food & Beverage > Snacks,"wheat,gluten",5013948848820,2022-06-19
UK-00724,Serafix Dish Liquid,Serafix,75,75,Household > Dishwash,"fish,peanuts,wheat,tree nuts",5856261499153,2020-07-09
UK-00725,Cristalix Multi-Surface Spray,Cristalix,500,100,Household > Surface Cleaner,"milk,shellfish",3333732043098,2023-06-03
UK-00726,Luxara Glass Cleaner,Luxara,500,150,Household > Surface Cleaner,"wheat,sesame,fish",9645465535851,2018-11-12
UK-00727,Toreva Mixed Nuts Blend,Toreva,150,500,Food & Beverage > Snacks,"wheat,eggs,shellfish,peanuts",5193583749079,2022-11-29
UK-00728,Sovara Disinfectant Spray,Sovara,75,100,Household > Surface Cleaner,,8780572151493,2020-10-29
UK-00729,Hevara Salted Crackers,Hevara,750,400,Food & Beverage > Snacks,"wheat,fish,soy",7484539862897,2021-07-12
UK-00730,Oralix Sensitive Skin Body Wash,Oralix,250,75,Personal Care > Body Wash,,9186233922072,2019-05-05
UK-00731,Solven 24hr Roll-On Deodorant,Solven,300,300,Personal Care > Deodorant,"fish,shellfish,wheat",5214526471243,2022-07-03
UK-00732,Zenpur Oil Control Face Wash,Zenpur,1000,75,Personal Care > Face Wash,"shellfish,eggs",8409080512083,2018-02-21
UK-00733,Motivo Nourishing Body Cleanser,Motivo,200,50,Personal Care > Body Wash,"gluten,tree nuts,eggs,shellfish",3972835129591,2019-12-26
UK-00734,XXX-Primus Kitchen Cleaner,Primus,100,400,Household > Surface Cleaner,,9081441529825,2019-02-13
UK-00735,Aevum Kitchen Cleaner,Aevum,100,250,Household > Surface Cleaner,"sesame,fish,shellfish",1815352373608,2022-01-07
UK-00736,Polvera Deep Clean Body Wash,Polvera,750,75,Personal Care > Body Wash,"eggs,tree nuts,fish,shellfish",8345273466668,2018-12-04
UK-00737,Solaris Multi-Surface Spray,Solaris,75,250,Household > Surface Cleaner,"shellfish,fish,peanuts,soy",4080314998251,2018-07-16
UK-00738,Oralix Liquid Laundry Detergent,Oralix,200,300,Household > Laundry,tree nuts,8068828503174,2020-01-31
UK-00739,Purevex Brightening Face Wash,Purevex,150,400,Personal Care > Face Wash,gluten,9006314035265,2020-07-24
UK-00740,Vanta Sensitive Deodorant,Vanta,100,100,Personal Care > Deodorant,"soy,peanuts,fish,tree nuts",9434606664372,2020-11-04
UK-00741,Teraxis Dish Liquid,Teraxis,300,50,Household > Dishwash,"wheat,soy,eggs",1127128524641,2021-03-19
UK-00742,Verdant Lightweight Lotion,Verdant,2.54,75,Personal Care > Moisturiser,"soy,eggs,shellfish",3280771130626,2018-12-09
UK-00743,Cristalix Salted Crackers,Cristalix,300,250,Food & Beverage > Snacks,"wheat,shellfish,milk",8335090254258,2023-03-08
UK-00744,Cladis Gentle Face Wash,Cladis,300,100,Personal Care > Face Wash,"sesame,eggs",3235707139846,2019-10-22
UK-00745,Toreva Smooth & Shine Conditioner,Toreva,50,75,Personal Care > Conditioner,,6880925502131,2018-01-25
UK-00746,Clarity Antibacterial Hand Wash,Clarity,50,300,Personal Care > Hand Wash,"eggs,soy,milk,peanuts",8107964967379,2020-10-21
UK-00747,Velaris Sensitive Deodorant,Velaris,100,400,Personal Care > Deodorant,"tree nuts,soy,wheat,shellfish",2642506420760,2020-07-18
UK-00748,Teraxis Moisturising Hand Wash,Teraxis,250,150,Personal Care > Hand Wash,"fish,gluten,shellfish",7767555628334,2020-06-07
UK-00749,Clarity Mixed Nuts Blend,Clarity,150,250,Food & Beverage > Snacks,"sesame,fish,tree nuts",4362718749609,2020-03-27
UK-00750,Luxara Brightening Face Wash,Luxara,100,300,Personal Care > Face Wash,"fish,wheat,shellfish,milk",3692492693265,2021-07-20
UK-00751,Tolvex Kitchen Cleaner,Tolvex,100,400,Household > Surface Cleaner,"gluten,sesame",0111000515538,2019-09-09
UK-00752,Purevex Brightening Face Wash,Purevex,250,250,Personal Care > Face Wash,"shellfish,gluten,tree nuts,sesame",2441822261893,2022-08-06
UK-00753,Luxara Smooth & Shine Conditioner,Luxara,1000,400,Personal Care > Conditioner,"soy,eggs",2710267672091,2022-01-24
UK-00754,Clarity Disinfectant Spray,Clarity,100,400,Household > Surface Cleaner,,7955151229462,2019-09-05
UK-00755,Teraxis Volumising Shampoo,Teraxis,250,200,Personal Care > Shampoo,,5970996254389,2021-02-21
UK-00756,Solaris Liquid Laundry Detergent,Solaris,250,100,Household > Laundry,,3447650471588,2018-05-09
UK-00757,Zephyr Smooth & Shine Conditioner,Zephyr,750,50,Personal Care > Conditioner,"fish,soy",7660465586650,2019-06-27
UK-00758,Luxara Sport Deodorant,Luxara,150,400,Personal Care > Deodorant,"peanuts,eggs",7158102131252,2018-09-24
UK-00759,Cristalix Smooth & Shine Conditioner,Cristalix,75,75,Personal Care > Conditioner,,0591297519103,2019-07-23
UK-00760,Kaleo Gentle Face Wash,Kaleo,75,75,Personal Care > Face Wash,,6330165837376,2020-02-02
UK-00761,Glicen Bathroom Cleaner,Glicen,1000,50,Household > Surface Cleaner,"wheat,sesame,milk",1234289311321,2021-08-09
UK-00762,Cladis Oil Control Face Wash,Cladis,1000,200,Personal Care > Face Wash,"fish,sesame,peanuts,eggs",6453804421016,2023-07-17
UK-00763,Lumeva 24hr Roll-On Deodorant,Lumeva,300,75,Personal Care > Deodorant,"milk,eggs,tree nuts",9591945757575,2021-05-14
UK-00764,Novix Bathroom Cleaner,Novix,150,150,Household > Surface Cleaner,"wheat,milk,tree nuts,soy",7756777226602,2019-07-26
00765,Teraxis Sensitive Deodorant,Teraxis,100,300,Personal Care > Deodorant,"milk,fish",2292310672451,2020-03-21
UK-00766,Cladis Deep Clean Body Wash,Cladis,100,200,Personal Care > Body Wash,"peanuts,soy,sesame,shellfish",9766270511578,2021-03-31
UK-00767,Alteva Leave-In Conditioner,Alteva,400,150,Personal Care > Conditioner,"shellfish,milk,peanuts",2549691928456,2022-03-10
UK-00768,Vivara Mixed Nuts Blend,Vivara,750,400,Food & Beverage > Snacks,,0756335357486,2021-10-27
UK-00769,Nuarix Rinse Aid,Nuarix,150,100,Household > Dishwash,"gluten,soy",9933797058163,2019-08-31
UK-00770,Helix Rinse Aid,Helix,500,400,Household > Dishwash,"gluten,peanuts,eggs",7634250733055,2021-12-29
UK-00771,Luxara Heavy Duty Dish Soap,Luxara,100,200,Household > Dishwash,"shellfish,tree nuts",9833991403885,2021-03-02
UK-00772,Sovara Exfoliating Face Scrub,Sovara,50,200,Personal Care > Face Wash,"soy,wheat",4006157276820,2022-12-25
UK-00773,Nuvelo 24hr Roll-On Deodorant,Nuvelo,400,200,Personal Care > Deodorant,gluten,7429250105878,2022-02-19
UK-00774,Glicen Repair Conditioner,Glicen,300,500,Personal Care > Conditioner,,6562590459902,2023-09-27
UK-00775,Solaris Refreshing Shower Gel,Solaris,75,75,Personal Care > Body Wash,wheat,1823155516511,2023-07-11
UK-00776,Oralix Aloe Hand Wash,Oralix,500,300,Personal Care > Hand Wash,"wheat,sesame,eggs",3721433080038,2023-05-15
UK-00777,DUMMY-Plexum Moisturising Body Wash,Plexum,150,100,Personal Care > Body Wash,sesame,5566084706818,2018-06-14
UK-00778,Vanta Hydrating Face Wash,Vanta,150,150,Personal Care > Face Wash,"shellfish,milk,tree nuts,gluten",1958263280945,2020-12-24
UK-00779,Primus Fabric Softener,Primus,300,100,Household > Laundry,gluten,4535461470797,2023-09-28
UK-00780,Kaleo Moisturising Hand Wash,Kaleo,75,50,Personal Care > Hand Wash,"eggs,soy,sesame",9439457039430,2023-09-25
UK-00781,Zephyr Nourishing Body Cleanser,Zephyr,150,100,Personal Care > Body Wash,"soy,shellfish",6576927789433,2018-11-15
UK-00782,Zephyr Dish Liquid,Zephyr,50,50,Household > Dishwash,,4047692105336,2022-09-30
UK-00783,Purevex Granola Bar,Purevex,200,300,Food & Beverage > Snacks,,4014247310729,2018-02-28
UK-00784,Glicen Hydrating Shampoo,Glicen,150,400,Personal Care > Shampoo,"sesame,peanuts,gluten,milk",9712316600768,2023-03-23
00785,Zephyr Moisturising Hand Wash,Zephyr,750,50,Personal Care > Hand Wash,,4473404337007,2022-11-19
UK-00786,Plexum Laundry Capsules,Plexum,50,200,Household > Laundry,"eggs,tree nuts",7782558825566,2019-12-14
UK-00787,Vivara Heavy Duty Dish Soap,Vivara,400,250,Household > Dishwash,"wheat,shellfish",8656194255775,2019-11-04
UK-00788,Primus Nourishing Body Cleanser,Primus,1000,100,Personal Care > Body Wash,"tree nuts,sesame,wheat,fish",9236161880811,2018-01-17
UK-00789,TEST-Polvera Lightweight Lotion,Polvera,100,150,Personal Care > Moisturiser,"shellfish,eggs",5586863956135,2023-02-02
UK-00790,Hevara Leave-In Conditioner,Hevara,50,500,Personal Care > Conditioner,,7214364381306,2018-03-08
UK-00791,Glova Nourishing Body Cleanser,Glova,150,100,Personal Care > Body Wash,,1471656094566,2022-03-16
UK-00792,TEST-Sovara Brightening Face Wash,Sovara,750,400,Personal Care > Face Wash,"gluten,milk,shellfish,sesame",7550476816993,2021-12-08
UK-00793,Luminos Hot Chilli Sauce,Luminos,300,50,Food & Beverage > Condiments,"eggs,shellfish,peanuts",8113176539709,2021-08-15
UK-00794,Arovia Lightweight Lotion,Arovia,400,150,Personal Care > Moisturiser,"fish,eggs,milk,tree nuts",2908718274967,2018-07-19
UK-00795,Glova Lightweight Lotion,Glova,500,400,Personal Care > Moisturiser,shellfish,4204956121376,2023-06-15
UK-00796,Motivo Gentle Face Wash,Motivo,1000,100,Personal Care > Face Wash,"milk,peanuts,wheat",3597371122297,2018-04-07
UK-00797,Vivara Glass Cleaner,Vivara,300,50,Household > Surface Cleaner,"tree nuts,sesame,eggs,soy",7046861114572,2022-07-02
00798,Tresol Laundry Powder,Tresol,75,50,Household > Laundry,eggs,9237858471299,2022-08-20
UK-00799,Vanta Colour Protect Shampoo,Vanta,150,150,Personal Care > Shampoo,peanuts,2605080184985,2018-02-06
UK-00800,Toreva Night Cream,Toreva,150,400,Personal Care > Moisturiser,soy,7773126881220,2023-09-20
UK-00801,Velaris Deep Conditioner,Velaris,16.91,75,Personal Care > Conditioner,"wheat,soy,fish,shellfish",5346060560357,2022-05-20
UK-00802,Plexum Disinfectant Spray,Plexum,100,400,Household > Surface Cleaner,"sesame,fish,wheat,eggs",9847169061814,2019-08-20
UK-00803,Vivara Tomato Ketchup,Vivara,200,300,Food & Beverage > Condiments,"shellfish,tree nuts",4895478769896,2019-07-17
UK-00804,Helix Bathroom Cleaner,Helix,400,250,Household > Surface Cleaner,"sesame,eggs,peanuts,tree nuts",4449835539358,2021-06-08
UK-00805,Alteva Brightening Face Wash,Alteva,1000,300,Personal Care > Face Wash,"peanuts,fish",3924358853798,2023-11-01
UK-00806,Glicen Deep Conditioner,Glicen,200,150,Personal Care > Conditioner,gluten,5275367497854,2019-08-23
UK-00807,Purevex Lightweight Lotion,Purevex,200,75,Personal Care > Moisturiser,"sesame,fish,milk",1347789489633,2020-12-24
UK-00808,Teraxis Deep Clean Body Wash,Teraxis,400,75,Personal Care > Body Wash,"fish,gluten,tree nuts",1221500141881,2021-01-04
UK-00809,DUMMY-Tolvex Deep Conditioner,Tolvex,1000,300,Personal Care > Conditioner,milk,9001594463333,2020-12-28
UK-00810,Cristalix Fabric Softener,Cristalix,100,50,Household > Laundry,"gluten,tree nuts,soy,eggs",6389021994715,2019-01-27
UK-00811,Plexum Exfoliating Face Scrub,Plexum,150,400,Personal Care > Face Wash,"wheat,gluten,soy,sesame",1034699673312,2018-12-02
UK-00812,Orinum Foaming Hand Wash,Orinum,100,300,Personal Care > Hand Wash,"fish,milk,peanuts,eggs",7685507896795,2020-04-21
UK-00813,Hevara 48hr Spray Deodorant,Hevara,75,300,Personal Care > Deodorant,fish,3355643436974,2018-04-10
UK-00814,Cristalix Vinegar Dressing,Cristalix,1000,75,Food & Beverage > Condiments,"milk,fish,tree nuts",5607676164538,2021-01-07
UK-00815,Velaris Sport Deodorant,Velaris,100,100,Personal Care > Deodorant,gluten,8983065031214,2018-07-25
UK-00816,Alteva Daily Moisturiser,Alteva,200,400,Personal Care > Moisturiser,peanuts,2642364281312,2018-08-02
UK-00817,Elaris Dishwasher Tablets,Elaris,500,400,Household > Dishwash,"wheat,soy,milk",3911142817852,2020-01-03
UK-00818,Kaleo Smooth & Shine Conditioner,Kaleo,150,50,Personal Care > Conditioner,"wheat,peanuts",8088062207225,2020-09-17
UK-00819,TEST-Clarity Rinse Aid,Clarity,200,400,Household > Dishwash,shellfish,2132901620471,2023-12-07
UK-00820,Luxara Glass Cleaner,Luxara,500,300,Household > Surface Cleaner,"shellfish,sesame,tree nuts,fish",9964862872032,2018-10-28
UK-00821,Frostine Rinse Aid,Frostine,75,300,Household > Dishwash,"fish,peanuts,tree nuts",0573036279240,2022-06-12
UK-00822,Luminos Oil Control Face Wash,Luminos,150,400,Personal Care > Face Wash,"shellfish,fish",7753726032147,2022-03-13
UK-00823,Cryston Nourishing Body Cleanser,Cryston,300,300,Personal Care > Body Wash,,9458870715530,2021-06-25
UK-00824,Zephyr Laundry Powder,Zephyr,75,100,Household > Laundry,"peanuts,milk,sesame,gluten",3850765975955,2021-03-13
UK-00825,Alteva 24hr Roll-On Deodorant,Alteva,750,75,Personal Care > Deodorant,"shellfish,fish,milk",8981265742237,2019-01-17
UK-00826,Nuvelo Heavy Duty Dish Soap,Nuvelo,300,150,Household > Dishwash,,0402369362681,2020-11-11
UK-00827,Purevex Gentle Face Wash,Purevex,100,50,Personal Care > Face Wash,"shellfish,eggs",3727117595744,2021-09-16
UK-00828,Alteva Mustard Sauce,Alteva,100,500,Food & Beverage > Condiments,"gluten,soy",3067458476099,2021-05-15
UK-00829,Brightway Daily Moisturiser,Brightway,500,150,Personal Care > Moisturiser,soy,7218856669545,2018-11-29
UK-00830,Lumeva Oil Control Face Wash,Lumeva,400,75,Personal Care > Face Wash,"milk,fish",6626705514372,2023-07-08
UK-00831,Aurova Aloe Hand Wash,Aurova,300,300,Personal Care > Hand Wash,peanuts,3925295961119,2018-12-04
UK-00832,Brightway Salted Crackers,Brightway,500,300,Food & Beverage > Snacks,"eggs,wheat,milk",0720245591025,2021-06-22
UK-00833,Vanta 24hr Roll-On Deodorant,Vanta,750,75,Personal Care > Deodorant,,9032671494988,2018-10-21
UK-00834,Tresol Rinse Aid,Tresol,75,400,Household > Dishwash,"peanuts,wheat,eggs,soy",9340652775842,2021-04-17
UK-00835,Purelix Hot Chilli Sauce,Purelix,150,200,Food & Beverage > Condiments,"soy,gluten",7220109121724,2019-09-04
UK-00836,Elaris Salted Crackers,Elaris,250,250,Food & Beverage > Snacks,"soy,shellfish,fish,gluten",1894370526357,2018-09-28
UK-00837,Verdant Moisturising Body Wash,Verdant,300,100,Personal Care > Body Wash,"shellfish,fish,tree nuts",7256592024617,2023-06-18
UK-00838,Vanta 48hr Spray Deodorant,Vanta,100,150,Personal Care > Deodorant,"gluten,shellfish,peanuts,eggs",2600559550179,2023-08-15
UK-00839,Brightway Oil Control Face Wash,Brightway,250,500,Personal Care > Face Wash,"sesame,fish",8999360798486,2023-02-13
UK-00840,DUMMY-Qualis Nourishing Body Cleanser,Qualis,50,300,Personal Care > Body Wash,"eggs,shellfish,fish,soy",9935937440395,2020-11-06
UK-00841,Zephyr Fragrance-Free Hand Wash,Zephyr,500,150,Personal Care > Hand Wash,,3736060148860,2018-03-08
UK-00842,Arovia Fabric Softener,Arovia,750,50,Household > Laundry,"gluten,soy,peanuts",1368528306158,2020-10-02
UK-00843,Solven Multi-Surface Spray,Solven,100,200,Household > Surface Cleaner,peanuts,4626325144883,2018-10-08
UK-00844,Glova Volumising Shampoo,Glova,50,150,Personal Care > Shampoo,,4217518878175,2021-02-13
UK-00845,Helix Anti-Dandruff Shampoo,Helix,250,100,Personal Care > Shampoo,"soy,sesame,peanuts",0911225288374,2021-12-10
UK-00846,XXX-Motivo Nourishing Body Cleanser,Motivo,300,75,Personal Care > Body Wash,"fish,soy,wheat,eggs",9791378765530,2018-06-21
UK-00847,Serafix Deep Clean Body Wash,Serafix,50,250,Personal Care > Body Wash,,5560571219881,2019-04-23
UK-00848,Velaris Dishwasher Tablets,Velaris,400,500,Household > Dishwash,"tree nuts,eggs,milk,fish",5348640104241,2022-04-04
UK-00849,Qualis Repair Conditioner,Qualis,300,75,Personal Care > Conditioner,"tree nuts,eggs,shellfish,wheat",4600452128992,2019-02-15
UK-00850,Solven 24hr Roll-On Deodorant,Solven,200,250,Personal Care > Deodorant,"eggs,wheat",9391304488184,2021-05-02
UK-00851,Solven Fabric Softener,Solven,300,50,Household > Laundry,"fish,eggs",5402119017071,2022-01-19
UK-00852,Solven Aloe Hand Wash,Solven,200,100,Personal Care > Hand Wash,"sesame,soy,eggs,wheat",2291073228363,2018-01-22
UK-00853,Nuvelo Vinegar Dressing,Nuvelo,750,150,Food & Beverage > Condiments,"sesame,soy,milk",6396384526965,2021-03-24
UK-00854,Lumeva Night Cream,Lumeva,75,300,Personal Care > Moisturiser,"gluten,shellfish",0169342929131,2019-06-27
UK-00855,Plexum Salted Crackers,Plexum,150,50,Food & Beverage > Snacks,,6234190310616,2021-10-30
UK-00856,TEST-Brightway Exfoliating Face Scrub,Brightway,100,75,Personal Care > Face Wash,"tree nuts,fish",6847323653377,2023-06-26
UK-00857,XXX-Oralix Intensive Moisturiser,Oralix,200,50,Personal Care > Moisturiser,"shellfish,wheat,milk",0784361424421,2022-10-12
UK-00858,Krisol Deep Clean Body Wash,Krisol,500,75,Personal Care > Body Wash,"shellfish,tree nuts,peanuts,sesame",3734764273727,2018-03-12
UK-00859,Motivo Exfoliating Face Scrub,Motivo,150,500,Personal Care > Face Wash,"wheat,eggs,peanuts,tree nuts",5841484601919,2020-09-15
UK-00860,Cristalix SPF Moisturiser,Cristalix,1000,500,Personal Care > Moisturiser,"gluten,sesame,wheat,tree nuts",7802058695077,2020-03-03
UK-00861,Glicen Deep Conditioner,Glicen,200,300,Personal Care > Conditioner,"peanuts,soy",6999516793350,2018-07-07
UK-00862,Velaris Sport Deodorant,Velaris,150,500,Personal Care > Deodorant,"shellfish,soy",6801192360378,2022-08-17
UK-00863,Solven Liquid Laundry Detergent,Solven,1000,500,Household > Laundry,"wheat,soy,sesame",3510409614977,2020-05-06
UK-00864,Cristalix Anti-Dandruff Shampoo,Cristalix,750,75,Personal Care > Shampoo,,4983074820735,2022-08-14
UK-00865,Helix 24hr Roll-On Deodorant,Helix,500,150,Personal Care > Deodorant,"peanuts,milk,fish,tree nuts",5578201904328,2019-10-05
UK-00866,Glicen Gentle Face Wash,Glicen,100,150,Personal Care > Face Wash,soy,2470739201357,2021-05-12
UK-00867,Brightway Hot Chilli Sauce,Brightway,75,100,Food & Beverage > Condiments,"fish,milk,wheat",5082611231269,2019-03-21
UK-00868,Nuarix Moisturising Hand Wash,Nuarix,100,200,Personal Care > Hand Wash,"sesame,gluten,tree nuts,soy",2989376297451,2020-12-01
UK-00869,Glicen Dishwasher Tablets,Glicen,50,150,Household > Dishwash,"peanuts,fish,shellfish",1912038187693,2019-07-08
UK-00870,Kaleo Sensitive Skin Body Wash,Kaleo,500,150,Personal Care > Body Wash,soy,0898138815883,2019-01-19
UK-00871,XXX-Qualis SPF Moisturiser,Qualis,500,100,Personal Care > Moisturiser,milk,6732318297165,2018-11-25
UK-00872,Cryston Granola Bar,Cryston,100,200,Food & Beverage > Snacks,"milk,gluten",0000152911377,2019-02-07
UK-00873,Gleam Disinfectant Spray,Gleam,250,50,Household > Surface Cleaner,"milk,wheat,tree nuts,sesame",6184442182990,2023-05-07
UK-00874,Alteva Intensive Moisturiser,Alteva,75,100,Personal Care > Moisturiser,peanuts,8905670867002,2018-07-20
UK-00875,Cristalix Nourishing Body Cleanser,Cristalix,300,250,Personal Care > Body Wash,"eggs,tree nuts",8482669136245,2023-09-27
UK-00876,Vivara Brightening Face Wash,Vivara,1000,50,Personal Care > Face Wash,"peanuts,wheat",9608070633695,2023-02-28
UK-00877,DUMMY-Luminos Rinse Aid,Luminos,750,500,Household > Dishwash,wheat,1040164818805,2020-12-07
UK-00878,Gleam Mustard Sauce,Gleam,100,500,Food & Beverage > Condiments,"shellfish,soy,sesame",6381643212697,2021-04-23
UK-00879,Alteva Mixed Nuts Blend,Alteva,750,200,Food & Beverage > Snacks,"peanuts,wheat,milk",3625863144172,2018-06-17
UK-00880,Teraxis Fragrance-Free Hand Wash,Teraxis,300,100,Personal Care > Hand Wash,"tree nuts,peanuts",0263558243019,2023-04-09
UK-00881,Purelix Fragrance-Free Hand Wash,Purelix,200,200,Personal Care > Hand Wash,"gluten,sesame,milk,fish",3153888245272,2018-09-10
UK-00882,Vanta Mustard Sauce,Vanta,200,50,Food & Beverage > Condiments,"soy,gluten",3353849516322,2019-02-23
UK-00883,Hevara Hydrating Shampoo,Hevara,750,400,Personal Care > Shampoo,"shellfish,eggs,milk,peanuts",3391373265309,2022-07-24
UK-00884,Helix Moisturising Body Wash,Helix,750,500,Personal Care > Body Wash,"tree nuts,fish,eggs",7868800230095,2019-03-14
UK-00885,Glova Sensitive Deodorant,Glova,500,100,Personal Care > Deodorant,"sesame,milk,soy,tree nuts",6577449160939,2022-05-24
UK-00886,Zenpur Whitening Deodorant,Zenpur,100,50,Personal Care > Deodorant,,4911894184331,2022-06-15
UK-00887,Qualis Laundry Capsules,Qualis,50,100,Household > Laundry,"soy,wheat,sesame",3998213745566,2018-11-11
UK-00888,Vanta Anti-Dandruff Shampoo,Vanta,200,100,Personal Care > Shampoo,"sesame,fish,milk,gluten",5053766608114,2019-06-12
UK-00889,Vanta Antibacterial Hand Wash,Vanta,150,50,Personal Care > Hand Wash,"soy,tree nuts,fish,gluten",9106271531234,2020-11-06
UK-00890,Oralix Sport Deodorant,Oralix,300,500,Personal Care > Deodorant,"wheat,fish,eggs,soy",7682938440139,2021-05-30
UK-00891,Alteva Liquid Laundry Detergent,Alteva,400,150,Household > Laundry,"peanuts,soy",7882603359104,2019-02-24
UK-00892,Orinum Mustard Sauce,Orinum,50,50,Food & Beverage > Condiments,"tree nuts,eggs,peanuts,wheat",9207492699960,2022-03-20
UK-00893,Luxara Mustard Sauce,Luxara,33.81,400,Food & Beverage > Condiments,,8428596932598,2019-02-26
UK-00894,Arovia Daily Moisturiser,Arovia,16.91,200,Personal Care > Moisturiser,"gluten,soy,wheat,eggs",1234266980694,2018-04-05
UK-00895,Brightway Laundry Capsules,Brightway,300,75,Household > Laundry,"fish,milk,shellfish",2348389359530,2023-11-01
UK-00896,Krisol Smooth & Shine Conditioner,Krisol,50,200,Personal Care > Conditioner,,5612996508269,2022-01-09
UK-00897,Sovara Laundry Powder,Sovara,1000,200,Household > Laundry,,8696561308765,2019-02-07
UK-00898,Arovia Mayonnaise,Arovia,150,500,Food & Beverage > Condiments,"gluten,tree nuts",1434682394840,2018-06-16
UK-00899,Velaris Refreshing Shower Gel,Velaris,150,50,Personal Care > Body Wash,,8696610168319,2018-11-29
UK-00900,Lumeva Mayonnaise,Lumeva,250,50,Food & Beverage > Condiments,,1680941491502,2023-01-31
UK-00901,Teraxis Moisturising Hand Wash,Teraxis,500,150,Personal Care > Hand Wash,"shellfish,fish,wheat,milk",5344077794628,2018-08-27
UK-00902,Tresol Rice Cakes,Tresol,300,300,Food & Beverage > Snacks,gluten,2508177602990,2018-10-01
UK-00903,Cladis Daily Moisturiser,Cladis,500,500,Personal Care > Moisturiser,"eggs,soy",3373125523561,2019-03-22
UK-00904,Helix Disinfectant Spray,Helix,400,50,Household > Surface Cleaner,wheat,1192061363855,2019-06-27
UK-00905,DUMMY-Novix Glass Cleaner,Novix,750,250,Household > Surface Cleaner,"eggs,soy,sesame",7184449029501,2019-07-31
UK-00906,Primus Fragrance-Free Hand Wash,Primus,50,75,Personal Care > Hand Wash,"peanuts,gluten,milk",3734167812776,2023-10-04
UK-00907,Purevex Leave-In Conditioner,Purevex,50,100,Personal Care > Conditioner,,7982134862989,2021-10-25
UK-00908,Glicen Rice Cakes,Glicen,1000,400,Food & Beverage > Snacks,fish,3831828560530,2023-01-16
UK-00909,Solaris Salted Crackers,Solaris,750,500,Food & Beverage > Snacks,"fish,eggs,shellfish",7067368205068,2019-08-12
UK-00910,Kaleo Volumising Shampoo,Kaleo,150,250,Personal Care > Shampoo,"wheat,eggs",6505871469214,2023-11-12
UK-00911,Purevex Mayonnaise,Purevex,750,100,Food & Beverage > Condiments,"gluten,fish",7908984369980,2021-03-28
UK-00912,Nexpur Liquid Laundry Detergent,Nexpur,100,50,Household > Laundry,"milk,soy",8694842495982,2018-09-28
UK-00913,Elaris Tomato Ketchup,Elaris,250,400,Food & Beverage > Condiments,"sesame,shellfish,milk,tree nuts",7152386767381,2020-02-04
UK-00914,Orinum Sensitive Skin Body Wash,Orinum,200,300,Personal Care > Body Wash,,9177987682992,2022-11-23
UK-00915,Hevara Laundry Capsules,Hevara,100,100,Household > Laundry,"sesame,soy",7085806235040,2018-05-03
UK-00916,Krisol Mustard Sauce,Krisol,300,300,Food & Beverage > Condiments,"tree nuts,shellfish,milk,sesame",1248255442865,2023-03-02
UK-00917,Serafix Heavy Duty Dish Soap,Serafix,100,250,Household > Dishwash,"peanuts,wheat,soy,tree nuts",2894633891566,2019-11-05
UK-00918,Solvix Daily Moisturiser,Solvix,1000,250,Personal Care > Moisturiser,sesame,5725629269335,2021-11-07
UK-00919,Solvix Stain Remover,Solvix,250,75,Household > Laundry,sesame,1865507846853,2018-03-06
UK-00920,Krisol Rinse Aid,Krisol,400,200,Household > Dishwash,"soy,milk",3491891179727,2018-07-12
UK-00921,Hevara Hydrating Face Wash,Hevara,250,150,Personal Care > Face Wash,"milk,eggs",5364154715537,2019-03-16
UK-00922,Vivara Oil Control Face Wash,Vivara,750,150,Personal Care > Face Wash,"shellfish,sesame,eggs",3675009421414,2018-05-25
UK-00923,Cryston 48hr Spray Deodorant,Cryston,300,500,Personal Care > Deodorant,,9878092704523,2020-08-20
UK-00924,Luxara Stain Remover,Luxara,250,300,Household > Laundry,wheat,5866059867873,2021-02-18
UK-00925,Tresol Night Cream,Tresol,400,250,Personal Care > Moisturiser,"tree nuts,peanuts,gluten,shellfish",9655942824910,2018-12-06
UK-00926,Qualis Rice Cakes,Qualis,50,100,Food & Beverage > Snacks,,0024539313219,2021-08-28
UK-00927,Aurova 24hr Roll-On Deodorant,Aurova,50,250,Personal Care > Deodorant,"shellfish,milk",8368214448899,2022-04-19
UK-00928,Lumeva Aloe Hand Wash,Lumeva,400,100,Personal Care > Hand Wash,"soy,fish,shellfish",7462025825434,2018-10-13
UK-00929,Kaleo Laundry Powder,Kaleo,500,75,Household > Laundry,soy,1239204910603,2019-01-04
UK-00930,Purelix Laundry Powder,Purelix,200,400,Household > Laundry,soy,8750827681723,2020-01-11
UK-00931,Cryston Sensitive Deodorant,Cryston,250,200,Personal Care > Deodorant,"sesame,peanuts",7262905291874,2022-04-16
UK-00932,Cristalix Vinegar Dressing,Cristalix,75,300,Food & Beverage > Condiments,,8271721733733,2020-02-02
UK-00933,Kaleo Nourishing Body Cleanser,Kaleo,100,100,Personal Care > Body Wash,"gluten,soy,fish,eggs",1659143882326,2021-08-24
UK-00934,Nuarix Mustard Sauce,Nuarix,150,500,Food & Beverage > Condiments,tree nuts,8446177732641,2020-10-09
UK-00935,DUMMY-Qualis Sensitive Skin Body Wash,Qualis,200,200,Personal Care > Body Wash,"shellfish,eggs,wheat,soy",9970292712053,2020-10-06
UK-00936,Cryston Vinegar Dressing,Cryston,500,400,Food & Beverage > Condiments,,3752988322014,2019-07-06
UK-00937,Glicen Sensitive Deodorant,Glicen,50,500,Personal Care > Deodorant,wheat,0048797888975,2021-12-01
UK-00938,Nuarix Mayonnaise,Nuarix,250,500,Food & Beverage > Condiments,"wheat,soy",8600304436196,2021-08-06
UK-00939,Purevex Repair Shampoo,Purevex,250,100,Personal Care > Shampoo,gluten,1029295014379,2021-02-09
UK-00940,Serafix Vinegar Dressing,Serafix,50,150,Food & Beverage > Condiments,,9671397191261,2018-07-18
UK-00941,Glicen Mayonnaise,Glicen,100,75,Food & Beverage > Condiments,wheat,1767201911168,2022-07-08
UK-00942,Kaleo Volumising Shampoo,Kaleo,50,75,Personal Care > Shampoo,"milk,shellfish,wheat,tree nuts",5873393049360,2022-04-07
UK-00943,Novix 48hr Spray Deodorant,Novix,50,100,Personal Care > Deodorant,"peanuts,sesame,eggs",2421140868257,2018-02-05
UK-00944,Tresol Rinse Aid,Tresol,100,200,Household > Dishwash,"wheat,milk,soy",5561039952975,2018-03-11
UK-00945,Cryston Volumising Shampoo,Cryston,75,100,Personal Care > Shampoo,"soy,fish",5858564230419,2019-10-02
UK-00946,Velaris Refreshing Shower Gel,Velaris,50,300,Personal Care > Body Wash,,5927387402997,2018-09-09
UK-00947,Sovara Multi-Surface Spray,Sovara,300,50,Household > Surface Cleaner,"soy,wheat,sesame",4815542034033,2018-08-29
UK-00948,Lumeva Hydrating Shampoo,Lumeva,250,300,Personal Care > Shampoo,"gluten,shellfish,tree nuts",6491579554621,2020-10-05
UK-00949,Solven Intensive Moisturiser,Solven,100,200,Personal Care > Moisturiser,"fish,milk,eggs",0801810306838,2019-02-16
UK-00950,Nuvelo Glass Cleaner,Nuvelo,75,400,Household > Surface Cleaner,fish,8080815712901,2019-03-20
UK-00951,Cryston 24hr Roll-On Deodorant,Cryston,75,150,Personal Care > Deodorant,"milk,fish,shellfish,gluten",3073510458477,2021-05-14
UK-00952,Kaleo Exfoliating Face Scrub,Kaleo,75,150,Personal Care > Face Wash,,0962588576691,2020-11-05
UK-00953,DUMMY-Aurova Multi-Surface Spray,Aurova,75,500,Household > Surface Cleaner,,5339627466629,2018-11-20
UK-00954,Purevex Whitening Deodorant,Purevex,500,150,Personal Care > Deodorant,shellfish,0004666145907,2018-10-05
UK-00955,Orinum Hydrating Shampoo,Orinum,750,400,Personal Care > Shampoo,"eggs,peanuts,milk",0493881949054,2020-10-18
UK-00956,Toreva Tomato Ketchup,Toreva,100,50,Food & Beverage > Condiments,"gluten,sesame",0949769873138,2023-03-13
UK-00957,Solvix Heavy Duty Dish Soap,Solvix,75,300,Household > Dishwash,"gluten,sesame,peanuts",1661237407797,2020-12-26
UK-00958,Kaleo Oil Control Face Wash,Kaleo,250,300,Personal Care > Face Wash,soy,8994991970140,2019-11-08
UK-00959,XXX-Luminos Moisturising Hand Wash,Luminos,150,400,Personal Care > Hand Wash,,8782116020418,2018-12-09
UK-00960,Solvix Brightening Face Wash,Solvix,750,500,Personal Care > Face Wash,"sesame,shellfish,wheat,milk",1708894801862,2020-12-01
UK-00961,Tresol Lightweight Lotion,Tresol,100,75,Personal Care > Moisturiser,"tree nuts,sesame,soy",9785708200488,2018-07-11
UK-00962,Toreva Foaming Hand Wash,Toreva,400,75,Personal Care > Hand Wash,soy,6914961128793,2021-01-12
UK-00963,Polvera Smooth & Shine Conditioner,Polvera,300,500,Personal Care > Conditioner,"wheat,shellfish,fish,peanuts",7040953141965,2019-04-06
UK-00964,Vanta Sensitive Deodorant,Vanta,400,500,Personal Care > Deodorant,wheat,7488356517961,2020-01-15
UK-00965,Aevum Daily Moisturiser,Aevum,300,200,Personal Care > Moisturiser,"fish,gluten,soy,tree nuts",4960478421706,2019-09-19
UK-00966,Solven Fabric Softener,Solven,300,100,Household > Laundry,tree nuts,9364882089340,2023-12-30
UK-00967,Nuarix Aloe Hand Wash,Nuarix,500,150,Personal Care > Hand Wash,"milk,fish,wheat,shellfish",6728799160913,2019-01-01
UK-00968,Aurova Daily Moisturiser,Aurova,75,150,Personal Care > Moisturiser,"gluten,wheat",3613376052305,2020-11-08
00969,Primus Whitening Deodorant,Primus,75,300,Personal Care > Deodorant,"milk,wheat",5447241916502,2020-03-02
UK-00970,Nuvelo Granola Bar,Nuvelo,50,300,Food & Beverage > Snacks,"eggs,shellfish,sesame",1824989808803,2022-06-30
UK-00971,Brightway Disinfectant Spray,Brightway,75,200,Household > Surface Cleaner,,7468135926641,2022-09-26
UK-00972,Lumeva Eco Dish Liquid,Lumeva,150,300,Household > Dishwash,"sesame,shellfish,peanuts,gluten",6941559450110,2019-07-07
UK-00973,Solvix Oat Protein Bar,Solvix,100,50,Food & Beverage > Snacks,"tree nuts,soy,fish",0511716039883,2022-06-06
UK-00974,Toreva Exfoliating Face Scrub,Toreva,150,300,Personal Care > Face Wash,eggs,8945590670009,2021-05-18
UK-00975,Alteva Repair Conditioner,Alteva,750,200,Personal Care > Conditioner,milk,4664896676051,2022-11-21
UK-00976,Zephyr Night Cream,Zephyr,200,250,Personal Care > Moisturiser,"tree nuts,shellfish,sesame",5809745338905,2022-10-08
UK-00977,Vivara Leave-In Conditioner,Vivara,200,300,Personal Care > Conditioner,"wheat,gluten,fish",5401659953009,2022-10-09
UK-00978,XXX-Glova Leave-In Conditioner,Glova,100,100,Personal Care > Conditioner,"wheat,shellfish",6774625916018,2018-11-20
UK-00979,Hevara Repair Conditioner,Hevara,75,75,Personal Care > Conditioner,"sesame,peanuts",8860080179865,2023-05-25
UK-00980,Luxara Rice Cakes,Luxara,100,150,Food & Beverage > Snacks,,2995704726425,2022-10-07
UK-00981,Glicen Volumising Shampoo,Glicen,75,100,Personal Care > Shampoo,,3843753659685,2018-07-16
UK-00982,Zenpur Disinfectant Spray,Zenpur,1000,100,Household > Surface Cleaner,"peanuts,sesame",2421838545408,2018-05-09
UK-00983,Verdant Hot Chilli Sauce,Verdant,200,250,Food & Beverage > Condiments,"shellfish,tree nuts",2311232748973,2018-12-14
UK-00984,Arovia Glass Cleaner,Arovia,300,150,Household > Surface Cleaner,peanuts,2720388621755,2018-02-21
UK-00985,Oralix Vinegar Dressing,Oralix,75,300,Food & Beverage > Condiments,milk,4530693588241,2020-07-28
UK-00986,Frostine 48hr Spray Deodorant,Frostine,50,50,Personal Care > Deodorant,,8167784816523,2021-02-16
UK-00987,Polvera SPF Moisturiser,Polvera,250,200,Personal Care > Moisturiser,"fish,milk",8385179937817,2018-03-05
00988,Cristalix Mustard Sauce,Cristalix,1000,75,Food & Beverage > Condiments,sesame,7884869996987,2023-10-09
UK-00989,Oralix Smooth & Shine Conditioner,Oralix,200,250,Personal Care > Conditioner,"gluten,wheat,shellfish",1472463019865,2020-10-31
UK-00990,Tresol Repair Conditioner,Tresol,150,500,Personal Care > Conditioner,gluten,7283391218701,2022-05-25
UK-00991,Aurova Smooth & Shine Conditioner,Aurova,100,500,Personal Care > Conditioner,"milk,sesame,soy,eggs",2101023200182,2022-04-30
UK-00992,Motivo Glass Cleaner,Motivo,75,50,Household > Surface Cleaner,,8987610814352,2022-04-21
UK-00993,Oralix Anti-Dandruff Shampoo,Oralix,150,500,Personal Care > Shampoo,"tree nuts,soy",1980746823547,2022-08-01
UK-00994,Solvix Rinse Aid,Solvix,75,50,Household > Dishwash,,3076205459674,2018-11-02
UK-00995,DUMMY-Nuarix 24hr Roll-On Deodorant,Nuarix,50,300,Personal Care > Deodorant,"fish,gluten,peanuts",1106541134071,2021-08-19
UK-00996,Lumeva Repair Shampoo,Lumeva,750,200,Personal Care > Shampoo,"shellfish,milk,sesame,wheat",8366834826899,2022-07-18
UK-00997,Aevum Volumising Conditioner,Aevum,400,50,Personal Care > Conditioner,"soy,sesame,fish,peanuts",8891787915050,2022-10-23
UK-00998,Cryston Repair Conditioner,Cryston,75,400,Personal Care > Conditioner,"milk,soy,wheat",0126578982606,2021-05-24
UK-00999,Zephyr Colour Protect Shampoo,Zephyr,750,250,Personal Care > Shampoo,eggs,7558517774127,2023-06-23
UK-01000,Aevum Intensive Moisturiser,Aevum,100,75,Personal Care > Moisturiser,,8824199626429,2019-10-29
UK-01001,Velaris Smooth & Shine Conditioner,Velaris,250,500,Personal Care > Conditioner,"eggs,shellfish,milk,fish",4542185457058,2022-11-18
UK-01002,Zephyr Laundry Powder,Zephyr,750,100,Household > Laundry,tree nuts,7090016356409,2023-02-25
UK-01003,Tresol Leave-In Conditioner,Tresol,200,400,Personal Care > Conditioner,sesame,2895400178828,2019-10-22
UK-01004,Hevara Granola Bar,Hevara,400,150,Food & Beverage > Snacks,,2616850710587,2018-08-30
UK-01005,Clarity Hydrating Shampoo,Clarity,250,50,Personal Care > Shampoo,"wheat,shellfish,eggs,fish",1526105370927,2020-03-28
UK-01006,Cryston Moisturising Body Wash,Cryston,75,300,Personal Care > Body Wash,"tree nuts,milk,sesame,soy",4189485432981,2023-04-03
UK-01007,Luxara Aloe Hand Wash,Luxara,750,150,Personal Care > Hand Wash,"tree nuts,wheat,peanuts",4716198273480,2018-12-05
UK-01008,Vanta Gentle Face Wash,Vanta,200,250,Personal Care > Face Wash,,2589632174351,2022-11-29
UK-01009,Krisol Lightweight Lotion,Krisol,150,250,Personal Care > Moisturiser,fish,8064860673981,2020-06-16
UK-01010,Frostine Granola Bar,Frostine,500,500,Food & Beverage > Snacks,sesame,4253646280558,2018-08-06
UK-01011,Nuvelo Glass Cleaner,Nuvelo,50,300,Household > Surface Cleaner,"shellfish,tree nuts",5156239209082,2021-09-27
UK-01012,Vanta 24hr Roll-On Deodorant,Vanta,400,200,Personal Care > Deodorant,,9131117861909,2019-08-06
01013,Hevara Sport Deodorant,Hevara,400,300,Personal Care > Deodorant,,2206953541203,2018-12-05
UK-01014,Kaleo Mayonnaise,Kaleo,400,250,Food & Beverage > Condiments,"tree nuts,milk,sesame,eggs",6015153259476,2021-10-23
UK-01015,Elaris Deep Clean Body Wash,Elaris,50,400,Personal Care > Body Wash,,7327980595030,2018-09-27
UK-01016,Cladis Moisturising Body Wash,Cladis,200,150,Personal Care > Body Wash,"milk,soy",9104520360895,2021-03-10
UK-01017,Novix Hydrating Shampoo,Novix,200,75,Personal Care > Shampoo,tree nuts,9928553595204,2022-01-20
UK-01018,Vanta Antibacterial Hand Wash,Vanta,50,300,Personal Care > Hand Wash,"gluten,milk,sesame",6968018677406,2020-09-16
UK-01019,Nuvelo Disinfectant Spray,Nuvelo,1000,100,Household > Surface Cleaner,soy,9449530067762,2019-10-06
UK-01020,Zephyr Sport Deodorant,Zephyr,150,100,Personal Care > Deodorant,"milk,eggs",7365426241783,2020-11-09
UK-01021,Oralix Smooth & Shine Conditioner,Oralix,1000,100,Personal Care > Conditioner,"wheat,soy,sesame,gluten",5110090605308,2022-08-23
UK-01022,Cristalix Fabric Softener,Cristalix,50,100,Household > Laundry,,1667329045755,2023-01-22
UK-01023,TEST-Kaleo Whitening Deodorant,Kaleo,75,100,Personal Care > Deodorant,"gluten,fish,peanuts,eggs",6033620275583,2020-02-04
UK-01024,Cryston Anti-Dandruff Shampoo,Cryston,400,50,Personal Care > Shampoo,"wheat,milk,shellfish,sesame",1523802362194,2019-12-02
UK-01025,Alteva Anti-Dandruff Shampoo,Alteva,75,500,Personal Care > Shampoo,"shellfish,milk,tree nuts,peanuts",1611863855882,2018-12-01
UK-01026,Toreva Oat Protein Bar,Toreva,750,400,Food & Beverage > Snacks,"wheat,eggs,fish",8800537893180,2022-03-18
01027,Primus Dishwasher Tablets,Primus,750,400,Household > Dishwash,sesame,4540182272001,2019-12-29
UK-01028,Lumeva Laundry Powder,Lumeva,200,500,Household > Laundry,soy,2204144743283,2019-03-26
UK-01029,Vivara Repair Shampoo,Vivara,750,150,Personal Care > Shampoo,,2020304232271,2023-08-02
UK-01030,Nuarix 48hr Spray Deodorant,Nuarix,75,150,Personal Care > Deodorant,"soy,milk",2816506463007,2021-11-11
UK-01031,Plexum Oat Protein Bar,Plexum,400,400,Food & Beverage > Snacks,"tree nuts,fish,eggs",9832102916177,2021-05-07
UK-01032,Vanta Aloe Hand Wash,Vanta,100,500,Personal Care > Hand Wash,eggs,0438419662296,2018-11-29
UK-01033,Purelix Gentle Face Wash,Purelix,400,50,Personal Care > Face Wash,"milk,tree nuts,fish,peanuts",5667063621983,2022-06-01
UK-01034,Oralix Sport Deodorant,Oralix,200,200,Personal Care > Deodorant,"peanuts,milk",7663493396505,2021-05-23
UK-01035,Motivo Vinegar Dressing,Motivo,100,400,Food & Beverage > Condiments,wheat,2626114243621,2021-11-08
UK-01036,Nuarix Vinegar Dressing,Nuarix,250,200,Food & Beverage > Condiments,eggs,8808799196230,2021-06-28
UK-01037,Polvera Salted Crackers,Polvera,750,300,Food & Beverage > Snacks,"soy,gluten",8532472505834,2020-07-10
UK-01038,Serafix Brightening Face Wash,Serafix,50,150,Personal Care > Face Wash,,1587605457693,2021-01-05
UK-01039,Cryston Bathroom Cleaner,Cryston,300,200,Household > Surface Cleaner,"soy,tree nuts",3659746698612,2022-10-31
UK-01040,Tresol Brightening Face Wash,Tresol,75,100,Personal Care > Face Wash,"peanuts,tree nuts",0809594815263,2019-08-08
UK-01041,Clarity Sport Deodorant,Clarity,300,300,Personal Care > Deodorant,"shellfish,wheat",1307423591429,2022-04-26
UK-01042,TEST-Oralix Anti-Dandruff Shampoo,Oralix,1000,200,Personal Care > Shampoo,"gluten,soy,sesame,fish",2614543079638,2023-02-19
UK-01043,Solvix Gentle Face Wash,Solvix,50,50,Personal Care > Face Wash,"eggs,shellfish,tree nuts,gluten",2115871845235,2022-01-25
UK-01044,Tolvex Mustard Sauce,Tolvex,3.38,300,Food & Beverage > Condiments,"shellfish,peanuts,sesame,fish",7017320865236,2022-12-27
UK-01045,Tresol Glass Cleaner,Tresol,750,300,Household > Surface Cleaner,"tree nuts,fish,soy",3701400527810,2018-04-11
UK-01046,Gleam Sport Deodorant,Gleam,500,50,Personal Care > Deodorant,,0272214257314,2022-10-09
UK-01047,Frostine Sensitive Skin Body Wash,Frostine,150,75,Personal Care > Body Wash,fish,8172031369554,2019-09-24
UK-01048,Kaleo Laundry Capsules,Kaleo,50,100,Household > Laundry,"shellfish,soy,tree nuts,eggs",5953322273933,2023-11-09
UK-01049,Kaleo Eco Dish Liquid,Kaleo,50,200,Household > Dishwash,"shellfish,soy",5323661850766,2019-01-11
UK-01050,Cryston Sensitive Skin Body Wash,Cryston,50,500,Personal Care > Body Wash,fish,9718236010717,2019-10-01
UK-01051,Zenpur Antibacterial Hand Wash,Zenpur,1000,500,Personal Care > Hand Wash,sesame,8217648467351,2022-12-18
UK-01052,Brightway Night Cream,Brightway,150,150,Personal Care > Moisturiser,wheat,2801944258926,2020-01-25
UK-01053,Cladis Repair Conditioner,Cladis,50,300,Personal Care > Conditioner,gluten,5350637311808,2021-01-17
UK-01054,Nuvelo Foaming Hand Wash,Nuvelo,75,150,Personal Care > Hand Wash,,7538418520139,2022-04-28
UK-01055,Polvera Volumising Conditioner,Polvera,50,500,Personal Care > Conditioner,"fish,soy",9756154705544,2018-10-25
UK-01056,Vivara Deep Conditioner,Vivara,75,300,Personal Care > Conditioner,"eggs,gluten",9556409196932,2021-08-07
UK-01057,Solaris Disinfectant Spray,Solaris,250,100,Household > Surface Cleaner,,7020426201976,2019-01-29
UK-01058,Brightway Deep Conditioner,Brightway,200,75,Personal Care > Conditioner,gluten,3696789760982,2023-04-28
UK-01059,Nexpur Gentle Face Wash,Nexpur,300,400,Personal Care > Face Wash,"soy,eggs,wheat",2760759889780,2022-09-18
UK-01060,Teraxis 48hr Spray Deodorant,Teraxis,150,200,Personal Care > Deodorant,eggs,9165430895235,2019-05-26
UK-01061,TEST-Nexpur Deep Conditioner,Nexpur,75,75,Personal Care > Conditioner,"milk,tree nuts",7644974700028,2022-09-20
UK-01062,Cladis Laundry Capsules,Cladis,200,200,Household > Laundry,"fish,shellfish,gluten,wheat",9797416365601,2020-11-18
UK-01063,Luminos 24hr Roll-On Deodorant,Luminos,300,150,Personal Care > Deodorant,"tree nuts,soy",7309649692779,2018-11-20
UK-01064,Gleam Colour Protect Shampoo,Gleam,250,100,Personal Care > Shampoo,"fish,soy,tree nuts,eggs",0597025512828,2023-03-11
UK-01065,Sovara Moisturising Hand Wash,Sovara,200,150,Personal Care > Hand Wash,,5948989596549,2022-08-23
UK-01066,Cristalix Hot Chilli Sauce,Cristalix,200,250,Food & Beverage > Condiments,"peanuts,soy",4414916999390,2020-09-20
UK-01067,Nuvelo Granola Bar,Nuvelo,750,400,Food & Beverage > Snacks,"soy,peanuts",6408822309587,2022-09-17
UK-01068,Glicen Smooth & Shine Conditioner,Glicen,400,150,Personal Care > Conditioner,"sesame,gluten,peanuts,milk",3210972021706,2023-05-16
UK-01069,Alteva Sport Deodorant,Alteva,250,150,Personal Care > Deodorant,"fish,tree nuts",5792203004491,2022-11-08
UK-01070,Purevex Intensive Moisturiser,Purevex,100,150,Personal Care > Moisturiser,"milk,gluten,wheat,tree nuts",5121375658964,2020-02-19
UK-01071,Qualis Whitening Deodorant,Qualis,1000,400,Personal Care > Deodorant,,8619931458433,2020-11-28
UK-01072,Cladis Granola Bar,Cladis,300,150,Food & Beverage > Snacks,,1388503423625,2019-07-10
UK-01073,Serafix Refreshing Shower Gel,Serafix,200,400,Personal Care > Body Wash,"wheat,peanuts",6310437968687,2018-04-25
UK-01074,Gleam Sensitive Skin Body Wash,Gleam,250,100,Personal Care > Body Wash,"peanuts,fish,milk,eggs",1774174304354,2018-08-28
UK-01075,Novix Leave-In Conditioner,Novix,250,50,Personal Care > Conditioner,wheat,8946652752336,2019-07-01
UK-01076,Lumeva Laundry Powder,Lumeva,150,50,Household > Laundry,milk,2569133030332,2020-11-04
UK-01077,Orinum Foaming Hand Wash,Orinum,75,75,Personal Care > Hand Wash,"shellfish,tree nuts,milk",7627995530249,2022-02-25
UK-01078,DUMMY-Helix Gentle Face Wash,Helix,100,150,Personal Care > Face Wash,"sesame,peanuts,shellfish,eggs",3034202847191,2018-03-09
UK-01079,XXX-Hevara Repair Shampoo,Hevara,100,100,Personal Care > Shampoo,peanuts,0507648717753,2020-12-02
UK-01080,Lumeva Antibacterial Hand Wash,Lumeva,750,100,Personal Care > Hand Wash,"milk,fish",5838727258122,2019-09-30
UK-01081,Vanta Whitening Deodorant,Vanta,750,250,Personal Care > Deodorant,"fish,sesame,peanuts",4823733791214,2019-06-17
UK-01082,Oralix Hydrating Shampoo,Oralix,75,500,Personal Care > Shampoo,"sesame,milk,soy",5869017074030,2019-09-11
UK-01083,Frosten 24hr Roll-On Deodorant,Frosten,750,200,Personal Care > Deodorant,"wheat,tree nuts",1712227643388,2023-02-05
UK-01084,Luminos Leave-In Conditioner,Luminos,250,200,Personal Care > Conditioner,wheat,1626549633081,2020-03-11
UK-01085,Elaris Brightening Face Wash,Elaris,200,400,Personal Care > Face Wash,,4887899504705,2019-11-12
UK-01086,Lumeva Nourishing Body Cleanser,Lumeva,1000,300,Personal Care > Body Wash,"tree nuts,eggs,gluten,sesame",7749266329564,2020-08-13
UK-01087,Orinum Night Cream,Orinum,400,400,Personal Care > Moisturiser,"wheat,gluten",5920616581296,2019-07-03
UK-01088,Clarity Nourishing Body Cleanser,Clarity,100,100,Personal Care > Body Wash,"peanuts,eggs,sesame,wheat",6302955963633,2023-03-13
UK-01089,Gleam Mayonnaise,Gleam,300,100,Food & Beverage > Condiments,"peanuts,wheat,milk,soy",6154980851337,2019-03-15
UK-01090,Krisol Hydrating Face Wash,Krisol,50,50,Personal Care > Face Wash,"gluten,sesame",3211221215488,2019-04-07
UK-01091,Novix Granola Bar,Novix,100,300,Food & Beverage > Snacks,"fish,sesame,shellfish,soy",4019185488066,2021-06-20
UK-01092,Solvix Night Cream,Solvix,50,50,Personal Care > Moisturiser,"wheat,sesame,shellfish",7873585664645,2019-05-02
UK-01093,Glicen Heavy Duty Dish Soap,Glicen,100,150,Household > Dishwash,"wheat,eggs",9262213204106,2021-03-10
UK-01094,Verdant Smooth & Shine Conditioner,Verdant,500,150,Personal Care > Conditioner,,4789117972696,2021-02-11
UK-01095,Solven Eco Dish Liquid,Solven,1000,100,Household > Dishwash,"soy,eggs,milk,shellfish",3666020005325,2021-10-10
UK-01096,Cladis Hydrating Face Wash,Cladis,150,75,Personal Care > Face Wash,,5052438380587,2019-10-25
UK-01097,Nexpur Aloe Hand Wash,Nexpur,1000,50,Personal Care > Hand Wash,,7686276332835,2023-08-17
UK-01098,Solvix Heavy Duty Dish Soap,Solvix,150,150,Household > Dishwash,"fish,eggs,tree nuts",1862671368419,2018-01-04
UK-01099,Brightway Volumising Shampoo,Brightway,1000,500,Personal Care > Shampoo,soy,3921883527910,2023-12-05
UK-01100,Hevara Bathroom Cleaner,Hevara,50,300,Household > Surface Cleaner,"shellfish,fish,eggs",0659208814317,2019-06-06
UK-01101,Orinum Disinfectant Spray,Orinum,300,75,Household > Surface Cleaner,"sesame,eggs,tree nuts",9698384572025,2022-05-20
UK-01102,Nuarix Fragrance-Free Hand Wash,Nuarix,300,500,Personal Care > Hand Wash,"wheat,tree nuts,eggs",2573498992556,2020-07-04
01103,Polvera Rinse Aid,Polvera,300,50,Household > Dishwash,"peanuts,wheat,milk",7472966941797,2022-06-12
UK-01104,Luxara Multi-Surface Spray,Luxara,50,500,Household > Surface Cleaner,"shellfish,peanuts,gluten,wheat",8599464183982,2021-05-23
UK-01105,Cryston Repair Shampoo,Cryston,150,200,Personal Care > Shampoo,"sesame,tree nuts,soy",6988164980441,2021-07-18
UK-01106,Nexpur Sensitive Skin Body Wash,Nexpur,1000,500,Personal Care > Body Wash,"milk,tree nuts,wheat",1026270664895,2018-09-08
UK-01107,Kaleo Sensitive Skin Body Wash,Kaleo,200,500,Personal Care > Body Wash,"tree nuts,sesame",1308898305740,2020-08-28
UK-01108,Tolvex Eco Dish Liquid,Tolvex,400,200,Household > Dishwash,,8563027500035,2018-07-08
UK-01109,TEST-Glicen Mustard Sauce,Glicen,300,300,Food & Beverage > Condiments,,9953056418491,2020-02-24
UK-01110,Polvera Disinfectant Spray,Polvera,200,300,Household > Surface Cleaner,"gluten,milk,shellfish",0187260013657,2019-05-19
UK-01111,Nuvelo Refreshing Shower Gel,Nuvelo,200,200,Personal Care > Body Wash,"wheat,milk",6745686524061,2019-08-04
UK-01112,Toreva Deep Conditioner,Toreva,250,300,Personal Care > Conditioner,"wheat,tree nuts,fish",2221905334702,2020-11-25
UK-01113,Velaris Bathroom Cleaner,Velaris,300,200,Household > Surface Cleaner,"peanuts,tree nuts,sesame,gluten",3965213835078,2018-12-02
UK-01114,Qualis Repair Conditioner,Qualis,250,150,Personal Care > Conditioner,,2900362211732,2019-08-10
UK-01115,Solaris Hot Chilli Sauce,Solaris,100,300,Food & Beverage > Condiments,"sesame,gluten",3958558522949,2019-11-29
UK-01116,Tresol Mustard Sauce,Tresol,250,75,Food & Beverage > Condiments,"eggs,sesame,tree nuts",7591710508052,2021-06-17
UK-01117,Verdant Dish Liquid,Verdant,400,400,Household > Dishwash,"peanuts,shellfish",3535247841712,2021-12-30
UK-01118,Nuarix Rinse Aid,Nuarix,750,400,Household > Dishwash,peanuts,4930537880331,2019-05-27
UK-01119,Purelix Laundry Powder,Purelix,75,75,Household > Laundry,soy,8926087882815,2021-12-15
UK-01120,Novix Volumising Conditioner,Novix,400,150,Personal Care > Conditioner,,4862515217467,2021-08-31
UK-01121,Toreva Mayonnaise,Toreva,150,400,Food & Beverage > Condiments,"milk,eggs,sesame,wheat",6734467177626,2022-06-17
UK-01122,Frostine Dish Liquid,Frostine,150,150,Household > Dishwash,"wheat,peanuts,fish",6450999900104,2023-12-21
UK-01123,Qualis Eco Dish Liquid,Qualis,400,150,Household > Dishwash,"milk,sesame,soy,fish",5211896844240,2022-05-16
UK-01124,Arovia Lightweight Lotion,Arovia,500,200,Personal Care > Moisturiser,"gluten,shellfish,tree nuts,soy",2857595828193,2018-07-30
UK-01125,Purevex Leave-In Conditioner,Purevex,400,400,Personal Care > Conditioner,"gluten,eggs,wheat,shellfish",8839717059849,2020-12-11
UK-01126,Nuvelo 24hr Roll-On Deodorant,Nuvelo,150,300,Personal Care > Deodorant,"wheat,sesame,fish",8112303885689,2019-04-13
UK-01127,Cristalix Colour Protect Shampoo,Cristalix,750,400,Personal Care > Shampoo,"eggs,peanuts,tree nuts,sesame",0099217790552,2019-08-29
UK-01128,Sovara Laundry Capsules,Sovara,750,150,Household > Laundry,tree nuts,1588070532601,2019-05-13
UK-01129,Cristalix Colour Protect Shampoo,Cristalix,750,75,Personal Care > Shampoo,,3829742551369,2018-06-23
UK-01130,Nuarix Dish Liquid,Nuarix,500,250,Household > Dishwash,"eggs,sesame,gluten,milk",4502437361588,2023-07-26
UK-01131,Krisol Exfoliating Face Scrub,Krisol,300,100,Personal Care > Face Wash,"eggs,soy,tree nuts",8969335390052,2021-08-10
UK-01132,Vivara Antibacterial Hand Wash,Vivara,1000,200,Personal Care > Hand Wash,"soy,eggs,tree nuts",6639792551168,2021-04-03
UK-01133,Solvix Exfoliating Face Scrub,Solvix,750,50,Personal Care > Face Wash,sesame,3772702896669,2018-01-20
UK-01134,Elaris 48hr Spray Deodorant,Elaris,100,500,Personal Care > Deodorant,,6441610197539,2021-10-03
UK-01135,Purelix Fabric Softener,Purelix,200,50,Household > Laundry,"eggs,milk",3880273042764,2020-05-04
UK-01136,Primus Moisturising Hand Wash,Primus,75,200,Personal Care > Hand Wash,"peanuts,shellfish",1893953096904,2022-09-10
UK-01137,Verdant Glass Cleaner,Verdant,1000,50,Household > Surface Cleaner,"wheat,gluten,peanuts,shellfish",8745513587274,2019-05-20
UK-01138,Serafix Bathroom Cleaner,Serafix,50,300,Household > Surface Cleaner,"sesame,eggs,gluten,fish",6403439881877,2020-04-21
UK-01139,Orinum Laundry Capsules,Orinum,1000,250,Household > Laundry,"soy,gluten,sesame,shellfish",4770413090917,2021-11-30
UK-01140,XXX-Teraxis Hydrating Face Wash,Teraxis,300,50,Personal Care > Face Wash,sesame,2625420412318,2018-05-23
UK-01141,Orinum Granola Bar,Orinum,400,100,Food & Beverage > Snacks,,4410079419324,2021-01-13
UK-01142,Luxara 48hr Spray Deodorant,Luxara,1000,75,Personal Care > Deodorant,,9794122487092,2023-04-29
UK-01143,Verdant Volumising Conditioner,Verdant,750,300,Personal Care > Conditioner,wheat,2517422404326,2022-09-14
UK-01144,Novix Hydrating Shampoo,Novix,750,50,Personal Care > Shampoo,,3468616307024,2022-06-24
UK-01145,DUMMY-Oralix Kitchen Cleaner,Oralix,100,50,Household > Surface Cleaner,,9536621953681,2018-05-08
UK-01146,Cryston Nourishing Body Cleanser,Cryston,400,250,Personal Care > Body Wash,,0173259007394,2023-03-06
UK-01147,Krisol Volumising Shampoo,Krisol,50,400,Personal Care > Shampoo,wheat,1138690871675,2019-08-07
UK-01148,Luminos Deep Conditioner,Luminos,200,250,Personal Care > Conditioner,"fish,eggs",7192817074435,2022-07-26
UK-01149,Plexum Refreshing Shower Gel,Plexum,200,200,Personal Care > Body Wash,wheat,5216025239416,2019-08-05
UK-01150,Frosten Salted Crackers,Frosten,200,200,Food & Beverage > Snacks,"shellfish,wheat,fish",9032655132769,2018-11-20
UK-01151,Aevum Hot Chilli Sauce,Aevum,200,500,Food & Beverage > Condiments,,2455985160214,2019-03-12
UK-01152,Toreva Dish Liquid,Toreva,500,75,Household > Dishwash,fish,8649864786860,2019-06-04
UK-01153,Motivo Exfoliating Face Scrub,Motivo,50,50,Personal Care > Face Wash,"sesame,peanuts,gluten,soy",4083781919071,2021-04-09
UK-01154,Tresol Eco Dish Liquid,Tresol,75,300,Household > Dishwash,"milk,gluten",6983692353484,2021-01-06
UK-01155,Nuvelo Laundry Capsules,Nuvelo,400,50,Household > Laundry,"wheat,eggs,soy,peanuts",8654622021237,2023-07-07
UK-01156,Zephyr Mayonnaise,Zephyr,250,250,Food & Beverage > Condiments,,3300008863469,2023-02-01
UK-01157,Glova Hydrating Face Wash,Glova,750,50,Personal Care > Face Wash,,8899114160098,2019-01-14
UK-01158,Krisol Aloe Hand Wash,Krisol,1000,100,Personal Care > Hand Wash,wheat,7379897906089,2021-10-11
UK-01159,Helix Lightweight Lotion,Helix,500,300,Personal Care > Moisturiser,"peanuts,fish,soy",0009984336112,2020-09-27
UK-01160,Solven Multi-Surface Spray,Solven,500,75,Household > Surface Cleaner,"eggs,sesame",5458294203402,2018-10-08
UK-01161,Toreva 48hr Spray Deodorant,Toreva,150,200,Personal Care > Deodorant,"fish,milk,shellfish",5699944946670,2019-08-31
UK-01162,Solven Salted Crackers,Solven,50,500,Food & Beverage > Snacks,peanuts,0281822387948,2018-01-05
UK-01163,Brightway Volumising Conditioner,Brightway,50,500,Personal Care > Conditioner,"sesame,eggs",7452735364231,2021-11-11
UK-01164,Zephyr Multi-Surface Spray,Zephyr,200,75,Household > Surface Cleaner,gluten,1828518161254,2021-11-18
UK-01165,Elaris Dish Liquid,Elaris,1000,300,Household > Dishwash,,0079230466009,2018-12-16
UK-01166,Cristalix Smooth & Shine Conditioner,Cristalix,500,100,Personal Care > Conditioner,"eggs,milk,gluten",2329615120483,2022-03-13
UK-01167,Tolvex Deep Clean Body Wash,Tolvex,300,300,Personal Care > Body Wash,"soy,peanuts",4604227634602,2019-03-15
UK-01168,Qualis Dish Liquid,Qualis,150,50,Household > Dishwash,"shellfish,soy",4724358617685,2019-11-24
UK-01169,Krisol Repair Conditioner,Krisol,75,100,Personal Care > Conditioner,"wheat,fish,shellfish",0866656224197,2022-12-16
UK-01170,Orinum Aloe Hand Wash,Orinum,500,200,Personal Care > Hand Wash,"peanuts,shellfish,sesame,fish",1290350061847,2023-08-13
UK-01171,Frostine Heavy Duty Dish Soap,Frostine,100,100,Household > Dishwash,tree nuts,4340466821211,2021-10-09
UK-01172,Verdant Hot Chilli Sauce,Verdant,750,250,Food & Beverage > Condiments,tree nuts,4920644111978,2020-03-12
UK-01173,Helix Stain Remover,Helix,500,100,Household > Laundry,"soy,milk,fish",3435948821887,2021-02-09
UK-01174,Novix Heavy Duty Dish Soap,Novix,50,300,Household > Dishwash,"peanuts,milk,tree nuts",1102125434124,2020-10-09
UK-01175,Hevara Moisturising Body Wash,Hevara,300,50,Personal Care > Body Wash,"gluten,sesame",6037218600320,2018-09-13
UK-01176,Solven Mixed Nuts Blend,Solven,750,400,Food & Beverage > Snacks,"gluten,milk,eggs,sesame",4003471317192,2023-03-27
UK-01177,Purelix Vinegar Dressing,Purelix,50,75,Food & Beverage > Condiments,"wheat,tree nuts,milk",8419478550115,2020-04-23
UK-01178,Plexum Bathroom Cleaner,Plexum,250,500,Household > Surface Cleaner,eggs,0728878072799,2018-08-19
UK-01179,TEST-Cryston Mixed Nuts Blend,Cryston,75,300,Food & Beverage > Snacks,,6088197223994,2022-04-23
UK-01180,Solaris Intensive Moisturiser,Solaris,75,500,Personal Care > Moisturiser,shellfish,5307681024802,2022-02-09
UK-01181,Primus Sensitive Deodorant,Primus,50,50,Personal Care > Deodorant,peanuts,4323622169068,2022-04-16
UK-01182,Cryston Fabric Softener,Cryston,200,300,Household > Laundry,"milk,fish,shellfish",5169139521505,2019-04-18
UK-01183,Brightway Fragrance-Free Hand Wash,Brightway,300,75,Personal Care > Hand Wash,,7033508424316,2020-06-28
UK-01184,Elaris Dishwasher Tablets,Elaris,500,200,Household > Dishwash,"eggs,soy,milk,shellfish",4169105302153,2018-10-19
UK-01185,Glicen Foaming Hand Wash,Glicen,250,500,Personal Care > Hand Wash,"peanuts,fish,soy",3953481105016,2021-02-05
UK-01186,Verdant Glass Cleaner,Verdant,100,400,Household > Surface Cleaner,"gluten,fish,eggs,wheat",7385512817753,2019-02-08
UK-01187,Frosten Leave-In Conditioner,Frosten,250,400,Personal Care > Conditioner,"eggs,tree nuts,sesame,wheat",2609723602447,2022-11-18
UK-01188,Arovia Granola Bar,Arovia,200,300,Food & Beverage > Snacks,"shellfish,wheat,milk",5171073087153,2022-04-23
UK-01189,Novix Intensive Moisturiser,Novix,1000,150,Personal Care > Moisturiser,"milk,soy,eggs",7543802741489,2021-08-21
UK-01190,DUMMY-Polvera Rice Cakes,Polvera,100,300,Food & Beverage > Snacks,,2925468627287,2023-10-16
UK-01191,Orinum Daily Moisturiser,Orinum,300,300,Personal Care > Moisturiser,"wheat,milk",7632713538674,2022-09-07
UK-01192,Zenpur Mixed Nuts Blend,Zenpur,750,100,Food & Beverage > Snacks,sesame,6879060488691,2020-08-15
UK-01193,Nuarix Deep Conditioner,Nuarix,250,250,Personal Care > Conditioner,peanuts,0508927396157,2023-01-15
UK-01194,Arovia Fragrance-Free Hand Wash,Arovia,50,250,Personal Care > Hand Wash,tree nuts,6707897755429,2022-11-23
UK-01195,Hevara Colour Protect Shampoo,Hevara,50,150,Personal Care > Shampoo,"peanuts,wheat,sesame,soy",3627320222713,2019-03-12
UK-01196,Vivara Repair Shampoo,Vivara,1000,400,Personal Care > Shampoo,"gluten,eggs,shellfish",1620429851442,2022-07-14
UK-01197,Plexum Eco Dish Liquid,Plexum,50,250,Household > Dishwash,eggs,6903922026988,2018-02-26
UK-01198,Kaleo Anti-Dandruff Shampoo,Kaleo,1000,300,Personal Care > Shampoo,"shellfish,eggs",0680177031634,2022-12-31
UK-01199,Solvix Nourishing Body Cleanser,Solvix,50,50,Personal Care > Body Wash,"gluten,soy",3267244693178,2019-10-17
UK-01200,Orinum Rinse Aid,Orinum,300,150,Household > Dishwash,"milk,sesame,soy,peanuts",0654025998516,2020-06-15
UK-01201,Plexum Oat Protein Bar,Plexum,100,400,Food & Beverage > Snacks,shellfish,2812916350494,2022-10-25
UK-01202,Sovara Refreshing Shower Gel,Sovara,300,400,Personal Care > Body Wash,"tree nuts,wheat,shellfish",2845397499505,2023-01-29
UK-01203,Primus Salted Crackers,Primus,500,300,Food & Beverage > Snacks,"milk,fish",7560208019295,2018-07-10
UK-01204,Arovia Leave-In Conditioner,Arovia,75,250,Personal Care > Conditioner,"soy,milk",4489093225334,2020-04-24
UK-01205,Nexpur Deep Conditioner,Nexpur,150,250,Personal Care > Conditioner,,0255501935454,2018-05-17
UK-01206,Frosten Exfoliating Face Scrub,Frosten,500,500,Personal Care > Face Wash,"peanuts,soy,sesame,fish",3324362962088,2018-04-20
UK-01207,Tolvex Whitening Deodorant,Tolvex,500,150,Personal Care > Deodorant,,2441290759656,2019-07-03
UK-01208,Brightway Moisturising Body Wash,Brightway,150,400,Personal Care > Body Wash,"soy,eggs,shellfish",7495421062943,2019-01-16
UK-01209,Orinum Dishwasher Tablets,Orinum,250,75,Household > Dishwash,"wheat,gluten,fish,soy",1317536264752,2019-09-12
UK-01210,Teraxis Vinegar Dressing,Teraxis,300,200,Food & Beverage > Condiments,"eggs,wheat,milk",9617300992846,2021-07-15
UK-01211,Oralix Repair Conditioner,Oralix,150,100,Personal Care > Conditioner,,1535505143215,2019-03-07
UK-01212,Polvera Night Cream,Polvera,50,500,Personal Care > Moisturiser,"shellfish,gluten,wheat",4792542218833,2020-11-07
UK-01213,Nuarix Mustard Sauce,Nuarix,500,75,Food & Beverage > Condiments,"wheat,milk,peanuts,fish",8770676933323,2022-10-28
UK-01214,Zenpur 24hr Roll-On Deodorant,Zenpur,750,50,Personal Care > Deodorant,tree nuts,7846408585885,2020-02-26
UK-01215,Nexpur Oat Protein Bar,Nexpur,250,300,Food & Beverage > Snacks,"wheat,fish,gluten",0846729254351,2022-03-09
UK-01216,Cladis Colour Protect Shampoo,Cladis,100,500,Personal Care > Shampoo,wheat,2501825624726,2022-08-12
UK-01217,Krisol Hydrating Face Wash,Krisol,200,100,Personal Care > Face Wash,,1223414992900,2018-02-25
UK-01218,DUMMY-Cladis Heavy Duty Dish Soap,Cladis,100,400,Household > Dishwash,,2660450956326,2018-10-01
UK-01219,Gleam Bathroom Cleaner,Gleam,50,50,Household > Surface Cleaner,gluten,1019335389222,2019-10-19
UK-01220,Helix Intensive Moisturiser,Helix,75,150,Personal Care > Moisturiser,"milk,gluten,fish",0827705646162,2018-08-13
UK-01221,Tresol Glass Cleaner,Tresol,300,200,Household > Surface Cleaner,sesame,5009537234617,2022-12-27
UK-01222,Plexum Moisturising Hand Wash,Plexum,1000,75,Personal Care > Hand Wash,soy,6109441642313,2022-05-13
UK-01223,Elaris Sport Deodorant,Elaris,75,150,Personal Care > Deodorant,"wheat,shellfish,sesame",6857606349422,2018-07-04
UK-01224,Purevex Intensive Moisturiser,Purevex,400,250,Personal Care > Moisturiser,"eggs,sesame",8701799932429,2018-06-18
UK-01225,Luxara Repair Conditioner,Luxara,150,400,Personal Care > Conditioner,"peanuts,gluten",1723456538697,2020-11-12
UK-01226,Krisol Disinfectant Spray,Krisol,50,100,Household > Surface Cleaner,"peanuts,sesame",5362689047239,2023-10-14
UK-01227,Purevex Fragrance-Free Hand Wash,Purevex,1000,50,Personal Care > Hand Wash,,9538557421647,2020-08-18
UK-01228,Aevum Whitening Deodorant,Aevum,50,50,Personal Care > Deodorant,"soy,shellfish,eggs,wheat",6047614378846,2021-02-03
UK-01229,Oralix Exfoliating Face Scrub,Oralix,300,300,Personal Care > Face Wash,,8756467263688,2018-10-03
UK-01230,Nuarix Sport Deodorant,Nuarix,75,500,Personal Care > Deodorant,"sesame,milk",0277291084501,2023-02-05
UK-01231,Motivo Vinegar Dressing,Motivo,50,200,Food & Beverage > Condiments,tree nuts,6605033746983,2020-10-03
UK-01232,Cladis Gentle Face Wash,Cladis,400,400,Personal Care > Face Wash,milk,6718222667942,2018-11-29
UK-01233,XXX-Arovia Dish Liquid,Arovia,500,400,Household > Dishwash,"sesame,fish,tree nuts,eggs",8590673963426,2023-10-11
UK-01234,Primus Oat Protein Bar,Primus,400,300,Food & Beverage > Snacks,,5504922170483,2022-09-27
UK-01235,Novix Salted Crackers,Novix,300,400,Food & Beverage > Snacks,,6632016290737,2019-12-28
UK-01236,Helix Stain Remover,Helix,1000,500,Household > Laundry,shellfish,1826533717081,2022-09-29
UK-01237,Verdant Lightweight Lotion,Verdant,100,300,Personal Care > Moisturiser,"peanuts,wheat,milk,eggs",9831354901450,2022-09-11
UK-01238,Motivo Multi-Surface Spray,Motivo,750,100,Household > Surface Cleaner,,9587305498240,2020-08-08
UK-01239,Tolvex Stain Remover,Tolvex,200,150,Household > Laundry,,2178167806648,2020-06-27
UK-01240,Qualis Tomato Ketchup,Qualis,1000,500,Food & Beverage > Condiments,"milk,eggs,fish,tree nuts",4928150370179,2018-08-11
UK-01241,Purelix Dishwasher Tablets,Purelix,1000,200,Household > Dishwash,,7030880817262,2019-09-08
UK-01242,Aevum Laundry Powder,Aevum,300,500,Household > Laundry,peanuts,4850072889593,2020-01-24
UK-01243,Teraxis Hot Chilli Sauce,Teraxis,200,75,Food & Beverage > Condiments,,6806919612761,2022-05-25
UK-01244,Luxara Deep Conditioner,Luxara,50,500,Personal Care > Conditioner,milk,3917026344438,2021-08-28
UK-01245,Teraxis Heavy Duty Dish Soap,Teraxis,1000,100,Household > Dishwash,"tree nuts,sesame",7012042425362,2018-03-18
UK-01246,Brightway Dish Liquid,Brightway,150,400,Household > Dishwash,"soy,milk",2849760396705,2019-06-25
UK-01247,Motivo Night Cream,Motivo,250,100,Personal Care > Moisturiser,"milk,tree nuts",5364818754032,2022-06-27
UK-01248,Primus Granola Bar,Primus,500,100,Food & Beverage > Snacks,,5977385466231,2019-06-05
UK-01249,Vanta Exfoliating Face Scrub,Vanta,300,300,Personal Care > Face Wash,"gluten,sesame,fish",4912594972204,2020-11-16
UK-01250,Alteva Smooth & Shine Conditioner,Alteva,300,100,Personal Care > Conditioner,fish,9920666179968,2019-12-26
UK-01251,Motivo Brightening Face Wash,Motivo,750,100,Personal Care > Face Wash,"gluten,sesame,soy,eggs",5876887779255,2022-11-12
UK-01252,Glova Nourishing Body Cleanser,Glova,150,200,Personal Care > Body Wash,"wheat,milk,peanuts,shellfish",3153983912260,2018-02-10
UK-01253,Purevex Moisturising Body Wash,Purevex,200,200,Personal Care > Body Wash,,7629143049139,2021-05-15
UK-01254,Aurova Hydrating Shampoo,Aurova,500,400,Personal Care > Shampoo,"wheat,sesame",7209986564220,2021-04-30
UK-01255,Lumeva Nourishing Body Cleanser,Lumeva,1000,100,Personal Care > Body Wash,,8235309766919,2020-12-05
UK-01256,Cladis Stain Remover,Cladis,100,500,Household > Laundry,,5682017530791,2022-08-01
UK-01257,Alteva Antibacterial Hand Wash,Alteva,300,250,Personal Care > Hand Wash,"wheat,peanuts,milk",4347412531378,2021-07-17
UK-01258,Zephyr Antibacterial Hand Wash,Zephyr,50,400,Personal Care > Hand Wash,"shellfish,soy,wheat",1750361920255,2018-10-18
UK-01259,Alteva Dishwasher Tablets,Alteva,400,150,Household > Dishwash,shellfish,0342444748903,2021-01-14
UK-01260,Luminos Glass Cleaner,Luminos,13.53,500,Household > Surface Cleaner,"wheat,soy,tree nuts",1076519170854,2019-01-03
UK-01261,Polvera Kitchen Cleaner,Polvera,100,500,Household > Surface Cleaner,"tree nuts,eggs,peanuts,wheat",6340918580558,2018-11-20
UK-01262,Toreva Salted Crackers,Toreva,400,200,Food & Beverage > Snacks,"gluten,fish",5391607700406,2020-10-03
UK-01263,TEST-Toreva Nourishing Body Cleanser,Toreva,200,75,Personal Care > Body Wash,"peanuts,milk,soy,gluten",8221803966207,2020-09-04
UK-01264,Novix Fabric Softener,Novix,500,300,Household > Laundry,"milk,shellfish",8802652951646,2022-11-27
UK-01265,Aurova Oat Protein Bar,Aurova,150,150,Food & Beverage > Snacks,"fish,wheat",3039744088064,2023-06-20
UK-01266,Glicen Sensitive Skin Body Wash,Glicen,750,500,Personal Care > Body Wash,"milk,wheat,gluten",1991843113264,2022-03-31
UK-01267,Qualis Hydrating Shampoo,Qualis,500,200,Personal Care > Shampoo,"tree nuts,sesame,milk,wheat",2632119604725,2019-08-25
UK-01268,Plexum Nourishing Body Cleanser,Plexum,750,400,Personal Care > Body Wash,,7745447082310,2022-12-23
UK-01269,Motivo Anti-Dandruff Shampoo,Motivo,75,250,Personal Care > Shampoo,gluten,4676626235964,2018-01-12
UK-01270,Zephyr 48hr Spray Deodorant,Zephyr,100,300,Personal Care > Deodorant,,8402578703680,2022-07-02
UK-01271,Oralix Nourishing Body Cleanser,Oralix,300,150,Personal Care > Body Wash,,6636050281645,2018-02-02
UK-01272,Frosten Eco Dish Liquid,Frosten,75,50,Household > Dishwash,gluten,0912030252093,2020-12-10
UK-01273,Nuarix 48hr Spray Deodorant,Nuarix,150,400,Personal Care > Deodorant,"gluten,shellfish",9531926009866,2018-06-26
UK-01274,Zenpur Volumising Conditioner,Zenpur,400,200,Personal Care > Conditioner,"peanuts,gluten",9205489445385,2019-01-06
UK-01275,Luminos Colour Protect Shampoo,Luminos,1000,500,Personal Care > Shampoo,,8965583445667,2019-10-05
UK-01276,Solvix Smooth & Shine Conditioner,Solvix,250,100,Personal Care > Conditioner,,7970566036160,2019-07-26
UK-01277,Sovara Lightweight Lotion,Sovara,50,400,Personal Care > Moisturiser,,4726602351581,2022-02-04
UK-01278,Vivara Moisturising Body Wash,Vivara,150,50,Personal Care > Body Wash,,7316715605878,2018-09-11
UK-01279,Kaleo 48hr Spray Deodorant,Kaleo,200,200,Personal Care > Deodorant,,3395479406451,2020-05-25
UK-01280,Nuarix Anti-Dandruff Shampoo,Nuarix,400,50,Personal Care > Shampoo,"shellfish,eggs",9189866469365,2021-09-14
UK-01281,Luxara Antibacterial Hand Wash,Luxara,150,150,Personal Care > Hand Wash,"gluten,shellfish",4876805702373,2023-04-26
UK-01282,Novix Salted Crackers,Novix,200,150,Food & Beverage > Snacks,,1922095673336,2019-08-12
UK-01283,Nuarix Oat Protein Bar,Nuarix,400,150,Food & Beverage > Snacks,soy,9644028253263,2023-02-28
UK-01284,Frosten Aloe Hand Wash,Frosten,1000,100,Personal Care > Hand Wash,"wheat,shellfish",7392385202326,2018-03-30
UK-01285,Verdant Dish Liquid,Verdant,50,75,Household > Dishwash,"gluten,soy,sesame",2844234719981,2019-09-04
UK-01286,Solvix Dish Liquid,Solvix,400,250,Household > Dishwash,"eggs,tree nuts",4526075699919,2020-04-06
UK-01287,Glova Laundry Powder,Glova,50,50,Household > Laundry,"peanuts,soy,sesame",2262277773317,2022-08-24
UK-01288,Nuarix Oat Protein Bar,Nuarix,50,300,Food & Beverage > Snacks,"peanuts,shellfish,milk",7038503605951,2019-11-26
UK-01289,Frostine Eco Dish Liquid,Frostine,100,200,Household > Dishwash,,0740274067582,2019-11-16
UK-01290,Purelix Foaming Hand Wash,Purelix,100,250,Personal Care > Hand Wash,"milk,fish,wheat,gluten",0363856461495,2023-01-09
UK-01291,XXX-Aevum SPF Moisturiser,Aevum,400,150,Personal Care > Moisturiser,,8399798491490,2023-09-04
UK-01292,Frosten Antibacterial Hand Wash,Frosten,750,250,Personal Care > Hand Wash,"milk,peanuts",9326643223943,2022-04-10
UK-01293,Solven Volumising Shampoo,Solven,100,500,Personal Care > Shampoo,"sesame,eggs,gluten,wheat",9485340012769,2019-11-01
UK-01294,Frosten Leave-In Conditioner,Frosten,500,200,Personal Care > Conditioner,"peanuts,wheat,sesame",5678718882239,2023-01-19
UK-01295,Gleam Stain Remover,Gleam,400,50,Household > Laundry,"sesame,peanuts",1680613495647,2023-03-31
UK-01296,Aevum Oat Protein Bar,Aevum,500,200,Food & Beverage > Snacks,"milk,tree nuts,fish",7949638309723,2020-04-04
UK-01297,Oralix Antibacterial Hand Wash,Oralix,500,50,Personal Care > Hand Wash,"wheat,fish,eggs,soy",6201655578645,2021-09-15
UK-01298,Cladis Disinfectant Spray,Cladis,250,250,Household > Surface Cleaner,"shellfish,tree nuts",1247640006873,2021-10-14
UK-01299,Alteva Laundry Capsules,Alteva,100,200,Household > Laundry,,5166545122449,2020-12-01
UK-01300,Frosten Colour Protect Shampoo,Frosten,750,400,Personal Care > Shampoo,"milk,wheat",3386860835707,2018-09-18
UK-01301,Cristalix Multi-Surface Spray,Cristalix,300,150,Household > Surface Cleaner,,9442386020509,2023-12-31
UK-01302,Aevum Gentle Face Wash,Aevum,200,75,Personal Care > Face Wash,peanuts,9096197979725,2021-01-22
UK-01303,Luxara 48hr Spray Deodorant,Luxara,200,75,Personal Care > Deodorant,tree nuts,6948045073563,2023-07-09
UK-01304,Zephyr Lightweight Lotion,Zephyr,750,250,Personal Care > Moisturiser,"soy,peanuts,milk",5980260294423,2018-07-01
UK-01305,Zenpur Gentle Face Wash,Zenpur,500,100,Personal Care > Face Wash,"sesame,peanuts",9073420319770,2023-04-14
UK-01306,Sovara Lightweight Lotion,Sovara,400,250,Personal Care > Moisturiser,"tree nuts,eggs,peanuts,milk",8648230882953,2023-10-31
UK-01307,Nuvelo Aloe Hand Wash,Nuvelo,75,300,Personal Care > Hand Wash,soy,3260586942768,2023-05-23
UK-01308,Aurova Lightweight Lotion,Aurova,75,400,Personal Care > Moisturiser,milk,6629315181781,2023-08-13
UK-01309,Arovia Repair Conditioner,Arovia,100,300,Personal Care > Conditioner,"tree nuts,peanuts",6989062327239,2023-04-25
UK-01310,Lumeva Repair Shampoo,Lumeva,500,50,Personal Care > Shampoo,wheat,3790065487089,2021-02-23
UK-01311,Frosten Glass Cleaner,Frosten,250,200,Household > Surface Cleaner,,7675539818896,2018-06-12
UK-01312,DUMMY-Cryston Kitchen Cleaner,Cryston,500,75,Household > Surface Cleaner,"gluten,eggs",5790894589624,2022-07-17
UK-01313,Primus Laundry Powder,Primus,200,500,Household > Laundry,"shellfish,fish,soy,peanuts",0207612396129,2019-04-15
UK-01314,Luminos Vinegar Dressing,Luminos,1000,250,Food & Beverage > Condiments,,8812988618205,2023-06-24
UK-01315,Motivo Deep Clean Body Wash,Motivo,750,50,Personal Care > Body Wash,,0792372982687,2020-08-04
UK-01316,Hevara Brightening Face Wash,Hevara,500,300,Personal Care > Face Wash,"gluten,shellfish",0350675789688,2020-07-11
UK-01317,Zenpur Brightening Face Wash,Zenpur,400,50,Personal Care > Face Wash,"shellfish,soy,eggs",2315550570520,2019-01-19
UK-01318,Lumeva Laundry Capsules,Lumeva,750,150,Household > Laundry,"peanuts,gluten,sesame,milk",4588311414700,2019-02-24
UK-01319,Gleam Leave-In Conditioner,Gleam,250,50,Personal Care > Conditioner,fish,8715689109778,2023-01-03
UK-01320,Brightway Liquid Laundry Detergent,Brightway,150,200,Household > Laundry,"tree nuts,fish",8446794036641,2018-03-30
UK-01321,Aurova Repair Shampoo,Aurova,100,250,Personal Care > Shampoo,"soy,shellfish,gluten",1597572927310,2023-09-17
UK-01322,Arovia Aloe Hand Wash,Arovia,150,50,Personal Care > Hand Wash,gluten,1585423324166,2022-03-08
UK-01323,Zenpur Colour Protect Shampoo,Zenpur,1000,200,Personal Care > Shampoo,"soy,fish,sesame,milk",7344674621592,2022-01-01
UK-01324,Gleam Fabric Softener,Gleam,75,400,Household > Laundry,"gluten,eggs",6170502218167,2018-10-22
UK-01325,Solven Mustard Sauce,Solven,150,200,Food & Beverage > Condiments,"shellfish,fish",0948377402921,2022-07-18
UK-01326,Serafix Night Cream,Serafix,1.69,100,Personal Care > Moisturiser,"tree nuts,milk,fish",2183667719664,2022-08-23
UK-01327,Zephyr Antibacterial Hand Wash,Zephyr,100,250,Personal Care > Hand Wash,"soy,peanuts,wheat",0222349980137,2022-11-28
UK-01328,Plexum Aloe Hand Wash,Plexum,300,400,Personal Care > Hand Wash,"gluten,milk",1779152446149,2021-04-18
UK-01329,Nexpur Sensitive Skin Body Wash,Nexpur,150,150,Personal Care > Body Wash,"eggs,shellfish",4656426018639,2023-06-29
UK-01330,TEST-Aurova Volumising Conditioner,Aurova,75,250,Personal Care > Conditioner,"gluten,tree nuts,sesame",9227764149009,2020-06-05
UK-01331,Zephyr Fabric Softener,Zephyr,100,250,Household > Laundry,"eggs,soy",4448672288399,2018-01-04
UK-01332,Krisol Intensive Moisturiser,Krisol,150,150,Personal Care > Moisturiser,,4546157493259,2019-01-16
UK-01333,Nuarix Anti-Dandruff Shampoo,Nuarix,750,400,Personal Care > Shampoo,"sesame,shellfish,tree nuts,eggs",1204095437768,2022-10-07
UK-01334,Serafix Colour Protect Shampoo,Serafix,50,500,Personal Care > Shampoo,"sesame,milk",0187314391519,2018-09-23
UK-01335,Sovara Night Cream,Sovara,400,500,Personal Care > Moisturiser,"wheat,eggs,milk",7818710968564,2021-05-18
UK-01336,Krisol Repair Conditioner,Krisol,400,50,Personal Care > Conditioner,"sesame,milk,wheat",6933154230600,2018-08-05
UK-01337,Oralix Leave-In Conditioner,Oralix,100,500,Personal Care > Conditioner,"tree nuts,gluten,milk",5224114206676,2018-05-31
UK-01338,Purevex Anti-Dandruff Shampoo,Purevex,200,250,Personal Care > Shampoo,"gluten,wheat,milk,shellfish",6633822224008,2021-08-01
UK-01339,DUMMY-Tresol Hydrating Face Wash,Tresol,100,100,Personal Care > Face Wash,,5620190113486,2021-06-10
UK-01340,Clarity Oil Control Face Wash,Clarity,75,150,Personal Care > Face Wash,wheat,5286132394568,2021-03-06
UK-01341,Aurova 48hr Spray Deodorant,Aurova,200,100,Personal Care > Deodorant,"fish,peanuts,sesame,shellfish",7602498663427,2018-08-12
UK-01342,Zenpur Oat Protein Bar,Zenpur,150,300,Food & Beverage > Snacks,"shellfish,soy,peanuts",9852973561528,2022-04-21
UK-01343,Qualis Fragrance-Free Hand Wash,Qualis,750,75,Personal Care > Hand Wash,"shellfish,fish",2538096641473,2022-02-22
UK-01344,Cladis Oil Control Face Wash,Cladis,750,250,Personal Care > Face Wash,peanuts,7466535389622,2021-10-20
UK-01345,Brightway Mixed Nuts Blend,Brightway,200,150,Food & Beverage > Snacks,"shellfish,wheat,peanuts",1571276383542,2020-05-20
UK-01346,Purelix Mustard Sauce,Purelix,500,250,Food & Beverage > Condiments,"fish,soy,milk,sesame",1682497939989,2018-11-13
UK-01347,Zenpur Antibacterial Hand Wash,Zenpur,150,500,Personal Care > Hand Wash,,1683710307370,2019-06-20
UK-01348,Velaris Antibacterial Hand Wash,Velaris,100,50,Personal Care > Hand Wash,,4896780826499,2020-05-01
UK-01349,Glova Volumising Shampoo,Glova,200,300,Personal Care > Shampoo,gluten,4762542926458,2022-07-19
UK-01350,Aevum Oil Control Face Wash,Aevum,75,400,Personal Care > Face Wash,gluten,9403694811265,2022-04-19
UK-01351,Clarity Granola Bar,Clarity,400,75,Food & Beverage > Snacks,"fish,shellfish,milk,soy",8335391016128,2021-12-04
UK-01352,Glova Dish Liquid,Glova,300,150,Household > Dishwash,"gluten,peanuts,milk,fish",1333443767346,2023-12-26
UK-01353,Vanta Anti-Dandruff Shampoo,Vanta,750,500,Personal Care > Shampoo,"eggs,milk",1679301481161,2018-02-12
UK-01354,Gleam Lightweight Lotion,Gleam,750,75,Personal Care > Moisturiser,,0420288661685,2018-05-16
UK-01355,Lumeva Salted Crackers,Lumeva,750,50,Food & Beverage > Snacks,peanuts,2134854842030,2021-07-31
UK-01356,Sovara Gentle Face Wash,Sovara,50,400,Personal Care > Face Wash,"eggs,shellfish,gluten,sesame",8601571171322,2019-02-05
UK-01357,Luminos Rinse Aid,Luminos,100,200,Household > Dishwash,"milk,wheat,eggs",4112874527197,2020-05-22
UK-01358,Primus Foaming Hand Wash,Primus,250,400,Personal Care > Hand Wash,"peanuts,fish,soy",9138107491610,2021-03-18
UK-01359,Gleam Leave-In Conditioner,Gleam,100,75,Personal Care > Conditioner,"peanuts,milk",1315350696261,2018-09-30
UK-01360,Verdant Aloe Hand Wash,Verdant,250,250,Personal Care > Hand Wash,tree nuts,2741025471793,2021-02-04
UK-01361,Zenpur Stain Remover,Zenpur,300,300,Household > Laundry,"peanuts,sesame,soy,milk",0519567563557,2023-08-30
UK-01362,Kaleo Night Cream,Kaleo,400,75,Personal Care > Moisturiser,"wheat,fish,sesame",2565046070014,2021-04-19
UK-01363,Glova Mustard Sauce,Glova,150,50,Food & Beverage > Condiments,"sesame,fish,wheat",4087100668909,2021-01-18
UK-01364,Tresol Repair Shampoo,Tresol,500,100,Personal Care > Shampoo,,7623811522320,2019-08-30
UK-01365,Luxara Leave-In Conditioner,Luxara,100,200,Personal Care > Conditioner,,8475283599947,2018-05-11
UK-01366,Helix Nourishing Body Cleanser,Helix,50,500,Personal Care > Body Wash,"shellfish,eggs",3511350535724,2019-11-06
UK-01367,Frosten Vinegar Dressing,Frosten,100,50,Food & Beverage > Condiments,"peanuts,eggs,tree nuts",7809783028019,2018-04-08
01368,Lumeva Daily Moisturiser,Lumeva,200,250,Personal Care > Moisturiser,peanuts,1952814478676,2021-03-24
UK-01369,Luxara Mixed Nuts Blend,Luxara,50,100,Food & Beverage > Snacks,,8893063578034,2023-03-19
UK-01370,Arovia Stain Remover,Arovia,75,100,Household > Laundry,,3974369905580,2021-08-16
UK-01371,Vivara Sensitive Deodorant,Vivara,750,200,Personal Care > Deodorant,,8429069690458,2019-09-20
UK-01372,Novix Stain Remover,Novix,300,50,Household > Laundry,"eggs,milk,fish",5673374570162,2021-07-27
UK-01373,Purelix Volumising Conditioner,Purelix,75,150,Personal Care > Conditioner,"sesame,eggs,peanuts",9802530843765,2019-10-21
UK-01374,Cladis Vinegar Dressing,Cladis,200,200,Food & Beverage > Condiments,"shellfish,gluten",2508423242345,2023-09-30
UK-01375,Nuvelo Moisturising Body Wash,Nuvelo,75,400,Personal Care > Body Wash,peanuts,1553691585572,2021-02-28
UK-01376,Motivo Dish Liquid,Motivo,100,400,Household > Dishwash,"fish,milk,wheat,shellfish",2570333295940,2022-01-09
UK-01377,Helix Leave-In Conditioner,Helix,250,500,Personal Care > Conditioner,sesame,6304029662992,2019-01-07
UK-01378,Solven Kitchen Cleaner,Solven,400,200,Household > Surface Cleaner,gluten,2204167821531,2019-12-23
UK-01379,Aevum Foaming Hand Wash,Aevum,150,400,Personal Care > Hand Wash,,6325031392806,2021-05-22
UK-01380,Zephyr Fabric Softener,Zephyr,100,100,Household > Laundry,,6190193335936,2023-06-28
UK-01381,Helix Heavy Duty Dish Soap,Helix,750,50,Household > Dishwash,,0029561622568,2021-02-24
UK-01382,Purevex Rice Cakes,Purevex,500,250,Food & Beverage > Snacks,"gluten,peanuts",0799230453235,2018-12-06
01383,Cryston Foaming Hand Wash,Cryston,500,75,Personal Care > Hand Wash,"tree nuts,fish",4743701945398,2019-03-04
UK-01384,Solaris Repair Shampoo,Solaris,300,300,Personal Care > Shampoo,"tree nuts,milk,gluten",2761209281574,2018-08-14
UK-01385,Glicen Antibacterial Hand Wash,Glicen,750,50,Personal Care > Hand Wash,wheat,3116787067635,2021-10-05
UK-01386,Brightway Oil Control Face Wash,Brightway,150,400,Personal Care > Face Wash,,8592126848564,2020-06-22
UK-01387,Helix Multi-Surface Spray,Helix,200,100,Household > Surface Cleaner,"peanuts,soy,milk,shellfish",0375398923133,2019-08-10
UK-01388,Zenpur Intensive Moisturiser,Zenpur,750,500,Personal Care > Moisturiser,"fish,soy,wheat",7841783765914,2021-10-28
UK-01389,Tresol Hydrating Face Wash,Tresol,50,75,Personal Care > Face Wash,,4065266426731,2022-02-19
UK-01390,Solaris Volumising Shampoo,Solaris,100,200,Personal Care > Shampoo,"tree nuts,soy",3756569764873,2023-09-26
UK-01391,Sovara Lightweight Lotion,Sovara,100,100,Personal Care > Moisturiser,"gluten,peanuts",5104625069291,2022-09-12
UK-01392,Novix Sensitive Deodorant,Novix,250,75,Personal Care > Deodorant,milk,6276729350977,2020-06-01
UK-01393,Tresol SPF Moisturiser,Tresol,75,100,Personal Care > Moisturiser,"eggs,peanuts,fish,shellfish",5022347780457,2023-07-12
UK-01394,Cryston Oat Protein Bar,Cryston,100,250,Food & Beverage > Snacks,,8407033982143,2023-01-29
01395,Arovia Laundry Powder,Arovia,150,150,Household > Laundry,"wheat,milk,peanuts",5167670636320,2023-11-01
UK-01396,Zephyr Moisturising Hand Wash,Zephyr,75,75,Personal Care > Hand Wash,wheat,0084842648330,2020-05-20
UK-01397,Solvix Foaming Hand Wash,Solvix,750,300,Personal Care > Hand Wash,,8289671360541,2021-03-17
UK-01398,Tresol Aloe Hand Wash,Tresol,50,500,Personal Care > Hand Wash,"fish,peanuts",9013249519357,2018-07-24
UK-01399,Purevex Tomato Ketchup,Purevex,75,250,Food & Beverage > Condiments,"fish,eggs",7580803889048,2020-11-11
UK-01400,Oralix Tomato Ketchup,Oralix,200,50,Food & Beverage > Condiments,"soy,eggs",5668513538141,2023-10-11
UK-01401,Velaris Mayonnaise,Velaris,200,400,Food & Beverage > Condiments,"tree nuts,sesame",0309016856473,2019-03-27
UK-01402,Luxara Glass Cleaner,Luxara,200,50,Household > Surface Cleaner,,9027169883719,2022-11-21
UK-01403,Vivara Hydrating Shampoo,Vivara,500,300,Personal Care > Shampoo,"sesame,fish,eggs",1997675983327,2022-08-23
UK-01404,Vanta Repair Shampoo,Vanta,250,50,Personal Care > Shampoo,"sesame,soy",5345819565728,2022-02-22
UK-01405,Cristalix Brightening Face Wash,Cristalix,150,500,Personal Care > Face Wash,peanuts,2662177580150,2021-01-01
UK-01406,Luxara Foaming Hand Wash,Luxara,400,150,Personal Care > Hand Wash,,3028532727667,2020-06-28
UK-01407,Purevex SPF Moisturiser,Purevex,1000,250,Personal Care > Moisturiser,,2528546130879,2020-02-20
UK-01408,Clarity Sensitive Skin Body Wash,Clarity,13.53,100,Personal Care > Body Wash,,7382777711840,2019-07-29
UK-01409,Nuarix 48hr Spray Deodorant,Nuarix,400,500,Personal Care > Deodorant,"soy,milk,sesame",0712102423440,2023-06-26
UK-01410,Zenpur Gentle Face Wash,Zenpur,1000,400,Personal Care > Face Wash,"shellfish,eggs,fish",1997165965666,2023-02-08
UK-01411,Vanta Fragrance-Free Hand Wash,Vanta,750,300,Personal Care > Hand Wash,"soy,gluten,peanuts,fish",4009522426530,2023-02-23
UK-01412,Nuarix Dishwasher Tablets,Nuarix,100,100,Household > Dishwash,,9143907054736,2022-09-22
UK-01413,Qualis Moisturising Body Wash,Qualis,400,75,Personal Care > Body Wash,,5010162600807,2019-07-06
UK-01414,Luxara Fragrance-Free Hand Wash,Luxara,750,150,Personal Care > Hand Wash,"shellfish,tree nuts",9783354883574,2019-01-01
UK-01415,Solven Dishwasher Tablets,Solven,200,300,Household > Dishwash,"gluten,eggs,peanuts",6386643203171,2019-07-23
UK-01416,Sovara Hot Chilli Sauce,Sovara,250,100,Food & Beverage > Condiments,"wheat,peanuts,fish,sesame",5492724000209,2022-05-22
01417,Helix Tomato Ketchup,Helix,200,300,Food & Beverage > Condiments,,5190854327165,2020-04-11
UK-01418,Gleam Salted Crackers,Gleam,150,150,Food & Beverage > Snacks,"fish,soy",6930100090899,2020-08-19
UK-01419,Orinum Colour Protect Shampoo,Orinum,500,75,Personal Care > Shampoo,,4802835415891,2020-01-07
UK-01420,Lumeva Dish Liquid,Lumeva,150,50,Household > Dishwash,"soy,shellfish",6613662808125,2019-07-16
UK-01421,Alteva Hot Chilli Sauce,Alteva,75,250,Food & Beverage > Condiments,"peanuts,shellfish,gluten,fish",7053110583300,2022-11-08
UK-01422,Aevum Kitchen Cleaner,Aevum,400,500,Household > Surface Cleaner,"wheat,eggs",8914269376504,2019-03-02
UK-01423,Sovara Foaming Hand Wash,Sovara,400,75,Personal Care > Hand Wash,"shellfish,gluten,fish,sesame",2883636885016,2022-06-13
UK-01424,Cryston Mayonnaise,Cryston,300,100,Food & Beverage > Condiments,"wheat,gluten,fish,soy",6788093761650,2019-11-24
UK-01425,Gleam Smooth & Shine Conditioner,Gleam,750,500,Personal Care > Conditioner,"milk,shellfish,peanuts,sesame",9359812559772,2023-03-20
UK-01426,XXX-Toreva Volumising Conditioner,Toreva,750,400,Personal Care > Conditioner,"peanuts,milk,soy",8580501417160,2021-09-12
UK-01427,Frosten Disinfectant Spray,Frosten,150,75,Household > Surface Cleaner,gluten,5651887114868,2018-06-11
UK-01428,Arovia Nourishing Body Cleanser,Arovia,50,50,Personal Care > Body Wash,"wheat,peanuts,sesame,shellfish",2878757030292,2020-03-14
01429,Solven Moisturising Body Wash,Solven,100,250,Personal Care > Body Wash,,1860742906959,2019-09-04
UK-01430,XXX-Plexum Leave-In Conditioner,Plexum,150,300,Personal Care > Conditioner,"soy,eggs,milk,gluten",2007302426628,2020-11-29
UK-01431,Orinum Oat Protein Bar,Orinum,250,150,Food & Beverage > Snacks,"peanuts,milk,tree nuts",7144695674061,2023-07-13
UK-01432,Gleam Brightening Face Wash,Gleam,200,200,Personal Care > Face Wash,"soy,peanuts",5146688658340,2023-09-07
UK-01433,Luxara Brightening Face Wash,Luxara,150,250,Personal Care > Face Wash,"fish,wheat,gluten,shellfish",7366485320778,2022-02-03
UK-01434,Zephyr Laundry Capsules,Zephyr,500,200,Household > Laundry,wheat,6983443695801,2021-12-29
UK-01435,Toreva Nourishing Body Cleanser,Toreva,50,250,Personal Care > Body Wash,,9284672007340,2019-12-07
UK-01436,Clarity Dishwasher Tablets,Clarity,50,400,Household > Dishwash,"soy,shellfish,wheat",9545038016254,2021-12-09
UK-01437,Vanta Anti-Dandruff Shampoo,Vanta,1000,100,Personal Care > Shampoo,,4502814353120,2023-03-16
UK-01438,Arovia Rinse Aid,Arovia,1000,150,Household > Dishwash,shellfish,9531112359041,2019-11-15
UK-01439,Kaleo Fragrance-Free Hand Wash,Kaleo,400,200,Personal Care > Hand Wash,sesame,6625108573832,2021-12-04
UK-01440,Qualis Sport Deodorant,Qualis,75,200,Personal Care > Deodorant,"milk,eggs,soy",5117455537069,2019-07-10
UK-01441,Novix Kitchen Cleaner,Novix,75,300,Household > Surface Cleaner,"soy,gluten,shellfish",4612157562643,2019-02-20
UK-01442,Luminos Volumising Conditioner,Luminos,500,200,Personal Care > Conditioner,"eggs,sesame,shellfish,soy",2099069319633,2018-03-24
UK-01443,Aevum Hydrating Face Wash,Aevum,250,75,Personal Care > Face Wash,"shellfish,milk,peanuts",5059982267319,2019-12-11
UK-01444,Plexum Brightening Face Wash,Plexum,500,500,Personal Care > Face Wash,"milk,peanuts,tree nuts,fish",1420259364507,2019-08-16
UK-01445,Glicen Laundry Powder,Glicen,150,75,Household > Laundry,peanuts,2755767299119,2021-09-18
UK-01446,Luminos Lightweight Lotion,Luminos,200,200,Personal Care > Moisturiser,eggs,8343695310293,2023-06-05
UK-01447,Solvix Multi-Surface Spray,Solvix,1000,75,Household > Surface Cleaner,"milk,fish",2917926517322,2023-09-17
UK-01448,Brightway Repair Shampoo,Brightway,1000,75,Personal Care > Shampoo,,8739221983695,2018-11-06
UK-01449,Aurova Sensitive Deodorant,Aurova,1000,400,Personal Care > Deodorant,"shellfish,eggs,milk",5298770745992,2018-11-28
UK-01450,Oralix 48hr Spray Deodorant,Oralix,200,200,Personal Care > Deodorant,"milk,gluten",2026838789038,2021-06-22
UK-01451,Oralix Mustard Sauce,Oralix,100,250,Food & Beverage > Condiments,"fish,shellfish,gluten,milk",3040934675414,2019-08-22
UK-01452,Novix Exfoliating Face Scrub,Novix,500,75,Personal Care > Face Wash,,1382721051332,2021-02-24
UK-01453,Solven Antibacterial Hand Wash,Solven,500,200,Personal Care > Hand Wash,wheat,0138825320833,2018-11-11
UK-01454,Alteva Hot Chilli Sauce,Alteva,75,300,Food & Beverage > Condiments,fish,0389173690783,2021-06-08
UK-01455,Sovara Hot Chilli Sauce,Sovara,400,100,Food & Beverage > Condiments,,0052141070718,2022-11-12
UK-01456,Luxara Brightening Face Wash,Luxara,250,50,Personal Care > Face Wash,"gluten,tree nuts,eggs,shellfish",3708511919442,2022-01-21
UK-01457,Purelix SPF Moisturiser,Purelix,750,400,Personal Care > Moisturiser,gluten,6556192767138,2022-12-04
UK-01458,Nuarix Multi-Surface Spray,Nuarix,1000,500,Household > Surface Cleaner,"fish,wheat,gluten,eggs",9561266783058,2022-01-28
UK-01459,Cryston Kitchen Cleaner,Cryston,75,150,Household > Surface Cleaner,"sesame,shellfish,peanuts,fish",0223461446624,2023-07-18
UK-01460,Glicen Moisturising Hand Wash,Glicen,150,50,Personal Care > Hand Wash,"eggs,gluten",7614215248312,2022-06-14
UK-01461,Aurova Laundry Capsules,Aurova,300,200,Household > Laundry,"milk,peanuts,fish",5689698703681,2020-08-05
UK-01462,Nuvelo Moisturising Body Wash,Nuvelo,500,150,Personal Care > Body Wash,"gluten,soy,fish",3159229127061,2021-09-12
UK-01463,Nuvelo Dishwasher Tablets,Nuvelo,75,50,Household > Dishwash,"milk,fish",2911872282471,2019-05-24
UK-01464,Luminos Laundry Powder,Luminos,75,500,Household > Laundry,,7960757898493,2023-05-09
UK-01465,Lumeva Lightweight Lotion,Lumeva,400,50,Personal Care > Moisturiser,"wheat,gluten",1711486565813,2023-12-30
UK-01466,Zephyr Tomato Ketchup,Zephyr,300,75,Food & Beverage > Condiments,"soy,tree nuts,fish",3163129755729,2022-08-25
UK-01467,DUMMY-Aevum Repair Shampoo,Aevum,200,300,Personal Care > Shampoo,shellfish,8811938999067,2023-12-13
UK-01468,Glova Deep Conditioner,Glova,150,50,Personal Care > Conditioner,"eggs,fish,shellfish",5321633613173,2023-11-29
UK-01469,Frosten Sport Deodorant,Frosten,50,50,Personal Care > Deodorant,"gluten,milk",3729545858354,2022-09-21
UK-01470,Frosten Hydrating Face Wash,Frosten,500,75,Personal Care > Face Wash,shellfish,4392255174190,2020-01-25
UK-01471,Purevex Whitening Deodorant,Purevex,1000,200,Personal Care > Deodorant,"fish,wheat,eggs",2360186399458,2020-11-23
UK-01472,Glicen Volumising Shampoo,Glicen,500,200,Personal Care > Shampoo,"soy,eggs",5630930796855,2018-07-08
UK-01473,Sovara Vinegar Dressing,Sovara,1000,200,Food & Beverage > Condiments,"gluten,sesame",7240899217735,2021-09-08
UK-01474,Purelix Tomato Ketchup,Purelix,300,500,Food & Beverage > Condiments,,1339736707211,2023-05-16
UK-01475,Hevara Mayonnaise,Hevara,200,50,Food & Beverage > Condiments,peanuts,2224198306326,2020-08-19
UK-01476,Frostine Fragrance-Free Hand Wash,Frostine,50,75,Personal Care > Hand Wash,"eggs,peanuts,sesame,wheat",2484202435095,2021-06-14
UK-01477,Zenpur Glass Cleaner,Zenpur,75,75,Household > Surface Cleaner,"fish,eggs,tree nuts,soy",4099414753981,2018-09-24
UK-01478,Vanta Exfoliating Face Scrub,Vanta,250,200,Personal Care > Face Wash,peanuts,5190826110351,2022-04-20
UK-01479,Nuvelo Whitening Deodorant,Nuvelo,100,100,Personal Care > Deodorant,,2376669692299,2021-11-22
UK-01480,Novix Oil Control Face Wash,Novix,300,75,Personal Care > Face Wash,"peanuts,eggs,sesame,tree nuts",8390934242402,2022-03-31
UK-01481,Primus Moisturising Hand Wash,Primus,150,200,Personal Care > Hand Wash,"soy,gluten,peanuts",8893343751867,2022-11-22
UK-01482,Glicen Rinse Aid,Glicen,50,500,Household > Dishwash,"tree nuts,peanuts,wheat",4382692855073,2021-01-06
UK-01483,Luminos Brightening Face Wash,Luminos,750,250,Personal Care > Face Wash,sesame,8959470396965,2021-03-06
UK-01484,Toreva 48hr Spray Deodorant,Toreva,750,75,Personal Care > Deodorant,"fish,tree nuts,milk",4718830099540,2019-07-13
UK-01485,Cryston Stain Remover,Cryston,150,200,Household > Laundry,"gluten,fish",6866798994709,2022-08-01
UK-01486,Cryston Salted Crackers,Cryston,1000,50,Food & Beverage > Snacks,"gluten,milk,eggs",4971103847150,2022-05-26
UK-01487,Purelix Bathroom Cleaner,Purelix,300,250,Household > Surface Cleaner,,5188601674495,2020-01-11
UK-01488,Nuarix Brightening Face Wash,Nuarix,5.07,250,Personal Care > Face Wash,"fish,sesame,tree nuts,milk",4505669375408,2019-07-10
UK-01489,Kaleo Granola Bar,Kaleo,500,300,Food & Beverage > Snacks,,7892571402504,2020-09-12
UK-01490,Hevara Fabric Softener,Hevara,400,300,Household > Laundry,fish,4816384936806,2022-04-28
UK-01491,Primus Brightening Face Wash,Primus,250,150,Personal Care > Face Wash,,1012789695192,2020-05-03
UK-01492,Gleam Nourishing Body Cleanser,Gleam,500,250,Personal Care > Body Wash,shellfish,7586703656209,2020-03-06
UK-01493,Aurova Rice Cakes,Aurova,200,200,Food & Beverage > Snacks,"soy,peanuts",6896331812337,2022-02-27
UK-01494,Helix Glass Cleaner,Helix,400,50,Household > Surface Cleaner,"soy,eggs,shellfish",4457762626362,2022-12-26
UK-01495,Nuarix Fabric Softener,Nuarix,50,500,Household > Laundry,"sesame,shellfish,gluten,wheat",7594434852951,2020-02-19
UK-01496,Verdant Glass Cleaner,Verdant,50,150,Household > Surface Cleaner,"fish,shellfish,gluten",8740420767511,2021-06-16
UK-01497,Zenpur Heavy Duty Dish Soap,Zenpur,150,200,Household > Dishwash,,1573309900092,2021-02-11
UK-01498,Purelix Salted Crackers,Purelix,250,300,Food & Beverage > Snacks,"sesame,wheat",3445385653521,2020-03-31
UK-01499,Purelix Mayonnaise,Purelix,300,50,Food & Beverage > Condiments,,0470911034959,2022-09-23
UK-01500,Aevum Hydrating Shampoo,Aevum,750,500,Personal Care > Shampoo,"gluten,fish,tree nuts,milk",1815837466146,2021-06-09
UK-01501,Sovara Glass Cleaner,Sovara,75,500,Household > Surface Cleaner,"sesame,shellfish,milk",4796668290520,2022-02-19
UK-01502,Aevum Fragrance-Free Hand Wash,Aevum,750,250,Personal Care > Hand Wash,,8914233029276,2022-09-28
UK-01503,Toreva Daily Moisturiser,Toreva,200,400,Personal Care > Moisturiser,gluten,8622140513183,2022-05-11
UK-01504,Frostine Antibacterial Hand Wash,Frostine,400,200,Personal Care > Hand Wash,"soy,gluten,eggs",4785247442030,2021-09-02
UK-01505,Elaris Rinse Aid,Elaris,75,50,Household > Dishwash,soy,8735186647740,2019-01-27
UK-01506,Aurova Gentle Face Wash,Aurova,250,75,Personal Care > Face Wash,"soy,milk,wheat,shellfish",8534658153983,2022-02-02
UK-01507,Nuarix Mayonnaise,Nuarix,75,400,Food & Beverage > Condiments,"gluten,tree nuts,sesame,peanuts",9098412865585,2019-03-30
UK-01508,Zenpur Foaming Hand Wash,Zenpur,750,100,Personal Care > Hand Wash,sesame,3193489180039,2023-12-23
UK-01509,TEST-Motivo Anti-Dandruff Shampoo,Motivo,150,200,Personal Care > Shampoo,gluten,2421959730912,2019-12-12
UK-01510,Toreva Colour Protect Shampoo,Toreva,100,400,Personal Care > Shampoo,peanuts,1146133155534,2018-08-10
UK-01511,Plexum Anti-Dandruff Shampoo,Plexum,50,150,Personal Care > Shampoo,,4407781109650,2021-05-26
UK-01512,Toreva Mustard Sauce,Toreva,400,300,Food & Beverage > Condiments,"soy,peanuts,tree nuts",4182991269942,2021-10-29
UK-01513,Purelix Deep Conditioner,Purelix,200,75,Personal Care > Conditioner,"eggs,milk,fish,sesame",6691008224211,2022-07-15
UK-01514,Purelix Laundry Powder,Purelix,500,100,Household > Laundry,eggs,7562699620837,2021-01-14
UK-01515,Hevara Disinfectant Spray,Hevara,75,50,Household > Surface Cleaner,,5932572287037,2019-10-09
01516,Vanta Deep Conditioner,Vanta,1000,400,Personal Care > Conditioner,"sesame,tree nuts",9724387129512,2021-04-24
01517,Hevara 48hr Spray Deodorant,Hevara,50,250,Personal Care > Deodorant,"milk,wheat,fish,gluten",6048022406541,2023-05-09
UK-01518,Cladis Intensive Moisturiser,Cladis,750,250,Personal Care > Moisturiser,,9041898566439,2018-05-25
UK-01519,Qualis Repair Shampoo,Qualis,1000,250,Personal Care > Shampoo,"wheat,soy,shellfish",8887656993137,2022-05-14
UK-01520,Purelix Tomato Ketchup,Purelix,1000,100,Food & Beverage > Condiments,gluten,0113860479470,2018-11-23
UK-01521,Zephyr Eco Dish Liquid,Zephyr,150,500,Household > Dishwash,,3514895382945,2021-06-15
UK-01522,Hevara Colour Protect Shampoo,Hevara,75,200,Personal Care > Shampoo,"gluten,milk,tree nuts",3472839516736,2018-08-19
UK-01523,Glicen Rinse Aid,Glicen,150,100,Household > Dishwash,"shellfish,milk,peanuts",8868656292581,2020-01-31
UK-01524,Nexpur Smooth & Shine Conditioner,Nexpur,500,50,Personal Care > Conditioner,,8323530688565,2021-05-05
UK-01525,Solaris Hot Chilli Sauce,Solaris,300,400,Food & Beverage > Condiments,"milk,fish,peanuts,wheat",8374495975214,2020-08-04
UK-01526,Helix 48hr Spray Deodorant,Helix,400,250,Personal Care > Deodorant,"tree nuts,wheat",8974874114861,2019-10-03
UK-01527,Toreva Foaming Hand Wash,Toreva,75,75,Personal Care > Hand Wash,"gluten,shellfish,fish,wheat",5349655156416,2022-07-10
UK-01528,XXX-Aevum Disinfectant Spray,Aevum,300,150,Household > Surface Cleaner,,0935820163010,2021-09-02
UK-01529,Gleam Heavy Duty Dish Soap,Gleam,1000,100,Household > Dishwash,peanuts,2284834927667,2018-07-19
UK-01530,Arovia Eco Dish Liquid,Arovia,200,300,Household > Dishwash,,1804033480155,2020-06-16
UK-01531,Vivara Kitchen Cleaner,Vivara,500,300,Household > Surface Cleaner,"shellfish,eggs,tree nuts",5446053926099,2022-11-27
UK-01532,Tolvex Bathroom Cleaner,Tolvex,300,100,Household > Surface Cleaner,"wheat,milk,tree nuts",3649911928569,2022-12-26
UK-01533,Primus Mixed Nuts Blend,Primus,250,50,Food & Beverage > Snacks,eggs,5538307755828,2019-01-01
UK-01534,Kaleo Volumising Conditioner,Kaleo,300,200,Personal Care > Conditioner,gluten,5678446078904,2023-05-23
UK-01535,Polvera 24hr Roll-On Deodorant,Polvera,750,75,Personal Care > Deodorant,"sesame,eggs,shellfish,soy",5512944149257,2020-04-23
UK-01536,Sovara Tomato Ketchup,Sovara,200,500,Food & Beverage > Condiments,sesame,3859747765652,2018-05-31
UK-01537,Vivara Multi-Surface Spray,Vivara,250,200,Household > Surface Cleaner,"peanuts,soy,gluten,eggs",6877156922098,2020-12-24
UK-01538,Solaris Dish Liquid,Solaris,300,150,Household > Dishwash,"eggs,tree nuts",3597710011541,2023-03-09
UK-01539,Arovia Kitchen Cleaner,Arovia,200,200,Household > Surface Cleaner,eggs,4872255785645,2019-03-02
UK-01540,Nuvelo Brightening Face Wash,Nuvelo,1000,400,Personal Care > Face Wash,"eggs,fish",8557395232858,2022-03-08
UK-01541,Luminos Whitening Deodorant,Luminos,1000,250,Personal Care > Deodorant,"gluten,peanuts,shellfish",5816602841362,2019-11-18
UK-01542,XXX-Tolvex Oil Control Face Wash,Tolvex,1000,200,Personal Care > Face Wash,"milk,peanuts,gluten",7146971479735,2021-04-06
UK-01543,Zenpur Colour Protect Shampoo,Zenpur,250,250,Personal Care > Shampoo,,8374560170391,2022-05-10
UK-01544,Purevex Hydrating Shampoo,Purevex,400,250,Personal Care > Shampoo,"milk,gluten,eggs,soy",0679490786925,2023-12-07
UK-01545,Solvix Sport Deodorant,Solvix,75,300,Personal Care > Deodorant,eggs,5938967635360,2023-06-17
UK-01546,Solvix Brightening Face Wash,Solvix,250,500,Personal Care > Face Wash,"fish,milk,shellfish,sesame",7228834133517,2020-03-05
UK-01547,Purevex Dish Liquid,Purevex,200,150,Household > Dishwash,,9742749366351,2023-05-20
UK-01548,Purelix Oat Protein Bar,Purelix,400,75,Food & Beverage > Snacks,"sesame,milk",3007356582607,2023-10-05
UK-01549,Kaleo Repair Conditioner,Kaleo,1000,300,Personal Care > Conditioner,shellfish,9412886691127,2019-06-11
UK-01550,Purevex Oil Control Face Wash,Purevex,200,100,Personal Care > Face Wash,"wheat,fish",1197892594652,2023-01-24
UK-01551,Motivo SPF Moisturiser,Motivo,250,150,Personal Care > Moisturiser,tree nuts,5441181851367,2023-01-18
UK-01552,Luminos Hydrating Face Wash,Luminos,1000,250,Personal Care > Face Wash,milk,3881937684184,2021-02-18
UK-01553,Verdant Multi-Surface Spray,Verdant,300,100,Household > Surface Cleaner,milk,1483335401121,2022-12-20
UK-01554,Aurova Smooth & Shine Conditioner,Aurova,300,50,Personal Care > Conditioner,milk,8764770906765,2019-03-21
UK-01555,Arovia Laundry Powder,Arovia,400,300,Household > Laundry,gluten,5076716217204,2021-02-28
UK-01556,Alteva Stain Remover,Alteva,300,500,Household > Laundry,,4186930326451,2022-06-29
UK-01557,Sovara Lightweight Lotion,Sovara,400,200,Personal Care > Moisturiser,,9916053906491,2018-05-16
UK-01558,Gleam Heavy Duty Dish Soap,Gleam,50,150,Household > Dishwash,"wheat,tree nuts",1970181589139,2022-06-15
UK-01559,Frosten Laundry Powder,Frosten,300,400,Household > Laundry,,7421531936256,2019-12-05
UK-01560,Tresol Antibacterial Hand Wash,Tresol,100,75,Personal Care > Hand Wash,"gluten,milk,shellfish",5480293358388,2021-05-05
UK-01561,Teraxis Hydrating Face Wash,Teraxis,75,50,Personal Care > Face Wash,"tree nuts,shellfish,soy",5174546935104,2019-10-30
UK-01562,Frostine Salted Crackers,Frostine,50,75,Food & Beverage > Snacks,sesame,3319558979902,2020-06-22
UK-01563,Cryston Whitening Deodorant,Cryston,75,400,Personal Care > Deodorant,"eggs,shellfish,milk",3056870941247,2022-04-14
UK-01564,Helix Nourishing Body Cleanser,Helix,300,200,Personal Care > Body Wash,"soy,sesame,tree nuts,eggs",3768418767768,2018-09-06
UK-01565,Nuvelo Deep Clean Body Wash,Nuvelo,150,200,Personal Care > Body Wash,"gluten,shellfish",3173033249672,2021-09-27
UK-01566,Qualis Bathroom Cleaner,Qualis,75,50,Household > Surface Cleaner,"sesame,peanuts",8094731815608,2021-10-28
UK-01567,Velaris Night Cream,Velaris,50,400,Personal Care > Moisturiser,"gluten,tree nuts,peanuts,fish",7611107976476,2022-01-22
UK-01568,Purelix SPF Moisturiser,Purelix,8.45,400,Personal Care > Moisturiser,sesame,9722693485407,2020-04-12
UK-01569,Aevum Dish Liquid,Aevum,500,200,Household > Dishwash,"sesame,tree nuts,fish",0669926138268,2023-05-06
UK-01570,Arovia Sensitive Skin Body Wash,Arovia,400,400,Personal Care > Body Wash,"shellfish,tree nuts,gluten",0399626377925,2022-12-24
UK-01571,Oralix Hydrating Shampoo,Oralix,400,150,Personal Care > Shampoo,"eggs,wheat",8962206824328,2020-08-07
UK-01572,Oralix Oil Control Face Wash,Oralix,3.38,150,Personal Care > Face Wash,"gluten,soy,peanuts,wheat",6060694306950,2019-06-19
UK-01573,Orinum Brightening Face Wash,Orinum,500,300,Personal Care > Face Wash,"wheat,peanuts",1285370064480,2021-10-09
UK-01574,Velaris Lightweight Lotion,Velaris,250,150,Personal Care > Moisturiser,,1980425542806,2021-08-20
UK-01575,Purelix Exfoliating Face Scrub,Purelix,200,100,Personal Care > Face Wash,"tree nuts,milk",7868878602039,2019-06-17
UK-01576,Cristalix Deep Conditioner,Cristalix,75,400,Personal Care > Conditioner,,1958663992875,2023-11-19
UK-01577,Alteva Kitchen Cleaner,Alteva,400,150,Household > Surface Cleaner,,4249562917968,2021-06-22
UK-01578,Sovara Daily Moisturiser,Sovara,50,150,Personal Care > Moisturiser,wheat,8880700510281,2023-06-21
UK-01579,Solvix SPF Moisturiser,Solvix,75,100,Personal Care > Moisturiser,,2201754541643,2023-12-11
UK-01580,Tresol Disinfectant Spray,Tresol,1000,75,Household > Surface Cleaner,,4662750152697,2023-01-07
UK-01581,Nexpur SPF Moisturiser,Nexpur,50,150,Personal Care > Moisturiser,"milk,shellfish,tree nuts",4833095872384,2020-06-04
UK-01582,Hevara Aloe Hand Wash,Hevara,1000,50,Personal Care > Hand Wash,"milk,eggs,peanuts",5792326714857,2023-08-11
UK-01583,Lumeva Salted Crackers,Lumeva,1000,400,Food & Beverage > Snacks,,1501967972090,2019-06-13
UK-01584,Clarity 24hr Roll-On Deodorant,Clarity,100,50,Personal Care > Deodorant,,8285233297041,2020-03-20
UK-01585,Qualis Disinfectant Spray,Qualis,500,100,Household > Surface Cleaner,"eggs,tree nuts,sesame,wheat",1163971492072,2021-10-01
UK-01586,Nuarix Bathroom Cleaner,Nuarix,75,200,Household > Surface Cleaner,peanuts,8739626259180,2020-08-31
UK-01587,Kaleo Salted Crackers,Kaleo,200,400,Food & Beverage > Snacks,"soy,fish,shellfish",7244343549786,2023-07-23
UK-01588,Motivo Smooth & Shine Conditioner,Motivo,250,400,Personal Care > Conditioner,,5643802990343,2023-12-28
UK-01589,Gleam Tomato Ketchup,Gleam,200,100,Food & Beverage > Condiments,"shellfish,fish",0009409165730,2023-05-12
UK-01590,Elaris Moisturising Hand Wash,Elaris,100,300,Personal Care > Hand Wash,"wheat,gluten,tree nuts",4920369309148,2018-08-29
UK-01591,Brightway Anti-Dandruff Shampoo,Brightway,400,150,Personal Care > Shampoo,,1722641475694,2018-02-22
UK-01592,Alteva Moisturising Body Wash,Alteva,200,100,Personal Care > Body Wash,"soy,gluten,tree nuts,peanuts",8474229835965,2022-08-29
UK-01593,Velaris Rice Cakes,Velaris,75,250,Food & Beverage > Snacks,gluten,0226247365003,2020-04-10
UK-01594,Clarity Smooth & Shine Conditioner,Clarity,50,50,Personal Care > Conditioner,,6476144278737,2021-08-23
UK-01595,Polvera Sport Deodorant,Polvera,50,200,Personal Care > Deodorant,soy,1697920675495,2020-07-09
UK-01596,Frostine Dishwasher Tablets,Frostine,150,300,Household > Dishwash,"milk,peanuts,tree nuts,fish",3925287835732,2020-10-13
UK-01597,Plexum Liquid Laundry Detergent,Plexum,150,50,Household > Laundry,"soy,peanuts,tree nuts",3302364122471,2020-11-04
UK-01598,Novix Sensitive Skin Body Wash,Novix,250,150,Personal Care > Body Wash,"wheat,milk,soy",3505160232515,2018-04-27
UK-01599,Vivara Multi-Surface Spray,Vivara,250,250,Household > Surface Cleaner,"shellfish,milk,peanuts,tree nuts",0422456411993,2019-10-03
UK-01600,Helix Sport Deodorant,Helix,100,250,Personal Care > Deodorant,sesame,0781913505348,2020-11-06
UK-01601,Hevara Colour Protect Shampoo,Hevara,400,75,Personal Care > Shampoo,"shellfish,tree nuts",5716632824635,2018-03-13
UK-01602,Tolvex Antibacterial Hand Wash,Tolvex,300,100,Personal Care > Hand Wash,,8563520076150,2018-06-20
UK-01603,Oralix Night Cream,Oralix,250,500,Personal Care > Moisturiser,"sesame,tree nuts,fish",9771433608095,2018-06-05
UK-01604,Helix Hydrating Shampoo,Helix,200,300,Personal Care > Shampoo,,0392788881897,2020-04-28
UK-01605,Cladis Nourishing Body Cleanser,Cladis,1000,75,Personal Care > Body Wash,"soy,sesame,eggs",6878518569050,2018-05-25
UK-01606,Motivo Vinegar Dressing,Motivo,250,300,Food & Beverage > Condiments,"sesame,wheat,fish,soy",2800727208141,2023-01-07
UK-01607,Cryston Leave-In Conditioner,Cryston,150,250,Personal Care > Conditioner,"peanuts,milk,shellfish",8308306978996,2022-03-01
UK-01608,Zenpur Anti-Dandruff Shampoo,Zenpur,200,500,Personal Care > Shampoo,fish,7146749066884,2022-09-08
UK-01609,Purevex Bathroom Cleaner,Purevex,500,250,Household > Surface Cleaner,"eggs,gluten,fish",4560595634319,2023-08-26
UK-01610,Aurova Deep Clean Body Wash,Aurova,750,100,Personal Care > Body Wash,,0258565337776,2020-09-18
UK-01611,Solven Refreshing Shower Gel,Solven,300,400,Personal Care > Body Wash,"shellfish,eggs,wheat,fish",6154872012402,2019-07-22
UK-01612,Qualis Sport Deodorant,Qualis,250,50,Personal Care > Deodorant,,5490809983973,2022-07-03
UK-01613,Cristalix Hot Chilli Sauce,Cristalix,500,500,Food & Beverage > Condiments,"wheat,peanuts,fish",1630343830003,2018-11-22
UK-01614,Toreva Night Cream,Toreva,100,200,Personal Care > Moisturiser,"soy,milk,shellfish,tree nuts",4179965466285,2023-07-27
UK-01615,Zenpur Mixed Nuts Blend,Zenpur,75,500,Food & Beverage > Snacks,"fish,wheat,sesame,shellfish",2756002230232,2021-03-21
UK-01616,Motivo Nourishing Body Cleanser,Motivo,400,400,Personal Care > Body Wash,,2515890418289,2018-02-19
UK-01617,Purelix 24hr Roll-On Deodorant,Purelix,300,300,Personal Care > Deodorant,,8123927884477,2018-05-18
UK-01618,Motivo Eco Dish Liquid,Motivo,150,300,Household > Dishwash,,5276958444202,2019-08-16
UK-01619,Nuarix Repair Conditioner,Nuarix,500,100,Personal Care > Conditioner,"sesame,gluten",6313737145031,2018-10-29
UK-01620,Vanta Colour Protect Shampoo,Vanta,100,300,Personal Care > Shampoo,"gluten,eggs,peanuts",1939606104715,2023-08-16
UK-01621,Solven Dish Liquid,Solven,750,100,Household > Dishwash,"fish,wheat",4768834103415,2021-02-24
UK-01622,Krisol Volumising Shampoo,Krisol,75,500,Personal Care > Shampoo,,1814051325178,2018-01-10
UK-01623,Orinum SPF Moisturiser,Orinum,50,500,Personal Care > Moisturiser,"fish,milk",9406714878316,2018-03-31
UK-01624,Verdant Gentle Face Wash,Verdant,250,300,Personal Care > Face Wash,"tree nuts,shellfish",2275794074034,2020-05-29
UK-01625,Verdant Bathroom Cleaner,Verdant,750,500,Household > Surface Cleaner,"milk,soy,sesame",9136941264100,2022-04-28
UK-01626,Nexpur Refreshing Shower Gel,Nexpur,300,400,Personal Care > Body Wash,"soy,eggs",8057631010894,2022-07-22
UK-01627,Elaris Mustard Sauce,Elaris,300,75,Food & Beverage > Condiments,tree nuts,3606400474860,2023-03-16
UK-01628,Luxara Rinse Aid,Luxara,300,500,Household > Dishwash,"peanuts,sesame,gluten,shellfish",1703610077019,2022-12-26
UK-01629,Gleam Kitchen Cleaner,Gleam,400,250,Household > Surface Cleaner,"peanuts,soy,sesame,fish",0781117196007,2021-02-12
UK-01630,Nexpur Dish Liquid,Nexpur,75,200,Household > Dishwash,"peanuts,eggs",5596743338494,2022-07-26
UK-01631,Vivara Granola Bar,Vivara,100,150,Food & Beverage > Snacks,"eggs,shellfish,milk,fish",3353004999267,2022-07-14
UK-01632,Glicen 48hr Spray Deodorant,Glicen,300,75,Personal Care > Deodorant,"shellfish,gluten,soy,milk",7394624872383,2021-11-30
UK-01633,Qualis Laundry Capsules,Qualis,1000,150,Household > Laundry,"wheat,shellfish,fish,peanuts",7141349317961,2022-12-09
UK-01634,Zephyr Deep Clean Body Wash,Zephyr,250,250,Personal Care > Body Wash,"eggs,shellfish,soy,fish",5792116250695,2020-02-09
UK-01635,Cladis Sport Deodorant,Cladis,200,300,Personal Care > Deodorant,gluten,8970145570398,2020-08-30
UK-01636,TEST-Velaris Night Cream,Velaris,75,500,Personal Care > Moisturiser,"fish,wheat,tree nuts",5290509260004,2018-11-25
UK-01637,Helix Hydrating Shampoo,Helix,250,300,Personal Care > Shampoo,,6197384498128,2018-12-26
UK-01638,Oralix Gentle Face Wash,Oralix,1000,500,Personal Care > Face Wash,"wheat,soy,peanuts,tree nuts",6990867233106,2020-12-16
01639,Alteva Mustard Sauce,Alteva,75,400,Food & Beverage > Condiments,"soy,fish,tree nuts",5619221882200,2022-08-10
UK-01640,Alteva Gentle Face Wash,Alteva,300,200,Personal Care > Face Wash,,7613023641698,2020-09-04
UK-01641,Serafix Aloe Hand Wash,Serafix,250,75,Personal Care > Hand Wash,"shellfish,fish,peanuts",0323919325287,2019-09-04
UK-01642,Cryston Hot Chilli Sauce,Cryston,75,100,Food & Beverage > Condiments,"gluten,soy,shellfish",9499952252963,2020-11-19
UK-01643,Solvix SPF Moisturiser,Solvix,500,200,Personal Care > Moisturiser,fish,8681114330645,2018-04-10
UK-01644,Luminos Eco Dish Liquid,Luminos,250,500,Household > Dishwash,"shellfish,eggs,tree nuts",5590627879028,2021-12-30
01645,Nuarix Dish Liquid,Nuarix,100,50,Household > Dishwash,"fish,soy",7216266032355,2023-09-15
UK-01646,Novix Daily Moisturiser,Novix,50,100,Personal Care > Moisturiser,"tree nuts,gluten,shellfish,soy",3793957955192,2019-08-22
UK-01647,Nuvelo Intensive Moisturiser,Nuvelo,1000,75,Personal Care > Moisturiser,,1736703862568,2023-03-12
UK-01648,Solven Antibacterial Hand Wash,Solven,100,250,Personal Care > Hand Wash,"peanuts,wheat,soy,eggs",0080563082927,2020-11-01
UK-01649,Tresol Vinegar Dressing,Tresol,500,400,Food & Beverage > Condiments,wheat,1078831273657,2021-04-05
UK-01650,Brightway Fabric Softener,Brightway,100,50,Household > Laundry,"wheat,milk,eggs",9708428741628,2023-07-01
UK-01651,Krisol Heavy Duty Dish Soap,Krisol,150,300,Household > Dishwash,"eggs,wheat",9555100510818,2021-05-28
UK-01652,Arovia Oat Protein Bar,Arovia,200,100,Food & Beverage > Snacks,fish,2300360722351,2018-06-06
UK-01653,Plexum Smooth & Shine Conditioner,Plexum,50,150,Personal Care > Conditioner,"wheat,peanuts",3753916928094,2019-04-04
01654,Plexum Foaming Hand Wash,Plexum,75,300,Personal Care > Hand Wash,"gluten,fish,shellfish",4033045441060,2019-02-12
UK-01655,Verdant Foaming Hand Wash,Verdant,750,400,Personal Care > Hand Wash,,0844580151765,2021-05-11
UK-01656,Purelix Smooth & Shine Conditioner,Purelix,100,500,Personal Care > Conditioner,,9241150509697,2022-08-30
UK-01657,Glova Volumising Shampoo,Glova,250,100,Personal Care > Shampoo,"tree nuts,wheat",3228058837745,2020-08-20
UK-01658,TEST-Tolvex Sport Deodorant,Tolvex,50,200,Personal Care > Deodorant,"fish,wheat,tree nuts",3950111525589,2022-11-19
UK-01659,XXX-Orinum Volumising Conditioner,Orinum,500,500,Personal Care > Conditioner,"wheat,fish,milk,eggs",1748903045887,2018-01-29
UK-01660,Velaris Oat Protein Bar,Velaris,75,500,Food & Beverage > Snacks,"eggs,peanuts,wheat",2935545920552,2022-07-25
UK-01661,Orinum Bathroom Cleaner,Orinum,400,75,Household > Surface Cleaner,,3798304576273,2020-10-21
UK-01662,Helix 24hr Roll-On Deodorant,Helix,300,50,Personal Care > Deodorant,"gluten,tree nuts,shellfish,milk",1522133689604,2018-02-01
UK-01663,Nuvelo Laundry Powder,Nuvelo,400,300,Household > Laundry,,2898993074614,2019-04-24
UK-01664,Glicen Mixed Nuts Blend,Glicen,750,400,Food & Beverage > Snacks,"gluten,wheat,shellfish,milk",5603387885281,2022-02-06
UK-01665,Lumeva Oat Protein Bar,Lumeva,500,300,Food & Beverage > Snacks,"eggs,sesame,peanuts,fish",3976309007378,2021-03-11
UK-01666,Lumeva Eco Dish Liquid,Lumeva,1000,200,Household > Dishwash,"tree nuts,shellfish",4441076926263,2021-11-07
UK-01667,Frostine Night Cream,Frostine,400,250,Personal Care > Moisturiser,"eggs,fish,milk,sesame",4359839859072,2022-10-24
UK-01668,Toreva Whitening Deodorant,Toreva,400,500,Personal Care > Deodorant,shellfish,5681678434073,2020-05-12
UK-01669,Gleam Deep Clean Body Wash,Gleam,1000,75,Personal Care > Body Wash,"shellfish,fish,eggs",3500788369223,2020-02-21
UK-01670,Toreva Hydrating Face Wash,Toreva,200,50,Personal Care > Face Wash,soy,6999528502315,2019-07-21
UK-01671,Toreva Hot Chilli Sauce,Toreva,150,100,Food & Beverage > Condiments,"soy,tree nuts,sesame",1497249032234,2021-01-02
UK-01672,Purevex Glass Cleaner,Purevex,200,300,Household > Surface Cleaner,"tree nuts,milk,soy,gluten",5555702006171,2020-10-27
UK-01673,Purelix Volumising Shampoo,Purelix,200,200,Personal Care > Shampoo,"gluten,peanuts",7612189391270,2018-02-28
UK-01674,Luminos Fragrance-Free Hand Wash,Luminos,400,300,Personal Care > Hand Wash,,2228305644684,2021-12-15
UK-01675,Verdant Gentle Face Wash,Verdant,250,250,Personal Care > Face Wash,"tree nuts,gluten",0263560777892,2021-06-30
UK-01676,Gleam Oil Control Face Wash,Gleam,100,400,Personal Care > Face Wash,"soy,milk,peanuts",6008236962691,2018-03-13
UK-01677,Brightway Leave-In Conditioner,Brightway,50,400,Personal Care > Conditioner,"tree nuts,milk",6179067015129,2018-06-08
UK-01678,Frosten Refreshing Shower Gel,Frosten,150,200,Personal Care > Body Wash,"gluten,milk",7697216218331,2020-08-05
UK-01679,Tolvex Dish Liquid,Tolvex,750,100,Household > Dishwash,"fish,wheat,eggs,milk",5307122600824,2019-08-19
UK-01680,Gleam Laundry Powder,Gleam,400,400,Household > Laundry,"wheat,shellfish",0549857887285,2019-08-19
UK-01681,Serafix Deep Clean Body Wash,Serafix,100,100,Personal Care > Body Wash,"milk,eggs,wheat,soy",9804466589526,2021-01-13
UK-01682,Zephyr Glass Cleaner,Zephyr,750,300,Household > Surface Cleaner,,6472452573786,2023-03-23
UK-01683,Velaris Granola Bar,Velaris,400,500,Food & Beverage > Snacks,"peanuts,milk,shellfish,sesame",9465777061295,2023-10-07
UK-01684,Cryston Stain Remover,Cryston,100,500,Household > Laundry,"wheat,fish",8092826164174,2018-04-20
UK-01685,Serafix Nourishing Body Cleanser,Serafix,400,75,Personal Care > Body Wash,"fish,milk,tree nuts,soy",6880316647953,2018-09-20
UK-01686,Frosten Volumising Conditioner,Frosten,500,150,Personal Care > Conditioner,,2428535416017,2018-12-17
UK-01687,Solvix Eco Dish Liquid,Solvix,200,500,Household > Dishwash,,8701708671524,2018-06-11
UK-01688,Gleam Glass Cleaner,Gleam,75,50,Household > Surface Cleaner,"peanuts,milk,gluten",3368957967249,2022-08-16
UK-01689,Toreva Hydrating Shampoo,Toreva,75,75,Personal Care > Shampoo,,9007017850209,2022-03-05
UK-01690,Zenpur Refreshing Shower Gel,Zenpur,1000,200,Personal Care > Body Wash,"shellfish,wheat,soy,tree nuts",9201029759974,2021-01-06
UK-01691,Solvix Hot Chilli Sauce,Solvix,1000,250,Food & Beverage > Condiments,gluten,6597442526945,2019-11-10
UK-01692,Helix Nourishing Body Cleanser,Helix,300,200,Personal Care > Body Wash,,5374051337930,2022-12-25
UK-01693,Tolvex Foaming Hand Wash,Tolvex,750,400,Personal Care > Hand Wash,"sesame,eggs,fish",0855717490589,2021-05-06
UK-01694,Alteva Heavy Duty Dish Soap,Alteva,500,75,Household > Dishwash,"peanuts,milk",8035862405740,2020-12-23
UK-01695,Clarity 24hr Roll-On Deodorant,Clarity,750,500,Personal Care > Deodorant,"soy,wheat,peanuts",5352791111089,2022-03-04
UK-01696,Novix Salted Crackers,Novix,200,300,Food & Beverage > Snacks,"sesame,gluten,tree nuts",9321359618304,2023-02-03
UK-01697,Gleam Mixed Nuts Blend,Gleam,200,500,Food & Beverage > Snacks,,0226425972054,2021-09-21
UK-01698,Nexpur Lightweight Lotion,Nexpur,750,500,Personal Care > Moisturiser,"sesame,eggs,wheat",1474984746046,2019-12-16
UK-01699,Cryston Dishwasher Tablets,Cryston,75,400,Household > Dishwash,"peanuts,shellfish,wheat,milk",4617275804521,2020-01-12
UK-01700,Sovara Foaming Hand Wash,Sovara,750,500,Personal Care > Hand Wash,"gluten,shellfish,sesame,soy",5445847413401,2019-04-19
UK-01701,Glicen Dishwasher Tablets,Glicen,750,150,Household > Dishwash,"milk,tree nuts,fish",2751934638903,2019-03-31
UK-01702,Alteva Repair Conditioner,Alteva,200,200,Personal Care > Conditioner,"gluten,soy,fish",5611568622303,2023-03-22
UK-01703,Qualis Deep Clean Body Wash,Qualis,750,200,Personal Care > Body Wash,"milk,tree nuts,soy,gluten",6022743303723,2023-07-09
UK-01704,Purelix Colour Protect Shampoo,Purelix,1000,100,Personal Care > Shampoo,"peanuts,shellfish",5631121380785,2020-02-01
UK-01705,Novix Laundry Capsules,Novix,50,300,Household > Laundry,"eggs,tree nuts,peanuts",5985866356544,2018-11-24
UK-01706,Nexpur Liquid Laundry Detergent,Nexpur,1000,500,Household > Laundry,"wheat,tree nuts,gluten,milk",2886690594696,2023-11-25
01707,Novix Night Cream,Novix,500,100,Personal Care > Moisturiser,"peanuts,shellfish,milk,wheat",2031329887124,2020-05-08
UK-01708,Luminos Mixed Nuts Blend,Luminos,150,300,Food & Beverage > Snacks,"sesame,fish,peanuts",2778626852720,2023-12-08
UK-01709,Luminos Glass Cleaner,Luminos,150,100,Household > Surface Cleaner,,8778347106281,2020-07-21
UK-01710,Teraxis Brightening Face Wash,Teraxis,1000,250,Personal Care > Face Wash,"shellfish,soy",5623277004530,2021-10-23
UK-01711,Hevara Fabric Softener,Hevara,750,400,Household > Laundry,milk,2732285704240,2018-06-21
UK-01712,Qualis Mixed Nuts Blend,Qualis,250,250,Food & Beverage > Snacks,"fish,sesame",9397704116788,2018-10-11
UK-01713,Purelix Whitening Deodorant,Purelix,1000,200,Personal Care > Deodorant,"shellfish,soy,fish",5690448467333,2020-02-07
UK-01714,Lumeva Mixed Nuts Blend,Lumeva,2.54,100,Food & Beverage > Snacks,"sesame,tree nuts",5877006239452,2021-02-16
UK-01715,Nuvelo Volumising Conditioner,Nuvelo,50,400,Personal Care > Conditioner,"milk,sesame,tree nuts",3012033980133,2023-08-29
UK-01716,Krisol Multi-Surface Spray,Krisol,300,100,Household > Surface Cleaner,"soy,gluten,tree nuts,sesame",8905810801538,2020-04-26
UK-01717,Serafix Bathroom Cleaner,Serafix,250,300,Household > Surface Cleaner,"milk,wheat,shellfish",7287156596950,2023-03-11
UK-01718,Polvera Oat Protein Bar,Polvera,200,250,Food & Beverage > Snacks,"tree nuts,gluten,sesame",5055362917140,2023-10-07
UK-01719,Purevex Sport Deodorant,Purevex,500,150,Personal Care > Deodorant,"tree nuts,wheat,gluten,eggs",5207882165116,2020-01-28
UK-01720,Vivara Anti-Dandruff Shampoo,Vivara,400,200,Personal Care > Shampoo,"tree nuts,wheat",0302769473089,2019-08-03
UK-01721,Serafix Daily Moisturiser,Serafix,250,150,Personal Care > Moisturiser,eggs,2440293634090,2020-10-23
UK-01722,Hevara Volumising Shampoo,Hevara,75,500,Personal Care > Shampoo,,5257959900478,2020-11-01
UK-01723,Gleam Volumising Shampoo,Gleam,150,100,Personal Care > Shampoo,"peanuts,fish",0189113434855,2023-04-22
01724,Aurova Volumising Shampoo,Aurova,750,300,Personal Care > Shampoo,shellfish,6861273421121,2018-04-17
UK-01725,Helix Smooth & Shine Conditioner,Helix,150,500,Personal Care > Conditioner,,3014948029891,2018-07-27
UK-01726,Gleam Stain Remover,Gleam,500,75,Household > Laundry,"fish,gluten,peanuts,sesame",5231919908216,2020-06-07
UK-01727,Cladis Brightening Face Wash,Cladis,500,150,Personal Care > Face Wash,,7236670417104,2020-06-10
UK-01728,Clarity Oat Protein Bar,Clarity,75,75,Food & Beverage > Snacks,"shellfish,peanuts,milk,wheat",0133203449564,2018-04-24
UK-01729,Verdant Multi-Surface Spray,Verdant,500,400,Household > Surface Cleaner,"tree nuts,milk,shellfish",7525723163168,2018-04-17
UK-01730,Gleam Exfoliating Face Scrub,Gleam,500,75,Personal Care > Face Wash,,0570399630664,2023-03-06
UK-01731,Zenpur Moisturising Body Wash,Zenpur,750,200,Personal Care > Body Wash,"gluten,fish,sesame",9323370071588,2018-02-06
UK-01732,Solaris Sensitive Skin Body Wash,Solaris,75,200,Personal Care > Body Wash,,8633234306581,2023-07-04
UK-01733,Nuarix SPF Moisturiser,Nuarix,500,500,Personal Care > Moisturiser,"soy,wheat,gluten,shellfish",5909722858256,2021-10-15
UK-01734,Zenpur Granola Bar,Zenpur,250,75,Food & Beverage > Snacks,gluten,1960348236785,2020-04-24
UK-01735,Serafix Laundry Capsules,Serafix,300,150,Household > Laundry,soy,8004364758463,2022-09-21
UK-01736,Sovara Lightweight Lotion,Sovara,400,200,Personal Care > Moisturiser,,6371206317556,2019-11-22
UK-01737,Velaris Heavy Duty Dish Soap,Velaris,10.14,50,Household > Dishwash,,4584081144151,2022-12-05
UK-01738,Glova Smooth & Shine Conditioner,Glova,200,150,Personal Care > Conditioner,"eggs,gluten,fish",8611460361185,2019-11-13
UK-01739,Qualis Antibacterial Hand Wash,Qualis,250,250,Personal Care > Hand Wash,"fish,tree nuts",4268368437715,2020-12-29
UK-01740,Elaris Refreshing Shower Gel,Elaris,1000,200,Personal Care > Body Wash,"peanuts,tree nuts",9566003011968,2019-07-18
UK-01741,Arovia Volumising Conditioner,Arovia,100,150,Personal Care > Conditioner,"fish,shellfish,peanuts,tree nuts",2173683850953,2023-01-22
UK-01742,Serafix Sensitive Skin Body Wash,Serafix,200,50,Personal Care > Body Wash,"gluten,eggs,fish,tree nuts",5081136403489,2020-10-28
UK-01743,Serafix Fabric Softener,Serafix,400,400,Household > Laundry,,0627959514299,2021-12-26
UK-01744,Lumeva SPF Moisturiser,Lumeva,300,300,Personal Care > Moisturiser,"tree nuts,peanuts,wheat,fish",1756275280010,2022-08-27
UK-01745,Gleam Salted Crackers,Gleam,400,150,Food & Beverage > Snacks,"peanuts,shellfish",9459235163836,2019-10-27
UK-01746,Glicen Fragrance-Free Hand Wash,Glicen,500,400,Personal Care > Hand Wash,,0017078129458,2023-01-11
UK-01747,Tolvex Antibacterial Hand Wash,Tolvex,150,50,Personal Care > Hand Wash,"gluten,peanuts",8414235528338,2023-06-03
UK-01748,Velaris Smooth & Shine Conditioner,Velaris,250,300,Personal Care > Conditioner,"gluten,sesame,eggs",3026564771153,2023-10-22
UK-01749,Glicen Laundry Powder,Glicen,75,500,Household > Laundry,"milk,sesame,peanuts",1079116114641,2020-11-08
UK-01750,Solven Antibacterial Hand Wash,Solven,750,500,Personal Care > Hand Wash,milk,9754247388520,2020-09-14
UK-01751,Elaris Glass Cleaner,Elaris,500,400,Household > Surface Cleaner,"milk,gluten,shellfish",8812532512188,2018-05-07
UK-01752,Krisol Laundry Powder,Krisol,100,300,Household > Laundry,"gluten,milk,fish",6602865383959,2023-02-25
UK-01753,Frostine Repair Shampoo,Frostine,300,500,Personal Care > Shampoo,eggs,0037090703788,2018-09-06
UK-01754,Krisol Stain Remover,Krisol,300,300,Household > Laundry,"soy,wheat,milk,gluten",0983484926748,2022-12-09
UK-01755,Lumeva Moisturising Hand Wash,Lumeva,300,250,Personal Care > Hand Wash,,7445657267650,2021-02-05
UK-01756,Primus Colour Protect Shampoo,Primus,100,500,Personal Care > Shampoo,,7947795003454,2019-06-27
UK-01757,Kaleo Deep Conditioner,Kaleo,300,100,Personal Care > Conditioner,"gluten,soy,milk",3264525733097,2018-05-16
UK-01758,Arovia Bathroom Cleaner,Arovia,50,300,Household > Surface Cleaner,tree nuts,1685224767510,2019-05-28
UK-01759,Serafix Whitening Deodorant,Serafix,400,50,Personal Care > Deodorant,,5366933276338,2020-11-22
UK-01760,Novix Leave-In Conditioner,Novix,250,300,Personal Care > Conditioner,sesame,3723722593106,2020-08-12
UK-01761,Arovia Exfoliating Face Scrub,Arovia,50,50,Personal Care > Face Wash,"gluten,peanuts,wheat,tree nuts",3403704333318,2023-10-09
UK-01762,Nuvelo Hydrating Face Wash,Nuvelo,250,300,Personal Care > Face Wash,,2578047371981,2022-03-03
UK-01763,Velaris Tomato Ketchup,Velaris,300,300,Food & Beverage > Condiments,"milk,fish,peanuts,wheat",5442157837927,2022-11-18
UK-01764,Toreva Daily Moisturiser,Toreva,150,100,Personal Care > Moisturiser,"soy,fish,tree nuts",9342883903971,2023-04-04
UK-01765,Aurova Vinegar Dressing,Aurova,1000,150,Food & Beverage > Condiments,,5032198596558,2018-11-27
UK-01766,Tresol Tomato Ketchup,Tresol,250,50,Food & Beverage > Condiments,"fish,gluten,sesame",0673476714995,2023-12-19
UK-01767,Brightway Moisturising Hand Wash,Brightway,500,250,Personal Care > Hand Wash,"eggs,milk,soy,peanuts",5242762215598,2022-06-29
UK-01768,Elaris Exfoliating Face Scrub,Elaris,150,300,Personal Care > Face Wash,gluten,9495940389550,2021-03-17
UK-01769,Sovara Fragrance-Free Hand Wash,Sovara,1000,250,Personal Care > Hand Wash,eggs,7087300210271,2020-04-15
UK-01770,Plexum Foaming Hand Wash,Plexum,1000,100,Personal Care > Hand Wash,"fish,shellfish",3223487493913,2022-10-12
UK-01771,Zephyr Hot Chilli Sauce,Zephyr,75,75,Food & Beverage > Condiments,,9048866073265,2021-06-21
UK-01772,Arovia Intensive Moisturiser,Arovia,500,150,Personal Care > Moisturiser,"sesame,tree nuts,gluten",4176090937161,2021-04-13
UK-01773,Teraxis Granola Bar,Teraxis,500,75,Food & Beverage > Snacks,,4573466944738,2020-08-15
UK-01774,Arovia Laundry Capsules,Arovia,500,50,Household > Laundry,"wheat,sesame",9056651837848,2023-01-15
UK-01775,Frosten Multi-Surface Spray,Frosten,500,500,Household > Surface Cleaner,"soy,shellfish,peanuts,eggs",4509685938067,2019-10-09
UK-01776,Oralix Granola Bar,Oralix,100,150,Food & Beverage > Snacks,,8996469243435,2022-01-07
UK-01777,Cladis Lightweight Lotion,Cladis,750,250,Personal Care > Moisturiser,eggs,2156038710881,2018-07-04
UK-01778,Frostine Brightening Face Wash,Frostine,300,200,Personal Care > Face Wash,"fish,milk,peanuts",9037647476913,2018-12-02
UK-01779,Kaleo Antibacterial Hand Wash,Kaleo,100,75,Personal Care > Hand Wash,"milk,soy",9655868190045,2019-05-18
UK-01780,Aevum Whitening Deodorant,Aevum,150,150,Personal Care > Deodorant,tree nuts,2866013855000,2019-11-17
UK-01781,Velaris Rinse Aid,Velaris,150,500,Household > Dishwash,,1012457181583,2018-08-13
UK-01782,Aevum Antibacterial Hand Wash,Aevum,200,75,Personal Care > Hand Wash,fish,5055191939689,2022-11-30
UK-01783,Sovara Colour Protect Shampoo,Sovara,1000,400,Personal Care > Shampoo,,7080492932853,2018-03-12
01784,Aevum Multi-Surface Spray,Aevum,300,75,Household > Surface Cleaner,gluten,3321349522099,2020-12-22
UK-01785,Aurova Moisturising Body Wash,Aurova,400,75,Personal Care > Body Wash,"shellfish,tree nuts,sesame",6274806611263,2019-06-22
UK-01786,Gleam Salted Crackers,Gleam,150,50,Food & Beverage > Snacks,"gluten,tree nuts,eggs",6571211860188,2018-12-02
UK-01787,Polvera Volumising Shampoo,Polvera,1000,150,Personal Care > Shampoo,"gluten,soy,sesame,milk",2559879206238,2019-04-17
UK-01788,Aevum SPF Moisturiser,Aevum,300,500,Personal Care > Moisturiser,"gluten,eggs,milk,peanuts",6196804505217,2018-09-24
UK-01789,Aurova Deep Conditioner,Aurova,300,50,Personal Care > Conditioner,"eggs,fish,peanuts,sesame",1804460819719,2020-11-17
UK-01790,Cristalix Sensitive Skin Body Wash,Cristalix,200,300,Personal Care > Body Wash,"tree nuts,peanuts,sesame,shellfish",5060958062746,2021-10-26
UK-01791,Aevum Foaming Hand Wash,Aevum,500,150,Personal Care > Hand Wash,"sesame,tree nuts,milk,soy",4294142904951,2023-02-04
UK-01792,Sovara Hot Chilli Sauce,Sovara,100,250,Food & Beverage > Condiments,sesame,4766919530163,2021-03-16
UK-01793,Alteva Kitchen Cleaner,Alteva,1000,300,Household > Surface Cleaner,,7468590262971,2022-05-09
UK-01794,Krisol Hydrating Shampoo,Krisol,300,300,Personal Care > Shampoo,sesame,6603498246895,2022-08-19
UK-01795,Glova Multi-Surface Spray,Glova,300,250,Household > Surface Cleaner,"wheat,shellfish,sesame",4021572312526,2021-01-25
UK-01796,Qualis Leave-In Conditioner,Qualis,100,250,Personal Care > Conditioner,"milk,gluten,tree nuts",8949617215051,2019-09-08
UK-01797,Glicen Nourishing Body Cleanser,Glicen,150,250,Personal Care > Body Wash,eggs,3184560599345,2019-09-04
UK-01798,Tresol Oil Control Face Wash,Tresol,75,50,Personal Care > Face Wash,"eggs,wheat,peanuts,sesame",3141408783434,2023-03-23
UK-01799,Krisol Disinfectant Spray,Krisol,500,100,Household > Surface Cleaner,"milk,wheat",1168231379988,2018-11-27
UK-01800,Gleam Liquid Laundry Detergent,Gleam,50,50,Household > Laundry,"fish,wheat,peanuts,eggs",6578963558776,2021-03-02
UK-01801,Purelix 48hr Spray Deodorant,Purelix,150,200,Personal Care > Deodorant,"sesame,gluten,wheat,eggs",7254422535111,2023-03-24
UK-01802,Krisol Stain Remover,Krisol,100,500,Household > Laundry,,5034553882870,2019-10-13
UK-01803,Orinum Nourishing Body Cleanser,Orinum,300,400,Personal Care > Body Wash,"fish,gluten,milk",8288745871204,2023-04-20
UK-01804,Purevex 48hr Spray Deodorant,Purevex,1000,150,Personal Care > Deodorant,"sesame,tree nuts,soy",1526210741445,2020-06-19
UK-01805,Zephyr Moisturising Body Wash,Zephyr,300,75,Personal Care > Body Wash,"peanuts,tree nuts",2996457443317,2023-05-16
UK-01806,Solvix Hydrating Shampoo,Solvix,250,150,Personal Care > Shampoo,soy,4972969701006,2020-04-23
UK-01807,Plexum Mustard Sauce,Plexum,200,200,Food & Beverage > Condiments,"gluten,shellfish,tree nuts,sesame",8586188817866,2018-08-08
UK-01808,Glova Mixed Nuts Blend,Glova,250,100,Food & Beverage > Snacks,"gluten,peanuts,soy",7638274903319,2019-10-19
UK-01809,Plexum Leave-In Conditioner,Plexum,750,250,Personal Care > Conditioner,"sesame,milk",7047314836874,2021-06-22
UK-01810,Glicen Glass Cleaner,Glicen,400,200,Household > Surface Cleaner,,7036665600760,2019-07-25
UK-01811,Brightway Smooth & Shine Conditioner,Brightway,75,100,Personal Care > Conditioner,"wheat,eggs,soy,fish",8682784726431,2020-04-23
UK-01812,Frostine Gentle Face Wash,Frostine,250,300,Personal Care > Face Wash,"wheat,milk,fish,soy",6048531234437,2021-10-24
UK-01813,Frosten Fabric Softener,Frosten,500,75,Household > Laundry,,8465124210636,2023-03-31
UK-01814,Velaris Liquid Laundry Detergent,Velaris,50,200,Household > Laundry,"soy,fish,peanuts,tree nuts",8116595585944,2019-11-15
UK-01815,DUMMY-Cristalix Colour Protect Shampoo,Cristalix,400,150,Personal Care > Shampoo,,3636597276763,2023-10-30
UK-01816,Solaris Glass Cleaner,Solaris,250,150,Household > Surface Cleaner,"sesame,fish",1341749195381,2018-04-07
UK-01817,Frostine Stain Remover,Frostine,100,300,Household > Laundry,"wheat,soy,sesame",9907615001112,2020-07-06
UK-01818,Qualis Dish Liquid,Qualis,200,500,Household > Dishwash,,4423647921495,2018-02-22
UK-01819,Glicen Hydrating Shampoo,Glicen,500,300,Personal Care > Shampoo,,6479049915738,2023-12-13
UK-01820,Motivo Tomato Ketchup,Motivo,400,300,Food & Beverage > Condiments,"soy,fish,shellfish",2096102372648,2020-07-05
UK-01821,Oralix Mayonnaise,Oralix,250,500,Food & Beverage > Condiments,"gluten,shellfish,wheat",4597155793278,2023-03-28
UK-01822,Glova Moisturising Body Wash,Glova,1000,250,Personal Care > Body Wash,"gluten,eggs",7732609685687,2022-09-17
UK-01823,Krisol Hydrating Shampoo,Krisol,500,250,Personal Care > Shampoo,"shellfish,soy,tree nuts,peanuts",6794336447021,2022-04-17
UK-01824,Solaris Oil Control Face Wash,Solaris,300,400,Personal Care > Face Wash,"tree nuts,fish,peanuts",5876694947151,2021-12-19
UK-01825,Nuvelo Mayonnaise,Nuvelo,400,200,Food & Beverage > Condiments,"milk,wheat",4053772908483,2022-06-20
UK-01826,Gleam 48hr Spray Deodorant,Gleam,750,200,Personal Care > Deodorant,"milk,soy",7548078053830,2020-03-24
UK-01827,Vivara Oat Protein Bar,Vivara,300,150,Food & Beverage > Snacks,gluten,1369648040731,2023-02-22
UK-01828,Nuvelo Gentle Face Wash,Nuvelo,75,250,Personal Care > Face Wash,,6324051026586,2020-08-01
UK-01829,Teraxis Laundry Capsules,Teraxis,750,300,Household > Laundry,soy,4674646603329,2023-06-13
UK-01830,Lumeva Hydrating Face Wash,Lumeva,400,200,Personal Care > Face Wash,,5920941010270,2022-11-22
UK-01831,Novix Deep Clean Body Wash,Novix,75,250,Personal Care > Body Wash,,6484977973835,2020-08-24
UK-01832,Helix Deep Clean Body Wash,Helix,200,200,Personal Care > Body Wash,tree nuts,7547893505265,2018-05-10
UK-01833,Luminos Volumising Conditioner,Luminos,300,500,Personal Care > Conditioner,"tree nuts,fish,shellfish",0718129236131,2019-03-26
UK-01834,Solaris Leave-In Conditioner,Solaris,400,200,Personal Care > Conditioner,"gluten,sesame",4133768705804,2023-06-28
UK-01835,Krisol Dish Liquid,Krisol,50,300,Household > Dishwash,"eggs,milk",6407078384782,2021-01-06
UK-01836,Zephyr Laundry Powder,Zephyr,150,200,Household > Laundry,"tree nuts,shellfish,soy,sesame",5404492728094,2018-02-10
UK-01837,Orinum Gentle Face Wash,Orinum,500,500,Personal Care > Face Wash,fish,4316785984449,2018-06-20
UK-01838,Polvera Stain Remover,Polvera,750,250,Household > Laundry,"soy,milk,gluten,eggs",0756052699012,2022-01-21
UK-01839,Gleam Leave-In Conditioner,Gleam,50,100,Personal Care > Conditioner,"gluten,fish,sesame,eggs",3092356540306,2022-12-08
UK-01840,Glova Eco Dish Liquid,Glova,250,200,Household > Dishwash,,2732012953187,2021-08-29
UK-01841,Elaris Moisturising Body Wash,Elaris,100,150,Personal Care > Body Wash,,8206820481094,2020-08-30
UK-01842,Frostine Nourishing Body Cleanser,Frostine,500,200,Personal Care > Body Wash,"soy,sesame,tree nuts",7797398245535,2023-11-26
UK-01843,Helix Anti-Dandruff Shampoo,Helix,500,100,Personal Care > Shampoo,"wheat,soy,gluten",6429518525579,2022-09-12
UK-01844,Polvera Stain Remover,Polvera,75,250,Household > Laundry,"gluten,milk",3081969544870,2022-05-07
UK-01845,Zephyr Anti-Dandruff Shampoo,Zephyr,200,500,Personal Care > Shampoo,"peanuts,eggs,tree nuts,shellfish",0892446403503,2022-12-23
UK-01846,Vivara Aloe Hand Wash,Vivara,250,250,Personal Care > Hand Wash,"soy,tree nuts,sesame,peanuts",8108227754774,2023-07-28
UK-01847,Vivara Bathroom Cleaner,Vivara,750,100,Household > Surface Cleaner,"peanuts,eggs",2387249379790,2018-06-07
UK-01848,Oralix Deep Clean Body Wash,Oralix,200,250,Personal Care > Body Wash,"gluten,peanuts",8496741662393,2021-10-28
UK-01849,Glova Foaming Hand Wash,Glova,100,250,Personal Care > Hand Wash,"gluten,soy",5027674906419,2019-09-27
UK-01850,Brightway Volumising Conditioner,Brightway,1000,400,Personal Care > Conditioner,"tree nuts,soy,eggs",4513417005453,2021-10-09
UK-01851,Elaris Laundry Powder,Elaris,250,250,Household > Laundry,"tree nuts,gluten,fish,shellfish",2168335766805,2021-12-29
UK-01852,Tolvex Nourishing Body Cleanser,Tolvex,750,75,Personal Care > Body Wash,,8604317155785,2021-08-08
UK-01853,Teraxis Deep Conditioner,Teraxis,750,400,Personal Care > Conditioner,"soy,gluten,fish,peanuts",6093160898888,2021-12-05
UK-01854,Helix Tomato Ketchup,Helix,50,250,Food & Beverage > Condiments,"sesame,soy",9111532026404,2018-05-16
UK-01855,Solvix Dishwasher Tablets,Solvix,1000,150,Household > Dishwash,gluten,6379020388783,2019-11-26
UK-01856,Luxara Tomato Ketchup,Luxara,500,150,Food & Beverage > Condiments,"peanuts,gluten,shellfish,sesame",1676634208342,2023-10-01
UK-01857,Kaleo Salted Crackers,Kaleo,200,100,Food & Beverage > Snacks,"fish,peanuts,shellfish",4264404783273,2022-11-14
UK-01858,Orinum Moisturising Hand Wash,Orinum,750,250,Personal Care > Hand Wash,"eggs,sesame,shellfish,soy",4499246871448,2022-04-22
UK-01859,Clarity Dishwasher Tablets,Clarity,750,250,Household > Dishwash,eggs,5566423940262,2018-02-15
UK-01860,Motivo Stain Remover,Motivo,200,300,Household > Laundry,"fish,sesame,eggs",1822923246872,2019-07-17
UK-01861,Plexum Deep Conditioner,Plexum,400,150,Personal Care > Conditioner,shellfish,8406138674854,2023-07-24
01862,Oralix Laundry Powder,Oralix,200,250,Household > Laundry,"gluten,fish",5765786800552,2018-10-02
UK-01863,Cladis Mixed Nuts Blend,Cladis,1000,400,Food & Beverage > Snacks,"peanuts,gluten,sesame",3632705614656,2020-03-01
UK-01864,Kaleo SPF Moisturiser,Kaleo,50,50,Personal Care > Moisturiser,"wheat,eggs",8674715203517,2019-01-15
UK-01865,Zenpur Eco Dish Liquid,Zenpur,1000,50,Household > Dishwash,"fish,tree nuts",1335850814323,2020-02-01
UK-01866,Primus Oat Protein Bar,Primus,400,300,Food & Beverage > Snacks,"soy,wheat,shellfish",9042338106086,2018-11-14
UK-01867,XXX-Vanta Rice Cakes,Vanta,50,250,Food & Beverage > Snacks,wheat,9184574965994,2018-03-27
UK-01868,Velaris 48hr Spray Deodorant,Velaris,50,100,Personal Care > Deodorant,"gluten,fish",1143583040779,2022-02-09
UK-01869,Vanta Volumising Shampoo,Vanta,300,75,Personal Care > Shampoo,,9221689745377,2019-03-28
UK-01870,Cristalix Intensive Moisturiser,Cristalix,100,50,Personal Care > Moisturiser,"soy,eggs",9274312666563,2018-06-27
01871,Serafix Leave-In Conditioner,Serafix,300,75,Personal Care > Conditioner,"tree nuts,gluten,milk",6247555267203,2020-09-18
UK-01872,Tolvex Foaming Hand Wash,Tolvex,50,100,Personal Care > Hand Wash,"tree nuts,eggs,milk",0568706905710,2018-10-18
UK-01873,Nuarix Deep Conditioner,Nuarix,500,75,Personal Care > Conditioner,"shellfish,soy,wheat",3539330548496,2021-08-02
UK-01874,TEST-Qualis Repair Shampoo,Qualis,400,50,Personal Care > Shampoo,"gluten,peanuts,soy",2183024264684,2021-10-01
UK-01875,Tolvex Mustard Sauce,Tolvex,75,50,Food & Beverage > Condiments,milk,4115488051096,2020-06-25
UK-01876,Cladis Brightening Face Wash,Cladis,250,150,Personal Care > Face Wash,fish,3305754370094,2021-02-28
UK-01877,TEST-Arovia Repair Shampoo,Arovia,200,150,Personal Care > Shampoo,"shellfish,milk,wheat",1704701259284,2020-07-06
UK-01878,Tolvex Hydrating Face Wash,Tolvex,400,75,Personal Care > Face Wash,"sesame,tree nuts,fish",8176975059175,2020-08-27
UK-01879,Cristalix Oat Protein Bar,Cristalix,50,75,Food & Beverage > Snacks,,5591698331798,2020-05-17
UK-01880,Gleam Fragrance-Free Hand Wash,Gleam,400,50,Personal Care > Hand Wash,"gluten,peanuts,sesame,milk",6545259357078,2022-04-15
UK-01881,Clarity 24hr Roll-On Deodorant,Clarity,200,300,Personal Care > Deodorant,milk,7856227192607,2019-06-12
UK-01882,Tolvex Hot Chilli Sauce,Tolvex,75,75,Food & Beverage > Condiments,"fish,sesame,milk,tree nuts",1093609194903,2018-10-03
UK-01883,Oralix Hot Chilli Sauce,Oralix,50,150,Food & Beverage > Condiments,shellfish,6280587777012,2021-02-10
UK-01884,Cryston Vinegar Dressing,Cryston,100,300,Food & Beverage > Condiments,"wheat,eggs,sesame,peanuts",5696460773599,2022-01-22
UK-01885,Solvix Aloe Hand Wash,Solvix,75,100,Personal Care > Hand Wash,milk,5135639748926,2021-12-11
UK-01886,Solaris Moisturising Body Wash,Solaris,250,75,Personal Care > Body Wash,"shellfish,peanuts,fish",7358182177489,2023-01-15
UK-01887,Orinum Intensive Moisturiser,Orinum,750,150,Personal Care > Moisturiser,"gluten,tree nuts",8438356999716,2019-12-28
UK-01888,Arovia 48hr Spray Deodorant,Arovia,50,75,Personal Care > Deodorant,"soy,milk,fish,wheat",6912671919694,2020-02-14
UK-01889,Cristalix Brightening Face Wash,Cristalix,1000,50,Personal Care > Face Wash,eggs,3878305682873,2022-03-12
UK-01890,Qualis Oil Control Face Wash,Qualis,250,100,Personal Care > Face Wash,"wheat,milk,gluten",9487478112823,2022-07-10
UK-01891,Serafix Eco Dish Liquid,Serafix,200,250,Household > Dishwash,,7392229317780,2022-11-03
UK-01892,Cristalix 24hr Roll-On Deodorant,Cristalix,750,200,Personal Care > Deodorant,"tree nuts,milk,gluten",5777917431245,2020-05-17
UK-01893,Aurova SPF Moisturiser,Aurova,250,150,Personal Care > Moisturiser,"eggs,gluten,tree nuts,soy",5092720948033,2022-04-08
UK-01894,Orinum Rinse Aid,Orinum,1000,250,Household > Dishwash,"wheat,peanuts,soy",3916867088556,2018-03-09
UK-01895,Krisol Aloe Hand Wash,Krisol,200,150,Personal Care > Hand Wash,"peanuts,gluten,eggs,milk",1042797493541,2019-09-08
UK-01896,Solven Hydrating Shampoo,Solven,500,75,Personal Care > Shampoo,"sesame,fish,eggs,shellfish",2935753848112,2019-01-01
UK-01897,Vanta Sensitive Deodorant,Vanta,150,200,Personal Care > Deodorant,"tree nuts,fish,milk",1642624554621,2018-01-14
UK-01898,Plexum Deep Conditioner,Plexum,250,200,Personal Care > Conditioner,"gluten,wheat,sesame",3940717343465,2022-04-18
UK-01899,Qualis Sensitive Skin Body Wash,Qualis,200,400,Personal Care > Body Wash,,0603981079517,2022-05-22
UK-01900,Tresol Brightening Face Wash,Tresol,75,200,Personal Care > Face Wash,,2022417561682,2018-06-20
UK-01901,Sovara Rinse Aid,Sovara,200,75,Household > Dishwash,"tree nuts,peanuts,eggs,shellfish",3366502859155,2022-11-01
UK-01902,Luxara Granola Bar,Luxara,75,400,Food & Beverage > Snacks,"eggs,tree nuts,shellfish,peanuts",2905249221910,2019-02-25
UK-01903,Nexpur Mustard Sauce,Nexpur,750,200,Food & Beverage > Condiments,"eggs,peanuts,gluten,wheat",0138569939148,2019-11-21
UK-01904,Brightway Fragrance-Free Hand Wash,Brightway,50,75,Personal Care > Hand Wash,milk,1740209844690,2023-08-24
UK-01905,Cladis Stain Remover,Cladis,300,250,Household > Laundry,"peanuts,sesame,eggs,tree nuts",8272913675916,2022-09-02
UK-01906,Nuarix SPF Moisturiser,Nuarix,1000,75,Personal Care > Moisturiser,"soy,wheat",1801130852311,2022-01-11
UK-01907,Arovia Aloe Hand Wash,Arovia,100,150,Personal Care > Hand Wash,"wheat,sesame",4022462671327,2018-02-11
UK-01908,Cristalix Repair Conditioner,Cristalix,200,100,Personal Care > Conditioner,sesame,6707760429396,2023-07-15
UK-01909,Hevara Hot Chilli Sauce,Hevara,300,400,Food & Beverage > Condiments,"milk,sesame",7721075240032,2020-06-14
UK-01910,Vivara Salted Crackers,Vivara,75,50,Food & Beverage > Snacks,"shellfish,wheat,peanuts,fish",7254265416899,2020-04-29
UK-01911,Solaris Dishwasher Tablets,Solaris,300,150,Household > Dishwash,"sesame,tree nuts,wheat,eggs",8182893632789,2022-10-13
UK-01912,Velaris Liquid Laundry Detergent,Velaris,50,200,Household > Laundry,soy,5731899593117,2022-10-13
UK-01913,Frosten Vinegar Dressing,Frosten,100,75,Food & Beverage > Condiments,tree nuts,3470507077503,2021-05-03
UK-01914,Polvera Rinse Aid,Polvera,750,300,Household > Dishwash,tree nuts,7686621380597,2022-01-08
UK-01915,Arovia Colour Protect Shampoo,Arovia,200,500,Personal Care > Shampoo,"tree nuts,peanuts",2259551330595,2018-10-03
UK-01916,Solven Sport Deodorant,Solven,750,300,Personal Care > Deodorant,tree nuts,1109674513638,2022-07-05
UK-01917,Zephyr Whitening Deodorant,Zephyr,250,50,Personal Care > Deodorant,"eggs,shellfish",3722342678705,2020-03-24
UK-01918,Aurova Mayonnaise,Aurova,1000,500,Food & Beverage > Condiments,,2817189935478,2021-08-04
UK-01919,Purevex Deep Conditioner,Purevex,100,400,Personal Care > Conditioner,"gluten,fish",3731149331089,2023-08-26
UK-01920,Cristalix Moisturising Hand Wash,Cristalix,50,300,Personal Care > Hand Wash,"gluten,peanuts",0038180364858,2019-01-15
UK-01921,Vanta Tomato Ketchup,Vanta,100,75,Food & Beverage > Condiments,"wheat,peanuts,eggs,tree nuts",4081702846161,2023-04-12
UK-01922,Gleam Laundry Capsules,Gleam,1000,150,Household > Laundry,eggs,4999703204340,2023-07-23
UK-01923,Glicen Night Cream,Glicen,150,200,Personal Care > Moisturiser,"wheat,eggs",0651004601047,2019-03-29
UK-01924,Cristalix Gentle Face Wash,Cristalix,250,250,Personal Care > Face Wash,"shellfish,peanuts",2072239567218,2023-06-27
UK-01925,Hevara Antibacterial Hand Wash,Hevara,500,500,Personal Care > Hand Wash,"sesame,shellfish,gluten,soy",6775138771231,2018-12-11
UK-01926,Plexum Stain Remover,Plexum,750,400,Household > Laundry,milk,4873045194555,2023-08-16
UK-01927,Helix Aloe Hand Wash,Helix,33.81,400,Personal Care > Hand Wash,peanuts,1880796403150,2023-06-08
UK-01928,Qualis Whitening Deodorant,Qualis,750,150,Personal Care > Deodorant,"eggs,sesame,tree nuts,gluten",6205449339276,2018-11-29
UK-01929,Toreva Vinegar Dressing,Toreva,200,50,Food & Beverage > Condiments,"soy,sesame,tree nuts",6702071537846,2020-02-01
UK-01930,Zenpur Nourishing Body Cleanser,Zenpur,1000,250,Personal Care > Body Wash,"soy,tree nuts",4407896778888,2019-11-06
UK-01931,Solven Mayonnaise,Solven,50,50,Food & Beverage > Condiments,"wheat,milk,peanuts",0947112461759,2023-07-08
UK-01932,Nuvelo Liquid Laundry Detergent,Nuvelo,75,50,Household > Laundry,"sesame,fish",6718644262442,2023-08-01
UK-01933,Clarity Nourishing Body Cleanser,Clarity,500,300,Personal Care > Body Wash,"eggs,gluten,milk",1877033257041,2021-04-18
01934,Cryston Gentle Face Wash,Cryston,150,100,Personal Care > Face Wash,"fish,gluten",8997490304386,2019-02-19
UK-01935,Lumeva Glass Cleaner,Lumeva,750,500,Household > Surface Cleaner,"gluten,wheat,peanuts,soy",9247048113014,2023-09-27
UK-01936,Cristalix Fragrance-Free Hand Wash,Cristalix,100,150,Personal Care > Hand Wash,,4565181275914,2023-04-29
UK-01937,Cristalix Moisturising Body Wash,Cristalix,200,150,Personal Care > Body Wash,"peanuts,soy,wheat",5674053625128,2020-04-21
UK-01938,Qualis Hydrating Shampoo,Qualis,200,75,Personal Care > Shampoo,,1902060713694,2020-04-15
UK-01939,Vivara Moisturising Body Wash,Vivara,100,100,Personal Care > Body Wash,,4426735384257,2022-10-05
UK-01940,Purelix Hydrating Shampoo,Purelix,75,250,Personal Care > Shampoo,"gluten,peanuts,sesame,tree nuts",2618455375826,2022-07-03
UK-01941,Glicen Laundry Powder,Glicen,1000,250,Household > Laundry,,8149940232354,2022-02-26
UK-01942,Zenpur Dishwasher Tablets,Zenpur,500,50,Household > Dishwash,tree nuts,2880507507817,2023-01-22
UK-01943,XXX-Verdant Brightening Face Wash,Verdant,200,100,Personal Care > Face Wash,"wheat,peanuts",7777444964931,2018-05-19
UK-01944,Elaris Intensive Moisturiser,Elaris,50,50,Personal Care > Moisturiser,"milk,fish,wheat",6486275537795,2020-07-22
UK-01945,Gleam Fabric Softener,Gleam,200,300,Household > Laundry,,9121040725454,2020-03-22
UK-01946,Vanta Heavy Duty Dish Soap,Vanta,75,300,Household > Dishwash,,9932470792622,2022-01-16
UK-01947,Hevara Tomato Ketchup,Hevara,400,200,Food & Beverage > Condiments,eggs,6032503943984,2023-12-16
UK-01948,Brightway SPF Moisturiser,Brightway,400,500,Personal Care > Moisturiser,"tree nuts,wheat,soy,shellfish",1794964549598,2021-12-21
01949,Glova Disinfectant Spray,Glova,100,400,Household > Surface Cleaner,eggs,7427183224024,2020-05-23
UK-01950,Cladis Dishwasher Tablets,Cladis,1000,100,Household > Dishwash,"fish,eggs,shellfish",6404046551122,2022-03-28
UK-01951,Helix Hydrating Face Wash,Helix,2.54,50,Personal Care > Face Wash,"milk,wheat",2892074595289,2019-07-07
UK-01952,Solaris Glass Cleaner,Solaris,400,200,Household > Surface Cleaner,soy,9354337327837,2022-09-10
UK-01953,Kaleo Oat Protein Bar,Kaleo,75,250,Food & Beverage > Snacks,,0026077214348,2023-11-08
UK-01954,Polvera Aloe Hand Wash,Polvera,300,250,Personal Care > Hand Wash,shellfish,1557310520890,2020-03-07
UK-01955,Cryston Colour Protect Shampoo,Cryston,150,50,Personal Care > Shampoo,"tree nuts,milk,shellfish,peanuts",3377312973412,2021-06-29
UK-01956,Oralix Fabric Softener,Oralix,100,400,Household > Laundry,"gluten,milk",8268009072202,2023-05-11
UK-01957,Krisol Volumising Shampoo,Krisol,75,500,Personal Care > Shampoo,"peanuts,tree nuts,wheat,eggs",9596023315999,2023-10-15
UK-01958,Zenpur Rice Cakes,Zenpur,75,400,Food & Beverage > Snacks,"shellfish,milk",3230888060941,2018-10-02
UK-01959,Zephyr Bathroom Cleaner,Zephyr,100,200,Household > Surface Cleaner,,3007886758756,2021-10-27
UK-01960,Qualis Vinegar Dressing,Qualis,50,250,Food & Beverage > Condiments,"eggs,peanuts,tree nuts,milk",4972366946277,2019-12-31
UK-01961,Qualis Laundry Capsules,Qualis,75,500,Household > Laundry,,4204384504628,2019-03-11
UK-01962,Verdant Glass Cleaner,Verdant,1000,150,Household > Surface Cleaner,"gluten,soy",9416674078862,2023-09-24
UK-01963,Novix Granola Bar,Novix,250,400,Food & Beverage > Snacks,"gluten,eggs",1066726418795,2020-08-25
UK-01964,DUMMY-Orinum Vinegar Dressing,Orinum,500,250,Food & Beverage > Condiments,shellfish,7012493164599,2023-11-07
UK-01965,Cristalix Repair Conditioner,Cristalix,400,500,Personal Care > Conditioner,,4704079365188,2023-01-06
UK-01966,Frosten Sensitive Deodorant,Frosten,100,300,Personal Care > Deodorant,"wheat,milk,soy,tree nuts",2735712567210,2019-09-25
UK-01967,Luminos Gentle Face Wash,Luminos,500,250,Personal Care > Face Wash,"sesame,tree nuts,eggs",5324256600988,2018-01-04
UK-01968,Novix Sensitive Deodorant,Novix,150,300,Personal Care > Deodorant,"milk,soy,gluten,eggs",4136532985686,2020-12-29
UK-01969,Orinum Eco Dish Liquid,Orinum,400,50,Household > Dishwash,"milk,fish,gluten",0746143370043,2018-11-21
UK-01970,Frostine Rice Cakes,Frostine,200,150,Food & Beverage > Snacks,"sesame,shellfish,eggs",6387621577406,2021-08-24
UK-01971,Primus SPF Moisturiser,Primus,300,300,Personal Care > Moisturiser,,8248741427850,2020-08-15
UK-01972,Verdant Tomato Ketchup,Verdant,75,500,Food & Beverage > Condiments,"shellfish,wheat,fish,eggs",4921223399824,2019-05-18
UK-01973,Luminos Whitening Deodorant,Luminos,50,400,Personal Care > Deodorant,,3204484567715,2022-01-28
UK-01974,Glova Mustard Sauce,Glova,400,300,Food & Beverage > Condiments,"milk,peanuts,tree nuts",6893911645767,2023-07-07
UK-01975,Krisol Hot Chilli Sauce,Krisol,300,250,Food & Beverage > Condiments,"fish,gluten,sesame",4760852085292,2022-11-20
UK-01976,Toreva SPF Moisturiser,Toreva,100,75,Personal Care > Moisturiser,"tree nuts,milk,peanuts",9988782988727,2023-04-02
UK-01977,Tolvex Sport Deodorant,Tolvex,200,100,Personal Care > Deodorant,milk,6185069298736,2023-11-26
UK-01978,TEST-Vanta Fragrance-Free Hand Wash,Vanta,50,300,Personal Care > Hand Wash,"wheat,peanuts,fish",6390321430315,2020-02-17
UK-01979,Cristalix Dishwasher Tablets,Cristalix,50,75,Household > Dishwash,,1840654885580,2023-08-03
UK-01980,Tresol Sport Deodorant,Tresol,200,250,Personal Care > Deodorant,gluten,6151436974572,2023-11-14
UK-01981,Purevex Brightening Face Wash,Purevex,400,500,Personal Care > Face Wash,sesame,7135566963384,2021-12-26
UK-01982,Sovara Oat Protein Bar,Sovara,1000,200,Food & Beverage > Snacks,,7825601999163,2019-06-13
UK-01983,Aevum Intensive Moisturiser,Aevum,200,400,Personal Care > Moisturiser,"wheat,soy,fish",8426851797364,2023-05-26
UK-01984,Oralix Eco Dish Liquid,Oralix,75,50,Household > Dishwash,shellfish,1909520387211,2019-06-11
UK-01985,Teraxis Anti-Dandruff Shampoo,Teraxis,75,50,Personal Care > Shampoo,"tree nuts,fish",2446220165668,2020-06-08
UK-01986,Aevum Mayonnaise,Aevum,150,250,Food & Beverage > Condiments,,8243262538146,2018-03-01
UK-01987,Gleam Gentle Face Wash,Gleam,400,250,Personal Care > Face Wash,"gluten,sesame",4142024843501,2023-06-22
UK-01988,Zephyr SPF Moisturiser,Zephyr,750,150,Personal Care > Moisturiser,wheat,8099970244042,2020-04-08
UK-01989,Lumeva Hydrating Shampoo,Lumeva,50,400,Personal Care > Shampoo,"eggs,sesame,wheat",3532773765543,2022-12-11
UK-01990,Orinum Antibacterial Hand Wash,Orinum,100,400,Personal Care > Hand Wash,"shellfish,soy",5548147126665,2019-03-10
UK-01991,Frosten 48hr Spray Deodorant,Frosten,150,100,Personal Care > Deodorant,"peanuts,wheat,shellfish,tree nuts",0215013433909,2022-11-24
UK-01992,Lumeva Volumising Conditioner,Lumeva,500,250,Personal Care > Conditioner,"wheat,peanuts,shellfish,soy",3391299037196,2019-03-26
UK-01993,Zenpur Volumising Conditioner,Zenpur,750,150,Personal Care > Conditioner,"tree nuts,gluten,shellfish,sesame",1421162206595,2018-12-30
UK-01994,Hevara Moisturising Body Wash,Hevara,200,200,Personal Care > Body Wash,fish,4364443296915,2020-11-01
UK-01995,Nuarix Leave-In Conditioner,Nuarix,50,50,Personal Care > Conditioner,"wheat,gluten,shellfish",6835278087859,2023-05-30
UK-01996,Aevum Hydrating Shampoo,Aevum,150,150,Personal Care > Shampoo,"tree nuts,soy,milk,shellfish",0900632586777,2021-09-16
UK-01997,Vivara Intensive Moisturiser,Vivara,500,300,Personal Care > Moisturiser,,7284703446331,2020-01-23
UK-01998,Motivo Granola Bar,Motivo,250,300,Food & Beverage > Snacks,"peanuts,eggs,tree nuts,wheat",6351757351858,2019-03-20
UK-01999,Cladis Rice Cakes,Cladis,750,300,Food & Beverage > Snacks,"gluten,tree nuts",9656003375228,2022-06-07
UK-02000,Alteva Granola Bar,Alteva,200,100,Food & Beverage > Snacks,,0922251455791,2022-02-17
UK-02001,Cryston Mixed Nuts Blend,Cryston,1000,100,Food & Beverage > Snacks,shellfish,6604142643022,2023-04-17
UK-02002,Purevex Sensitive Skin Body Wash,Purevex,150,400,Personal Care > Body Wash,wheat,9821093524393,2019-09-18
UK-02003,Teraxis Smooth & Shine Conditioner,Teraxis,250,50,Personal Care > Conditioner,,4962840769539,2018-08-11
UK-02004,Novix Laundry Capsules,Novix,150,200,Household > Laundry,"fish,shellfish,milk",0782446666940,2020-06-28
UK-02005,Solvix Antibacterial Hand Wash,Solvix,750,200,Personal Care > Hand Wash,sesame,6825085592561,2019-11-08
UK-02006,Kaleo Heavy Duty Dish Soap,Kaleo,300,300,Household > Dishwash,"wheat,soy,gluten,shellfish",7273468927049,2023-03-30
UK-02007,Arovia Leave-In Conditioner,Arovia,1000,150,Personal Care > Conditioner,"peanuts,fish",6610514961809,2022-03-31
UK-02008,Nexpur Laundry Capsules,Nexpur,500,500,Household > Laundry,"sesame,gluten,shellfish",9244940395180,2022-10-16
UK-02009,Purelix Rinse Aid,Purelix,75,150,Household > Dishwash,"peanuts,milk",8833183801698,2020-02-20
UK-02010,Purelix Intensive Moisturiser,Purelix,750,75,Personal Care > Moisturiser,soy,7793980122017,2022-04-29
UK-02011,Primus Gentle Face Wash,Primus,250,100,Personal Care > Face Wash,,0239152313366,2020-06-07
UK-02012,Elaris Tomato Ketchup,Elaris,50,500,Food & Beverage > Condiments,eggs,2702318967201,2019-04-06
UK-02013,Zenpur Smooth & Shine Conditioner,Zenpur,750,50,Personal Care > Conditioner,eggs,7756900019170,2022-03-21
UK-02014,Krisol 48hr Spray Deodorant,Krisol,100,200,Personal Care > Deodorant,"sesame,soy",4387151547469,2019-04-18
UK-02015,Teraxis Repair Shampoo,Teraxis,50,500,Personal Care > Shampoo,"milk,wheat,shellfish",2820400938080,2020-04-07
UK-02016,Gleam Lightweight Lotion,Gleam,75,100,Personal Care > Moisturiser,wheat,1600593241836,2019-07-23
UK-02017,Kaleo Mustard Sauce,Kaleo,400,300,Food & Beverage > Condiments,tree nuts,2021311679547,2019-11-10
UK-02018,Nexpur Laundry Powder,Nexpur,300,400,Household > Laundry,,1167811678626,2018-01-29
UK-02019,Solven Repair Conditioner,Solven,250,150,Personal Care > Conditioner,"fish,peanuts,wheat,soy",7302209941751,2020-05-04
UK-02020,Elaris Tomato Ketchup,Elaris,1000,50,Food & Beverage > Condiments,"soy,eggs",9841050755080,2020-11-28
UK-02021,Nexpur Fabric Softener,Nexpur,500,200,Household > Laundry,"shellfish,gluten,milk",3784679700832,2018-04-08
UK-02022,Cladis Hot Chilli Sauce,Cladis,200,200,Food & Beverage > Condiments,,5835501727270,2022-12-19
UK-02023,Luxara Oil Control Face Wash,Luxara,100,50,Personal Care > Face Wash,,8320511213402,2022-10-16
UK-02024,Novix Exfoliating Face Scrub,Novix,50,75,Personal Care > Face Wash,"gluten,milk,tree nuts,sesame",2406511747119,2023-03-03
UK-02025,Nuvelo Deep Clean Body Wash,Nuvelo,500,250,Personal Care > Body Wash,"gluten,fish,sesame",3124079044813,2020-10-06
UK-02026,Glova Stain Remover,Glova,750,50,Household > Laundry,,1456767761958,2019-06-14
UK-02027,XXX-Cladis Lightweight Lotion,Cladis,50,75,Personal Care > Moisturiser,"milk,wheat,eggs",7645177022382,2018-01-18
UK-02028,Plexum SPF Moisturiser,Plexum,200,400,Personal Care > Moisturiser,"wheat,shellfish,sesame,tree nuts",2532095928481,2023-04-27
UK-02029,Hevara Brightening Face Wash,Hevara,500,400,Personal Care > Face Wash,shellfish,2993357024097,2020-09-21
UK-02030,Cladis Eco Dish Liquid,Cladis,1000,300,Household > Dishwash,gluten,8464844273983,2020-08-10
UK-02031,Solvix Sensitive Deodorant,Solvix,250,100,Personal Care > Deodorant,gluten,1886762273536,2020-08-19
UK-02032,Motivo Daily Moisturiser,Motivo,1000,100,Personal Care > Moisturiser,,1663340142152,2022-06-20
UK-02033,Verdant Mixed Nuts Blend,Verdant,250,100,Food & Beverage > Snacks,"soy,fish,wheat",8862335704440,2022-01-30
UK-02034,Tolvex 24hr Roll-On Deodorant,Tolvex,1000,200,Personal Care > Deodorant,peanuts,4211175494495,2021-09-23
UK-02035,Nexpur Bathroom Cleaner,Nexpur,75,500,Household > Surface Cleaner,"peanuts,wheat,gluten,soy",3815129116474,2019-12-13
UK-02036,Elaris Intensive Moisturiser,Elaris,100,500,Personal Care > Moisturiser,"wheat,peanuts,shellfish",3539987591531,2018-01-09
UK-02037,Toreva Deep Clean Body Wash,Toreva,75,200,Personal Care > Body Wash,"eggs,sesame",3479230578240,2021-08-21
UK-02038,Purevex Mixed Nuts Blend,Purevex,50,500,Food & Beverage > Snacks,,2464378624301,2018-10-18
UK-02039,Zephyr Intensive Moisturiser,Zephyr,300,300,Personal Care > Moisturiser,"fish,eggs,milk,soy",9637491218792,2018-06-01
UK-02040,Zephyr Fragrance-Free Hand Wash,Zephyr,300,75,Personal Care > Hand Wash,"shellfish,eggs",5901125023163,2018-06-30
UK-02041,Krisol Nourishing Body Cleanser,Krisol,50,100,Personal Care > Body Wash,"wheat,sesame,fish",8321208614984,2021-04-24
UK-02042,Vanta Repair Conditioner,Vanta,400,300,Personal Care > Conditioner,"gluten,shellfish,peanuts",2001414424602,2023-05-03
UK-02043,Nexpur Exfoliating Face Scrub,Nexpur,150,500,Personal Care > Face Wash,"eggs,tree nuts,sesame",2859947576370,2023-08-26
UK-02044,Plexum Smooth & Shine Conditioner,Plexum,50,250,Personal Care > Conditioner,"shellfish,gluten",9798367607413,2018-06-15
UK-02045,Aurova Whitening Deodorant,Aurova,750,200,Personal Care > Deodorant,"eggs,tree nuts,milk,fish",4390356028589,2022-08-06
UK-02046,Sovara Heavy Duty Dish Soap,Sovara,50,300,Household > Dishwash,tree nuts,4760751210184,2021-04-06
UK-02047,Nexpur Volumising Conditioner,Nexpur,1000,100,Personal Care > Conditioner,"peanuts,gluten,eggs",8024594085931,2021-08-10
UK-02048,Cristalix Fragrance-Free Hand Wash,Cristalix,250,100,Personal Care > Hand Wash,"soy,shellfish",7950765573741,2021-12-15
UK-02049,Qualis Mixed Nuts Blend,Qualis,75,100,Food & Beverage > Snacks,tree nuts,8467901752278,2019-12-19
UK-02050,Clarity Rinse Aid,Clarity,1000,300,Household > Dishwash,"wheat,soy",9674999020380,2021-10-22
UK-02051,Orinum Daily Moisturiser,Orinum,50,50,Personal Care > Moisturiser,"peanuts,eggs,tree nuts,gluten",1242695753857,2018-10-11
UK-02052,Solvix Mixed Nuts Blend,Solvix,750,400,Food & Beverage > Snacks,"soy,tree nuts,wheat",9461426204082,2021-12-21
02053,Cladis Deep Conditioner,Cladis,150,150,Personal Care > Conditioner,"fish,eggs",1897873728266,2021-12-01
UK-02054,Polvera Dishwasher Tablets,Polvera,150,500,Household > Dishwash,,4191716033300,2023-08-29
UK-02055,Elaris Sport Deodorant,Elaris,75,500,Personal Care > Deodorant,"soy,fish",6020931378805,2019-10-11
UK-02056,Vanta Tomato Ketchup,Vanta,750,150,Food & Beverage > Condiments,"shellfish,fish,gluten",7773657645544,2021-09-17
UK-02057,Aurova Dish Liquid,Aurova,200,500,Household > Dishwash,,9543511026936,2021-07-14
UK-02058,Cristalix 48hr Spray Deodorant,Cristalix,50,500,Personal Care > Deodorant,"wheat,soy,sesame,eggs",1351485507027,2022-03-23
UK-02059,Sovara Daily Moisturiser,Sovara,100,300,Personal Care > Moisturiser,,6741514487621,2019-03-16
UK-02060,Luxara Fragrance-Free Hand Wash,Luxara,150,200,Personal Care > Hand Wash,shellfish,9730294069575,2019-11-23
UK-02061,Polvera 48hr Spray Deodorant,Polvera,50,100,Personal Care > Deodorant,tree nuts,8937712582840,2023-12-14
UK-02062,Helix Stain Remover,Helix,750,200,Household > Laundry,"tree nuts,eggs,fish,gluten",5991945644648,2021-08-09
UK-02063,Frosten Leave-In Conditioner,Frosten,50,50,Personal Care > Conditioner,"eggs,tree nuts",2428678554706,2018-10-11
UK-02064,Velaris Stain Remover,Velaris,400,250,Household > Laundry,,1467093672504,2019-06-10
UK-02065,Oralix Liquid Laundry Detergent,Oralix,200,75,Household > Laundry,"shellfish,milk,gluten",3460316134078,2019-06-07
UK-02066,Motivo Tomato Ketchup,Motivo,200,250,Food & Beverage > Condiments,"tree nuts,wheat,shellfish",5428328678513,2021-12-25
UK-02067,Sovara Tomato Ketchup,Sovara,300,500,Food & Beverage > Condiments,"eggs,tree nuts,sesame,shellfish",7155661668946,2018-06-26
UK-02068,Purelix Dishwasher Tablets,Purelix,150,300,Household > Dishwash,"fish,milk",5955161133959,2022-08-29
UK-02069,DUMMY-Tresol Oil Control Face Wash,Tresol,200,250,Personal Care > Face Wash,,8256961921263,2023-01-22
UK-02070,Luxara Granola Bar,Luxara,300,400,Food & Beverage > Snacks,"peanuts,sesame,shellfish,gluten",8963196305279,2018-07-28
UK-02071,Motivo Night Cream,Motivo,750,100,Personal Care > Moisturiser,tree nuts,9164230127461,2018-02-10
UK-02072,Motivo Repair Shampoo,Motivo,150,75,Personal Care > Shampoo,"eggs,sesame,fish,gluten",7085536062237,2018-02-19
UK-02073,Zenpur Moisturising Hand Wash,Zenpur,300,400,Personal Care > Hand Wash,tree nuts,7756942984108,2021-05-05
UK-02074,Aurova Moisturising Body Wash,Aurova,100,400,Personal Care > Body Wash,milk,3248274635239,2021-10-30
UK-02075,Glova Antibacterial Hand Wash,Glova,500,500,Personal Care > Hand Wash,milk,3806958621857,2020-03-29
UK-02076,Hevara Tomato Ketchup,Hevara,75,75,Food & Beverage > Condiments,sesame,1779036666366,2021-05-29
UK-02077,Primus Kitchen Cleaner,Primus,75,150,Household > Surface Cleaner,fish,5984503379021,2021-02-13
UK-02078,Solaris Refreshing Shower Gel,Solaris,250,150,Personal Care > Body Wash,"soy,eggs",3245275671952,2018-07-14
UK-02079,Oralix Mixed Nuts Blend,Oralix,250,300,Food & Beverage > Snacks,"shellfish,sesame,milk,soy",1265249489187,2021-12-27
UK-02080,Primus Smooth & Shine Conditioner,Primus,150,500,Personal Care > Conditioner,"wheat,milk,eggs,gluten",1497776491368,2018-12-14
UK-02081,Orinum Fragrance-Free Hand Wash,Orinum,300,250,Personal Care > Hand Wash,sesame,2261954902941,2020-12-15
UK-02082,Serafix Rinse Aid,Serafix,1000,200,Household > Dishwash,"shellfish,gluten",6613886550091,2019-01-06
UK-02083,Aevum Granola Bar,Aevum,250,300,Food & Beverage > Snacks,"sesame,soy,wheat",3959360194126,2023-02-26
UK-02084,Motivo Deep Clean Body Wash,Motivo,75,500,Personal Care > Body Wash,"soy,fish",0878072020338,2019-02-15
UK-02085,Zephyr Volumising Shampoo,Zephyr,750,300,Personal Care > Shampoo,"shellfish,fish,soy",7203734483658,2022-09-19
UK-02086,Cryston Multi-Surface Spray,Cryston,1000,75,Household > Surface Cleaner,"milk,tree nuts,fish,sesame",5743967705469,2023-01-20
UK-02087,Cristalix Hydrating Face Wash,Cristalix,75,300,Personal Care > Face Wash,"gluten,milk",9546887305889,2022-10-23
UK-02088,Oralix Liquid Laundry Detergent,Oralix,100,250,Household > Laundry,eggs,2926625478001,2021-09-04
UK-02089,Frostine Liquid Laundry Detergent,Frostine,50,75,Household > Laundry,"fish,eggs",5970001900737,2023-10-28
UK-02090,Verdant Fabric Softener,Verdant,300,400,Household > Laundry,peanuts,7436939089411,2020-05-12
UK-02091,Alteva Colour Protect Shampoo,Alteva,250,300,Personal Care > Shampoo,"eggs,sesame,soy",2130542842511,2019-03-01
UK-02092,DUMMY-Gleam Colour Protect Shampoo,Gleam,50,150,Personal Care > Shampoo,"gluten,peanuts",0942941259799,2018-05-29
UK-02093,Krisol Mixed Nuts Blend,Krisol,100,150,Food & Beverage > Snacks,"sesame,shellfish,fish,soy",6606289513404,2020-05-20
UK-02094,Velaris Eco Dish Liquid,Velaris,500,150,Household > Dishwash,"shellfish,peanuts,sesame,tree nuts",3081836329395,2023-01-08
UK-02095,Kaleo Salted Crackers,Kaleo,300,300,Food & Beverage > Snacks,sesame,2071548185137,2020-07-03
UK-02096,Velaris Hydrating Shampoo,Velaris,500,300,Personal Care > Shampoo,,5776771928892,2019-07-07
UK-02097,Oralix Refreshing Shower Gel,Oralix,100,500,Personal Care > Body Wash,"tree nuts,shellfish,peanuts",0589230360677,2023-06-26
UK-02098,Glova Laundry Capsules,Glova,750,100,Household > Laundry,"gluten,shellfish",2655713649671,2020-11-25
UK-02099,Solven Granola Bar,Solven,200,250,Food & Beverage > Snacks,shellfish,5257448825268,2018-07-18
UK-02100,Alteva Salted Crackers,Alteva,250,75,Food & Beverage > Snacks,,1567338515761,2021-03-20
UK-02101,Solaris Rice Cakes,Solaris,50,250,Food & Beverage > Snacks,,6809838319346,2022-11-13
UK-02102,Kaleo 24hr Roll-On Deodorant,Kaleo,400,250,Personal Care > Deodorant,"fish,milk,soy,tree nuts",4563338923497,2022-01-12
UK-02103,Arovia Repair Conditioner,Arovia,250,400,Personal Care > Conditioner,,5155782638806,2020-04-09
UK-02104,Solvix Repair Conditioner,Solvix,100,400,Personal Care > Conditioner,,6186286974762,2020-01-07
UK-02105,Luminos Exfoliating Face Scrub,Luminos,150,500,Personal Care > Face Wash,"peanuts,shellfish",8726819319226,2021-02-23
UK-02106,Nuarix Volumising Shampoo,Nuarix,150,100,Personal Care > Shampoo,"milk,fish,wheat,shellfish",3941854554189,2019-11-04
UK-02107,Alteva Whitening Deodorant,Alteva,150,75,Personal Care > Deodorant,"milk,gluten",3563032826736,2021-08-29
UK-02108,Lumeva Mustard Sauce,Lumeva,50,200,Food & Beverage > Condiments,"gluten,sesame,fish",5716896213251,2018-09-02
UK-02109,Kaleo Laundry Capsules,Kaleo,500,300,Household > Laundry,"tree nuts,fish,peanuts,gluten",3476088230924,2022-01-20
UK-02110,Kaleo Laundry Capsules,Kaleo,500,200,Household > Laundry,"shellfish,soy,fish",3163308460178,2019-10-08
UK-02111,Brightway Rice Cakes,Brightway,500,50,Food & Beverage > Snacks,soy,6490847491163,2020-09-08
UK-02112,Solvix Night Cream,Solvix,50,150,Personal Care > Moisturiser,,0166366228455,2021-07-27
UK-02113,Elaris Daily Moisturiser,Elaris,50,500,Personal Care > Moisturiser,"shellfish,fish",2295110848613,2018-05-30
UK-02114,Tolvex Foaming Hand Wash,Tolvex,50,50,Personal Care > Hand Wash,fish,0469017495382,2019-03-10
UK-02115,Tresol Rice Cakes,Tresol,200,200,Food & Beverage > Snacks,,0667884573213,2022-10-30
UK-02116,Kaleo 24hr Roll-On Deodorant,Kaleo,1000,200,Personal Care > Deodorant,soy,8935440711075,2019-12-04
UK-02117,Vivara Eco Dish Liquid,Vivara,50,100,Household > Dishwash,milk,5066714853337,2019-05-15
UK-02118,Verdant Multi-Surface Spray,Verdant,400,250,Household > Surface Cleaner,"peanuts,eggs",2982492202880,2018-10-23
UK-02119,Oralix 48hr Spray Deodorant,Oralix,500,250,Personal Care > Deodorant,eggs,7680126962500,2021-09-03
UK-02120,Tolvex Deep Clean Body Wash,Tolvex,150,100,Personal Care > Body Wash,"gluten,eggs",3943032502746,2022-06-16
UK-02121,Luxara Leave-In Conditioner,Luxara,150,500,Personal Care > Conditioner,"peanuts,milk",3765439994289,2021-12-30
UK-02122,Luminos Oat Protein Bar,Luminos,150,150,Food & Beverage > Snacks,,8641486329081,2021-07-31
UK-02123,Oralix Nourishing Body Cleanser,Oralix,200,500,Personal Care > Body Wash,"eggs,tree nuts,milk",5182377210901,2023-06-03
UK-02124,Verdant SPF Moisturiser,Verdant,400,150,Personal Care > Moisturiser,"eggs,gluten,shellfish,milk",7400345688483,2022-06-11
UK-02125,Krisol Sensitive Deodorant,Krisol,150,400,Personal Care > Deodorant,"peanuts,fish",6607236604749,2019-03-01
UK-02126,Luxara Deep Conditioner,Luxara,75,500,Personal Care > Conditioner,,3689382528943,2018-01-20
UK-02127,Frosten Night Cream,Frosten,150,250,Personal Care > Moisturiser,,6026957752667,2021-04-01
UK-02128,Aurova Liquid Laundry Detergent,Aurova,1000,75,Household > Laundry,"soy,fish,shellfish",8175248135370,2022-04-28
UK-02129,Lumeva Night Cream,Lumeva,500,150,Personal Care > Moisturiser,"soy,milk,gluten,peanuts",5395260885326,2023-04-01
UK-02130,Hevara Brightening Face Wash,Hevara,50,75,Personal Care > Face Wash,,4997475473773,2018-06-01
UK-02131,Lumeva Lightweight Lotion,Lumeva,50,300,Personal Care > Moisturiser,"sesame,eggs,peanuts",5659773961039,2020-10-24
UK-02132,Velaris Nourishing Body Cleanser,Velaris,150,300,Personal Care > Body Wash,"gluten,eggs,milk,peanuts",0417569430726,2019-03-03
UK-02133,Polvera Vinegar Dressing,Polvera,500,400,Food & Beverage > Condiments,"eggs,fish,gluten",6587236341106,2020-12-16
UK-02134,Orinum Fabric Softener,Orinum,500,300,Household > Laundry,"eggs,wheat,fish",5728182912786,2023-12-28
UK-02135,Gleam Fabric Softener,Gleam,100,200,Household > Laundry,"gluten,eggs,fish,milk",8415855373049,2020-05-28
UK-02136,Aurova Glass Cleaner,Aurova,75,500,Household > Surface Cleaner,"tree nuts,fish",7071694481447,2018-01-10
UK-02137,Tolvex Moisturising Body Wash,Tolvex,200,50,Personal Care > Body Wash,"tree nuts,fish,milk",2310640797290,2022-08-11
UK-02138,Kaleo Laundry Powder,Kaleo,500,500,Household > Laundry,"peanuts,wheat",7344979925197,2023-05-22
UK-02139,Purelix Mixed Nuts Blend,Purelix,300,250,Food & Beverage > Snacks,"shellfish,tree nuts",8783710539252,2018-08-14
UK-02140,Cryston Foaming Hand Wash,Cryston,75,500,Personal Care > Hand Wash,"soy,fish",0174304025608,2018-07-11
UK-02141,Serafix Daily Moisturiser,Serafix,75,300,Personal Care > Moisturiser,"shellfish,gluten,tree nuts",2707127971760,2020-05-22
UK-02142,Zephyr Granola Bar,Zephyr,300,200,Food & Beverage > Snacks,shellfish,2990438817678,2022-06-17
UK-02143,Orinum Leave-In Conditioner,Orinum,50,100,Personal Care > Conditioner,"peanuts,soy",1639158464724,2021-10-06
UK-02144,Elaris Antibacterial Hand Wash,Elaris,300,400,Personal Care > Hand Wash,"wheat,milk,soy,shellfish",9061550261342,2018-05-01
UK-02145,Velaris Oat Protein Bar,Velaris,150,75,Food & Beverage > Snacks,wheat,0667665405320,2021-02-11
UK-02146,Nuarix Deep Conditioner,Nuarix,300,200,Personal Care > Conditioner,tree nuts,3286178058136,2023-10-29
UK-02147,Orinum Nourishing Body Cleanser,Orinum,150,100,Personal Care > Body Wash,,3678864555263,2019-03-28
UK-02148,Luminos 24hr Roll-On Deodorant,Luminos,400,50,Personal Care > Deodorant,"tree nuts,shellfish",0529508687440,2019-01-15
UK-02149,Qualis Leave-In Conditioner,Qualis,1000,500,Personal Care > Conditioner,"fish,wheat,tree nuts,peanuts",6926356006258,2021-11-17
UK-02150,Helix Anti-Dandruff Shampoo,Helix,400,400,Personal Care > Shampoo,"eggs,soy",7849531273445,2021-10-01
UK-02151,Polvera Liquid Laundry Detergent,Polvera,75,400,Household > Laundry,"wheat,eggs,soy",4616461526537,2019-09-12
UK-02152,Solvix Leave-In Conditioner,Solvix,200,400,Personal Care > Conditioner,,8101481297193,2021-01-21
UK-02153,Aevum Sensitive Skin Body Wash,Aevum,1000,200,Personal Care > Body Wash,shellfish,4812681793005,2023-11-05
UK-02154,Primus Nourishing Body Cleanser,Primus,500,50,Personal Care > Body Wash,"sesame,milk",8140334050813,2018-07-17
UK-02155,Hevara Sensitive Deodorant,Hevara,150,250,Personal Care > Deodorant,"fish,milk,wheat,sesame",3116694602127,2021-04-05
UK-02156,Sovara Foaming Hand Wash,Sovara,200,100,Personal Care > Hand Wash,"eggs,wheat,tree nuts,peanuts",8362074988496,2021-08-07
UK-02157,Kaleo Dish Liquid,Kaleo,300,50,Household > Dishwash,"wheat,milk,soy,eggs",1465657166575,2023-09-30
UK-02158,Aurova Tomato Ketchup,Aurova,50,200,Food & Beverage > Condiments,"gluten,tree nuts,milk,wheat",3896416450860,2019-08-14
UK-02159,Toreva Oat Protein Bar,Toreva,150,100,Food & Beverage > Snacks,soy,0724876412612,2020-06-10
UK-02160,Vivara Vinegar Dressing,Vivara,250,400,Food & Beverage > Condiments,"tree nuts,sesame",6180583934085,2020-06-17
UK-02161,Teraxis Sport Deodorant,Teraxis,200,100,Personal Care > Deodorant,"sesame,gluten,tree nuts",9881920696563,2020-03-14
UK-02162,Polvera Repair Conditioner,Polvera,750,300,Personal Care > Conditioner,shellfish,6223683127534,2020-11-07
UK-02163,Aurova Colour Protect Shampoo,Aurova,750,250,Personal Care > Shampoo,"shellfish,sesame",0228017710624,2021-04-28
UK-02164,Tresol 24hr Roll-On Deodorant,Tresol,300,200,Personal Care > Deodorant,"shellfish,soy",5341439103234,2019-05-22
02165,Polvera Laundry Capsules,Polvera,300,400,Household > Laundry,"milk,fish,sesame,tree nuts",7477201104081,2020-08-01
UK-02166,Cristalix Fabric Softener,Cristalix,400,500,Household > Laundry,fish,0187779533424,2019-06-30
UK-02167,Frosten 48hr Spray Deodorant,Frosten,150,100,Personal Care > Deodorant,peanuts,2577727745753,2018-07-16
UK-02168,Polvera Deep Conditioner,Polvera,500,500,Personal Care > Conditioner,"wheat,eggs",1484603638393,2022-06-11
UK-02169,XXX-Solaris Oat Protein Bar,Solaris,500,500,Food & Beverage > Snacks,"wheat,milk",4759835894778,2018-08-18
UK-02170,Nuarix Aloe Hand Wash,Nuarix,150,100,Personal Care > Hand Wash,"tree nuts,soy,wheat,gluten",0254616794673,2023-01-27
UK-02171,Alteva Liquid Laundry Detergent,Alteva,750,500,Household > Laundry,"soy,fish,eggs",3959459211857,2022-11-30
UK-02172,Teraxis Leave-In Conditioner,Teraxis,250,50,Personal Care > Conditioner,,9473779626381,2022-04-02
UK-02173,Arovia Sport Deodorant,Arovia,750,400,Personal Care > Deodorant,"gluten,eggs,shellfish",8220081001426,2023-08-29
UK-02174,Aevum Foaming Hand Wash,Aevum,50,300,Personal Care > Hand Wash,tree nuts,1575951490969,2022-12-29
UK-02175,Polvera Hydrating Shampoo,Polvera,500,50,Personal Care > Shampoo,,4587242274964,2022-10-01
UK-02176,Lumeva 48hr Spray Deodorant,Lumeva,200,500,Personal Care > Deodorant,milk,5171972512343,2020-04-22
UK-02177,Plexum Brightening Face Wash,Plexum,300,400,Personal Care > Face Wash,"shellfish,gluten",7734265875037,2018-10-13
UK-02178,Hevara Nourishing Body Cleanser,Hevara,1000,400,Personal Care > Body Wash,"eggs,peanuts,milk,soy",7128061990740,2022-06-04
UK-02179,Aevum Foaming Hand Wash,Aevum,400,200,Personal Care > Hand Wash,"wheat,eggs,shellfish",1243566830325,2021-11-27
UK-02180,Clarity Exfoliating Face Scrub,Clarity,250,100,Personal Care > Face Wash,"tree nuts,sesame",7673507810729,2023-11-11
UK-02181,Gleam Mixed Nuts Blend,Gleam,750,200,Food & Beverage > Snacks,"fish,peanuts,gluten",1261499363192,2022-06-06
UK-02182,Qualis Volumising Conditioner,Qualis,300,200,Personal Care > Conditioner,"soy,milk",9519566300635,2022-05-17
UK-02183,Oralix Deep Conditioner,Oralix,250,75,Personal Care > Conditioner,"peanuts,milk,shellfish",8704811353738,2022-08-30
UK-02184,Velaris 48hr Spray Deodorant,Velaris,1000,100,Personal Care > Deodorant,"tree nuts,sesame,fish,soy",7705548990716,2020-01-17
UK-02185,Aevum Oat Protein Bar,Aevum,300,75,Food & Beverage > Snacks,"peanuts,sesame",2700293313266,2023-09-18
UK-02186,Velaris Dishwasher Tablets,Velaris,200,300,Household > Dishwash,,2136884157719,2019-07-09
UK-02187,Purevex Oat Protein Bar,Purevex,500,200,Food & Beverage > Snacks,tree nuts,1956176558922,2019-09-28
UK-02188,Vivara Brightening Face Wash,Vivara,100,500,Personal Care > Face Wash,"sesame,shellfish",0630228293351,2019-08-12
UK-02189,Alteva Laundry Capsules,Alteva,750,400,Household > Laundry,,5359647268478,2020-12-25
UK-02190,Solvix Fragrance-Free Hand Wash,Solvix,250,250,Personal Care > Hand Wash,,7283101850887,2018-07-21
UK-02191,Toreva Laundry Capsules,Toreva,300,200,Household > Laundry,"milk,tree nuts",8105801088676,2023-07-08
UK-02192,Solaris SPF Moisturiser,Solaris,300,75,Personal Care > Moisturiser,"soy,shellfish,fish,gluten",3646533347747,2022-07-31
UK-02193,Velaris Oil Control Face Wash,Velaris,750,100,Personal Care > Face Wash,fish,2819150237437,2023-08-05
UK-02194,Toreva Brightening Face Wash,Toreva,50,250,Personal Care > Face Wash,eggs,9405047260973,2022-10-16
UK-02195,Purevex Smooth & Shine Conditioner,Purevex,200,250,Personal Care > Conditioner,"shellfish,gluten,soy,sesame",6098591981741,2023-06-09
UK-02196,Motivo Mixed Nuts Blend,Motivo,300,250,Food & Beverage > Snacks,gluten,7885874895579,2019-04-23
UK-02197,XXX-Teraxis Gentle Face Wash,Teraxis,750,500,Personal Care > Face Wash,"peanuts,gluten",9616395257472,2023-05-07
UK-02198,Cristalix Bathroom Cleaner,Cristalix,400,100,Household > Surface Cleaner,,2384877561917,2023-10-28
UK-02199,Vivara Bathroom Cleaner,Vivara,400,500,Household > Surface Cleaner,wheat,2900059054512,2022-11-30
UK-02200,Toreva Exfoliating Face Scrub,Toreva,500,250,Personal Care > Face Wash,"milk,tree nuts",9193442462718,2019-07-06
UK-02201,Plexum Hydrating Face Wash,Plexum,150,50,Personal Care > Face Wash,"tree nuts,soy,sesame",5359759809620,2023-08-26
UK-02202,Aevum Deep Conditioner,Aevum,300,50,Personal Care > Conditioner,"shellfish,sesame,gluten,fish",5788273763093,2023-04-05
UK-02203,Frosten Kitchen Cleaner,Frosten,1000,500,Household > Surface Cleaner,fish,6609797855004,2021-04-12
UK-02204,Polvera SPF Moisturiser,Polvera,50,400,Personal Care > Moisturiser,gluten,6290107932265,2021-12-27
UK-02205,Alteva Volumising Conditioner,Alteva,100,250,Personal Care > Conditioner,"fish,soy",0594156711779,2021-08-01
UK-02206,Luxara Hydrating Face Wash,Luxara,400,100,Personal Care > Face Wash,"tree nuts,sesame",1987088407558,2020-04-01
UK-02207,Zephyr Oat Protein Bar,Zephyr,250,150,Food & Beverage > Snacks,"tree nuts,shellfish,wheat",6839507051307,2022-08-02
UK-02208,Orinum Heavy Duty Dish Soap,Orinum,100,75,Household > Dishwash,sesame,1568387027854,2020-07-08
UK-02209,Luxara Disinfectant Spray,Luxara,100,75,Household > Surface Cleaner,"gluten,wheat",4137173063900,2023-12-08
UK-02210,Aurova Whitening Deodorant,Aurova,50,300,Personal Care > Deodorant,"peanuts,sesame,soy,fish",6816723866564,2018-07-08
UK-02211,Velaris Foaming Hand Wash,Velaris,250,250,Personal Care > Hand Wash,"tree nuts,shellfish,soy,gluten",5410577250404,2020-01-03
UK-02212,Gleam Whitening Deodorant,Gleam,750,500,Personal Care > Deodorant,"eggs,milk,tree nuts,fish",5872357845727,2018-07-10
UK-02213,Brightway Liquid Laundry Detergent,Brightway,200,75,Household > Laundry,,4150749316606,2023-11-13
UK-02214,Sovara Tomato Ketchup,Sovara,1000,75,Food & Beverage > Condiments,,5566134047502,2018-06-22
UK-02215,Qualis Nourishing Body Cleanser,Qualis,500,200,Personal Care > Body Wash,,8922706990640,2021-06-14
UK-02216,Qualis Dishwasher Tablets,Qualis,300,250,Household > Dishwash,"milk,soy,fish,eggs",8364722455817,2023-06-08
UK-02217,Glicen Sensitive Skin Body Wash,Glicen,150,150,Personal Care > Body Wash,"eggs,peanuts",2449663900049,2022-01-02
UK-02218,Hevara Hydrating Face Wash,Hevara,500,50,Personal Care > Face Wash,"sesame,gluten",6725140961700,2023-08-19
UK-02219,Purevex Kitchen Cleaner,Purevex,400,50,Household > Surface Cleaner,"sesame,eggs,fish,soy",8813038469129,2019-01-28
UK-02220,Solven 24hr Roll-On Deodorant,Solven,300,200,Personal Care > Deodorant,"peanuts,fish",6257312536121,2022-12-13
UK-02221,Primus Aloe Hand Wash,Primus,400,300,Personal Care > Hand Wash,wheat,9579474508097,2023-09-02
UK-02222,Glova Heavy Duty Dish Soap,Glova,400,150,Household > Dishwash,eggs,5716042614475,2018-12-25
UK-02223,Vanta Fragrance-Free Hand Wash,Vanta,200,200,Personal Care > Hand Wash,,5264458296940,2022-02-20
UK-02224,Polvera Daily Moisturiser,Polvera,1000,75,Personal Care > Moisturiser,shellfish,8049876209386,2020-02-27
UK-02225,Aevum Kitchen Cleaner,Aevum,300,250,Household > Surface Cleaner,peanuts,2760741464407,2019-11-29
UK-02226,Serafix Antibacterial Hand Wash,Serafix,250,150,Personal Care > Hand Wash,"wheat,tree nuts",5561832621382,2020-11-13
UK-02227,Zenpur Anti-Dandruff Shampoo,Zenpur,75,50,Personal Care > Shampoo,"tree nuts,peanuts,wheat,fish",5275056880844,2023-11-23
UK-02228,Orinum Deep Conditioner,Orinum,100,400,Personal Care > Conditioner,,2633402937810,2020-10-13
UK-02229,Velaris Volumising Conditioner,Velaris,100,400,Personal Care > Conditioner,soy,2627767469581,2023-09-15
UK-02230,XXX-Teraxis Colour Protect Shampoo,Teraxis,200,300,Personal Care > Shampoo,"shellfish,gluten,peanuts,sesame",2944993136750,2023-07-21
UK-02231,Purelix Volumising Conditioner,Purelix,500,200,Personal Care > Conditioner,"milk,tree nuts,soy,shellfish",6783203161313,2023-06-05
UK-02232,Zephyr Disinfectant Spray,Zephyr,250,150,Household > Surface Cleaner,"milk,soy",8833315180165,2022-07-08
UK-02233,Zephyr Lightweight Lotion,Zephyr,100,150,Personal Care > Moisturiser,"wheat,sesame,milk",1938895311545,2020-09-14
UK-02234,Novix Heavy Duty Dish Soap,Novix,75,250,Household > Dishwash,"soy,peanuts,eggs",5910660862366,2021-12-17
UK-02235,Cladis Nourishing Body Cleanser,Cladis,50,100,Personal Care > Body Wash,"wheat,gluten,peanuts",7892251826132,2021-10-13
UK-02236,Tresol Deep Clean Body Wash,Tresol,75,50,Personal Care > Body Wash,"peanuts,milk,eggs,wheat",7997062981091,2023-05-11
UK-02237,Kaleo Mustard Sauce,Kaleo,300,500,Food & Beverage > Condiments,"fish,tree nuts,milk",8368168214076,2020-07-14
UK-02238,Oralix Kitchen Cleaner,Oralix,500,400,Household > Surface Cleaner,,4390390920054,2022-05-22
UK-02239,Vanta Volumising Conditioner,Vanta,400,50,Personal Care > Conditioner,peanuts,7485798889212,2020-08-04
UK-02240,Plexum Volumising Conditioner,Plexum,500,75,Personal Care > Conditioner,"wheat,gluten",9322972540140,2020-10-16
UK-02241,Solaris Fabric Softener,Solaris,250,200,Household > Laundry,eggs,8864594780074,2019-12-13
UK-02242,Krisol Granola Bar,Krisol,300,150,Food & Beverage > Snacks,"fish,sesame,soy",7555045838758,2018-06-08
UK-02243,Tolvex Deep Clean Body Wash,Tolvex,400,50,Personal Care > Body Wash,"gluten,milk,soy,sesame",7211359804338,2020-08-26
UK-02244,Solvix Anti-Dandruff Shampoo,Solvix,300,300,Personal Care > Shampoo,"milk,eggs",0146019335204,2022-11-16
UK-02245,Motivo Leave-In Conditioner,Motivo,50,150,Personal Care > Conditioner,,6426633161408,2019-10-02
UK-02246,Zephyr Gentle Face Wash,Zephyr,75,400,Personal Care > Face Wash,,7199457405193,2022-01-22
UK-02247,Purevex Sensitive Skin Body Wash,Purevex,750,50,Personal Care > Body Wash,,5673526359515,2023-04-17
UK-02248,Vivara Moisturising Hand Wash,Vivara,100,200,Personal Care > Hand Wash,,3022867106654,2022-10-01
UK-02249,Elaris Refreshing Shower Gel,Elaris,750,100,Personal Care > Body Wash,tree nuts,7774149057173,2021-10-12
UK-02250,Tresol Oil Control Face Wash,Tresol,400,400,Personal Care > Face Wash,"wheat,fish",1587898916839,2019-02-09
UK-02251,Toreva Multi-Surface Spray,Toreva,75,75,Household > Surface Cleaner,,4241248454675,2020-06-07
02252,Orinum Volumising Shampoo,Orinum,75,400,Personal Care > Shampoo,"eggs,milk",6695450857034,2020-11-07
UK-02253,Gleam Moisturising Body Wash,Gleam,75,400,Personal Care > Body Wash,"eggs,shellfish,milk",6130112738318,2023-11-10
UK-02254,Cryston Tomato Ketchup,Cryston,100,50,Food & Beverage > Condiments,tree nuts,7965640019153,2021-04-05
UK-02255,Glicen Volumising Conditioner,Glicen,50,400,Personal Care > Conditioner,"wheat,peanuts,eggs,milk",6434241147547,2022-06-10
UK-02256,Nuvelo Moisturising Hand Wash,Nuvelo,500,100,Personal Care > Hand Wash,soy,0642116846037,2023-10-25
UK-02257,Solven Rinse Aid,Solven,1000,250,Household > Dishwash,"wheat,soy,peanuts,tree nuts",6652174645330,2019-02-08
UK-02258,Frosten Fragrance-Free Hand Wash,Frosten,250,50,Personal Care > Hand Wash,"milk,tree nuts,peanuts",1137134631073,2018-07-06
UK-02259,Novix Hot Chilli Sauce,Novix,300,250,Food & Beverage > Condiments,"fish,milk,eggs",8830415447471,2020-09-11
UK-02260,Nuarix Brightening Face Wash,Nuarix,150,250,Personal Care > Face Wash,"shellfish,soy,fish,gluten",9701685253170,2021-08-02
UK-02261,Zephyr Nourishing Body Cleanser,Zephyr,750,150,Personal Care > Body Wash,"milk,eggs,sesame",8596897409528,2018-03-29
UK-02262,Vanta Sport Deodorant,Vanta,750,250,Personal Care > Deodorant,"gluten,wheat,eggs",8472668063994,2019-12-06
UK-02263,Sovara Daily Moisturiser,Sovara,1000,75,Personal Care > Moisturiser,,9540627890888,2018-08-09
UK-02264,Serafix Aloe Hand Wash,Serafix,75,75,Personal Care > Hand Wash,eggs,7959282233121,2021-09-10
UK-02265,Solaris Foaming Hand Wash,Solaris,100,250,Personal Care > Hand Wash,,3856162714135,2021-02-17
UK-02266,Gleam Volumising Conditioner,Gleam,400,150,Personal Care > Conditioner,soy,5737421420944,2020-01-29
UK-02267,Aevum Deep Clean Body Wash,Aevum,150,400,Personal Care > Body Wash,"eggs,tree nuts",8719942505925,2021-09-13
02268,Arovia Gentle Face Wash,Arovia,750,250,Personal Care > Face Wash,"sesame,shellfish",7993642737959,2023-02-02
UK-02269,Alteva Leave-In Conditioner,Alteva,1000,75,Personal Care > Conditioner,"eggs,wheat,sesame",1351113301072,2021-09-06
UK-02270,Krisol Brightening Face Wash,Krisol,1000,50,Personal Care > Face Wash,peanuts,6948412322232,2019-11-28
UK-02271,Velaris Sensitive Skin Body Wash,Velaris,150,500,Personal Care > Body Wash,"shellfish,milk",9439137085870,2023-10-28
UK-02272,Lumeva Exfoliating Face Scrub,Lumeva,100,75,Personal Care > Face Wash,eggs,6822608099378,2018-10-04
UK-02273,Lumeva 24hr Roll-On Deodorant,Lumeva,150,75,Personal Care > Deodorant,"sesame,peanuts,gluten",9883803747386,2019-05-21
UK-02274,Aurova Volumising Shampoo,Aurova,400,50,Personal Care > Shampoo,"gluten,peanuts",6245540770059,2020-08-10
UK-02275,Gleam Sport Deodorant,Gleam,500,500,Personal Care > Deodorant,soy,4811808293855,2018-08-26
UK-02276,Nuvelo Smooth & Shine Conditioner,Nuvelo,400,400,Personal Care > Conditioner,"sesame,wheat,tree nuts,peanuts",7537156415332,2018-05-17
UK-02277,Motivo Multi-Surface Spray,Motivo,300,300,Household > Surface Cleaner,"milk,fish,soy",3119161195535,2018-04-15
UK-02278,Solaris Dishwasher Tablets,Solaris,150,75,Household > Dishwash,peanuts,0377917037932,2018-04-23
UK-02279,Novix Antibacterial Hand Wash,Novix,750,100,Personal Care > Hand Wash,,0458207216241,2023-01-13
UK-02280,Tresol Granola Bar,Tresol,200,300,Food & Beverage > Snacks,"peanuts,shellfish,soy,eggs",5506529905369,2022-12-12
UK-02281,Tresol Dish Liquid,Tresol,50,400,Household > Dishwash,milk,9578903550812,2022-08-25
UK-02282,Nuvelo Fabric Softener,Nuvelo,250,300,Household > Laundry,"shellfish,sesame",1744205405152,2021-08-27
UK-02283,Nuvelo Foaming Hand Wash,Nuvelo,50,100,Personal Care > Hand Wash,,1675993001342,2018-11-18
UK-02284,Zenpur Daily Moisturiser,Zenpur,1000,500,Personal Care > Moisturiser,,6709144654844,2018-01-23
UK-02285,Vanta Moisturising Body Wash,Vanta,200,50,Personal Care > Body Wash,,4645497683488,2022-12-11
UK-02286,Vivara 48hr Spray Deodorant,Vivara,300,50,Personal Care > Deodorant,"sesame,wheat",4662576013806,2023-04-12
UK-02287,Tolvex Rinse Aid,Tolvex,75,75,Household > Dishwash,"eggs,wheat,gluten,fish",6525081595909,2021-06-16
UK-02288,Qualis Gentle Face Wash,Qualis,50,400,Personal Care > Face Wash,,7416477631037,2019-10-03
UK-02289,Glova Mixed Nuts Blend,Glova,750,400,Food & Beverage > Snacks,"shellfish,milk,wheat",5461684446969,2021-03-04
UK-02290,Aevum Whitening Deodorant,Aevum,100,200,Personal Care > Deodorant,"eggs,sesame",3281137244797,2019-10-06
UK-02291,Tolvex Heavy Duty Dish Soap,Tolvex,250,75,Household > Dishwash,"peanuts,sesame",9400946584632,2019-09-26
UK-02292,Luxara Mustard Sauce,Luxara,500,400,Food & Beverage > Condiments,"milk,shellfish,soy,sesame",6764973780539,2021-01-28
UK-02293,Glova Repair Conditioner,Glova,750,75,Personal Care > Conditioner,"shellfish,eggs,fish,sesame",8974767666095,2018-12-01
UK-02294,Aevum Dish Liquid,Aevum,150,250,Household > Dishwash,fish,4259931769708,2023-12-15
UK-02295,Krisol Sensitive Deodorant,Krisol,400,250,Personal Care > Deodorant,"eggs,milk,tree nuts,fish",6396704477717,2021-01-17
UK-02296,Orinum Nourishing Body Cleanser,Orinum,400,50,Personal Care > Body Wash,tree nuts,0155449409980,2021-08-06
UK-02297,DUMMY-Tresol Bathroom Cleaner,Tresol,250,300,Household > Surface Cleaner,shellfish,4484555766332,2021-10-17
UK-02298,Kaleo Granola Bar,Kaleo,50,250,Food & Beverage > Snacks,,9530727728273,2022-05-13
UK-02299,Solvix Rinse Aid,Solvix,500,500,Household > Dishwash,"milk,sesame,peanuts",2660366980279,2022-11-18
UK-02300,Verdant Mustard Sauce,Verdant,500,100,Food & Beverage > Condiments,"peanuts,soy,tree nuts,milk",0796165377780,2020-11-14
UK-02301,Solaris Repair Conditioner,Solaris,75,300,Personal Care > Conditioner,"gluten,eggs",9163695072590,2019-12-22
UK-02302,Solven 24hr Roll-On Deodorant,Solven,300,75,Personal Care > Deodorant,"fish,shellfish",8079823070080,2018-09-17
UK-02303,Krisol Oil Control Face Wash,Krisol,200,50,Personal Care > Face Wash,soy,7432692494189,2018-01-16
UK-02304,Solvix Repair Shampoo,Solvix,750,250,Personal Care > Shampoo,"gluten,eggs,sesame,tree nuts",2946403118288,2023-03-08
UK-02305,Verdant Dish Liquid,Verdant,300,250,Household > Dishwash,"tree nuts,eggs,sesame,gluten",2033905966698,2020-11-05
UK-02306,Clarity Leave-In Conditioner,Clarity,200,150,Personal Care > Conditioner,"soy,shellfish,tree nuts,fish",4288463773488,2021-08-22
UK-02307,Zephyr Refreshing Shower Gel,Zephyr,100,400,Personal Care > Body Wash,"wheat,eggs,shellfish",9316250553267,2022-12-22
UK-02308,Brightway Eco Dish Liquid,Brightway,200,200,Household > Dishwash,"soy,shellfish,wheat,gluten",8779388949127,2023-11-27
UK-02309,Nexpur Foaming Hand Wash,Nexpur,500,400,Personal Care > Hand Wash,"peanuts,shellfish,fish",9104076296969,2021-07-08
UK-02310,Solven Repair Conditioner,Solven,250,400,Personal Care > Conditioner,eggs,8020404107190,2018-10-10
02311,Arovia Smooth & Shine Conditioner,Arovia,200,150,Personal Care > Conditioner,shellfish,0265781496354,2021-07-25
UK-02312,Frosten Moisturising Body Wash,Frosten,150,250,Personal Care > Body Wash,eggs,1015845673134,2023-05-09
UK-02313,Glicen Moisturising Body Wash,Glicen,75,400,Personal Care > Body Wash,"gluten,soy",1756073021730,2023-01-31
UK-02314,Aevum Oil Control Face Wash,Aevum,400,50,Personal Care > Face Wash,,0149262189228,2020-12-05
UK-02315,Purelix Moisturising Body Wash,Purelix,75,150,Personal Care > Body Wash,"fish,tree nuts,peanuts,gluten",9660251435801,2021-02-07
UK-02316,Purevex Multi-Surface Spray,Purevex,500,50,Household > Surface Cleaner,,4501531195969,2018-08-27
UK-02317,Cladis Volumising Conditioner,Cladis,750,150,Personal Care > Conditioner,"shellfish,gluten",9660548562579,2021-12-04
02318,Nexpur Nourishing Body Cleanser,Nexpur,100,200,Personal Care > Body Wash,"peanuts,milk,fish",9486175418276,2023-08-06
UK-02319,Frostine Hydrating Shampoo,Frostine,500,500,Personal Care > Shampoo,,6058019755705,2019-11-29
UK-02320,Tolvex Foaming Hand Wash,Tolvex,500,300,Personal Care > Hand Wash,"milk,peanuts",4414429426703,2023-12-12
UK-02321,Nuarix Liquid Laundry Detergent,Nuarix,250,50,Household > Laundry,,5137862684972,2018-06-26
UK-02322,Verdant Night Cream,Verdant,75,300,Personal Care > Moisturiser,"sesame,eggs,peanuts,gluten",0768170068144,2020-06-19
UK-02323,Clarity Fragrance-Free Hand Wash,Clarity,400,100,Personal Care > Hand Wash,gluten,7661054171509,2018-04-30
UK-02324,Zephyr Glass Cleaner,Zephyr,75,400,Household > Surface Cleaner,"eggs,sesame",0077842845571,2022-11-25
UK-02325,Teraxis Colour Protect Shampoo,Teraxis,300,400,Personal Care > Shampoo,"milk,fish,sesame",7219228349140,2020-04-20
UK-02326,Brightway Sensitive Skin Body Wash,Brightway,75,250,Personal Care > Body Wash,shellfish,2597833674082,2019-02-23
UK-02327,Zenpur Deep Conditioner,Zenpur,750,200,Personal Care > Conditioner,"shellfish,fish",9880122562089,2020-06-04
UK-02328,Tolvex Antibacterial Hand Wash,Tolvex,50,500,Personal Care > Hand Wash,"milk,wheat,tree nuts,soy",0162063703554,2021-12-11
UK-02329,Toreva Dish Liquid,Toreva,75,300,Household > Dishwash,"fish,eggs,gluten",6296586360254,2020-09-24
UK-02330,Solaris Aloe Hand Wash,Solaris,150,100,Personal Care > Hand Wash,,9225450806946,2018-03-17
UK-02331,Luxara Heavy Duty Dish Soap,Luxara,400,150,Household > Dishwash,"shellfish,eggs,soy,tree nuts",4100066584844,2020-09-13
UK-02332,Plexum Oat Protein Bar,Plexum,50,50,Food & Beverage > Snacks,"fish,milk",3560897064938,2023-04-11
UK-02333,Zephyr Whitening Deodorant,Zephyr,200,200,Personal Care > Deodorant,"gluten,milk,tree nuts",8304702789020,2023-02-09
UK-02334,Vivara Fragrance-Free Hand Wash,Vivara,75,150,Personal Care > Hand Wash,,0501985754730,2023-09-12
UK-02335,Elaris Sensitive Skin Body Wash,Elaris,100,400,Personal Care > Body Wash,"milk,fish",2828507255321,2018-02-23
UK-02336,Novix 48hr Spray Deodorant,Novix,250,75,Personal Care > Deodorant,"tree nuts,milk",1352471178870,2021-11-16
UK-02337,Glova Nourishing Body Cleanser,Glova,150,75,Personal Care > Body Wash,"peanuts,eggs,milk,wheat",1412007404511,2021-09-18
UK-02338,DUMMY-Aevum Aloe Hand Wash,Aevum,150,150,Personal Care > Hand Wash,shellfish,6926899473876,2020-04-11
UK-02339,Brightway Sensitive Skin Body Wash,Brightway,1000,250,Personal Care > Body Wash,soy,9060563607123,2021-05-20
UK-02340,Velaris Volumising Shampoo,Velaris,150,200,Personal Care > Shampoo,"eggs,wheat,tree nuts,peanuts",1936694364366,2021-12-04
UK-02341,Helix Mayonnaise,Helix,1000,200,Food & Beverage > Condiments,"gluten,peanuts",5681508951466,2020-08-11
UK-02342,Novix Tomato Ketchup,Novix,400,500,Food & Beverage > Condiments,"shellfish,fish,soy,eggs",0230423338835,2019-03-01
UK-02343,XXX-Motivo Vinegar Dressing,Motivo,50,100,Food & Beverage > Condiments,"milk,wheat",7040043866686,2021-05-26
UK-02344,Solaris Multi-Surface Spray,Solaris,1000,100,Household > Surface Cleaner,"milk,wheat,shellfish",5789663680532,2023-06-12
UK-02345,Oralix Hydrating Face Wash,Oralix,500,500,Personal Care > Face Wash,soy,3097019982479,2023-08-10
UK-02346,Vivara Deep Clean Body Wash,Vivara,75,500,Personal Care > Body Wash,"wheat,eggs,milk",9863678281680,2022-05-06
UK-02347,Motivo Moisturising Body Wash,Motivo,300,500,Personal Care > Body Wash,"eggs,wheat,shellfish,peanuts",0425284658066,2018-11-04
UK-02348,Aevum Hot Chilli Sauce,Aevum,100,100,Food & Beverage > Condiments,"eggs,shellfish",9703108083487,2018-01-18
UK-02349,DUMMY-Zenpur Eco Dish Liquid,Zenpur,200,200,Household > Dishwash,"shellfish,sesame,milk,fish",4833465867262,2018-09-03
UK-02350,Aurova Deep Conditioner,Aurova,75,500,Personal Care > Conditioner,,6664059974305,2023-12-16
UK-02351,Zephyr Disinfectant Spray,Zephyr,150,400,Household > Surface Cleaner,"wheat,tree nuts,soy,shellfish",1268870415570,2019-02-08
UK-02352,Serafix Exfoliating Face Scrub,Serafix,75,200,Personal Care > Face Wash,eggs,7562479944337,2019-04-01
UK-02353,Nexpur Disinfectant Spray,Nexpur,400,150,Household > Surface Cleaner,,5976620840782,2021-01-28
UK-02354,Verdant Rice Cakes,Verdant,50,75,Food & Beverage > Snacks,"shellfish,gluten",4662199785654,2019-05-28
UK-02355,Polvera Sport Deodorant,Polvera,200,100,Personal Care > Deodorant,"tree nuts,sesame",6672929907223,2022-09-17
UK-02356,Nuvelo Disinfectant Spray,Nuvelo,50,300,Household > Surface Cleaner,,1541382738680,2023-11-23
UK-02357,Lumeva Oil Control Face Wash,Lumeva,100,150,Personal Care > Face Wash,"gluten,sesame,fish,eggs",2546862966101,2020-07-17
UK-02358,Vivara Sensitive Deodorant,Vivara,400,200,Personal Care > Deodorant,"milk,sesame,peanuts,eggs",7149262735060,2018-05-09
UK-02359,Brightway Moisturising Body Wash,Brightway,300,300,Personal Care > Body Wash,"fish,milk",9614909100917,2022-10-27
UK-02360,Polvera Fragrance-Free Hand Wash,Polvera,750,250,Personal Care > Hand Wash,"tree nuts,peanuts",3001784627428,2018-01-18
UK-02361,Kaleo Mustard Sauce,Kaleo,100,250,Food & Beverage > Condiments,"gluten,sesame,shellfish,tree nuts",3073216656917,2018-07-07
02362,Oralix Rice Cakes,Oralix,1000,500,Food & Beverage > Snacks,"eggs,gluten,shellfish",1340250064223,2023-02-21
UK-02363,Cristalix Fragrance-Free Hand Wash,Cristalix,200,200,Personal Care > Hand Wash,"tree nuts,wheat,fish",5053477411607,2019-10-05
UK-02364,Nuarix Fabric Softener,Nuarix,750,250,Household > Laundry,sesame,8755987592049,2018-10-13
UK-02365,Toreva Mustard Sauce,Toreva,100,500,Food & Beverage > Condiments,soy,0164303297748,2021-04-22
UK-02366,Plexum Mustard Sauce,Plexum,150,100,Food & Beverage > Condiments,"peanuts,tree nuts,shellfish,gluten",6740477246498,2023-05-24
UK-02367,Aurova Smooth & Shine Conditioner,Aurova,1000,200,Personal Care > Conditioner,,9067100997846,2021-04-09
UK-02368,Primus Smooth & Shine Conditioner,Primus,100,150,Personal Care > Conditioner,,6421282658590,2023-04-09
UK-02369,Elaris Refreshing Shower Gel,Elaris,500,75,Personal Care > Body Wash,,5579991584349,2021-12-07
UK-02370,Glova Fragrance-Free Hand Wash,Glova,1000,100,Personal Care > Hand Wash,peanuts,3440708063131,2021-09-08
UK-02371,Cristalix Rinse Aid,Cristalix,250,400,Household > Dishwash,"peanuts,tree nuts,milk,sesame",7312821112644,2019-09-16
UK-02372,Helix Colour Protect Shampoo,Helix,250,200,Personal Care > Shampoo,"shellfish,sesame",8937707050705,2022-02-28
UK-02373,Teraxis Tomato Ketchup,Teraxis,300,100,Food & Beverage > Condiments,"soy,wheat,shellfish",6243265720793,2023-11-22
UK-02374,Tolvex Nourishing Body Cleanser,Tolvex,400,50,Personal Care > Body Wash,"sesame,soy,shellfish",9877523999637,2022-05-12
UK-02375,Alteva Dish Liquid,Alteva,200,250,Household > Dishwash,"peanuts,eggs",9838579282623,2018-03-15
UK-02376,Zenpur Repair Shampoo,Zenpur,75,250,Personal Care > Shampoo,"gluten,tree nuts,wheat,soy",4787155333172,2020-07-21
UK-02377,Gleam Volumising Shampoo,Gleam,200,400,Personal Care > Shampoo,"fish,eggs",9617650210003,2019-12-04
UK-02378,Sovara Disinfectant Spray,Sovara,200,250,Household > Surface Cleaner,"shellfish,milk,sesame,wheat",1253806319053,2020-06-02
UK-02379,Aevum Glass Cleaner,Aevum,150,100,Household > Surface Cleaner,"shellfish,wheat,gluten,sesame",6226897531159,2019-11-01
02380,Krisol Mustard Sauce,Krisol,150,500,Food & Beverage > Condiments,"wheat,milk,shellfish",5793144494198,2022-03-19
UK-02381,Toreva Mustard Sauce,Toreva,1000,300,Food & Beverage > Condiments,peanuts,3840927715734,2022-08-23
UK-02382,Zephyr Fabric Softener,Zephyr,1000,400,Household > Laundry,,5182511031867,2023-01-30
UK-02383,Velaris Deep Conditioner,Velaris,250,75,Personal Care > Conditioner,"peanuts,tree nuts",6619667601501,2021-01-12
UK-02384,Zephyr Brightening Face Wash,Zephyr,75,50,Personal Care > Face Wash,fish,5576475665730,2019-07-25
UK-02385,Velaris Heavy Duty Dish Soap,Velaris,200,75,Household > Dishwash,,5068590233098,2021-05-01
UK-02386,Glova Moisturising Hand Wash,Glova,200,400,Personal Care > Hand Wash,,6165373053429,2018-01-01
UK-02387,Purevex Disinfectant Spray,Purevex,1000,300,Household > Surface Cleaner,gluten,3096150710668,2019-05-14
UK-02388,Oralix Aloe Hand Wash,Oralix,150,300,Personal Care > Hand Wash,"milk,tree nuts,gluten",4117977963194,2021-03-13
UK-02389,Vanta Foaming Hand Wash,Vanta,750,300,Personal Care > Hand Wash,,8749612298307,2023-10-03
UK-02390,Novix Hot Chilli Sauce,Novix,500,200,Food & Beverage > Condiments,"shellfish,sesame,wheat",4375968686273,2020-11-04
UK-02391,Nuarix Laundry Powder,Nuarix,150,50,Household > Laundry,,9715475950132,2020-06-04
UK-02392,Brightway Foaming Hand Wash,Brightway,1000,75,Personal Care > Hand Wash,,5678140828249,2022-07-20
UK-02393,Gleam Lightweight Lotion,Gleam,75,150,Personal Care > Moisturiser,"eggs,fish,tree nuts",0942315963789,2018-12-18
UK-02394,Gleam Gentle Face Wash,Gleam,750,75,Personal Care > Face Wash,"eggs,sesame",1369004790461,2021-06-04
UK-02395,Verdant Lightweight Lotion,Verdant,50,250,Personal Care > Moisturiser,"eggs,tree nuts,gluten,peanuts",3942789119269,2023-12-31
UK-02396,Luminos Dish Liquid,Luminos,750,500,Household > Dishwash,"milk,fish,eggs",4416661177290,2021-02-13
UK-02397,Purelix Deep Conditioner,Purelix,400,50,Personal Care > Conditioner,"milk,tree nuts,sesame,peanuts",2404977957240,2018-01-28
02398,Oralix Refreshing Shower Gel,Oralix,150,75,Personal Care > Body Wash,"eggs,sesame",6175989622490,2021-05-29
UK-02399,Purelix Hot Chilli Sauce,Purelix,200,75,Food & Beverage > Condiments,"peanuts,tree nuts,soy,eggs",5199010263347,2019-07-03
UK-02400,Krisol Volumising Conditioner,Krisol,400,400,Personal Care > Conditioner,,8594268239552,2020-12-17
UK-02401,Verdant Brightening Face Wash,Verdant,500,100,Personal Care > Face Wash,,3801155769418,2022-02-27
UK-02402,Lumeva Volumising Shampoo,Lumeva,500,250,Personal Care > Shampoo,"soy,wheat",3750839731756,2019-11-15
UK-02403,Solvix 48hr Spray Deodorant,Solvix,150,100,Personal Care > Deodorant,"soy,peanuts",2139579656283,2018-01-27
UK-02404,Plexum Kitchen Cleaner,Plexum,250,50,Household > Surface Cleaner,,6455804829403,2023-05-04
UK-02405,Nexpur Vinegar Dressing,Nexpur,500,300,Food & Beverage > Condiments,tree nuts,5872937062582,2023-03-12
UK-02406,Motivo Mixed Nuts Blend,Motivo,50,500,Food & Beverage > Snacks,,5582262316754,2018-03-24
UK-02407,Vivara Hydrating Shampoo,Vivara,150,100,Personal Care > Shampoo,"milk,soy,peanuts",1477568863719,2020-08-26
UK-02408,Frosten Disinfectant Spray,Frosten,500,400,Household > Surface Cleaner,,8053828981220,2020-07-02
UK-02409,Motivo Vinegar Dressing,Motivo,250,400,Food & Beverage > Condiments,"soy,shellfish",6445125622203,2020-04-21
UK-02410,Verdant Intensive Moisturiser,Verdant,1000,200,Personal Care > Moisturiser,gluten,9613807186061,2020-04-09
UK-02411,Verdant Eco Dish Liquid,Verdant,250,75,Household > Dishwash,,6838292162984,2022-03-28
UK-02412,Nuarix Nourishing Body Cleanser,Nuarix,100,400,Personal Care > Body Wash,"tree nuts,shellfish,eggs,fish",0363056956258,2018-05-22
UK-02413,Motivo Vinegar Dressing,Motivo,750,200,Food & Beverage > Condiments,,2352888990880,2023-10-27
UK-02414,Alteva Antibacterial Hand Wash,Alteva,75,75,Personal Care > Hand Wash,,7149236036803,2023-09-11
UK-02415,Luxara Mustard Sauce,Luxara,1000,500,Food & Beverage > Condiments,"peanuts,gluten",3721326776383,2020-07-05
UK-02416,Purevex Colour Protect Shampoo,Purevex,1000,500,Personal Care > Shampoo,,4384309797561,2023-10-01
UK-02417,Kaleo Granola Bar,Kaleo,75,500,Food & Beverage > Snacks,,8018747291317,2019-05-19
UK-02418,Zenpur Volumising Conditioner,Zenpur,750,400,Personal Care > Conditioner,"fish,milk",3023121781709,2021-06-17
UK-02419,Tresol Leave-In Conditioner,Tresol,400,250,Personal Care > Conditioner,"sesame,gluten,eggs,fish",1859206304165,2021-11-10
UK-02420,TEST-Nexpur Volumising Conditioner,Nexpur,300,75,Personal Care > Conditioner,"gluten,eggs,milk,peanuts",5310017925131,2022-06-14
UK-02421,Brightway Mayonnaise,Brightway,150,500,Food & Beverage > Condiments,,1370209819406,2018-11-03
UK-02422,Lumeva Intensive Moisturiser,Lumeva,300,75,Personal Care > Moisturiser,fish,0772720450983,2018-01-30
UK-02423,Nuarix Moisturising Hand Wash,Nuarix,1000,250,Personal Care > Hand Wash,soy,3501626251045,2021-01-19
UK-02424,Solaris Antibacterial Hand Wash,Solaris,150,50,Personal Care > Hand Wash,"eggs,tree nuts",1332096730929,2021-04-16
UK-02425,Frostine Deep Clean Body Wash,Frostine,75,150,Personal Care > Body Wash,"gluten,fish",6533903638574,2021-02-12
UK-02426,Aevum Oil Control Face Wash,Aevum,75,250,Personal Care > Face Wash,"milk,gluten,sesame,fish",8416267501464,2023-10-29
UK-02427,Nuvelo Gentle Face Wash,Nuvelo,300,250,Personal Care > Face Wash,,0394558464200,2019-02-05
UK-02428,Krisol Liquid Laundry Detergent,Krisol,33.81,50,Household > Laundry,soy,2016519889065,2018-03-06
UK-02429,Solaris Dish Liquid,Solaris,250,50,Household > Dishwash,"tree nuts,eggs,wheat",6775046162282,2021-03-08
UK-02430,Solvix Hydrating Face Wash,Solvix,300,250,Personal Care > Face Wash,"sesame,gluten,shellfish",2020487103658,2020-07-20
UK-02431,Motivo Intensive Moisturiser,Motivo,200,75,Personal Care > Moisturiser,"peanuts,wheat",7197453145952,2021-12-25
UK-02432,Oralix Sensitive Skin Body Wash,Oralix,50,100,Personal Care > Body Wash,"milk,fish,tree nuts,wheat",7356427294366,2019-01-16
UK-02433,Luminos Sensitive Skin Body Wash,Luminos,750,500,Personal Care > Body Wash,peanuts,5081464702360,2018-01-25
UK-02434,Glova Bathroom Cleaner,Glova,400,50,Household > Surface Cleaner,"milk,wheat,sesame",5255313417624,2020-02-04
UK-02435,Clarity Liquid Laundry Detergent,Clarity,250,200,Household > Laundry,,7540163790583,2021-01-03
UK-02436,Luxara Laundry Powder,Luxara,75,400,Household > Laundry,gluten,3396910829655,2022-11-13
UK-02437,Oralix Volumising Shampoo,Oralix,300,200,Personal Care > Shampoo,"peanuts,fish,shellfish",6478562508458,2018-08-26
UK-02438,Gleam Salted Crackers,Gleam,200,150,Food & Beverage > Snacks,"gluten,wheat,tree nuts,soy",0992861028555,2019-03-15
UK-02439,Alteva Night Cream,Alteva,1000,100,Personal Care > Moisturiser,"tree nuts,wheat",0328659181988,2018-05-25
UK-02440,Alteva 48hr Spray Deodorant,Alteva,150,50,Personal Care > Deodorant,"soy,milk",6730830388408,2019-03-05
UK-02441,Teraxis Rice Cakes,Teraxis,400,400,Food & Beverage > Snacks,"gluten,wheat,eggs",9105071970953,2023-06-10
UK-02442,Zenpur SPF Moisturiser,Zenpur,200,50,Personal Care > Moisturiser,"gluten,eggs,peanuts",3876738431556,2022-08-20
UK-02443,Aevum Glass Cleaner,Aevum,250,400,Household > Surface Cleaner,"wheat,fish,gluten,tree nuts",6327324370393,2018-11-19
UK-02444,Toreva Dish Liquid,Toreva,300,300,Household > Dishwash,"eggs,peanuts",1343076832984,2022-12-24
UK-02445,Helix Aloe Hand Wash,Helix,1000,300,Personal Care > Hand Wash,,5191702423633,2022-12-14
UK-02446,Cryston Night Cream,Cryston,150,500,Personal Care > Moisturiser,,1318434135717,2022-11-27
UK-02447,Brightway Oat Protein Bar,Brightway,300,75,Food & Beverage > Snacks,,1476207347870,2020-07-26
UK-02448,Frostine Granola Bar,Frostine,75,200,Food & Beverage > Snacks,"tree nuts,fish",4731168859266,2022-07-07
UK-02449,Teraxis Exfoliating Face Scrub,Teraxis,50,50,Personal Care > Face Wash,"sesame,peanuts,soy,gluten",3014857816568,2018-02-10
UK-02450,Oralix Stain Remover,Oralix,1000,200,Household > Laundry,,8902446288269,2018-09-26
UK-02451,Verdant Kitchen Cleaner,Verdant,300,50,Household > Surface Cleaner,"shellfish,soy,fish,gluten",3149318137224,2020-04-05
UK-02452,Frostine Liquid Laundry Detergent,Frostine,250,50,Household > Laundry,milk,8349116476494,2020-01-28
UK-02453,Serafix Rice Cakes,Serafix,500,300,Food & Beverage > Snacks,"eggs,soy,sesame,tree nuts",7227818155392,2020-01-30
UK-02454,Novix Whitening Deodorant,Novix,150,50,Personal Care > Deodorant,eggs,3671603384179,2023-11-05
UK-02455,Zephyr Glass Cleaner,Zephyr,100,500,Household > Surface Cleaner,"peanuts,milk,shellfish",2648810503915,2022-09-06
UK-02456,Purevex Disinfectant Spray,Purevex,100,500,Household > Surface Cleaner,"soy,shellfish,gluten,peanuts",8593082278143,2022-10-10
UK-02457,Cristalix Rinse Aid,Cristalix,750,250,Household > Dishwash,fish,9823207248614,2018-12-17
UK-02458,Solvix Sensitive Deodorant,Solvix,100,150,Personal Care > Deodorant,,6780194670145,2018-11-14
UK-02459,Zephyr Smooth & Shine Conditioner,Zephyr,200,200,Personal Care > Conditioner,"eggs,wheat,milk",8362487485629,2020-05-26
UK-02460,Gleam Disinfectant Spray,Gleam,500,300,Household > Surface Cleaner,,7327760639510,2020-09-10
UK-02461,Clarity Aloe Hand Wash,Clarity,750,50,Personal Care > Hand Wash,"tree nuts,shellfish,peanuts",1698436633757,2022-09-02
UK-02462,TEST-Nuvelo Colour Protect Shampoo,Nuvelo,250,150,Personal Care > Shampoo,"shellfish,gluten",7785929458363,2018-10-29
UK-02463,Nuarix Stain Remover,Nuarix,150,400,Household > Laundry,"peanuts,sesame",9239604244508,2020-01-18
UK-02464,Solaris Sensitive Deodorant,Solaris,1000,50,Personal Care > Deodorant,eggs,7829598816106,2020-08-17
UK-02465,Aurova Glass Cleaner,Aurova,100,200,Household > Surface Cleaner,,3804374126987,2018-02-09
UK-02466,Toreva Laundry Capsules,Toreva,250,75,Household > Laundry,,8619970783930,2018-11-24
UK-02467,Lumeva Oil Control Face Wash,Lumeva,200,50,Personal Care > Face Wash,shellfish,5942501657558,2021-08-01
UK-02468,Alteva Bathroom Cleaner,Alteva,300,150,Household > Surface Cleaner,sesame,1070560557381,2021-03-08
UK-02469,Clarity Hydrating Shampoo,Clarity,300,50,Personal Care > Shampoo,,6616153176604,2019-11-05
UK-02470,Nuarix SPF Moisturiser,Nuarix,250,300,Personal Care > Moisturiser,"shellfish,eggs,sesame,wheat",3369757554608,2022-04-24
UK-02471,Nuvelo Laundry Powder,Nuvelo,100,300,Household > Laundry,,5338824996960,2022-03-25
UK-02472,Novix Salted Crackers,Novix,1000,75,Food & Beverage > Snacks,"shellfish,tree nuts,milk,wheat",1403634874518,2019-07-20
UK-02473,Glova Rice Cakes,Glova,750,150,Food & Beverage > Snacks,"gluten,milk,wheat",2930944312137,2021-01-30
UK-02474,Qualis Granola Bar,Qualis,400,50,Food & Beverage > Snacks,,7256687230633,2022-09-13
UK-02475,Alteva Sensitive Deodorant,Alteva,150,400,Personal Care > Deodorant,,5104136777678,2022-01-19
UK-02476,Tolvex Dishwasher Tablets,Tolvex,100,100,Household > Dishwash,"gluten,fish",7371967557917,2019-06-26
UK-02477,Frostine Sensitive Skin Body Wash,Frostine,250,200,Personal Care > Body Wash,,2894438826978,2022-07-12
UK-02478,Glova Rinse Aid,Glova,150,300,Household > Dishwash,"shellfish,peanuts,fish",8996908786394,2018-11-19
UK-02479,Novix Daily Moisturiser,Novix,150,250,Personal Care > Moisturiser,"milk,peanuts,gluten,tree nuts",4447427072542,2021-01-21
UK-02480,Velaris 48hr Spray Deodorant,Velaris,500,300,Personal Care > Deodorant,,0954728740758,2019-01-06
UK-02481,Lumeva Dishwasher Tablets,Lumeva,75,200,Household > Dishwash,"milk,soy,shellfish",8280356899103,2022-03-05
UK-02482,Velaris Laundry Capsules,Velaris,400,50,Household > Laundry,"tree nuts,milk,eggs",3993925679741,2022-06-04
UK-02483,Krisol Gentle Face Wash,Krisol,400,400,Personal Care > Face Wash,,8626678616330,2022-05-26
UK-02484,Glova Hydrating Face Wash,Glova,150,50,Personal Care > Face Wash,wheat,6249864094662,2022-02-09
UK-02485,Solaris Lightweight Lotion,Solaris,400,50,Personal Care > Moisturiser,"soy,fish",4434954121768,2019-11-29
UK-02486,Gleam Sensitive Skin Body Wash,Gleam,50,75,Personal Care > Body Wash,sesame,9348280092058,2020-10-05
UK-02487,Luminos Fragrance-Free Hand Wash,Luminos,200,250,Personal Care > Hand Wash,"sesame,fish,gluten",9001923315241,2018-03-01
UK-02488,Toreva Daily Moisturiser,Toreva,1000,400,Personal Care > Moisturiser,"sesame,peanuts",2768612779339,2020-07-15
UK-02489,Sovara Brightening Face Wash,Sovara,750,200,Personal Care > Face Wash,milk,1844576616291,2022-01-30
UK-02490,Elaris Deep Clean Body Wash,Elaris,75,50,Personal Care > Body Wash,eggs,8417326523465,2022-02-22
UK-02491,Elaris Granola Bar,Elaris,300,75,Food & Beverage > Snacks,milk,3846726440198,2023-10-03
UK-02492,Hevara Dishwasher Tablets,Hevara,500,75,Household > Dishwash,"soy,tree nuts",3542562860786,2018-12-13
02493,Elaris Hydrating Face Wash,Elaris,400,250,Personal Care > Face Wash,,3407491850584,2019-07-22
UK-02494,Oralix Mustard Sauce,Oralix,250,250,Food & Beverage > Condiments,"fish,tree nuts",1206906119597,2023-02-04
UK-02495,Brightway Exfoliating Face Scrub,Brightway,250,150,Personal Care > Face Wash,,3158464394429,2018-03-09
UK-02496,Verdant Granola Bar,Verdant,1000,50,Food & Beverage > Snacks,,9231950787302,2021-11-02
UK-02497,Frosten Mayonnaise,Frosten,50,50,Food & Beverage > Condiments,peanuts,3292620555566,2019-08-28
UK-02498,Aevum Fabric Softener,Aevum,400,250,Household > Laundry,"tree nuts,shellfish,soy",3939943109518,2023-08-29
UK-02499,Krisol Fabric Softener,Krisol,400,500,Household > Laundry,"sesame,wheat,milk",9572839783016,2022-11-06
UK-02500,Arovia Whitening Deodorant,Arovia,1000,500,Personal Care > Deodorant,"fish,milk",7456256703272,2019-02-12
UK-02501,Orinum Stain Remover,Orinum,250,500,Household > Laundry,"tree nuts,milk,sesame",2075204690744,2020-05-02
UK-02502,Teraxis Dish Liquid,Teraxis,300,200,Household > Dishwash,"peanuts,shellfish,sesame,eggs",9202444073195,2023-06-05
UK-02503,Gleam Colour Protect Shampoo,Gleam,750,50,Personal Care > Shampoo,,1203672916948,2019-05-29
UK-02504,Teraxis Antibacterial Hand Wash,Teraxis,300,300,Personal Care > Hand Wash,"peanuts,shellfish,eggs",0793527565205,2020-10-12
UK-02505,Zephyr Volumising Shampoo,Zephyr,1000,50,Personal Care > Shampoo,,6183215290078,2021-04-24
UK-02506,Motivo Repair Shampoo,Motivo,200,150,Personal Care > Shampoo,,8604283167232,2019-06-20
UK-02507,Tolvex Intensive Moisturiser,Tolvex,200,200,Personal Care > Moisturiser,"eggs,milk,fish",0606737788923,2018-10-24
UK-02508,Novix Daily Moisturiser,Novix,75,50,Personal Care > Moisturiser,,7290847980112,2023-02-12
UK-02509,Arovia Nourishing Body Cleanser,Arovia,300,200,Personal Care > Body Wash,"fish,tree nuts,sesame",7579033675941,2023-06-27
UK-02510,Luminos Dish Liquid,Luminos,750,150,Household > Dishwash,"sesame,peanuts,fish",5230804533434,2018-04-12
UK-02511,Novix Lightweight Lotion,Novix,100,50,Personal Care > Moisturiser,"milk,gluten,sesame",2675547539641,2019-01-02
UK-02512,Alteva Moisturising Hand Wash,Alteva,100,250,Personal Care > Hand Wash,,1723035821721,2022-05-10
UK-02513,Luminos Oil Control Face Wash,Luminos,500,50,Personal Care > Face Wash,"sesame,milk",8861125804438,2018-09-04
UK-02514,Solvix Fragrance-Free Hand Wash,Solvix,400,400,Personal Care > Hand Wash,eggs,1271681098177,2022-08-30
UK-02515,Vivara Moisturising Hand Wash,Vivara,100,75,Personal Care > Hand Wash,"wheat,fish",7371107068686,2022-11-10
UK-02516,Tolvex Intensive Moisturiser,Tolvex,200,75,Personal Care > Moisturiser,"shellfish,soy",5946895374251,2019-12-08
UK-02517,Orinum Sensitive Deodorant,Orinum,300,500,Personal Care > Deodorant,"gluten,shellfish,sesame,fish",3951660323701,2019-02-13
UK-02518,Lumeva Daily Moisturiser,Lumeva,250,50,Personal Care > Moisturiser,"eggs,tree nuts,gluten",9963230477251,2022-09-11
UK-02519,Vivara Hydrating Shampoo,Vivara,1000,250,Personal Care > Shampoo,soy,8416290628817,2021-08-07
UK-02520,XXX-Cladis Rice Cakes,Cladis,50,150,Food & Beverage > Snacks,,9805183434939,2022-07-27
UK-02521,Sovara Brightening Face Wash,Sovara,500,50,Personal Care > Face Wash,"shellfish,gluten,soy,wheat",7244167621873,2021-04-03
UK-02522,Lumeva Gentle Face Wash,Lumeva,300,200,Personal Care > Face Wash,"peanuts,wheat,soy",2683487092959,2019-03-03
UK-02523,Luxara Moisturising Hand Wash,Luxara,750,50,Personal Care > Hand Wash,"peanuts,tree nuts,gluten,shellfish",2627733125817,2019-06-20
UK-02524,Cryston Vinegar Dressing,Cryston,300,300,Food & Beverage > Condiments,peanuts,0419744765227,2021-05-27
UK-02525,Cladis Aloe Hand Wash,Cladis,500,250,Personal Care > Hand Wash,,6921751713527,2021-05-01
UK-02526,Gleam Sport Deodorant,Gleam,400,50,Personal Care > Deodorant,"milk,gluten",5745807664875,2023-10-22
UK-02527,Plexum Daily Moisturiser,Plexum,500,150,Personal Care > Moisturiser,,2760783359488,2019-12-24
UK-02528,Verdant Mayonnaise,Verdant,250,100,Food & Beverage > Condiments,"sesame,gluten",1603534176549,2022-07-27
UK-02529,Solven Anti-Dandruff Shampoo,Solven,75,75,Personal Care > Shampoo,,1473912983584,2020-10-22
UK-02530,DUMMY-Hevara Lightweight Lotion,Hevara,50,75,Personal Care > Moisturiser,shellfish,7127715685391,2018-01-19
UK-02531,Solvix Dish Liquid,Solvix,400,200,Household > Dishwash,"shellfish,peanuts",0803089229061,2020-12-06
UK-02532,Lumeva Colour Protect Shampoo,Lumeva,300,250,Personal Care > Shampoo,"peanuts,milk,wheat,tree nuts",9376452658726,2023-11-20
UK-02533,Cristalix Refreshing Shower Gel,Cristalix,500,300,Personal Care > Body Wash,"fish,wheat",6008059801887,2023-09-26
UK-02534,Nuarix Moisturising Body Wash,Nuarix,150,50,Personal Care > Body Wash,,5378286872204,2020-02-20
UK-02535,Purevex Deep Clean Body Wash,Purevex,50,500,Personal Care > Body Wash,,6922397662156,2021-01-07
02536,Nuarix Anti-Dandruff Shampoo,Nuarix,75,500,Personal Care > Shampoo,,7027292942866,2020-06-06
UK-02537,Arovia Whitening Deodorant,Arovia,150,200,Personal Care > Deodorant,"wheat,fish,soy,peanuts",9874955910926,2020-07-29
UK-02538,Vivara Brightening Face Wash,Vivara,500,500,Personal Care > Face Wash,"shellfish,wheat",8346389161904,2021-12-05
UK-02539,Solaris Whitening Deodorant,Solaris,250,150,Personal Care > Deodorant,,2961499094162,2023-04-01
UK-02540,Teraxis Rinse Aid,Teraxis,1000,100,Household > Dishwash,,2798914548111,2019-05-11
UK-02541,Primus Kitchen Cleaner,Primus,200,250,Household > Surface Cleaner,"peanuts,sesame,shellfish,wheat",9400926288659,2018-04-01
UK-02542,Luminos Kitchen Cleaner,Luminos,50,500,Household > Surface Cleaner,,5701974357521,2019-06-12
02543,Nuarix Sport Deodorant,Nuarix,250,300,Personal Care > Deodorant,"milk,sesame,peanuts,soy",9001581236247,2020-02-06
UK-02544,Gleam Lightweight Lotion,Gleam,1000,200,Personal Care > Moisturiser,"milk,gluten,wheat",5190672446093,2022-01-12
UK-02545,Nexpur Glass Cleaner,Nexpur,200,500,Household > Surface Cleaner,"shellfish,peanuts,gluten",6308357289098,2019-01-23
UK-02546,Vanta Tomato Ketchup,Vanta,300,150,Food & Beverage > Condiments,"shellfish,peanuts",1804202230598,2023-05-07
UK-02547,Cristalix Sensitive Deodorant,Cristalix,150,300,Personal Care > Deodorant,"wheat,sesame,shellfish,soy",5755525868561,2022-01-14
UK-02548,Krisol Deep Clean Body Wash,Krisol,300,200,Personal Care > Body Wash,"shellfish,sesame,wheat,tree nuts",6487130002557,2020-12-05
UK-02549,Qualis Fragrance-Free Hand Wash,Qualis,150,150,Personal Care > Hand Wash,"shellfish,sesame",5294844704148,2022-03-04
UK-02550,Polvera Nourishing Body Cleanser,Polvera,300,150,Personal Care > Body Wash,shellfish,0695118196136,2023-12-31
UK-02551,Vivara Hot Chilli Sauce,Vivara,1000,250,Food & Beverage > Condiments,"gluten,peanuts",2298133241997,2023-03-01
UK-02552,Helix Multi-Surface Spray,Helix,500,50,Household > Surface Cleaner,,6774360489099,2023-10-30
UK-02553,Brightway Whitening Deodorant,Brightway,400,75,Personal Care > Deodorant,"soy,fish",9474934768892,2020-05-19
UK-02554,XXX-Purelix Oat Protein Bar,Purelix,75,300,Food & Beverage > Snacks,,8776458084313,2022-08-24
UK-02555,Nexpur Mustard Sauce,Nexpur,75,400,Food & Beverage > Condiments,"milk,gluten,tree nuts,eggs",1260557402842,2021-10-08
UK-02556,Novix Rinse Aid,Novix,400,300,Household > Dishwash,"tree nuts,gluten,eggs,sesame",2681307837315,2023-11-01
UK-02557,Zenpur Mixed Nuts Blend,Zenpur,750,200,Food & Beverage > Snacks,,2345923258021,2021-03-29
UK-02558,Solaris Sport Deodorant,Solaris,75,75,Personal Care > Deodorant,"wheat,shellfish,peanuts",3514928632702,2019-09-23
UK-02559,Cryston Gentle Face Wash,Cryston,200,50,Personal Care > Face Wash,sesame,1060763443345,2022-08-28
UK-02560,Gleam Refreshing Shower Gel,Gleam,300,150,Personal Care > Body Wash,tree nuts,6416298702528,2019-01-23
UK-02561,Nuvelo 24hr Roll-On Deodorant,Nuvelo,1000,150,Personal Care > Deodorant,"eggs,shellfish",2368504485265,2018-07-30
UK-02562,Glicen Mayonnaise,Glicen,150,250,Food & Beverage > Condiments,"shellfish,wheat",2405530611395,2018-03-11
UK-02563,Vivara Nourishing Body Cleanser,Vivara,1000,500,Personal Care > Body Wash,"wheat,shellfish,tree nuts,fish",2340870568339,2021-10-01
UK-02564,Cladis Sport Deodorant,Cladis,150,500,Personal Care > Deodorant,"gluten,sesame",1828439974865,2018-06-23
UK-02565,Hevara Nourishing Body Cleanser,Hevara,250,400,Personal Care > Body Wash,soy,8079266094049,2020-10-28
UK-02566,Luminos Bathroom Cleaner,Luminos,75,400,Household > Surface Cleaner,"milk,tree nuts",6655899065865,2023-07-29
UK-02567,Nexpur Mixed Nuts Blend,Nexpur,150,100,Food & Beverage > Snacks,"wheat,milk",4300631910690,2023-04-07
UK-02568,Motivo Volumising Shampoo,Motivo,150,250,Personal Care > Shampoo,"eggs,gluten,peanuts,tree nuts",2028612232860,2019-05-10
UK-02569,XXX-Hevara Daily Moisturiser,Hevara,100,200,Personal Care > Moisturiser,"peanuts,wheat",2492243023201,2018-03-03
UK-02570,Serafix Moisturising Body Wash,Serafix,100,400,Personal Care > Body Wash,"gluten,wheat,sesame,shellfish",3509791353298,2021-08-14
UK-02571,Teraxis Antibacterial Hand Wash,Teraxis,400,300,Personal Care > Hand Wash,gluten,4846764089778,2022-01-26
UK-02572,Purevex Exfoliating Face Scrub,Purevex,200,50,Personal Care > Face Wash,"soy,milk,shellfish,sesame",9063360273157,2022-09-29
UK-02573,Purelix Kitchen Cleaner,Purelix,75,400,Household > Surface Cleaner,fish,2924598977736,2020-01-17
UK-02574,Serafix Granola Bar,Serafix,500,100,Food & Beverage > Snacks,,4629222283389,2018-12-05
UK-02575,Toreva Hydrating Face Wash,Toreva,100,100,Personal Care > Face Wash,tree nuts,9062709401442,2018-11-01
UK-02576,Qualis Repair Conditioner,Qualis,100,100,Personal Care > Conditioner,"wheat,peanuts,tree nuts,soy",7089393504626,2020-02-14
UK-02577,DUMMY-Nuvelo Exfoliating Face Scrub,Nuvelo,75,250,Personal Care > Face Wash,tree nuts,8338789591900,2021-10-26
UK-02578,Frosten Gentle Face Wash,Frosten,1000,200,Personal Care > Face Wash,"sesame,shellfish",5950825723231,2018-02-27
UK-02579,Zephyr Deep Clean Body Wash,Zephyr,500,300,Personal Care > Body Wash,,8694846747520,2019-02-06
UK-02580,Cristalix Lightweight Lotion,Cristalix,250,300,Personal Care > Moisturiser,"milk,sesame",6922702525411,2019-03-29
UK-02581,Krisol Salted Crackers,Krisol,250,250,Food & Beverage > Snacks,"wheat,peanuts,eggs",2667680940590,2022-07-06
UK-02582,TEST-Vanta Intensive Moisturiser,Vanta,150,150,Personal Care > Moisturiser,"peanuts,wheat,gluten",5320654326147,2020-06-22
UK-02583,Nuarix Daily Moisturiser,Nuarix,1000,150,Personal Care > Moisturiser,"eggs,tree nuts,wheat",4310915683097,2022-02-04
UK-02584,Tolvex Gentle Face Wash,Tolvex,100,100,Personal Care > Face Wash,"wheat,fish",4974787067647,2021-02-28
UK-02585,Purelix Smooth & Shine Conditioner,Purelix,1000,150,Personal Care > Conditioner,,7078101012447,2023-11-16
UK-02586,Cladis Nourishing Body Cleanser,Cladis,750,200,Personal Care > Body Wash,eggs,1874900449103,2018-09-10
UK-02587,Nuarix Kitchen Cleaner,Nuarix,150,75,Household > Surface Cleaner,"gluten,wheat",0499306404122,2018-10-28
UK-02588,Vanta Deep Clean Body Wash,Vanta,1000,200,Personal Care > Body Wash,eggs,0550315887853,2018-06-09
UK-02589,Zephyr Foaming Hand Wash,Zephyr,300,400,Personal Care > Hand Wash,"eggs,peanuts",1483515609514,2020-12-24
UK-02590,Cryston Mixed Nuts Blend,Cryston,400,50,Food & Beverage > Snacks,eggs,5386115111622,2023-04-13
UK-02591,Aurova Anti-Dandruff Shampoo,Aurova,250,150,Personal Care > Shampoo,"eggs,milk",6165047255319,2018-05-28
UK-02592,Solaris Kitchen Cleaner,Solaris,75,100,Household > Surface Cleaner,milk,7250845240885,2022-11-25
UK-02593,Tolvex Salted Crackers,Tolvex,750,300,Food & Beverage > Snacks,"wheat,tree nuts,soy,fish",3601099931915,2021-01-06
02594,Aevum Moisturising Body Wash,Aevum,750,500,Personal Care > Body Wash,,2971922887414,2021-10-05
UK-02595,Verdant Oat Protein Bar,Verdant,750,100,Food & Beverage > Snacks,"peanuts,soy",4502664273869,2022-06-01
UK-02596,Luxara Fragrance-Free Hand Wash,Luxara,75,75,Personal Care > Hand Wash,,5129272430676,2023-04-13
UK-02597,Alteva Disinfectant Spray,Alteva,150,300,Household > Surface Cleaner,"shellfish,sesame,eggs",0708240893511,2020-06-15
UK-02598,Zenpur Gentle Face Wash,Zenpur,400,100,Personal Care > Face Wash,,8236616201728,2021-08-25
UK-02599,Solvix Salted Crackers,Solvix,100,300,Food & Beverage > Snacks,"milk,sesame,fish",9611084039094,2020-01-10
UK-02600,Cladis Hot Chilli Sauce,Cladis,400,150,Food & Beverage > Condiments,"milk,sesame,fish",3339950666767,2018-02-05
UK-02601,Zenpur Granola Bar,Zenpur,50,500,Food & Beverage > Snacks,,0509083069251,2018-07-16
UK-02602,Krisol Oat Protein Bar,Krisol,500,50,Food & Beverage > Snacks,"tree nuts,fish",4419941243616,2022-05-27
UK-02603,Zephyr Nourishing Body Cleanser,Zephyr,100,50,Personal Care > Body Wash,"fish,eggs,sesame",8149836784905,2020-08-28
UK-02604,Orinum Deep Conditioner,Orinum,400,200,Personal Care > Conditioner,"eggs,gluten,shellfish,soy",7550043753157,2022-12-31
UK-02605,Kaleo 48hr Spray Deodorant,Kaleo,750,250,Personal Care > Deodorant,,8386039036749,2022-10-25
UK-02606,Cladis Bathroom Cleaner,Cladis,400,250,Household > Surface Cleaner,tree nuts,1534743927083,2019-03-05
UK-02607,Cryston Deep Conditioner,Cryston,500,50,Personal Care > Conditioner,,3781010320827,2020-09-07
UK-02608,Arovia Daily Moisturiser,Arovia,300,50,Personal Care > Moisturiser,"gluten,milk,shellfish,wheat",7885166190764,2020-12-03
UK-02609,Aevum SPF Moisturiser,Aevum,50,200,Personal Care > Moisturiser,gluten,4616222772616,2018-03-18
UK-02610,Arovia Sport Deodorant,Arovia,1000,50,Personal Care > Deodorant,fish,0284655921891,2021-07-22
UK-02611,Primus Aloe Hand Wash,Primus,300,200,Personal Care > Hand Wash,"gluten,soy,sesame,tree nuts",9745391802383,2021-04-19
UK-02612,Purelix Laundry Capsules,Purelix,75,200,Household > Laundry,"peanuts,soy",3736090857534,2023-04-01
UK-02613,Orinum Rinse Aid,Orinum,300,150,Household > Dishwash,,8342900249274,2021-11-01
UK-02614,Elaris Leave-In Conditioner,Elaris,300,75,Personal Care > Conditioner,"eggs,wheat",1676089601064,2022-10-16
UK-02615,Lumeva Whitening Deodorant,Lumeva,400,500,Personal Care > Deodorant,peanuts,2565829385403,2021-05-16
UK-02616,Teraxis Granola Bar,Teraxis,250,50,Food & Beverage > Snacks,gluten,8638346690818,2020-11-20
02617,Alteva Lightweight Lotion,Alteva,300,50,Personal Care > Moisturiser,gluten,6532831530707,2023-03-25
UK-02618,Lumeva Dish Liquid,Lumeva,50,200,Household > Dishwash,"shellfish,sesame,fish,milk",1508334512989,2019-09-03
UK-02619,Zenpur Rinse Aid,Zenpur,200,75,Household > Dishwash,"soy,gluten,shellfish,peanuts",8147425074383,2019-06-29
UK-02620,Aevum Refreshing Shower Gel,Aevum,250,50,Personal Care > Body Wash,,7867755005352,2023-06-07
UK-02621,Hevara Hot Chilli Sauce,Hevara,50,150,Food & Beverage > Condiments,"shellfish,soy,sesame",6142474151636,2019-09-06
UK-02622,Sovara Rinse Aid,Sovara,300,75,Household > Dishwash,"sesame,wheat",4364851782758,2023-07-23
UK-02623,Oralix Kitchen Cleaner,Oralix,300,75,Household > Surface Cleaner,"fish,milk",1741964000925,2021-09-03
UK-02624,Serafix Aloe Hand Wash,Serafix,1000,250,Personal Care > Hand Wash,"fish,wheat,shellfish,peanuts",3877765402342,2023-04-14
UK-02625,Zenpur Anti-Dandruff Shampoo,Zenpur,75,150,Personal Care > Shampoo,"peanuts,milk,wheat",8265652936752,2022-05-11
UK-02626,XXX-Vivara Volumising Conditioner,Vivara,200,250,Personal Care > Conditioner,"milk,soy",4989397595534,2022-06-24
UK-02627,Teraxis Mustard Sauce,Teraxis,100,100,Food & Beverage > Condiments,,9470544765832,2018-02-15
UK-02628,Glicen Colour Protect Shampoo,Glicen,1000,400,Personal Care > Shampoo,"gluten,wheat,shellfish",0438852871583,2020-08-13
UK-02629,Plexum SPF Moisturiser,Plexum,50,100,Personal Care > Moisturiser,"gluten,shellfish,soy,peanuts",5442402948040,2022-10-04
UK-02630,Motivo Stain Remover,Motivo,1000,500,Household > Laundry,"milk,sesame,shellfish,soy",3427247711570,2023-02-12
02631,Novix Exfoliating Face Scrub,Novix,75,250,Personal Care > Face Wash,"eggs,fish,wheat",1736713873141,2018-03-24
UK-02632,Purevex Mixed Nuts Blend,Purevex,750,75,Food & Beverage > Snacks,"fish,gluten,eggs",6246988967629,2018-11-08
UK-02633,Kaleo Laundry Powder,Kaleo,200,400,Household > Laundry,"wheat,gluten,peanuts,soy",6867071671485,2022-01-11
UK-02634,Brightway Disinfectant Spray,Brightway,250,400,Household > Surface Cleaner,"tree nuts,wheat,soy,sesame",2980093413735,2020-10-25
UK-02635,Tresol Sport Deodorant,Tresol,200,400,Personal Care > Deodorant,,1558221819516,2022-12-27
UK-02636,Zephyr Colour Protect Shampoo,Zephyr,400,50,Personal Care > Shampoo,"shellfish,gluten,fish",9313164538335,2022-06-28
UK-02637,Zenpur Night Cream,Zenpur,250,50,Personal Care > Moisturiser,tree nuts,3321012546759,2018-10-10
UK-02638,Frosten Lightweight Lotion,Frosten,1000,250,Personal Care > Moisturiser,"shellfish,gluten,milk,eggs",1705682583207,2018-10-02
02639,Qualis Night Cream,Qualis,200,250,Personal Care > Moisturiser,"soy,fish,shellfish",9883686364441,2023-09-11
02640,Polvera Hydrating Shampoo,Polvera,300,150,Personal Care > Shampoo,fish,7392060429420,2019-07-29
02641,Lumeva Hydrating Shampoo,Lumeva,100,200,Personal Care > Shampoo,"peanuts,soy,tree nuts",0697820993874,2019-07-05
UK-02642,Tresol Hydrating Shampoo,Tresol,50,150,Personal Care > Shampoo,"wheat,sesame,soy,peanuts",9015059547612,2022-11-16
02643,Glicen Liquid Laundry Detergent,Glicen,1000,300,Household > Laundry,"milk,soy,gluten,wheat",0054680131431,2020-09-11
UK-02644,Zenpur Antibacterial Hand Wash,Zenpur,400,200,Personal Care > Hand Wash,wheat,1115495992910,2023-04-26
UK-02645,Aevum Dish Liquid,Aevum,300,50,Household > Dishwash,"eggs,soy,fish,wheat",1765920594839,2022-06-18
UK-02646,Luminos Sensitive Skin Body Wash,Luminos,75,300,Personal Care > Body Wash,"milk,eggs,sesame,wheat",3609643945340,2023-07-12
UK-02647,Oralix Oil Control Face Wash,Oralix,50,300,Personal Care > Face Wash,,1535305325620,2021-06-16
UK-02648,Novix Vinegar Dressing,Novix,500,500,Food & Beverage > Condiments,,4970464855514,2022-07-15
UK-02649,Nexpur Dishwasher Tablets,Nexpur,200,50,Household > Dishwash,"shellfish,peanuts",1193539103898,2018-10-29
UK-02650,Arovia Rice Cakes,Arovia,300,400,Food & Beverage > Snacks,"milk,tree nuts,wheat",1858680439424,2018-02-27
UK-02651,Solvix Sensitive Skin Body Wash,Solvix,1000,500,Personal Care > Body Wash,"wheat,tree nuts,sesame,soy",8398037037734,2018-12-05
UK-02652,Vivara Deep Conditioner,Vivara,500,500,Personal Care > Conditioner,"gluten,peanuts,tree nuts",3074878134096,2021-11-30
UK-02653,Nuvelo Salted Crackers,Nuvelo,50,250,Food & Beverage > Snacks,,1813617000481,2022-01-05
UK-02654,Glicen Daily Moisturiser,Glicen,100,150,Personal Care > Moisturiser,"sesame,eggs",0945255396259,2022-01-19
UK-02655,Nuvelo Antibacterial Hand Wash,Nuvelo,200,75,Personal Care > Hand Wash,gluten,8701093215297,2020-11-13
UK-02656,Sovara Repair Shampoo,Sovara,75,75,Personal Care > Shampoo,,4832409652612,2019-06-24
UK-02657,Purelix Repair Shampoo,Purelix,750,200,Personal Care > Shampoo,"eggs,milk,sesame,shellfish",1233016796554,2022-05-18
UK-02658,Cristalix Hot Chilli Sauce,Cristalix,100,150,Food & Beverage > Condiments,"soy,fish,peanuts,milk",4344622807491,2018-08-17
UK-02659,XXX-Primus 48hr Spray Deodorant,Primus,1000,50,Personal Care > Deodorant,"gluten,tree nuts",0942816836254,2022-12-31
UK-02660,Helix Kitchen Cleaner,Helix,50,500,Household > Surface Cleaner,"wheat,shellfish,peanuts",1059157981556,2021-10-08
UK-02661,Frostine Colour Protect Shampoo,Frostine,750,250,Personal Care > Shampoo,"wheat,fish",4352217328429,2020-12-19
UK-02662,Gleam Laundry Capsules,Gleam,1000,100,Household > Laundry,"sesame,milk,wheat,gluten",2917265134204,2021-07-03
UK-02663,Solaris Mustard Sauce,Solaris,500,75,Food & Beverage > Condiments,eggs,4562530302413,2020-06-18
UK-02664,Glova Moisturising Body Wash,Glova,75,150,Personal Care > Body Wash,,4644214377808,2022-03-01
UK-02665,Tresol Whitening Deodorant,Tresol,100,400,Personal Care > Deodorant,"milk,wheat,fish",0497697998725,2021-12-10
UK-02666,Sovara Aloe Hand Wash,Sovara,1000,200,Personal Care > Hand Wash,,1350764996729,2023-01-06
UK-02667,Serafix Rice Cakes,Serafix,150,300,Food & Beverage > Snacks,"milk,gluten,shellfish,sesame",1947505220115,2019-08-13
02668,Glicen Multi-Surface Spray,Glicen,200,100,Household > Surface Cleaner,tree nuts,9332381433162,2018-11-01
UK-02669,Tolvex Foaming Hand Wash,Tolvex,750,400,Personal Care > Hand Wash,"peanuts,fish",9707119895114,2019-04-28
UK-02670,Novix Sensitive Deodorant,Novix,400,100,Personal Care > Deodorant,gluten,0371558602641,2019-06-18
UK-02671,Kaleo Exfoliating Face Scrub,Kaleo,200,250,Personal Care > Face Wash,"sesame,peanuts,fish,tree nuts",9371478750805,2022-01-02
UK-02672,Teraxis Hot Chilli Sauce,Teraxis,75,75,Food & Beverage > Condiments,"sesame,peanuts,gluten",4002748942440,2020-08-04
UK-02673,Aurova Disinfectant Spray,Aurova,300,300,Household > Surface Cleaner,"milk,peanuts,sesame",8671188161825,2023-06-30
UK-02674,Gleam Rice Cakes,Gleam,150,200,Food & Beverage > Snacks,"shellfish,peanuts,fish",7845273318819,2021-07-25
UK-02675,Toreva Foaming Hand Wash,Toreva,200,75,Personal Care > Hand Wash,tree nuts,4557970790777,2018-08-15
UK-02676,Qualis SPF Moisturiser,Qualis,150,50,Personal Care > Moisturiser,,1731412725920,2019-03-21
UK-02677,Clarity Mayonnaise,Clarity,1000,500,Food & Beverage > Condiments,"fish,shellfish",2405552517743,2023-12-19
UK-02678,Toreva Sensitive Deodorant,Toreva,100,300,Personal Care > Deodorant,"wheat,peanuts",3742822022040,2018-10-26
UK-02679,Elaris Deep Clean Body Wash,Elaris,750,300,Personal Care > Body Wash,,7265201487606,2022-08-12
UK-02680,Orinum Kitchen Cleaner,Orinum,100,250,Household > Surface Cleaner,,0932195693203,2022-03-14
UK-02681,Sovara Salted Crackers,Sovara,250,50,Food & Beverage > Snacks,"gluten,fish,eggs",5884452364942,2018-10-23
UK-02682,Vanta Hydrating Shampoo,Vanta,1000,100,Personal Care > Shampoo,,8967604062327,2019-01-31
UK-02683,Nuarix 24hr Roll-On Deodorant,Nuarix,400,250,Personal Care > Deodorant,,9679296058654,2020-08-17
UK-02684,Solvix Anti-Dandruff Shampoo,Solvix,150,200,Personal Care > Shampoo,wheat,0704310772229,2023-03-27
UK-02685,Aevum Lightweight Lotion,Aevum,250,500,Personal Care > Moisturiser,"soy,fish,shellfish,wheat",2860176787383,2023-10-15
UK-02686,Solven Moisturising Body Wash,Solven,75,150,Personal Care > Body Wash,,5292383522377,2023-07-16
UK-02687,Nuvelo 24hr Roll-On Deodorant,Nuvelo,200,500,Personal Care > Deodorant,,6324489684600,2021-02-15
UK-02688,Purelix Volumising Shampoo,Purelix,75,300,Personal Care > Shampoo,"tree nuts,peanuts",2793399702140,2022-04-10
UK-02689,Lumeva Repair Shampoo,Lumeva,50,200,Personal Care > Shampoo,"fish,eggs,milk",2965441904370,2023-03-20
UK-02690,Lumeva Refreshing Shower Gel,Lumeva,1000,300,Personal Care > Body Wash,"milk,tree nuts,gluten",3562372464561,2018-02-09
UK-02691,Krisol Lightweight Lotion,Krisol,250,75,Personal Care > Moisturiser,,9906563226790,2018-10-19
UK-02692,Solaris Hydrating Shampoo,Solaris,500,250,Personal Care > Shampoo,,2592729169420,2019-08-21
UK-02693,Brightway Smooth & Shine Conditioner,Brightway,250,150,Personal Care > Conditioner,"peanuts,eggs,shellfish,wheat",7617657224586,2023-11-02
UK-02694,Sovara Exfoliating Face Scrub,Sovara,50,400,Personal Care > Face Wash,"sesame,soy,gluten,tree nuts",4083378361597,2020-01-18
UK-02695,Alteva Foaming Hand Wash,Alteva,300,300,Personal Care > Hand Wash,"milk,sesame,gluten,soy",9565300022752,2018-02-25
UK-02696,Nuarix Dishwasher Tablets,Nuarix,300,50,Household > Dishwash,"shellfish,milk",9280337142135,2023-04-19
UK-02697,Kaleo Intensive Moisturiser,Kaleo,400,150,Personal Care > Moisturiser,"wheat,gluten,fish,tree nuts",8949542762934,2020-10-06
UK-02698,Primus Aloe Hand Wash,Primus,150,100,Personal Care > Hand Wash,"milk,shellfish",2819598161806,2023-09-05
UK-02699,Novix Sensitive Skin Body Wash,Novix,500,50,Personal Care > Body Wash,"milk,soy",3627244522753,2020-11-26
UK-02700,Solaris Volumising Conditioner,Solaris,150,100,Personal Care > Conditioner,"wheat,gluten,sesame",1553250169939,2020-02-01
UK-02701,XXX-Verdant Heavy Duty Dish Soap,Verdant,250,75,Household > Dishwash,,6516086249515,2020-07-09
UK-02702,Sovara Hydrating Face Wash,Sovara,300,50,Personal Care > Face Wash,"shellfish,tree nuts",2966471181328,2018-01-16
UK-02703,Serafix Kitchen Cleaner,Serafix,750,75,Household > Surface Cleaner,"eggs,sesame,peanuts,soy",5506369851673,2022-09-19
UK-02704,Zenpur Mustard Sauce,Zenpur,750,75,Food & Beverage > Condiments,"fish,gluten,shellfish,soy",0223644995147,2020-08-18
UK-02705,Tolvex Multi-Surface Spray,Tolvex,200,150,Household > Surface Cleaner,"wheat,peanuts",9162631777445,2019-08-29
UK-02706,Solven Leave-In Conditioner,Solven,100,200,Personal Care > Conditioner,eggs,9738190347315,2023-02-02
UK-02707,Vanta 24hr Roll-On Deodorant,Vanta,1000,100,Personal Care > Deodorant,"tree nuts,sesame,soy,gluten",8508332710458,2020-04-28
UK-02708,Helix Granola Bar,Helix,150,250,Food & Beverage > Snacks,"soy,peanuts,gluten",1719163354712,2022-01-08
UK-02709,Cristalix Night Cream,Cristalix,1000,500,Personal Care > Moisturiser,tree nuts,4176892206823,2020-11-09
UK-02710,Nuarix Whitening Deodorant,Nuarix,50,100,Personal Care > Deodorant,"peanuts,tree nuts,shellfish,milk",8691981625492,2020-03-11
02711,Toreva Anti-Dandruff Shampoo,Toreva,150,300,Personal Care > Shampoo,"eggs,soy",3861367461616,2022-10-25
UK-02712,Nuvelo Nourishing Body Cleanser,Nuvelo,150,150,Personal Care > Body Wash,"milk,shellfish,soy",6712747069533,2018-11-16
02713,Cryston Deep Conditioner,Cryston,500,200,Personal Care > Conditioner,,6972967204187,2022-10-28
UK-02714,Serafix Smooth & Shine Conditioner,Serafix,75,75,Personal Care > Conditioner,"shellfish,sesame,gluten",5864740192556,2020-10-07
UK-02715,Qualis Repair Shampoo,Qualis,250,50,Personal Care > Shampoo,"fish,eggs",6143840397269,2023-05-07
UK-02716,Zenpur Sport Deodorant,Zenpur,400,300,Personal Care > Deodorant,"milk,peanuts,eggs,wheat",2509563603850,2021-08-12
UK-02717,Krisol Smooth & Shine Conditioner,Krisol,500,100,Personal Care > Conditioner,eggs,3299678343589,2022-02-03
UK-02718,Solven Eco Dish Liquid,Solven,750,400,Household > Dishwash,"fish,soy,tree nuts",8692254376363,2022-07-18
UK-02719,Solaris Smooth & Shine Conditioner,Solaris,75,75,Personal Care > Conditioner,"eggs,fish,tree nuts",3595539450695,2023-11-06
UK-02720,Primus Rinse Aid,Primus,1000,100,Household > Dishwash,"peanuts,sesame,fish,eggs",0997285541796,2020-04-17
UK-02721,Frostine Oat Protein Bar,Frostine,150,75,Food & Beverage > Snacks,"gluten,eggs",4215440967622,2021-06-29
UK-02722,Vivara Smooth & Shine Conditioner,Vivara,400,200,Personal Care > Conditioner,,4052770354766,2022-04-07
UK-02723,Orinum Gentle Face Wash,Orinum,1000,400,Personal Care > Face Wash,"gluten,shellfish,tree nuts,milk",0906519407234,2021-02-22
02724,Vivara Antibacterial Hand Wash,Vivara,50,200,Personal Care > Hand Wash,,1708292209253,2018-12-27
UK-02725,Lumeva Mixed Nuts Blend,Lumeva,50,50,Food & Beverage > Snacks,gluten,5011474729903,2021-11-24
UK-02726,TEST-Tresol Sport Deodorant,Tresol,150,400,Personal Care > Deodorant,"soy,milk,peanuts,shellfish",7574568442631,2020-03-12
UK-02727,Arovia Oil Control Face Wash,Arovia,1000,500,Personal Care > Face Wash,"peanuts,fish,tree nuts,milk",9034830824131,2018-06-18
UK-02728,Oralix Repair Shampoo,Oralix,300,200,Personal Care > Shampoo,"gluten,milk",3593417733434,2018-06-23
UK-02729,Glova Rice Cakes,Glova,500,100,Food & Beverage > Snacks,,8216063923183,2022-03-21
UK-02730,Glova Disinfectant Spray,Glova,1000,75,Household > Surface Cleaner,,8023883697022,2021-12-28
UK-02731,Toreva Disinfectant Spray,Toreva,150,250,Household > Surface Cleaner,"peanuts,gluten,eggs",1935472863992,2022-05-26
UK-02732,Luminos Repair Conditioner,Luminos,1000,100,Personal Care > Conditioner,sesame,4920317591458,2018-02-11
UK-02733,Aevum Dish Liquid,Aevum,1000,50,Household > Dishwash,gluten,5728693953919,2018-04-11
02734,Plexum Foaming Hand Wash,Plexum,150,150,Personal Care > Hand Wash,"wheat,shellfish,fish,gluten",3480249668990,2019-12-03
UK-02735,Vivara Hydrating Face Wash,Vivara,500,250,Personal Care > Face Wash,"wheat,milk",1015444847929,2018-01-17
UK-02736,Oralix Bathroom Cleaner,Oralix,8.45,75,Household > Surface Cleaner,"shellfish,milk,soy,tree nuts",2217759902549,2023-12-10
UK-02737,Purevex Hydrating Face Wash,Purevex,50,150,Personal Care > Face Wash,milk,4103728102974,2019-12-07
UK-02738,Orinum Rinse Aid,Orinum,250,250,Household > Dishwash,,2637007963304,2020-01-11
UK-02739,Solven Repair Conditioner,Solven,400,300,Personal Care > Conditioner,"fish,sesame,wheat",1274621334595,2021-11-24
UK-02740,Teraxis Laundry Powder,Teraxis,750,250,Household > Laundry,"tree nuts,fish,wheat",1929590994416,2021-05-07
UK-02741,Aurova Bathroom Cleaner,Aurova,400,300,Household > Surface Cleaner,shellfish,8256485864763,2022-09-07
UK-02742,Polvera Rinse Aid,Polvera,250,400,Household > Dishwash,"milk,tree nuts,eggs",8650679964510,2019-02-12
UK-02743,Gleam Whitening Deodorant,Gleam,50,250,Personal Care > Deodorant,"wheat,tree nuts,fish,peanuts",7042646979503,2018-07-12
UK-02744,Purelix Intensive Moisturiser,Purelix,50,300,Personal Care > Moisturiser,sesame,2850416275022,2018-04-24
UK-02745,Nexpur Vinegar Dressing,Nexpur,100,250,Food & Beverage > Condiments,eggs,2380294462769,2020-09-24
UK-02746,Elaris 24hr Roll-On Deodorant,Elaris,500,400,Personal Care > Deodorant,"gluten,shellfish",1512954589382,2021-07-06
UK-02747,Qualis Oil Control Face Wash,Qualis,500,200,Personal Care > Face Wash,"gluten,eggs,fish,peanuts",5359522875128,2018-01-29
UK-02748,DUMMY-Purevex Dish Liquid,Purevex,500,75,Household > Dishwash,"peanuts,shellfish,soy",1114963360985,2019-01-30
UK-02749,Polvera Nourishing Body Cleanser,Polvera,50,200,Personal Care > Body Wash,"gluten,fish",1974005975832,2020-12-08
UK-02750,Zenpur Mustard Sauce,Zenpur,750,200,Food & Beverage > Condiments,eggs,0420841828654,2021-01-16
UK-02751,Cryston Dish Liquid,Cryston,500,400,Household > Dishwash,tree nuts,5054151909373,2022-02-23
UK-02752,Zephyr Glass Cleaner,Zephyr,400,300,Household > Surface Cleaner,,6169413512846,2020-04-19
UK-02753,Toreva Aloe Hand Wash,Toreva,250,250,Personal Care > Hand Wash,"wheat,shellfish,sesame,tree nuts",0699226915696,2020-10-28
UK-02754,Sovara Dish Liquid,Sovara,50,500,Household > Dishwash,shellfish,6100235120949,2022-02-05
UK-02755,Frosten Heavy Duty Dish Soap,Frosten,75,250,Household > Dishwash,"soy,peanuts,sesame",3856337598492,2018-12-15
UK-02756,Tolvex Hydrating Face Wash,Tolvex,400,500,Personal Care > Face Wash,"milk,eggs,sesame",1133795233144,2020-08-21
UK-02757,Helix Repair Conditioner,Helix,1000,400,Personal Care > Conditioner,,7127879633870,2018-06-17
02758,Serafix Liquid Laundry Detergent,Serafix,1000,100,Household > Laundry,milk,8220448435192,2023-07-04
UK-02759,Solven Stain Remover,Solven,300,200,Household > Laundry,"tree nuts,shellfish,eggs,fish",0425990028429,2019-06-30
UK-02760,Solaris Daily Moisturiser,Solaris,50,75,Personal Care > Moisturiser,"soy,eggs,gluten,shellfish",7434030579251,2019-01-08
UK-02761,Plexum Kitchen Cleaner,Plexum,150,250,Household > Surface Cleaner,"eggs,soy,fish,peanuts",2201529796858,2021-03-24
UK-02762,Helix Moisturising Hand Wash,Helix,75,300,Personal Care > Hand Wash,"milk,gluten,fish",2082124076640,2021-10-15
UK-02763,Motivo Mayonnaise,Motivo,100,100,Food & Beverage > Condiments,,3501134496891,2021-08-29
UK-02764,Tresol Sensitive Skin Body Wash,Tresol,750,75,Personal Care > Body Wash,"peanuts,sesame,gluten,wheat",4949725472043,2023-06-28
UK-02765,Tresol SPF Moisturiser,Tresol,1000,75,Personal Care > Moisturiser,"tree nuts,fish,soy",9490465144448,2022-09-19
UK-02766,Solaris Granola Bar,Solaris,200,500,Food & Beverage > Snacks,,4525288864657,2018-03-12
02767,Plexum Stain Remover,Plexum,50,200,Household > Laundry,eggs,7842139136990,2023-08-07
UK-02768,Alteva Sport Deodorant,Alteva,150,150,Personal Care > Deodorant,"shellfish,gluten,wheat",7154224125032,2023-11-29
UK-02769,Nuvelo Mayonnaise,Nuvelo,75,100,Food & Beverage > Condiments,"shellfish,wheat",2372074197534,2023-05-10
UK-02770,Sovara Moisturising Body Wash,Sovara,150,100,Personal Care > Body Wash,gluten,9887733521085,2021-10-30
UK-02771,Teraxis Laundry Powder,Teraxis,400,250,Household > Laundry,"sesame,wheat",6321894510883,2021-11-20
02772,Hevara Stain Remover,Hevara,750,500,Household > Laundry,,8119942817835,2021-03-14
UK-02773,Purelix Deep Conditioner,Purelix,200,150,Personal Care > Conditioner,gluten,5534334971972,2019-06-07
UK-02774,Nuvelo Tomato Ketchup,Nuvelo,50,150,Food & Beverage > Condiments,peanuts,2430091731633,2020-06-26
UK-02775,Gleam Repair Conditioner,Gleam,150,50,Personal Care > Conditioner,"shellfish,wheat,peanuts,sesame",7839071212578,2022-11-04
UK-02776,Oralix Dish Liquid,Oralix,100,200,Household > Dishwash,,9827244952077,2022-04-22
UK-02777,Teraxis Eco Dish Liquid,Teraxis,75,250,Household > Dishwash,sesame,3119778951661,2022-01-07
UK-02778,Novix Moisturising Body Wash,Novix,50,50,Personal Care > Body Wash,"peanuts,gluten",0277601231625,2021-10-22
UK-02779,Helix Bathroom Cleaner,Helix,50,50,Household > Surface Cleaner,,3668574397383,2021-01-11
UK-02780,Tolvex Multi-Surface Spray,Tolvex,500,200,Household > Surface Cleaner,"sesame,eggs",6302129182365,2020-03-04
UK-02781,Qualis Kitchen Cleaner,Qualis,75,75,Household > Surface Cleaner,gluten,8031026237059,2018-06-01
UK-02782,Solvix Foaming Hand Wash,Solvix,200,500,Personal Care > Hand Wash,tree nuts,2292546547639,2018-11-11
UK-02783,Helix Aloe Hand Wash,Helix,200,250,Personal Care > Hand Wash,"gluten,milk",3653542372462,2022-10-04
UK-02784,Tolvex Glass Cleaner,Tolvex,100,100,Household > Surface Cleaner,"shellfish,fish,eggs",7479045522427,2018-06-27
UK-02785,Sovara Whitening Deodorant,Sovara,200,100,Personal Care > Deodorant,"peanuts,shellfish",8064371960341,2023-09-27
UK-02786,Plexum Heavy Duty Dish Soap,Plexum,75,75,Household > Dishwash,"milk,eggs,tree nuts",6539952115424,2020-11-10
UK-02787,Zenpur Moisturising Body Wash,Zenpur,50,200,Personal Care > Body Wash,shellfish,9086808835854,2021-12-13
UK-02788,Sovara Laundry Powder,Sovara,200,250,Household > Laundry,"sesame,shellfish",5979974254298,2018-08-25
UK-02789,Aurova Granola Bar,Aurova,300,500,Food & Beverage > Snacks,shellfish,5684978507867,2023-05-26
UK-02790,Plexum Repair Conditioner,Plexum,50,500,Personal Care > Conditioner,,5808678945112,2020-06-30
02791,Elaris Mayonnaise,Elaris,300,400,Food & Beverage > Condiments,,9992752371006,2019-08-25
UK-02792,Vivara Oat Protein Bar,Vivara,750,300,Food & Beverage > Snacks,tree nuts,1875705320932,2022-03-22
UK-02793,Solvix Volumising Shampoo,Solvix,1000,50,Personal Care > Shampoo,,4464197294103,2020-05-15
UK-02794,Toreva Foaming Hand Wash,Toreva,500,50,Personal Care > Hand Wash,"gluten,soy,wheat",8940117130370,2018-04-25
UK-02795,Solven Heavy Duty Dish Soap,Solven,500,200,Household > Dishwash,"shellfish,milk,gluten",7373169275927,2023-07-02
UK-02796,Oralix Intensive Moisturiser,Oralix,75,50,Personal Care > Moisturiser,,6977400970186,2020-06-01
UK-02797,Teraxis Repair Conditioner,Teraxis,1000,300,Personal Care > Conditioner,"eggs,sesame,milk",6108537007005,2019-02-15
UK-02798,Krisol Refreshing Shower Gel,Krisol,100,100,Personal Care > Body Wash,,2683905101188,2018-10-07
UK-02799,Clarity Rice Cakes,Clarity,150,200,Food & Beverage > Snacks,"eggs,milk,fish,soy",6987101494119,2022-10-10
UK-02800,Luxara Oil Control Face Wash,Luxara,100,100,Personal Care > Face Wash,"eggs,fish",4295861672114,2023-06-09
UK-02801,Toreva Refreshing Shower Gel,Toreva,200,200,Personal Care > Body Wash,"fish,tree nuts,sesame,milk",2421825480576,2021-11-15
UK-02802,Zephyr Rinse Aid,Zephyr,100,200,Household > Dishwash,peanuts,2633523175481,2022-12-19
UK-02803,Solvix Multi-Surface Spray,Solvix,150,100,Household > Surface Cleaner,,2061392031865,2023-01-16
UK-02804,Nuvelo Foaming Hand Wash,Nuvelo,200,500,Personal Care > Hand Wash,wheat,8780739004969,2020-08-01
02805,Motivo Sensitive Skin Body Wash,Motivo,300,300,Personal Care > Body Wash,"fish,wheat,gluten",0296499104712,2022-08-27
UK-02806,Toreva Lightweight Lotion,Toreva,200,250,Personal Care > Moisturiser,"peanuts,gluten,fish,wheat",7713715342787,2020-05-17
UK-02807,Alteva Mayonnaise,Alteva,400,150,Food & Beverage > Condiments,wheat,7665484274946,2022-10-21
UK-02808,Qualis Granola Bar,Qualis,1000,200,Food & Beverage > Snacks,,3002143665945,2022-01-10
UK-02809,Luxara Hydrating Face Wash,Luxara,100,150,Personal Care > Face Wash,soy,4533566822893,2022-08-29
UK-02810,Polvera Sensitive Deodorant,Polvera,250,200,Personal Care > Deodorant,"wheat,milk,soy,fish",9801337619153,2023-02-15
UK-02811,Solven Multi-Surface Spray,Solven,200,75,Household > Surface Cleaner,,1581623153940,2019-10-20
UK-02812,Glova Liquid Laundry Detergent,Glova,250,500,Household > Laundry,"fish,tree nuts,milk",9163975057927,2019-05-10
UK-02813,Vanta 24hr Roll-On Deodorant,Vanta,1000,500,Personal Care > Deodorant,,0094430027737,2019-07-21
UK-02814,Qualis Deep Clean Body Wash,Qualis,300,200,Personal Care > Body Wash,shellfish,6380826326763,2020-07-16
UK-02815,Helix Salted Crackers,Helix,200,150,Food & Beverage > Snacks,,0753987141425,2022-11-04
UK-02816,Tresol Granola Bar,Tresol,750,150,Food & Beverage > Snacks,,6461438381675,2021-05-15
UK-02817,Nuarix Mixed Nuts Blend,Nuarix,500,250,Food & Beverage > Snacks,"milk,tree nuts",8474389475285,2023-06-07
UK-02818,DUMMY-Qualis Repair Conditioner,Qualis,750,400,Personal Care > Conditioner,"sesame,gluten,wheat,eggs",4554042100144,2022-06-25
UK-02819,Krisol Hydrating Shampoo,Krisol,400,400,Personal Care > Shampoo,"tree nuts,peanuts,gluten,eggs",9057986626923,2020-05-30
UK-02820,Qualis Hydrating Face Wash,Qualis,150,50,Personal Care > Face Wash,,2553952563775,2020-06-12
UK-02821,Zenpur Volumising Shampoo,Zenpur,100,200,Personal Care > Shampoo,"sesame,shellfish",0131117517331,2022-02-03
UK-02822,Purelix Laundry Powder,Purelix,100,200,Household > Laundry,"wheat,eggs,tree nuts,milk",5694438787173,2018-10-08
UK-02823,Solvix Brightening Face Wash,Solvix,750,150,Personal Care > Face Wash,"sesame,eggs",0548256273965,2021-02-23
02824,Glova Oil Control Face Wash,Glova,300,75,Personal Care > Face Wash,milk,9928687842779,2021-09-15
UK-02825,Plexum Anti-Dandruff Shampoo,Plexum,300,400,Personal Care > Shampoo,milk,9750669912855,2022-06-10
UK-02826,Clarity Fabric Softener,Clarity,200,200,Household > Laundry,,6493311156858,2021-07-02
UK-02827,Motivo Refreshing Shower Gel,Motivo,100,75,Personal Care > Body Wash,"milk,fish,gluten,tree nuts",3632351852297,2018-12-31
UK-02828,Cladis Fragrance-Free Hand Wash,Cladis,75,150,Personal Care > Hand Wash,,7398714845448,2020-03-25
UK-02829,Cryston Moisturising Body Wash,Cryston,1000,200,Personal Care > Body Wash,"shellfish,gluten",7414651831631,2020-04-01
UK-02830,Plexum Repair Conditioner,Plexum,150,300,Personal Care > Conditioner,milk,5757866070252,2018-04-06
UK-02831,Sovara Glass Cleaner,Sovara,300,50,Household > Surface Cleaner,"gluten,tree nuts,milk",8526106896559,2020-05-06
UK-02832,Krisol Volumising Conditioner,Krisol,200,400,Personal Care > Conditioner,"eggs,peanuts",1240439684832,2021-07-27
UK-02833,Oralix Heavy Duty Dish Soap,Oralix,50,50,Household > Dishwash,,8208716388197,2020-06-01
UK-02834,Teraxis Oat Protein Bar,Teraxis,1000,100,Food & Beverage > Snacks,"eggs,gluten,soy",8198792165013,2023-11-20
UK-02835,Tolvex Repair Shampoo,Tolvex,250,400,Personal Care > Shampoo,"milk,eggs,gluten",8675226249155,2019-06-12
UK-02836,Lumeva Vinegar Dressing,Lumeva,5.07,100,Food & Beverage > Condiments,"eggs,fish,sesame,wheat",1773131974937,2019-04-19
UK-02837,TEST-Tresol Brightening Face Wash,Tresol,400,300,Personal Care > Face Wash,tree nuts,5937651182562,2022-10-03
UK-02838,Glova Mustard Sauce,Glova,300,150,Food & Beverage > Condiments,"eggs,shellfish,wheat,soy",1548362813412,2020-08-17
UK-02839,XXX-Serafix 24hr Roll-On Deodorant,Serafix,150,200,Personal Care > Deodorant,"milk,shellfish,peanuts",9687574465445,2019-08-07
UK-02840,Solaris Colour Protect Shampoo,Solaris,150,500,Personal Care > Shampoo,eggs,2558877405032,2018-09-24
UK-02841,Aurova 24hr Roll-On Deodorant,Aurova,200,300,Personal Care > Deodorant,"milk,sesame",6569963874478,2023-07-09
UK-02842,Frostine Volumising Shampoo,Frostine,75,100,Personal Care > Shampoo,"soy,sesame",3410657299769,2022-04-16
UK-02843,Krisol Sensitive Deodorant,Krisol,100,50,Personal Care > Deodorant,"shellfish,milk,soy",9336777441083,2020-10-28
UK-02844,Velaris Hydrating Face Wash,Velaris,75,75,Personal Care > Face Wash,"wheat,milk,sesame,eggs",4093582717325,2018-08-06
UK-02845,Polvera Gentle Face Wash,Polvera,50,300,Personal Care > Face Wash,"fish,peanuts,gluten",5184788797880,2023-09-29
UK-02846,Primus SPF Moisturiser,Primus,1000,400,Personal Care > Moisturiser,"tree nuts,shellfish,sesame,milk",1491794619063,2019-12-26
UK-02847,Zenpur Hydrating Face Wash,Zenpur,75,50,Personal Care > Face Wash,"soy,wheat,shellfish,tree nuts",8668689984206,2018-03-27
UK-02848,Motivo Oil Control Face Wash,Motivo,250,50,Personal Care > Face Wash,milk,5241142076514,2020-07-02
UK-02849,Kaleo Brightening Face Wash,Kaleo,750,200,Personal Care > Face Wash,"tree nuts,shellfish,fish,milk",3961084929700,2021-05-17
UK-02850,Alteva 48hr Spray Deodorant,Alteva,300,500,Personal Care > Deodorant,"fish,eggs,wheat",9767621354561,2018-10-07
UK-02851,Glova Night Cream,Glova,250,150,Personal Care > Moisturiser,"soy,peanuts,tree nuts,eggs",1200859040021,2021-02-19
02852,Vanta Repair Shampoo,Vanta,150,300,Personal Care > Shampoo,"wheat,soy",7331342414716,2023-10-01
UK-02853,Cladis Heavy Duty Dish Soap,Cladis,100,75,Household > Dishwash,"shellfish,peanuts,wheat",9210172748216,2021-10-27
UK-02854,Arovia Repair Shampoo,Arovia,250,50,Personal Care > Shampoo,"gluten,fish,soy",1324049619658,2019-01-13
UK-02855,Cladis Heavy Duty Dish Soap,Cladis,100,400,Household > Dishwash,,4570658686230,2022-12-15
UK-02856,Nuarix Fabric Softener,Nuarix,400,400,Household > Laundry,,7121999391764,2023-05-14
UK-02857,Teraxis Deep Clean Body Wash,Teraxis,50,50,Personal Care > Body Wash,wheat,7962445278433,2018-01-01
UK-02858,Plexum Salted Crackers,Plexum,750,500,Food & Beverage > Snacks,"sesame,milk,fish",4659491868499,2023-09-25
UK-02859,Aevum Bathroom Cleaner,Aevum,150,100,Household > Surface Cleaner,,3922686870371,2022-02-12
UK-02860,Novix Sensitive Deodorant,Novix,250,200,Personal Care > Deodorant,"shellfish,fish",5309246430813,2020-06-30
UK-02861,Kaleo Leave-In Conditioner,Kaleo,250,400,Personal Care > Conditioner,"milk,peanuts",1226643509451,2022-02-23
UK-02862,Plexum Rice Cakes,Plexum,75,200,Food & Beverage > Snacks,"wheat,fish,sesame,eggs",2477603828078,2018-10-15
UK-02863,Brightway Moisturising Body Wash,Brightway,200,250,Personal Care > Body Wash,"sesame,fish,peanuts,milk",7939969793391,2020-04-11
UK-02864,Serafix Hydrating Face Wash,Serafix,150,500,Personal Care > Face Wash,"fish,sesame,soy",8689825817387,2022-11-12
UK-02865,Motivo Liquid Laundry Detergent,Motivo,250,100,Household > Laundry,soy,5079937873525,2019-04-12
UK-02866,DUMMY-Alteva Eco Dish Liquid,Alteva,50,300,Household > Dishwash,"peanuts,fish,milk,tree nuts",3342995086728,2019-09-24
UK-02867,Kaleo Foaming Hand Wash,Kaleo,500,75,Personal Care > Hand Wash,,7677786739719,2023-12-23
UK-02868,Vanta Colour Protect Shampoo,Vanta,250,400,Personal Care > Shampoo,"fish,sesame",9933053740627,2020-11-15
UK-02869,Glova Volumising Conditioner,Glova,50,150,Personal Care > Conditioner,wheat,4877365188492,2019-03-31
02870,Purelix Eco Dish Liquid,Purelix,300,75,Household > Dishwash,wheat,9406357247630,2021-11-27
UK-02871,Cladis Kitchen Cleaner,Cladis,1000,500,Household > Surface Cleaner,"milk,gluten",7284385800995,2023-09-24
UK-02872,Solvix Foaming Hand Wash,Solvix,750,100,Personal Care > Hand Wash,"tree nuts,milk",5149048735972,2022-03-15
UK-02873,Elaris Night Cream,Elaris,250,150,Personal Care > Moisturiser,"peanuts,fish,eggs",0779977222264,2021-06-13
UK-02874,Krisol Antibacterial Hand Wash,Krisol,250,150,Personal Care > Hand Wash,milk,0270275076974,2022-11-25
UK-02875,Cristalix Oat Protein Bar,Cristalix,500,50,Food & Beverage > Snacks,"eggs,peanuts",5386901681209,2023-08-02
UK-02876,Oralix 24hr Roll-On Deodorant,Oralix,50,300,Personal Care > Deodorant,"gluten,eggs,tree nuts,wheat",8593922445568,2021-10-19
UK-02877,Kaleo Leave-In Conditioner,Kaleo,100,75,Personal Care > Conditioner,"sesame,peanuts",4139995176998,2020-03-26
UK-02878,Cristalix Gentle Face Wash,Cristalix,500,75,Personal Care > Face Wash,"fish,tree nuts",9070569510631,2022-08-12
UK-02879,Tresol Hydrating Shampoo,Tresol,500,400,Personal Care > Shampoo,"milk,sesame",1173069938214,2021-02-02
UK-02880,Novix 48hr Spray Deodorant,Novix,400,500,Personal Care > Deodorant,"gluten,fish,wheat,peanuts",9302840521853,2018-07-13
UK-02881,Oralix Sensitive Deodorant,Oralix,500,150,Personal Care > Deodorant,,9126048589657,2020-12-15
UK-02882,Purevex Eco Dish Liquid,Purevex,500,200,Household > Dishwash,"milk,soy",8654719270548,2023-09-22
UK-02883,Alteva Bathroom Cleaner,Alteva,400,50,Household > Surface Cleaner,"fish,gluten",2300560944614,2022-01-17
UK-02884,Tresol Moisturising Body Wash,Tresol,1000,150,Personal Care > Body Wash,"milk,fish",6566050590853,2022-03-07
UK-02885,Sovara Rice Cakes,Sovara,250,400,Food & Beverage > Snacks,"gluten,soy,shellfish,peanuts",3919474372995,2018-06-20
UK-02886,Toreva Mixed Nuts Blend,Toreva,100,75,Food & Beverage > Snacks,"fish,milk,eggs,sesame",2764714243211,2019-02-17
UK-02887,Oralix Colour Protect Shampoo,Oralix,100,300,Personal Care > Shampoo,"wheat,soy,shellfish",7381330983144,2022-02-24
UK-02888,Solaris Leave-In Conditioner,Solaris,500,50,Personal Care > Conditioner,peanuts,6332874256561,2022-05-28
UK-02889,Vanta Aloe Hand Wash,Vanta,1000,250,Personal Care > Hand Wash,"milk,gluten,sesame,tree nuts",5895381575019,2021-07-10
UK-02890,Solvix Night Cream,Solvix,500,250,Personal Care > Moisturiser,"sesame,eggs,milk",7794914881512,2021-04-23
UK-02891,Purelix Intensive Moisturiser,Purelix,75,250,Personal Care > Moisturiser,"eggs,shellfish",1006562666882,2022-01-22
UK-02892,Polvera SPF Moisturiser,Polvera,250,150,Personal Care > Moisturiser,"soy,shellfish,sesame",6659959902343,2021-02-27
UK-02893,Luxara Leave-In Conditioner,Luxara,75,300,Personal Care > Conditioner,wheat,6648491861461,2019-10-19
UK-02894,XXX-Plexum Stain Remover,Plexum,300,150,Household > Laundry,"sesame,milk",5331513135619,2019-03-24
UK-02895,XXX-Nexpur Multi-Surface Spray,Nexpur,400,500,Household > Surface Cleaner,"shellfish,soy",4479372239176,2022-04-07
UK-02896,Nuarix Colour Protect Shampoo,Nuarix,300,500,Personal Care > Shampoo,wheat,5885843135745,2018-03-03
UK-02897,Frostine Laundry Capsules,Frostine,400,200,Household > Laundry,,7397296175653,2022-12-05
UK-02898,Clarity Disinfectant Spray,Clarity,50,300,Household > Surface Cleaner,,8344251180954,2020-12-03
UK-02899,Purevex Sport Deodorant,Purevex,750,100,Personal Care > Deodorant,"eggs,tree nuts",2863484016176,2018-07-16
UK-02900,Verdant Hot Chilli Sauce,Verdant,750,75,Food & Beverage > Condiments,"peanuts,tree nuts",3375201569142,2022-11-19
UK-02901,Motivo Tomato Ketchup,Motivo,1000,200,Food & Beverage > Condiments,,5733768409130,2020-12-30
UK-02902,Primus Repair Shampoo,Primus,75,50,Personal Care > Shampoo,"milk,shellfish,eggs,peanuts",5714514951493,2022-01-11
UK-02903,Arovia Whitening Deodorant,Arovia,150,500,Personal Care > Deodorant,"soy,fish,milk",7296618084386,2023-10-26
UK-02904,Novix Repair Shampoo,Novix,200,500,Personal Care > Shampoo,shellfish,2309907046448,2021-10-26
UK-02905,Luminos Refreshing Shower Gel,Luminos,1000,50,Personal Care > Body Wash,"milk,peanuts,tree nuts",1990818733001,2019-12-28
UK-02906,Cristalix Glass Cleaner,Cristalix,100,400,Household > Surface Cleaner,wheat,3736950432604,2021-09-21
UK-02907,Verdant Dish Liquid,Verdant,400,150,Household > Dishwash,"soy,tree nuts",2265493053973,2020-02-17
UK-02908,Solven SPF Moisturiser,Solven,150,250,Personal Care > Moisturiser,"gluten,fish,peanuts,eggs",6060098972744,2018-02-15
UK-02909,XXX-Helix Granola Bar,Helix,200,150,Food & Beverage > Snacks,,6411991365643,2018-07-22
UK-02910,Nuarix Mayonnaise,Nuarix,250,200,Food & Beverage > Condiments,fish,0062892238435,2022-01-14
UK-02911,Lumeva Disinfectant Spray,Lumeva,150,500,Household > Surface Cleaner,"tree nuts,peanuts,gluten,sesame",9225174752949,2022-12-29
UK-02912,Cladis Bathroom Cleaner,Cladis,250,250,Household > Surface Cleaner,,2889563836763,2022-10-01
UK-02913,Oralix Sensitive Deodorant,Oralix,150,75,Personal Care > Deodorant,,1221338753423,2018-10-29
UK-02914,Tolvex SPF Moisturiser,Tolvex,500,150,Personal Care > Moisturiser,"peanuts,tree nuts",7498839683823,2022-01-22
UK-02915,Elaris Repair Conditioner,Elaris,150,50,Personal Care > Conditioner,"soy,tree nuts,gluten,fish",5215173466064,2023-12-22
UK-02916,Teraxis Oat Protein Bar,Teraxis,750,100,Food & Beverage > Snacks,"shellfish,eggs",5756108010308,2019-10-27
UK-02917,Hevara Deep Conditioner,Hevara,100,150,Personal Care > Conditioner,"tree nuts,gluten,eggs,shellfish",1698323285410,2020-12-08
UK-02918,Purelix Leave-In Conditioner,Purelix,150,100,Personal Care > Conditioner,"wheat,eggs,peanuts",4537150451964,2023-06-24
UK-02919,Solaris Laundry Capsules,Solaris,500,500,Household > Laundry,,1159132684233,2019-12-18
UK-02920,Serafix Rice Cakes,Serafix,250,250,Food & Beverage > Snacks,"fish,milk",3369310571974,2020-10-10
UK-02921,Hevara Leave-In Conditioner,Hevara,500,75,Personal Care > Conditioner,"peanuts,tree nuts",5278762602359,2022-10-26
UK-02922,Solvix Daily Moisturiser,Solvix,750,150,Personal Care > Moisturiser,,9998689195074,2022-11-24
UK-02923,Cladis Disinfectant Spray,Cladis,750,150,Household > Surface Cleaner,"eggs,gluten,peanuts,shellfish",7461231900249,2019-01-08
UK-02924,Glova Sport Deodorant,Glova,400,250,Personal Care > Deodorant,"fish,soy,shellfish,eggs",5332702899664,2022-11-15
UK-02925,Novix Laundry Capsules,Novix,250,500,Household > Laundry,"soy,eggs",1621065149474,2020-04-26
UK-02926,Glicen Heavy Duty Dish Soap,Glicen,250,200,Household > Dishwash,eggs,0557710302752,2022-08-25
UK-02927,Teraxis Sensitive Skin Body Wash,Teraxis,500,250,Personal Care > Body Wash,"fish,shellfish,soy,wheat",8434231494529,2019-02-20
UK-02928,Hevara Repair Conditioner,Hevara,500,300,Personal Care > Conditioner,,6209818040992,2019-04-18
UK-02929,Frostine 24hr Roll-On Deodorant,Frostine,75,200,Personal Care > Deodorant,,5085013474296,2022-07-03
UK-02930,Verdant Exfoliating Face Scrub,Verdant,75,100,Personal Care > Face Wash,fish,4725439245391,2022-06-18
UK-02931,Tresol Nourishing Body Cleanser,Tresol,200,50,Personal Care > Body Wash,"eggs,shellfish,peanuts,tree nuts",4253968527683,2019-12-26
UK-02932,Solven Sensitive Skin Body Wash,Solven,500,500,Personal Care > Body Wash,,2246614280973,2018-01-07
UK-02933,Aevum Deep Conditioner,Aevum,400,50,Personal Care > Conditioner,"fish,soy,tree nuts,gluten",1591175331703,2019-07-09
UK-02934,Aurova Mustard Sauce,Aurova,150,400,Food & Beverage > Condiments,"shellfish,milk,fish,sesame",4377587253713,2023-07-10
UK-02935,Solvix Deep Conditioner,Solvix,75,250,Personal Care > Conditioner,soy,3003256964741,2018-10-03
UK-02936,Purevex Oil Control Face Wash,Purevex,75,250,Personal Care > Face Wash,,9683948422663,2020-03-19
02937,Frostine Anti-Dandruff Shampoo,Frostine,150,50,Personal Care > Shampoo,"gluten,milk,soy,tree nuts",4913156536674,2018-12-27
UK-02938,Frostine Exfoliating Face Scrub,Frostine,300,150,Personal Care > Face Wash,"eggs,peanuts",5228232534857,2020-02-05
UK-02939,Orinum Oat Protein Bar,Orinum,750,150,Food & Beverage > Snacks,"gluten,fish",5775833521972,2018-01-01
UK-02940,Elaris Hot Chilli Sauce,Elaris,1.69,300,Food & Beverage > Condiments,"eggs,wheat",3154024478301,2023-01-28
UK-02941,Solven 24hr Roll-On Deodorant,Solven,300,150,Personal Care > Deodorant,shellfish,0349141052692,2022-06-14
UK-02942,Frostine Exfoliating Face Scrub,Frostine,100,400,Personal Care > Face Wash,eggs,2645436768797,2022-11-11
UK-02943,Motivo Bathroom Cleaner,Motivo,400,100,Household > Surface Cleaner,"gluten,sesame,fish",3013332798825,2019-01-23
UK-02944,Nexpur Multi-Surface Spray,Nexpur,1000,300,Household > Surface Cleaner,"eggs,fish,gluten",4949185147567,2019-05-20
UK-02945,Aurova Antibacterial Hand Wash,Aurova,500,200,Personal Care > Hand Wash,"tree nuts,wheat,fish,milk",6822879561413,2018-02-14
02946,Motivo Heavy Duty Dish Soap,Motivo,75,250,Household > Dishwash,"wheat,soy,gluten,tree nuts",5789088506905,2020-02-23
UK-02947,Elaris Refreshing Shower Gel,Elaris,400,75,Personal Care > Body Wash,,2027302385954,2019-02-03
UK-02948,Frosten Mixed Nuts Blend,Frosten,1000,100,Food & Beverage > Snacks,,7223033582333,2022-01-11
UK-02949,Nuarix Hydrating Shampoo,Nuarix,75,150,Personal Care > Shampoo,"gluten,shellfish,sesame,fish",3879278767826,2020-10-04
UK-02950,Teraxis Antibacterial Hand Wash,Teraxis,500,200,Personal Care > Hand Wash,wheat,9665144486571,2021-01-14
UK-02951,Cladis Gentle Face Wash,Cladis,100,50,Personal Care > Face Wash,"sesame,eggs,peanuts",8499198720296,2023-10-07
UK-02952,Aurova Hydrating Shampoo,Aurova,50,50,Personal Care > Shampoo,"peanuts,soy,sesame,gluten",1419811796337,2018-03-28
UK-02953,Zephyr Mustard Sauce,Zephyr,400,200,Food & Beverage > Condiments,"tree nuts,milk,peanuts,wheat",3271929802847,2020-12-16
UK-02954,XXX-Helix Repair Shampoo,Helix,1000,300,Personal Care > Shampoo,"soy,fish,wheat,shellfish",0885163238138,2023-07-01
UK-02955,Velaris Nourishing Body Cleanser,Velaris,1000,200,Personal Care > Body Wash,,0376226594150,2019-06-11
UK-02956,Aurova Whitening Deodorant,Aurova,500,250,Personal Care > Deodorant,,6357811644669,2023-08-12
UK-02957,Solven Intensive Moisturiser,Solven,150,100,Personal Care > Moisturiser,"milk,eggs,gluten,sesame",9158511858113,2018-08-06
UK-02958,Motivo Anti-Dandruff Shampoo,Motivo,50,100,Personal Care > Shampoo,tree nuts,3596828901409,2019-04-11
UK-02959,Qualis Leave-In Conditioner,Qualis,300,150,Personal Care > Conditioner,,6766027168928,2023-03-13
UK-02960,Luxara Stain Remover,Luxara,200,400,Household > Laundry,"shellfish,eggs,sesame,fish",9383477051043,2023-04-27
UK-02961,Teraxis Gentle Face Wash,Teraxis,500,50,Personal Care > Face Wash,sesame,2131148241432,2018-03-27
UK-02962,Frostine SPF Moisturiser,Frostine,300,400,Personal Care > Moisturiser,"gluten,peanuts,wheat,fish",5963490019769,2023-11-25
UK-02963,Plexum Oat Protein Bar,Plexum,150,200,Food & Beverage > Snacks,"milk,gluten",4195113030764,2022-05-18
UK-02964,Zephyr Repair Shampoo,Zephyr,300,75,Personal Care > Shampoo,"fish,sesame,peanuts",6482098728488,2018-10-18
UK-02965,Novix Liquid Laundry Detergent,Novix,300,300,Household > Laundry,"wheat,soy,peanuts,gluten",4055724772135,2022-08-07
UK-02966,Brightway Exfoliating Face Scrub,Brightway,50,75,Personal Care > Face Wash,"milk,peanuts,sesame",1723190170665,2023-11-29
UK-02967,Orinum Moisturising Hand Wash,Orinum,100,75,Personal Care > Hand Wash,"tree nuts,sesame,soy,fish",5840470571267,2021-07-25
UK-02968,Motivo Fragrance-Free Hand Wash,Motivo,200,75,Personal Care > Hand Wash,"tree nuts,fish,sesame",6715711120704,2019-03-05
02969,Nuarix Liquid Laundry Detergent,Nuarix,250,500,Household > Laundry,"soy,tree nuts,fish,gluten",9262552576155,2018-04-26
UK-02970,Serafix Mixed Nuts Blend,Serafix,250,500,Food & Beverage > Snacks,"sesame,milk",8618683043423,2019-10-22
UK-02971,Polvera Eco Dish Liquid,Polvera,400,500,Household > Dishwash,"soy,wheat",1013398930902,2021-02-23
UK-02972,Cristalix Moisturising Body Wash,Cristalix,400,300,Personal Care > Body Wash,"sesame,peanuts",9014056502570,2023-06-24
UK-02973,Vanta Sensitive Skin Body Wash,Vanta,750,250,Personal Care > Body Wash,"milk,wheat,shellfish,tree nuts",9904636919914,2023-10-16
UK-02974,Purelix Hydrating Face Wash,Purelix,200,500,Personal Care > Face Wash,"soy,fish,wheat,gluten",9616367717751,2020-01-29
UK-02975,Hevara Heavy Duty Dish Soap,Hevara,1000,200,Household > Dishwash,fish,9154897881417,2019-07-21
UK-02976,Nexpur SPF Moisturiser,Nexpur,400,400,Personal Care > Moisturiser,,5087550562443,2023-12-29
UK-02977,Tolvex Colour Protect Shampoo,Tolvex,500,500,Personal Care > Shampoo,"shellfish,sesame,tree nuts",0139193870746,2018-11-27
UK-02978,Luminos Night Cream,Luminos,75,150,Personal Care > Moisturiser,"gluten,sesame",4382814046242,2023-04-29
UK-02979,Solvix Laundry Capsules,Solvix,150,250,Household > Laundry,"wheat,soy,fish",2733089034540,2021-06-23
UK-02980,Elaris Aloe Hand Wash,Elaris,150,100,Personal Care > Hand Wash,,0954968617735,2018-08-23
UK-02981,Zephyr Disinfectant Spray,Zephyr,750,75,Household > Surface Cleaner,"gluten,sesame,peanuts,soy",7617099511039,2021-12-09
UK-02982,Toreva Moisturising Hand Wash,Toreva,400,300,Personal Care > Hand Wash,eggs,0902805795504,2018-04-09
UK-02983,Frostine Nourishing Body Cleanser,Frostine,200,75,Personal Care > Body Wash,"fish,gluten",3057275622021,2019-04-11
UK-02984,Novix Bathroom Cleaner,Novix,750,100,Household > Surface Cleaner,"soy,milk,tree nuts,eggs",7013760720326,2021-02-17
UK-02985,Serafix Stain Remover,Serafix,100,150,Household > Laundry,"shellfish,tree nuts,fish",7794668532418,2021-04-17
UK-02986,Brightway Fabric Softener,Brightway,300,500,Household > Laundry,"sesame,gluten,milk,soy",7574658578561,2021-05-10
UK-02987,Arovia 24hr Roll-On Deodorant,Arovia,750,100,Personal Care > Deodorant,"wheat,shellfish",9346829851654,2019-08-15
UK-02988,Solaris Smooth & Shine Conditioner,Solaris,150,250,Personal Care > Conditioner,,1877863414485,2023-05-14
UK-02989,Orinum Hot Chilli Sauce,Orinum,200,400,Food & Beverage > Condiments,"soy,shellfish,eggs",0318872779604,2022-08-06
UK-02990,Primus Vinegar Dressing,Primus,500,300,Food & Beverage > Condiments,"peanuts,wheat,milk",5057846221637,2020-12-08
UK-02991,Helix Fragrance-Free Hand Wash,Helix,500,300,Personal Care > Hand Wash,"eggs,tree nuts",3121413829877,2018-07-12
UK-02992,Polvera Laundry Capsules,Polvera,500,300,Household > Laundry,"eggs,peanuts",6601705939677,2018-06-01
UK-02993,Vivara Anti-Dandruff Shampoo,Vivara,100,100,Personal Care > Shampoo,"peanuts,eggs,wheat",4655295787356,2019-04-15
UK-02994,Cristalix Aloe Hand Wash,Cristalix,100,50,Personal Care > Hand Wash,wheat,7113180021499,2023-10-27
UK-02995,Glicen Moisturising Body Wash,Glicen,500,200,Personal Care > Body Wash,"tree nuts,gluten,sesame",7734328239134,2019-06-06
UK-02996,TEST-Luxara Tomato Ketchup,Luxara,1000,150,Food & Beverage > Condiments,"fish,peanuts,soy",5980846987329,2023-01-31
UK-02997,Nuvelo Whitening Deodorant,Nuvelo,250,300,Personal Care > Deodorant,shellfish,1370244698455,2018-04-30
UK-02998,Motivo Dish Liquid,Motivo,300,50,Household > Dishwash,"peanuts,shellfish,soy,milk",6264658899872,2019-12-28
UK-02999,Krisol SPF Moisturiser,Krisol,200,300,Personal Care > Moisturiser,eggs,2842092749393,2018-07-01
UK-03000,Helix Eco Dish Liquid,Helix,1000,75,Household > Dishwash,wheat,0215128513688,2021-02-16
UK-03001,Elaris Nourishing Body Cleanser,Elaris,75,300,Personal Care > Body Wash,"wheat,soy",7008777519001,2020-04-22
UK-03002,Glicen Leave-In Conditioner,Glicen,300,50,Personal Care > Conditioner,"soy,peanuts,shellfish",8432674846431,2018-11-14
UK-03003,Tresol Refreshing Shower Gel,Tresol,150,150,Personal Care > Body Wash,"tree nuts,peanuts,soy,shellfish",6730585821960,2021-02-11
UK-03004,Lumeva Whitening Deodorant,Lumeva,300,500,Personal Care > Deodorant,wheat,4312125588988,2020-03-11
UK-03005,Nexpur Oat Protein Bar,Nexpur,150,50,Food & Beverage > Snacks,"sesame,eggs,peanuts",1257067077929,2021-05-14
UK-03006,Frostine SPF Moisturiser,Frostine,400,250,Personal Care > Moisturiser,"shellfish,eggs,sesame,gluten",1568731024263,2021-04-26
UK-03007,Glicen Whitening Deodorant,Glicen,300,150,Personal Care > Deodorant,"peanuts,fish,gluten,wheat",8310903585873,2019-07-08
UK-03008,Solvix Moisturising Hand Wash,Solvix,100,400,Personal Care > Hand Wash,"milk,wheat",7192642102389,2022-12-03
UK-03009,Luxara Smooth & Shine Conditioner,Luxara,50,400,Personal Care > Conditioner,fish,6497069599011,2022-07-16
UK-03010,Plexum Mustard Sauce,Plexum,1000,150,Food & Beverage > Condiments,"fish,wheat",3950211187007,2018-01-17
UK-03011,Tresol Sensitive Skin Body Wash,Tresol,100,100,Personal Care > Body Wash,,5322089395606,2023-12-08
UK-03012,Luminos Eco Dish Liquid,Luminos,200,300,Household > Dishwash,"eggs,shellfish,gluten",0147824759919,2019-05-14
UK-03013,Clarity Kitchen Cleaner,Clarity,50,300,Household > Surface Cleaner,"tree nuts,milk,fish",8885760273169,2018-03-23
UK-03014,Oralix Brightening Face Wash,Oralix,100,200,Personal Care > Face Wash,"milk,fish",3270524169454,2022-11-02
UK-03015,Novix Intensive Moisturiser,Novix,300,300,Personal Care > Moisturiser,"fish,peanuts,gluten",9142840000138,2022-12-22
UK-03016,Orinum Night Cream,Orinum,500,200,Personal Care > Moisturiser,"eggs,milk,shellfish",3823225833768,2019-11-05
UK-03017,Aurova Mayonnaise,Aurova,150,200,Food & Beverage > Condiments,"milk,eggs",5417765786615,2018-06-23
UK-03018,Vanta Salted Crackers,Vanta,50,250,Food & Beverage > Snacks,"eggs,gluten,fish,sesame",4793933489146,2018-08-18
UK-03019,Frosten Volumising Conditioner,Frosten,1000,300,Personal Care > Conditioner,eggs,5558008757570,2021-09-07
UK-03020,Glova Volumising Shampoo,Glova,500,150,Personal Care > Shampoo,"wheat,soy,shellfish,milk",8444685013818,2020-09-28
UK-03021,Hevara Fabric Softener,Hevara,1000,200,Household > Laundry,,8429326457015,2023-04-09
UK-03022,Plexum Kitchen Cleaner,Plexum,400,50,Household > Surface Cleaner,,0653605497128,2023-04-22
UK-03023,Helix Dishwasher Tablets,Helix,1000,50,Household > Dishwash,"wheat,fish,gluten,tree nuts",7756999060411,2023-09-02
UK-03024,Motivo Aloe Hand Wash,Motivo,50,250,Personal Care > Hand Wash,"fish,eggs,sesame",8289210758648,2020-06-17
UK-03025,Cristalix Whitening Deodorant,Cristalix,50,400,Personal Care > Deodorant,"soy,gluten",6314928969184,2022-07-14
UK-03026,Toreva Repair Shampoo,Toreva,1000,300,Personal Care > Shampoo,"fish,soy,peanuts,wheat",4964220699252,2021-11-06
UK-03027,Oralix Laundry Powder,Oralix,50,150,Household > Laundry,"sesame,milk",8756344910889,2021-11-26
UK-03028,Luxara Brightening Face Wash,Luxara,500,150,Personal Care > Face Wash,,9272778340799,2020-02-09
UK-03029,Helix Smooth & Shine Conditioner,Helix,16.91,75,Personal Care > Conditioner,"shellfish,eggs,gluten",7110340207366,2018-09-28
UK-03030,Toreva Bathroom Cleaner,Toreva,400,200,Household > Surface Cleaner,,7918480000010,2020-07-21
UK-03031,Solvix Gentle Face Wash,Solvix,1000,100,Personal Care > Face Wash,,4890401139210,2021-12-26
UK-03032,Glicen Vinegar Dressing,Glicen,75,100,Food & Beverage > Condiments,"shellfish,wheat,peanuts",4376456184684,2019-02-09
UK-03033,Tolvex Whitening Deodorant,Tolvex,150,150,Personal Care > Deodorant,"tree nuts,shellfish,peanuts",7091487192909,2023-09-24
UK-03034,Alteva Oil Control Face Wash,Alteva,100,300,Personal Care > Face Wash,"fish,eggs",9789681266691,2019-04-30
UK-03035,Clarity Aloe Hand Wash,Clarity,100,400,Personal Care > Hand Wash,"milk,sesame,fish",6574865977592,2023-03-16
UK-03036,DUMMY-Velaris Glass Cleaner,Velaris,150,500,Household > Surface Cleaner,,0750682337337,2020-09-05
UK-03037,Arovia Intensive Moisturiser,Arovia,200,75,Personal Care > Moisturiser,fish,7886570738542,2022-07-08
UK-03038,XXX-Brightway Nourishing Body Cleanser,Brightway,75,400,Personal Care > Body Wash,wheat,1330587892880,2018-03-03
UK-03039,Frosten Leave-In Conditioner,Frosten,1000,250,Personal Care > Conditioner,"shellfish,fish",9308883707995,2018-10-08
UK-03040,Glicen Oat Protein Bar,Glicen,50,300,Food & Beverage > Snacks,soy,1543449197478,2018-01-13
UK-03041,DUMMY-Elaris Vinegar Dressing,Elaris,500,300,Food & Beverage > Condiments,"eggs,gluten,shellfish",2498596343652,2018-07-12
UK-03042,Solven Rinse Aid,Solven,300,100,Household > Dishwash,"shellfish,wheat,peanuts",0896287013211,2022-03-05
UK-03043,Orinum Foaming Hand Wash,Orinum,50,75,Personal Care > Hand Wash,"eggs,sesame,shellfish,milk",7104599920718,2023-10-14
UK-03044,Polvera Eco Dish Liquid,Polvera,50,100,Household > Dishwash,eggs,3189605034614,2019-01-04
UK-03045,Elaris Kitchen Cleaner,Elaris,75,400,Household > Surface Cleaner,"eggs,peanuts",6554512335593,2018-11-04
UK-03046,Tolvex Fragrance-Free Hand Wash,Tolvex,750,75,Personal Care > Hand Wash,"fish,gluten",3036338648659,2018-03-20
UK-03047,XXX-Elaris Deep Clean Body Wash,Elaris,200,150,Personal Care > Body Wash,"wheat,tree nuts",0191653647060,2022-11-18
UK-03048,Teraxis Heavy Duty Dish Soap,Teraxis,1000,400,Household > Dishwash,"sesame,eggs,soy",4145244864912,2021-07-19
UK-03049,Luminos Brightening Face Wash,Luminos,750,50,Personal Care > Face Wash,"soy,tree nuts",1840639294659,2019-02-07
UK-03050,DUMMY-Cryston Oil Control Face Wash,Cryston,75,50,Personal Care > Face Wash,,4991264384707,2019-02-06
UK-03051,Gleam Dishwasher Tablets,Gleam,50,250,Household > Dishwash,,9163392362598,2020-06-20
UK-03052,Sovara Smooth & Shine Conditioner,Sovara,250,400,Personal Care > Conditioner,,1924912830069,2019-12-11
UK-03053,Glova Hydrating Face Wash,Glova,500,150,Personal Care > Face Wash,"wheat,peanuts,tree nuts,milk",6791776196076,2018-12-16
UK-03054,Brightway Repair Shampoo,Brightway,750,100,Personal Care > Shampoo,soy,5913353153567,2019-11-18
UK-03055,Cryston Oat Protein Bar,Cryston,100,200,Food & Beverage > Snacks,"milk,peanuts",0941477168285,2019-12-11
UK-03056,Gleam Colour Protect Shampoo,Gleam,100,200,Personal Care > Shampoo,"fish,sesame",2163629703863,2021-03-12
UK-03057,TEST-Plexum Hot Chilli Sauce,Plexum,100,100,Food & Beverage > Condiments,wheat,2426378368128,2021-10-26
UK-03058,Elaris Daily Moisturiser,Elaris,250,100,Personal Care > Moisturiser,"shellfish,sesame,peanuts,soy",5904474176436,2021-01-23
UK-03059,Zephyr Daily Moisturiser,Zephyr,250,400,Personal Care > Moisturiser,"peanuts,milk,fish,tree nuts",5253293244483,2020-08-08
UK-03060,Glova SPF Moisturiser,Glova,750,250,Personal Care > Moisturiser,"milk,sesame",9775472815704,2022-10-19
UK-03061,Zenpur Moisturising Hand Wash,Zenpur,50,75,Personal Care > Hand Wash,"wheat,gluten,milk",4377149487242,2023-10-23
UK-03062,Tresol Lightweight Lotion,Tresol,300,75,Personal Care > Moisturiser,"wheat,sesame",3056820808200,2023-04-26
UK-03063,Zephyr Vinegar Dressing,Zephyr,750,500,Food & Beverage > Condiments,"wheat,gluten,milk,peanuts",2521094235478,2018-12-02
UK-03064,Glicen Gentle Face Wash,Glicen,100,400,Personal Care > Face Wash,"wheat,milk,gluten,shellfish",1002279825796,2023-10-01
UK-03065,Qualis Laundry Powder,Qualis,750,200,Household > Laundry,wheat,6032240807709,2018-02-21
UK-03066,Arovia Exfoliating Face Scrub,Arovia,500,75,Personal Care > Face Wash,"eggs,tree nuts,milk",6852460888957,2019-10-25
UK-03067,Novix Tomato Ketchup,Novix,250,75,Food & Beverage > Condiments,"eggs,wheat",2866009997493,2021-02-23
UK-03068,Arovia Hydrating Shampoo,Arovia,400,75,Personal Care > Shampoo,"gluten,milk",3648737259017,2019-08-21
UK-03069,Clarity Whitening Deodorant,Clarity,300,500,Personal Care > Deodorant,"sesame,soy",4329786715424,2021-10-23
UK-03070,Aevum Vinegar Dressing,Aevum,250,400,Food & Beverage > Condiments,,9477007191030,2022-02-10
03071,Cladis Oil Control Face Wash,Cladis,150,250,Personal Care > Face Wash,"wheat,eggs,shellfish,sesame",3405155886634,2019-03-28
UK-03072,Polvera Mustard Sauce,Polvera,150,500,Food & Beverage > Condiments,"milk,fish,eggs",1542118895943,2019-04-15
UK-03073,Glicen Dishwasher Tablets,Glicen,10.14,250,Household > Dishwash,"tree nuts,eggs,shellfish,sesame",3666481431374,2020-12-16
UK-03074,Nuarix Moisturising Body Wash,Nuarix,75,500,Personal Care > Body Wash,,1106382244328,2022-04-24
UK-03075,Clarity Sport Deodorant,Clarity,250,75,Personal Care > Deodorant,"gluten,sesame,eggs,tree nuts",9785517915436,2022-06-30
UK-03076,Vanta Eco Dish Liquid,Vanta,1000,150,Household > Dishwash,"tree nuts,peanuts",8930494080917,2018-05-18
UK-03077,Frosten Deep Clean Body Wash,Frosten,250,300,Personal Care > Body Wash,"sesame,eggs,soy,gluten",3167926640301,2023-01-05
UK-03078,Qualis 24hr Roll-On Deodorant,Qualis,750,50,Personal Care > Deodorant,"peanuts,milk,eggs",0671091796518,2018-03-14
UK-03079,Nexpur Whitening Deodorant,Nexpur,50,500,Personal Care > Deodorant,"tree nuts,soy,shellfish",4945583931852,2022-11-16
UK-03080,Verdant Fragrance-Free Hand Wash,Verdant,750,150,Personal Care > Hand Wash,"shellfish,sesame",1268881078634,2019-12-22
UK-03081,Aevum Moisturising Body Wash,Aevum,400,50,Personal Care > Body Wash,milk,7817623255884,2019-04-12
UK-03082,Gleam Colour Protect Shampoo,Gleam,75,100,Personal Care > Shampoo,"shellfish,fish,eggs",5180784424676,2022-11-16
03083,Oralix Salted Crackers,Oralix,200,100,Food & Beverage > Snacks,"gluten,shellfish",6571254458472,2021-12-16
UK-03084,Cladis Colour Protect Shampoo,Cladis,75,200,Personal Care > Shampoo,"gluten,milk,eggs,fish",4090544496250,2019-08-16
UK-03085,Zenpur Repair Shampoo,Zenpur,150,500,Personal Care > Shampoo,"shellfish,soy,milk,sesame",6667524420314,2021-08-06
UK-03086,Frosten Disinfectant Spray,Frosten,400,50,Household > Surface Cleaner,"tree nuts,sesame,eggs",1245077836353,2018-06-24
03087,Purelix Vinegar Dressing,Purelix,500,50,Food & Beverage > Condiments,,9227166239353,2020-01-09
UK-03088,Helix Antibacterial Hand Wash,Helix,400,400,Personal Care > Hand Wash,fish,5581326135423,2023-01-28
UK-03089,Polvera Moisturising Body Wash,Polvera,500,100,Personal Care > Body Wash,soy,2002530467405,2023-01-31
UK-03090,Arovia Colour Protect Shampoo,Arovia,250,150,Personal Care > Shampoo,eggs,1564835628758,2020-03-02
UK-03091,Arovia Tomato Ketchup,Arovia,500,200,Food & Beverage > Condiments,"soy,gluten,fish,wheat",9215296458713,2022-03-30
UK-03092,Gleam Moisturising Hand Wash,Gleam,750,150,Personal Care > Hand Wash,,3221688070186,2019-10-01
03093,Qualis Anti-Dandruff Shampoo,Qualis,400,200,Personal Care > Shampoo,,2512188334016,2023-04-06
UK-03094,Frosten Dish Liquid,Frosten,200,200,Household > Dishwash,"tree nuts,shellfish",6696253671179,2019-05-19
UK-03095,Vanta Mixed Nuts Blend,Vanta,150,200,Food & Beverage > Snacks,"shellfish,peanuts",1756592300224,2021-04-13
UK-03096,Plexum Leave-In Conditioner,Plexum,400,75,Personal Care > Conditioner,"fish,peanuts,soy",3351999721115,2021-07-21
UK-03097,XXX-Nexpur Smooth & Shine Conditioner,Nexpur,400,50,Personal Care > Conditioner,"gluten,soy,milk,sesame",7642011731011,2018-06-14
UK-03098,Luminos Dish Liquid,Luminos,1000,200,Household > Dishwash,"milk,gluten,tree nuts",2049566865102,2020-03-31
UK-03099,Zenpur Stain Remover,Zenpur,150,400,Household > Laundry,wheat,7839290253246,2021-01-02
UK-03100,Novix Stain Remover,Novix,50,400,Household > Laundry,"gluten,fish,tree nuts",7765439592894,2019-02-14
UK-03101,Cristalix Intensive Moisturiser,Cristalix,75,100,Personal Care > Moisturiser,"tree nuts,soy",4749116084783,2019-05-09
UK-03102,Brightway Laundry Powder,Brightway,100,150,Household > Laundry,"peanuts,gluten",4748485694456,2018-11-26
UK-03103,Kaleo Granola Bar,Kaleo,75,250,Food & Beverage > Snacks,"wheat,eggs,peanuts",2607133914389,2019-06-16
UK-03104,Elaris Glass Cleaner,Elaris,1000,300,Household > Surface Cleaner,,2395545259135,2022-12-14
UK-03105,Purelix Deep Conditioner,Purelix,400,400,Personal Care > Conditioner,milk,9780399346866,2019-10-22
UK-03106,Qualis Deep Clean Body Wash,Qualis,150,75,Personal Care > Body Wash,"eggs,soy,wheat,peanuts",9183507398489,2021-08-11
UK-03107,Vivara 24hr Roll-On Deodorant,Vivara,50,300,Personal Care > Deodorant,"eggs,tree nuts,gluten,sesame",1462785662177,2022-05-28
UK-03108,Hevara Volumising Conditioner,Hevara,100,200,Personal Care > Conditioner,sesame,1445651499756,2020-04-13
UK-03109,Purevex Tomato Ketchup,Purevex,200,200,Food & Beverage > Condiments,"soy,gluten,peanuts",5545012221982,2023-08-22
UK-03110,Solven Lightweight Lotion,Solven,150,75,Personal Care > Moisturiser,milk,5930898930927,2020-01-30
UK-03111,Nexpur Deep Conditioner,Nexpur,200,75,Personal Care > Conditioner,"fish,gluten,shellfish",0683828266744,2018-09-05
UK-03112,Polvera Tomato Ketchup,Polvera,50,400,Food & Beverage > Condiments,"soy,tree nuts,peanuts",9625959012136,2022-01-31
UK-03113,Oralix 48hr Spray Deodorant,Oralix,75,100,Personal Care > Deodorant,"soy,peanuts",3646693706750,2022-11-16
UK-03114,Luminos SPF Moisturiser,Luminos,150,75,Personal Care > Moisturiser,"sesame,wheat",2119457205550,2020-07-19
UK-03115,Cladis Deep Conditioner,Cladis,1000,500,Personal Care > Conditioner,"tree nuts,gluten",0269450583604,2023-03-10
UK-03116,Luxara Leave-In Conditioner,Luxara,500,200,Personal Care > Conditioner,"gluten,soy,wheat,fish",8866898010659,2020-01-08
UK-03117,Elaris Fabric Softener,Elaris,200,150,Household > Laundry,,5236141637071,2019-10-26
UK-03118,Hevara Bathroom Cleaner,Hevara,100,50,Household > Surface Cleaner,,5029407993970,2023-04-25
UK-03119,Primus Oat Protein Bar,Primus,75,50,Food & Beverage > Snacks,"sesame,tree nuts",9159054248782,2021-03-03
UK-03120,Frostine Tomato Ketchup,Frostine,75,200,Food & Beverage > Condiments,"eggs,peanuts,milk",8877951569922,2019-07-03
UK-03121,Gleam Dish Liquid,Gleam,150,400,Household > Dishwash,"milk,eggs,fish,peanuts",8404763309943,2023-04-13
UK-03122,Solven Vinegar Dressing,Solven,200,75,Food & Beverage > Condiments,"gluten,wheat",8427677416538,2022-12-27
UK-03123,Tolvex Intensive Moisturiser,Tolvex,300,400,Personal Care > Moisturiser,"tree nuts,fish,soy,gluten",7164361116855,2022-03-02
UK-03124,Purevex Repair Conditioner,Purevex,400,75,Personal Care > Conditioner,"sesame,shellfish,peanuts",7825634325106,2019-05-18
UK-03125,Nexpur Hydrating Shampoo,Nexpur,1000,500,Personal Care > Shampoo,"soy,eggs,peanuts,shellfish",1410112017473,2020-11-23
UK-03126,Helix Oat Protein Bar,Helix,250,400,Food & Beverage > Snacks,"fish,eggs,peanuts,sesame",3802124582472,2018-02-05
UK-03127,Tolvex Liquid Laundry Detergent,Tolvex,400,50,Household > Laundry,"wheat,shellfish,tree nuts,soy",4364254247021,2022-05-01
UK-03128,Teraxis Dish Liquid,Teraxis,250,200,Household > Dishwash,"fish,gluten,wheat",0729722318704,2023-09-15
UK-03129,Aurova Moisturising Hand Wash,Aurova,200,200,Personal Care > Hand Wash,"soy,shellfish",5082903856989,2018-07-08
UK-03130,Frostine Smooth & Shine Conditioner,Frostine,200,50,Personal Care > Conditioner,shellfish,8362684941478,2018-08-15
UK-03131,Cryston SPF Moisturiser,Cryston,250,75,Personal Care > Moisturiser,"soy,shellfish",9260608238200,2018-03-08
UK-03132,Aevum Refreshing Shower Gel,Aevum,400,500,Personal Care > Body Wash,,6782465530929,2019-09-04
UK-03133,Glova Leave-In Conditioner,Glova,100,500,Personal Care > Conditioner,"eggs,fish,milk,gluten",5832232723441,2019-07-21
UK-03134,Arovia Daily Moisturiser,Arovia,300,50,Personal Care > Moisturiser,"soy,sesame,eggs,wheat",8994822332284,2021-05-18
UK-03135,DUMMY-Glova Foaming Hand Wash,Glova,750,400,Personal Care > Hand Wash,,0818632133757,2020-01-02
UK-03136,Zenpur Anti-Dandruff Shampoo,Zenpur,1000,250,Personal Care > Shampoo,"peanuts,shellfish",2270048997442,2019-11-09
UK-03137,Lumeva Repair Conditioner,Lumeva,1000,400,Personal Care > Conditioner,milk,3748508374328,2018-07-26
UK-03138,DUMMY-Polvera Deep Clean Body Wash,Polvera,50,500,Personal Care > Body Wash,milk,7736675859874,2023-06-16
UK-03139,Cryston Anti-Dandruff Shampoo,Cryston,150,150,Personal Care > Shampoo,tree nuts,3837902389400,2021-08-30
UK-03140,Glicen Aloe Hand Wash,Glicen,200,400,Personal Care > Hand Wash,"eggs,wheat,shellfish",8120796248096,2021-12-17
UK-03141,Verdant Leave-In Conditioner,Verdant,1000,100,Personal Care > Conditioner,"tree nuts,fish,eggs",7372017011755,2021-09-14
UK-03142,Cryston Sensitive Deodorant,Cryston,400,200,Personal Care > Deodorant,"soy,tree nuts,eggs",0674449989075,2019-05-25
UK-03143,Solaris Rice Cakes,Solaris,1000,400,Food & Beverage > Snacks,"sesame,milk,soy,gluten",2492300833415,2023-12-25
UK-03144,Arovia Multi-Surface Spray,Arovia,250,250,Household > Surface Cleaner,,3930380354318,2020-10-18
UK-03145,Solven Kitchen Cleaner,Solven,100,250,Household > Surface Cleaner,,4888198759971,2020-07-24
UK-03146,Gleam Leave-In Conditioner,Gleam,25.36,100,Personal Care > Conditioner,"sesame,milk,wheat",8398639106203,2021-02-06
UK-03147,Luxara Foaming Hand Wash,Luxara,300,150,Personal Care > Hand Wash,,3816919486708,2023-03-31
UK-03148,Nuarix Hot Chilli Sauce,Nuarix,750,500,Food & Beverage > Condiments,"peanuts,gluten,sesame",9118510154272,2019-12-19
UK-03149,Cryston Sport Deodorant,Cryston,150,50,Personal Care > Deodorant,,8087258423029,2019-10-23
UK-03150,Kaleo Hot Chilli Sauce,Kaleo,400,250,Food & Beverage > Condiments,eggs,5272311434163,2022-04-21
UK-03151,Nexpur Hydrating Face Wash,Nexpur,300,400,Personal Care > Face Wash,"tree nuts,shellfish,wheat",7771984605347,2022-06-03
UK-03152,Teraxis Granola Bar,Teraxis,400,200,Food & Beverage > Snacks,,9683486987167,2021-04-04
UK-03153,Lumeva Moisturising Hand Wash,Lumeva,100,75,Personal Care > Hand Wash,"shellfish,soy,fish",0539081100076,2023-04-13
UK-03154,Glova Laundry Powder,Glova,500,100,Household > Laundry,"soy,shellfish,peanuts",1987032250810,2020-03-25
UK-03155,Solvix Hydrating Face Wash,Solvix,100,100,Personal Care > Face Wash,"peanuts,gluten,tree nuts",4544727879243,2021-03-03
UK-03156,Purevex Glass Cleaner,Purevex,400,200,Household > Surface Cleaner,,6686799420614,2020-06-14
UK-03157,Aevum Glass Cleaner,Aevum,500,100,Household > Surface Cleaner,shellfish,6182593087874,2018-04-30
UK-03158,Kaleo Dish Liquid,Kaleo,500,75,Household > Dishwash,eggs,2635815671022,2022-05-12
03159,Hevara Leave-In Conditioner,Hevara,250,75,Personal Care > Conditioner,"soy,gluten,tree nuts,sesame",2844372828408,2019-02-11
UK-03160,Nuarix Repair Conditioner,Nuarix,100,50,Personal Care > Conditioner,,4320918281244,2023-05-27
03161,Polvera Heavy Duty Dish Soap,Polvera,300,300,Household > Dishwash,"sesame,soy,milk",3172940993753,2018-11-26
UK-03162,Purelix Exfoliating Face Scrub,Purelix,1000,500,Personal Care > Face Wash,"sesame,eggs",4196799184512,2019-09-21
UK-03163,Glicen Sensitive Skin Body Wash,Glicen,200,300,Personal Care > Body Wash,"soy,sesame",5194056845939,2020-10-29
UK-03164,Oralix Moisturising Body Wash,Oralix,400,250,Personal Care > Body Wash,sesame,7997225750229,2021-10-09
UK-03165,Hevara Dishwasher Tablets,Hevara,75,100,Household > Dishwash,shellfish,2544955030791,2021-07-23
UK-03166,Qualis Laundry Powder,Qualis,200,300,Household > Laundry,"shellfish,wheat,soy",9677839075168,2020-04-05
UK-03167,Cladis Liquid Laundry Detergent,Cladis,300,100,Household > Laundry,"shellfish,peanuts,milk",9907372291764,2021-01-28
UK-03168,Aurova Liquid Laundry Detergent,Aurova,300,75,Household > Laundry,"tree nuts,peanuts",4029195650582,2021-02-24
UK-03169,Purevex Fabric Softener,Purevex,1000,200,Household > Laundry,"wheat,gluten,soy,fish",5602293511741,2023-09-25
UK-03170,Serafix Hot Chilli Sauce,Serafix,300,150,Food & Beverage > Condiments,"milk,tree nuts,peanuts,soy",0704351759319,2022-11-28
UK-03171,Purevex Volumising Conditioner,Purevex,50,500,Personal Care > Conditioner,"tree nuts,fish",3147961265080,2023-06-16
UK-03172,Primus Sport Deodorant,Primus,250,150,Personal Care > Deodorant,"gluten,shellfish,eggs",6680965119883,2022-12-30
UK-03173,Hevara SPF Moisturiser,Hevara,400,150,Personal Care > Moisturiser,eggs,7785457477065,2018-06-12
UK-03174,Tolvex Fabric Softener,Tolvex,250,500,Household > Laundry,"soy,peanuts,tree nuts,fish",6432754115657,2019-09-08
UK-03175,Oralix Glass Cleaner,Oralix,75,250,Household > Surface Cleaner,"wheat,fish,sesame",9981805279208,2018-07-04
UK-03176,Verdant Fabric Softener,Verdant,300,150,Household > Laundry,,6460664932378,2021-10-03
UK-03177,Aurova Whitening Deodorant,Aurova,500,500,Personal Care > Deodorant,soy,3149325485929,2023-08-17
UK-03178,Tolvex Mayonnaise,Tolvex,50,300,Food & Beverage > Condiments,"fish,tree nuts,soy",4797109002818,2018-01-01
UK-03179,Aurova Moisturising Body Wash,Aurova,100,300,Personal Care > Body Wash,"fish,eggs,shellfish",8088644991627,2023-07-18
UK-03180,Arovia Rice Cakes,Arovia,300,250,Food & Beverage > Snacks,,2942501229154,2020-04-04
UK-03181,Cryston 48hr Spray Deodorant,Cryston,250,100,Personal Care > Deodorant,"eggs,shellfish,fish",6162429338011,2018-07-18
UK-03182,Glova Multi-Surface Spray,Glova,400,400,Household > Surface Cleaner,"peanuts,fish",0834864917507,2023-02-10
UK-03183,Solven Laundry Powder,Solven,100,150,Household > Laundry,eggs,5349762174105,2020-06-25
UK-03184,Solven Bathroom Cleaner,Solven,200,75,Household > Surface Cleaner,"peanuts,sesame,fish",6898239732786,2022-05-30
UK-03185,Alteva Refreshing Shower Gel,Alteva,200,300,Personal Care > Body Wash,tree nuts,5501219914997,2021-11-26
UK-03186,Serafix Repair Conditioner,Serafix,250,250,Personal Care > Conditioner,milk,1965497059445,2022-01-17
UK-03187,Clarity Vinegar Dressing,Clarity,75,200,Food & Beverage > Condiments,"wheat,eggs",0203887071365,2018-04-01
UK-03188,Purevex Night Cream,Purevex,100,75,Personal Care > Moisturiser,,0468797521007,2023-11-26
UK-03189,Sovara Lightweight Lotion,Sovara,250,200,Personal Care > Moisturiser,tree nuts,5686222905443,2019-01-23
UK-03190,Luminos Multi-Surface Spray,Luminos,250,300,Household > Surface Cleaner,"soy,wheat,gluten",6907064872359,2023-11-19
UK-03191,Luxara Mixed Nuts Blend,Luxara,1000,250,Food & Beverage > Snacks,,7520477004835,2018-01-30
UK-03192,Cladis Hot Chilli Sauce,Cladis,100,400,Food & Beverage > Condiments,wheat,5538274383260,2019-10-23
UK-03193,Oralix Repair Conditioner,Oralix,300,150,Personal Care > Conditioner,"sesame,soy",7323014646754,2018-05-03
03194,Oralix Hydrating Face Wash,Oralix,750,250,Personal Care > Face Wash,"eggs,sesame",5203971010442,2020-06-05
UK-03195,Vivara Gentle Face Wash,Vivara,50,500,Personal Care > Face Wash,,9934096008767,2023-08-26
UK-03196,Cladis Lightweight Lotion,Cladis,250,250,Personal Care > Moisturiser,"peanuts,wheat,sesame,shellfish",2776857556448,2019-08-03
UK-03197,Solaris Dishwasher Tablets,Solaris,400,250,Household > Dishwash,,1932526749424,2020-02-06
UK-03198,Sovara Deep Conditioner,Sovara,300,50,Personal Care > Conditioner,"tree nuts,wheat,soy,peanuts",1498714203579,2023-08-05
UK-03199,Plexum Disinfectant Spray,Plexum,75,100,Household > Surface Cleaner,"milk,peanuts",9386362317552,2020-04-15
UK-03200,Serafix Exfoliating Face Scrub,Serafix,1000,200,Personal Care > Face Wash,"shellfish,fish,soy",0658582765468,2018-10-05
UK-03201,Clarity Whitening Deodorant,Clarity,400,150,Personal Care > Deodorant,,3785814429830,2022-07-31
UK-03202,Purelix Laundry Capsules,Purelix,75,50,Household > Laundry,"tree nuts,milk,gluten",6115551074982,2019-05-18
UK-03203,Cladis Stain Remover,Cladis,750,300,Household > Laundry,,1588901718723,2023-02-12
UK-03204,Glicen Moisturising Body Wash,Glicen,100,300,Personal Care > Body Wash,"soy,eggs,tree nuts,fish",6242060511698,2023-05-27
UK-03205,Zephyr Aloe Hand Wash,Zephyr,250,200,Personal Care > Hand Wash,tree nuts,2682194719029,2020-10-09
UK-03206,Hevara Volumising Conditioner,Hevara,75,50,Personal Care > Conditioner,"soy,wheat,tree nuts",7592123034893,2018-09-09
UK-03207,Hevara Sensitive Deodorant,Hevara,200,150,Personal Care > Deodorant,,7210463118676,2018-03-08
UK-03208,Clarity Tomato Ketchup,Clarity,500,400,Food & Beverage > Condiments,"soy,tree nuts,milk,sesame",5445931813124,2022-01-10
UK-03209,Zephyr Intensive Moisturiser,Zephyr,750,400,Personal Care > Moisturiser,peanuts,1350540764719,2022-04-25
UK-03210,Teraxis Mixed Nuts Blend,Teraxis,750,200,Food & Beverage > Snacks,fish,8131453948075,2019-07-02
UK-03211,Krisol Deep Clean Body Wash,Krisol,500,200,Personal Care > Body Wash,"sesame,peanuts",5840222776025,2019-01-28
UK-03212,Sovara Liquid Laundry Detergent,Sovara,300,400,Household > Laundry,tree nuts,2793444519068,2022-12-08
UK-03213,Gleam Bathroom Cleaner,Gleam,100,75,Household > Surface Cleaner,,8306344371083,2020-11-15
UK-03214,Orinum Repair Conditioner,Orinum,250,200,Personal Care > Conditioner,soy,7353497248688,2023-09-19
UK-03215,Nexpur Mayonnaise,Nexpur,100,250,Food & Beverage > Condiments,tree nuts,0227746903383,2020-11-09
UK-03216,Plexum Multi-Surface Spray,Plexum,400,50,Household > Surface Cleaner,"sesame,shellfish",7522212004025,2020-05-29
UK-03217,Tresol Mustard Sauce,Tresol,50,150,Food & Beverage > Condiments,sesame,7384535002153,2022-08-12
UK-03218,Serafix Hydrating Face Wash,Serafix,300,300,Personal Care > Face Wash,"gluten,peanuts,soy",6586949199783,2021-08-08
UK-03219,Plexum Salted Crackers,Plexum,1000,200,Food & Beverage > Snacks,"tree nuts,gluten",3296773759420,2020-05-06
UK-03220,Gleam Colour Protect Shampoo,Gleam,500,500,Personal Care > Shampoo,"eggs,fish,sesame",6334280911546,2019-04-06
UK-03221,Kaleo Aloe Hand Wash,Kaleo,200,400,Personal Care > Hand Wash,"milk,tree nuts,peanuts",9114065476517,2020-01-14
03222,Solvix Foaming Hand Wash,Solvix,1000,200,Personal Care > Hand Wash,"milk,shellfish,tree nuts,fish",3513834562936,2020-06-24
UK-03223,Toreva Lightweight Lotion,Toreva,300,250,Personal Care > Moisturiser,,5822309476059,2022-10-15
UK-03224,Tolvex Glass Cleaner,Tolvex,250,300,Household > Surface Cleaner,,2498334414675,2022-04-24
UK-03225,Primus Dishwasher Tablets,Primus,750,100,Household > Dishwash,"wheat,eggs",4937352908318,2018-11-25
UK-03226,Nuarix Rice Cakes,Nuarix,1000,500,Food & Beverage > Snacks,"shellfish,peanuts,sesame",7868732071810,2019-02-02
UK-03227,Verdant Aloe Hand Wash,Verdant,200,75,Personal Care > Hand Wash,"wheat,fish,shellfish,tree nuts",1870153987409,2021-12-07
UK-03228,Clarity Daily Moisturiser,Clarity,75,200,Personal Care > Moisturiser,"sesame,tree nuts,eggs,fish",1742614227402,2021-04-30
UK-03229,Nexpur 24hr Roll-On Deodorant,Nexpur,100,500,Personal Care > Deodorant,"sesame,soy",7081035743189,2019-04-23
UK-03230,Frostine Moisturising Body Wash,Frostine,1000,100,Personal Care > Body Wash,"fish,milk",1285499726313,2021-10-03
UK-03231,Purevex Sensitive Skin Body Wash,Purevex,50,500,Personal Care > Body Wash,"fish,shellfish,milk",4295790354068,2021-01-14
UK-03232,Nexpur Smooth & Shine Conditioner,Nexpur,150,250,Personal Care > Conditioner,"sesame,peanuts,shellfish,soy",9186484121231,2021-02-27
UK-03233,Vanta Heavy Duty Dish Soap,Vanta,250,150,Household > Dishwash,"milk,fish,wheat",7235264361137,2023-10-24
UK-03234,Oralix Laundry Capsules,Oralix,250,400,Household > Laundry,,6298475487004,2022-10-30
UK-03235,Glova Intensive Moisturiser,Glova,200,300,Personal Care > Moisturiser,"gluten,peanuts,soy,fish",8560166858676,2022-12-06
UK-03236,Qualis Stain Remover,Qualis,150,100,Household > Laundry,"gluten,shellfish",5393036199936,2019-05-31
UK-03237,Cristalix Antibacterial Hand Wash,Cristalix,500,300,Personal Care > Hand Wash,,5742368378036,2023-01-26
UK-03238,Purevex Repair Shampoo,Purevex,500,300,Personal Care > Shampoo,"sesame,gluten",0746120465458,2022-03-28
UK-03239,Motivo Sensitive Deodorant,Motivo,150,300,Personal Care > Deodorant,fish,3813922230427,2019-02-01
UK-03240,Solaris Refreshing Shower Gel,Solaris,750,500,Personal Care > Body Wash,milk,4879370123352,2023-01-07
UK-03241,Tolvex Oat Protein Bar,Tolvex,150,400,Food & Beverage > Snacks,"tree nuts,milk,eggs",2929929201337,2022-12-24
UK-03242,Toreva Nourishing Body Cleanser,Toreva,400,200,Personal Care > Body Wash,,8507491139285,2019-07-05
UK-03243,Frosten Exfoliating Face Scrub,Frosten,300,200,Personal Care > Face Wash,"soy,sesame,wheat,fish",6831380033838,2020-08-21
UK-03244,Tolvex Foaming Hand Wash,Tolvex,150,300,Personal Care > Hand Wash,,4047619456152,2019-03-18
UK-03245,Gleam Liquid Laundry Detergent,Gleam,75,50,Household > Laundry,"gluten,peanuts,wheat",9223197895896,2020-05-11
UK-03246,DUMMY-Vanta Mayonnaise,Vanta,75,50,Food & Beverage > Condiments,"gluten,sesame,eggs,milk",7232274783010,2021-06-19
UK-03247,Zephyr Daily Moisturiser,Zephyr,500,500,Personal Care > Moisturiser,peanuts,4425374249415,2023-07-25
UK-03248,Luxara Fabric Softener,Luxara,200,400,Household > Laundry,"milk,wheat,soy",9283109157191,2019-01-19
UK-03249,Gleam Nourishing Body Cleanser,Gleam,150,400,Personal Care > Body Wash,"wheat,soy,peanuts,milk",0242505963101,2022-03-23
UK-03250,TEST-Luxara Volumising Conditioner,Luxara,200,200,Personal Care > Conditioner,,8776896176878,2020-02-05
UK-03251,Tresol Heavy Duty Dish Soap,Tresol,50,200,Household > Dishwash,gluten,7581014100823,2021-11-10
UK-03252,Aurova Dishwasher Tablets,Aurova,50,300,Household > Dishwash,"eggs,gluten",7682515288000,2021-06-23
UK-03253,Luminos Heavy Duty Dish Soap,Luminos,250,200,Household > Dishwash,"gluten,milk,tree nuts",0849517042048,2023-05-18
UK-03254,Alteva Gentle Face Wash,Alteva,400,500,Personal Care > Face Wash,"shellfish,tree nuts,wheat,soy",3228441333588,2018-08-12
UK-03255,Oralix Deep Conditioner,Oralix,150,400,Personal Care > Conditioner,"milk,gluten,wheat",3358235062742,2018-12-05
UK-03256,Velaris Granola Bar,Velaris,50,500,Food & Beverage > Snacks,"soy,wheat,fish,shellfish",0416143543494,2019-04-05
UK-03257,Clarity Oat Protein Bar,Clarity,100,200,Food & Beverage > Snacks,"tree nuts,shellfish",4643330403057,2018-11-30
UK-03258,Vivara Liquid Laundry Detergent,Vivara,1000,500,Household > Laundry,"soy,tree nuts",0629258099491,2018-09-16
UK-03259,Arovia Rinse Aid,Arovia,150,400,Household > Dishwash,soy,3129386556851,2018-08-31
UK-03260,Zephyr Leave-In Conditioner,Zephyr,1000,500,Personal Care > Conditioner,,5384792795135,2020-01-25
UK-03261,DUMMY-Cladis Granola Bar,Cladis,250,75,Food & Beverage > Snacks,"soy,tree nuts,eggs,wheat",6120140798347,2018-03-16
UK-03262,Orinum Deep Clean Body Wash,Orinum,75,300,Personal Care > Body Wash,,1083173499634,2019-12-19
UK-03263,Vivara Anti-Dandruff Shampoo,Vivara,150,150,Personal Care > Shampoo,"shellfish,tree nuts,soy,milk",7528612240001,2019-07-06
03264,Serafix Whitening Deodorant,Serafix,400,250,Personal Care > Deodorant,"eggs,sesame,soy,wheat",0022874089752,2023-06-23
UK-03265,Glicen Oat Protein Bar,Glicen,200,100,Food & Beverage > Snacks,tree nuts,1802642149289,2023-09-23
UK-03266,Motivo Daily Moisturiser,Motivo,150,200,Personal Care > Moisturiser,"shellfish,gluten",9279693920556,2018-11-26
UK-03267,TEST-Zephyr Sensitive Deodorant,Zephyr,200,250,Personal Care > Deodorant,soy,0434948159887,2019-08-09
UK-03268,Alteva Rice Cakes,Alteva,400,200,Food & Beverage > Snacks,"soy,gluten",7314029030089,2019-03-12
UK-03269,Plexum Tomato Ketchup,Plexum,750,75,Food & Beverage > Condiments,,1407559786215,2022-09-02
UK-03270,Primus Brightening Face Wash,Primus,200,200,Personal Care > Face Wash,milk,5344755082382,2019-08-19
UK-03271,Luxara Stain Remover,Luxara,75,300,Household > Laundry,,3719588073272,2019-05-15
UK-03272,DUMMY-Plexum Intensive Moisturiser,Plexum,250,250,Personal Care > Moisturiser,"wheat,sesame",4686387203232,2023-11-22
UK-03273,Krisol Oil Control Face Wash,Krisol,100,400,Personal Care > Face Wash,,4943274026559,2021-08-18
UK-03274,Verdant Dishwasher Tablets,Verdant,250,500,Household > Dishwash,,2331081854809,2021-08-27
UK-03275,Verdant Salted Crackers,Verdant,150,500,Food & Beverage > Snacks,"wheat,shellfish,soy,sesame",4909944718131,2019-08-14
UK-03276,Purelix Daily Moisturiser,Purelix,100,75,Personal Care > Moisturiser,"fish,eggs",3354733702555,2021-11-22
UK-03277,Serafix Rice Cakes,Serafix,200,500,Food & Beverage > Snacks,,4157718074925,2019-08-13
03278,Lumeva Mayonnaise,Lumeva,300,300,Food & Beverage > Condiments,"wheat,sesame",5141908274577,2021-02-01
UK-03279,Zenpur Sensitive Deodorant,Zenpur,750,100,Personal Care > Deodorant,"milk,shellfish",6337364353713,2020-01-11
UK-03280,Cladis Anti-Dandruff Shampoo,Cladis,150,50,Personal Care > Shampoo,"milk,gluten,tree nuts",8304286323108,2019-12-27
UK-03281,Nuarix Fragrance-Free Hand Wash,Nuarix,250,400,Personal Care > Hand Wash,"shellfish,peanuts",4936673521602,2023-11-02
UK-03282,Vanta Brightening Face Wash,Vanta,100,500,Personal Care > Face Wash,"shellfish,peanuts,milk,sesame",3934964793531,2021-10-08
UK-03283,Solven Moisturising Hand Wash,Solven,250,200,Personal Care > Hand Wash,fish,2671889267013,2020-05-04
UK-03284,TEST-Frosten Antibacterial Hand Wash,Frosten,75,300,Personal Care > Hand Wash,"shellfish,soy,wheat",2177594144774,2020-01-01
03285,Qualis Nourishing Body Cleanser,Qualis,150,150,Personal Care > Body Wash,"fish,shellfish,eggs",6276243960638,2018-06-08
UK-03286,Frosten Deep Clean Body Wash,Frosten,500,100,Personal Care > Body Wash,soy,8917873563926,2018-11-01
UK-03287,Cryston Colour Protect Shampoo,Cryston,500,75,Personal Care > Shampoo,"wheat,fish,shellfish",7351059734464,2023-11-14
UK-03288,Vanta 24hr Roll-On Deodorant,Vanta,750,200,Personal Care > Deodorant,"gluten,peanuts,shellfish",9293616629081,2022-12-28
UK-03289,Clarity Dishwasher Tablets,Clarity,300,500,Household > Dishwash,"soy,fish,shellfish",7639663527369,2018-02-16
UK-03290,Vivara Deep Clean Body Wash,Vivara,250,50,Personal Care > Body Wash,"milk,sesame",4138389011754,2019-09-04
UK-03291,Zephyr Laundry Powder,Zephyr,1000,400,Household > Laundry,"milk,shellfish,sesame,fish",9886182561666,2020-12-04
UK-03292,Luxara Refreshing Shower Gel,Luxara,1000,50,Personal Care > Body Wash,sesame,0222446616519,2023-04-22
UK-03293,Luxara Granola Bar,Luxara,300,300,Food & Beverage > Snacks,"wheat,fish,tree nuts",7043883392384,2020-12-21
UK-03294,Clarity Sensitive Skin Body Wash,Clarity,75,100,Personal Care > Body Wash,"gluten,eggs,shellfish",6498577427353,2020-12-08
UK-03295,Luminos Deep Clean Body Wash,Luminos,250,200,Personal Care > Body Wash,"wheat,milk,gluten",6465296794714,2023-08-15
UK-03296,Nuarix Dish Liquid,Nuarix,300,300,Household > Dishwash,"milk,shellfish,soy,tree nuts",1001797766000,2020-01-03
UK-03297,Luminos Deep Conditioner,Luminos,1000,150,Personal Care > Conditioner,"peanuts,wheat,soy",8223552209413,2019-11-08
UK-03298,Gleam SPF Moisturiser,Gleam,300,100,Personal Care > Moisturiser,,2025409411392,2022-07-08
UK-03299,Zenpur Sport Deodorant,Zenpur,100,250,Personal Care > Deodorant,"eggs,shellfish",6569836495090,2019-12-25
UK-03300,Primus Moisturising Hand Wash,Primus,750,400,Personal Care > Hand Wash,"shellfish,wheat",0314306143287,2023-08-12
UK-03301,Clarity Whitening Deodorant,Clarity,750,200,Personal Care > Deodorant,"milk,gluten,fish",9981892371045,2021-05-27
UK-03302,XXX-Solaris Dish Liquid,Solaris,75,75,Household > Dishwash,fish,4689068878583,2018-04-16
UK-03303,Solven Hydrating Face Wash,Solven,100,400,Personal Care > Face Wash,"gluten,milk,tree nuts",3875189534298,2023-01-24
UK-03304,Plexum Tomato Ketchup,Plexum,750,400,Food & Beverage > Condiments,"soy,gluten,milk",0414326944106,2020-12-17
UK-03305,Brightway Leave-In Conditioner,Brightway,50,50,Personal Care > Conditioner,"fish,tree nuts,gluten,eggs",3348781934211,2018-09-18
UK-03306,Gleam Intensive Moisturiser,Gleam,200,300,Personal Care > Moisturiser,"tree nuts,shellfish,soy",2514156173122,2021-02-20
UK-03307,Glova Oil Control Face Wash,Glova,750,400,Personal Care > Face Wash,"wheat,peanuts,shellfish,fish",6174035300566,2023-11-03
UK-03308,Orinum Daily Moisturiser,Orinum,100,400,Personal Care > Moisturiser,peanuts,0697541326302,2019-02-26
UK-03309,Luxara 24hr Roll-On Deodorant,Luxara,1000,100,Personal Care > Deodorant,gluten,8309221337042,2021-08-11
UK-03310,Aurova Salted Crackers,Aurova,1000,500,Food & Beverage > Snacks,"milk,shellfish,wheat",9430628734512,2019-07-21
UK-03311,XXX-Glova Rinse Aid,Glova,750,400,Household > Dishwash,sesame,5586793160275,2023-10-03
UK-03312,Glicen Moisturising Hand Wash,Glicen,200,500,Personal Care > Hand Wash,"fish,tree nuts,gluten",1280695521106,2021-09-18
UK-03313,Cladis Gentle Face Wash,Cladis,75,250,Personal Care > Face Wash,"fish,shellfish,tree nuts",9713411292889,2018-10-02
UK-03314,Nexpur Nourishing Body Cleanser,Nexpur,150,500,Personal Care > Body Wash,"wheat,peanuts",7965545085543,2023-10-22
UK-03315,DUMMY-Primus Whitening Deodorant,Primus,1000,50,Personal Care > Deodorant,"gluten,milk,peanuts",3987888999497,2021-06-01
UK-03316,Cladis Daily Moisturiser,Cladis,50,100,Personal Care > Moisturiser,"gluten,milk,tree nuts",9405219899024,2018-01-04
UK-03317,Solaris Glass Cleaner,Solaris,150,50,Household > Surface Cleaner,"sesame,eggs,tree nuts,gluten",0293336770529,2023-07-14
03318,Zenpur Dishwasher Tablets,Zenpur,150,500,Household > Dishwash,"eggs,wheat",7913253325888,2023-09-17
UK-03319,Frostine Daily Moisturiser,Frostine,75,300,Personal Care > Moisturiser,shellfish,4221211544480,2021-12-06
UK-03320,Solvix Refreshing Shower Gel,Solvix,200,300,Personal Care > Body Wash,,0168107137798,2023-06-29
UK-03321,Lumeva Gentle Face Wash,Lumeva,1000,250,Personal Care > Face Wash,,4607372040328,2021-05-07
UK-03322,Frostine Nourishing Body Cleanser,Frostine,50,75,Personal Care > Body Wash,eggs,7856343614557,2018-05-14
UK-03323,Aevum Volumising Shampoo,Aevum,50,200,Personal Care > Shampoo,eggs,2868667756467,2023-08-17
UK-03324,Motivo Mayonnaise,Motivo,150,150,Food & Beverage > Condiments,milk,9481685319990,2018-01-07
UK-03325,Velaris Oat Protein Bar,Velaris,50,75,Food & Beverage > Snacks,"fish,eggs",8702739246781,2020-08-05
UK-03326,Nuarix Anti-Dandruff Shampoo,Nuarix,300,200,Personal Care > Shampoo,tree nuts,0882324396966,2021-06-03
UK-03327,Solvix Rice Cakes,Solvix,400,150,Food & Beverage > Snacks,soy,7249292133246,2018-01-22
UK-03328,Alteva Antibacterial Hand Wash,Alteva,300,200,Personal Care > Hand Wash,"milk,tree nuts,fish",9274505695820,2022-04-16
UK-03329,Tolvex Repair Shampoo,Tolvex,750,75,Personal Care > Shampoo,peanuts,3812580256213,2022-12-18
03330,Sovara Intensive Moisturiser,Sovara,50,200,Personal Care > Moisturiser,"milk,peanuts",2414265626161,2018-08-13
UK-03331,Frostine Intensive Moisturiser,Frostine,150,50,Personal Care > Moisturiser,,7247660531397,2023-05-23
UK-03332,Cryston Laundry Powder,Cryston,200,400,Household > Laundry,"fish,soy,shellfish",7724242784124,2023-07-07
UK-03333,Arovia Hot Chilli Sauce,Arovia,75,100,Food & Beverage > Condiments,"wheat,fish,eggs,shellfish",4998779994810,2021-06-30
UK-03334,Purelix Salted Crackers,Purelix,500,75,Food & Beverage > Snacks,shellfish,5610408673253,2023-11-05
UK-03335,Nuvelo Aloe Hand Wash,Nuvelo,500,75,Personal Care > Hand Wash,,6247165693867,2021-07-22
UK-03336,TEST-Luminos Volumising Shampoo,Luminos,250,200,Personal Care > Shampoo,,5280786477011,2022-09-18
UK-03337,Tresol Heavy Duty Dish Soap,Tresol,50,100,Household > Dishwash,soy,6270653813782,2021-09-17
UK-03338,Serafix Moisturising Hand Wash,Serafix,250,200,Personal Care > Hand Wash,tree nuts,1290458963852,2022-01-30
UK-03339,TEST-Oralix Repair Conditioner,Oralix,250,50,Personal Care > Conditioner,,4510666058803,2021-07-17
UK-03340,Gleam Dishwasher Tablets,Gleam,200,150,Household > Dishwash,"sesame,eggs,tree nuts,peanuts",8322570211689,2022-05-19
UK-03341,Nexpur Antibacterial Hand Wash,Nexpur,500,100,Personal Care > Hand Wash,"eggs,peanuts,fish,wheat",6917815483611,2018-10-10
UK-03342,Luxara 48hr Spray Deodorant,Luxara,150,150,Personal Care > Deodorant,"fish,peanuts,sesame",9347430342678,2021-01-03
03343,Sovara Sensitive Deodorant,Sovara,75,75,Personal Care > Deodorant,"tree nuts,fish",8160964057877,2022-10-19
UK-03344,Krisol Antibacterial Hand Wash,Krisol,75,400,Personal Care > Hand Wash,"wheat,fish,eggs,sesame",4730748027972,2019-07-03
UK-03345,Zephyr Kitchen Cleaner,Zephyr,75,300,Household > Surface Cleaner,"gluten,peanuts,fish,shellfish",5217456589880,2020-12-27
UK-03346,Sovara Hydrating Face Wash,Sovara,500,200,Personal Care > Face Wash,"soy,sesame",0684145795573,2020-03-17
UK-03347,Qualis Liquid Laundry Detergent,Qualis,1000,300,Household > Laundry,"gluten,shellfish,wheat",8156130232766,2020-06-02
UK-03348,Cladis Dish Liquid,Cladis,1000,200,Household > Dishwash,"shellfish,soy,gluten,sesame",8765964718171,2021-12-30
UK-03349,Vanta Brightening Face Wash,Vanta,750,300,Personal Care > Face Wash,,9975117563445,2018-08-28
UK-03350,Brightway Antibacterial Hand Wash,Brightway,75,50,Personal Care > Hand Wash,"eggs,fish,wheat,soy",9696727833222,2022-04-03
UK-03351,Serafix Exfoliating Face Scrub,Serafix,75,300,Personal Care > Face Wash,"wheat,peanuts,soy,shellfish",9812006789725,2022-09-25
UK-03352,Vivara Multi-Surface Spray,Vivara,300,75,Household > Surface Cleaner,"shellfish,milk",1298394541646,2022-05-03
UK-03353,Solvix Deep Clean Body Wash,Solvix,2.54,250,Personal Care > Body Wash,,0665285300452,2022-03-14
UK-03354,Cladis Disinfectant Spray,Cladis,500,250,Household > Surface Cleaner,"wheat,gluten,sesame,fish",2006597741447,2019-07-10
UK-03355,Helix Tomato Ketchup,Helix,500,50,Food & Beverage > Condiments,peanuts,2068721704667,2023-11-21
UK-03356,Polvera Multi-Surface Spray,Polvera,1000,500,Household > Surface Cleaner,,7962116712303,2020-12-22
UK-03357,TEST-Primus Fragrance-Free Hand Wash,Primus,150,300,Personal Care > Hand Wash,"gluten,sesame",0166581366222,2019-09-20
UK-03358,Motivo Sensitive Skin Body Wash,Motivo,75,50,Personal Care > Body Wash,eggs,3050963994783,2020-03-06
UK-03359,Luxara Lightweight Lotion,Luxara,75,200,Personal Care > Moisturiser,"milk,sesame,wheat",4740794344411,2023-03-29
UK-03360,Sovara Sensitive Deodorant,Sovara,300,75,Personal Care > Deodorant,"fish,wheat,eggs,shellfish",2392950197618,2018-06-13
UK-03361,Solven Oil Control Face Wash,Solven,300,250,Personal Care > Face Wash,"milk,sesame,shellfish,eggs",6705119388301,2018-03-17
UK-03362,Teraxis SPF Moisturiser,Teraxis,500,75,Personal Care > Moisturiser,"shellfish,wheat,eggs",9304201859056,2019-10-18
03363,Glova Kitchen Cleaner,Glova,75,500,Household > Surface Cleaner,"fish,tree nuts,gluten",7224128650388,2021-07-02
03364,Solven Hydrating Shampoo,Solven,1000,250,Personal Care > Shampoo,"gluten,wheat,sesame,eggs",4924440661590,2019-12-26
UK-03365,Tresol Mixed Nuts Blend,Tresol,50,400,Food & Beverage > Snacks,"peanuts,sesame,fish",1838255914327,2018-11-01
UK-03366,Nexpur Repair Shampoo,Nexpur,200,250,Personal Care > Shampoo,"milk,tree nuts,eggs",8208086178084,2023-07-19
UK-03367,Qualis Volumising Shampoo,Qualis,150,500,Personal Care > Shampoo,"shellfish,soy",2420570365954,2020-02-05
UK-03368,Luminos Sensitive Deodorant,Luminos,400,100,Personal Care > Deodorant,"gluten,wheat,milk",4699811721370,2018-07-29
UK-03369,Glicen Volumising Conditioner,Glicen,75,300,Personal Care > Conditioner,"eggs,fish,shellfish",2702241026211,2018-03-09
UK-03370,Zephyr Laundry Powder,Zephyr,500,150,Household > Laundry,milk,9143193841539,2019-01-06
UK-03371,Hevara Tomato Ketchup,Hevara,500,100,Food & Beverage > Condiments,milk,7313972988720,2023-12-08
UK-03372,Purevex Glass Cleaner,Purevex,150,50,Household > Surface Cleaner,"wheat,soy",8768090077969,2021-02-27
UK-03373,TEST-Cryston Volumising Conditioner,Cryston,50,400,Personal Care > Conditioner,"tree nuts,wheat,gluten,eggs",9913854131749,2020-10-22
UK-03374,Nuarix Fabric Softener,Nuarix,75,250,Household > Laundry,"peanuts,wheat",3344025885516,2018-02-08
UK-03375,Aevum Stain Remover,Aevum,100,75,Household > Laundry,"eggs,milk,shellfish",4853159964602,2023-01-12
UK-03376,Qualis Mayonnaise,Qualis,200,400,Food & Beverage > Condiments,"shellfish,tree nuts,soy",8817683532474,2023-11-17
UK-03377,Zephyr Hydrating Shampoo,Zephyr,1000,75,Personal Care > Shampoo,"wheat,eggs,shellfish",4469316815160,2021-03-23
UK-03378,Hevara Dish Liquid,Hevara,750,50,Household > Dishwash,"milk,peanuts,sesame",5196492306616,2018-02-26
UK-03379,Gleam Repair Shampoo,Gleam,200,500,Personal Care > Shampoo,"wheat,tree nuts",2467193064734,2018-04-11
UK-03380,Zenpur Laundry Capsules,Zenpur,150,250,Household > Laundry,"gluten,sesame,soy,eggs",4359513331696,2022-03-07
UK-03381,Tresol Night Cream,Tresol,150,100,Personal Care > Moisturiser,"fish,soy",5516978837777,2019-10-09
UK-03382,Plexum Nourishing Body Cleanser,Plexum,750,400,Personal Care > Body Wash,,8884271696566,2021-02-28
UK-03383,Glicen Sport Deodorant,Glicen,150,100,Personal Care > Deodorant,"peanuts,milk,soy,wheat",7696454406685,2021-05-13
UK-03384,Aurova Repair Conditioner,Aurova,100,500,Personal Care > Conditioner,fish,9308011872137,2020-02-14
UK-03385,Nexpur Salted Crackers,Nexpur,50,50,Food & Beverage > Snacks,"fish,tree nuts",7238616018611,2019-03-19
UK-03386,Solvix Exfoliating Face Scrub,Solvix,200,50,Personal Care > Face Wash,"gluten,tree nuts,milk",5184047735035,2019-05-11
UK-03387,Frostine Stain Remover,Frostine,750,400,Household > Laundry,"eggs,fish",3228556336603,2020-01-23
UK-03388,Brightway Brightening Face Wash,Brightway,75,400,Personal Care > Face Wash,"wheat,eggs,sesame,fish",8289130510272,2018-12-18
UK-03389,Zenpur Dish Liquid,Zenpur,1000,500,Household > Dishwash,,4796056233092,2020-11-12
UK-03390,Tolvex Disinfectant Spray,Tolvex,400,300,Household > Surface Cleaner,"sesame,tree nuts,peanuts,eggs",4645829546375,2020-04-30
UK-03391,Zephyr Oil Control Face Wash,Zephyr,50,150,Personal Care > Face Wash,,4716623425309,2019-05-11
UK-03392,Teraxis Smooth & Shine Conditioner,Teraxis,75,200,Personal Care > Conditioner,,0112952078188,2023-07-21
UK-03393,DUMMY-Solven Granola Bar,Solven,200,300,Food & Beverage > Snacks,"fish,gluten",3707043737517,2020-11-11
UK-03394,Cristalix Brightening Face Wash,Cristalix,250,250,Personal Care > Face Wash,"fish,wheat",2284766009745,2018-01-06
UK-03395,Gleam Dish Liquid,Gleam,100,300,Household > Dishwash,,9358151418597,2021-05-02
UK-03396,Frostine Moisturising Body Wash,Frostine,500,300,Personal Care > Body Wash,"fish,milk",8469544956976,2023-03-09
UK-03397,Sovara Sport Deodorant,Sovara,75,100,Personal Care > Deodorant,peanuts,0015229040157,2018-04-15
UK-03398,XXX-Nexpur Glass Cleaner,Nexpur,750,200,Household > Surface Cleaner,milk,1217220943423,2020-02-07
UK-03399,Tresol Sensitive Skin Body Wash,Tresol,200,75,Personal Care > Body Wash,"sesame,tree nuts,shellfish,soy",8734137230734,2021-07-15
UK-03400,Teraxis Multi-Surface Spray,Teraxis,150,300,Household > Surface Cleaner,,8774978953522,2021-08-07
UK-03401,Cristalix Fabric Softener,Cristalix,250,250,Household > Laundry,"gluten,tree nuts,eggs,wheat",4143604387248,2020-08-21
UK-03402,Primus Sensitive Skin Body Wash,Primus,200,500,Personal Care > Body Wash,"milk,fish,peanuts",1442509693373,2021-09-21
UK-03403,Clarity Rice Cakes,Clarity,1000,50,Food & Beverage > Snacks,,5508806395849,2021-09-23
UK-03404,Zephyr SPF Moisturiser,Zephyr,1000,250,Personal Care > Moisturiser,gluten,6537047680987,2021-12-21
UK-03405,Cristalix Aloe Hand Wash,Cristalix,250,50,Personal Care > Hand Wash,"eggs,sesame",3440275547010,2021-02-04
UK-03406,Qualis Smooth & Shine Conditioner,Qualis,50,150,Personal Care > Conditioner,fish,9368340211045,2021-11-17
UK-03407,Alteva Lightweight Lotion,Alteva,50,200,Personal Care > Moisturiser,"milk,fish,tree nuts",3493096663490,2019-05-25
UK-03408,Oralix Foaming Hand Wash,Oralix,250,250,Personal Care > Hand Wash,"shellfish,soy,milk",4554362331938,2018-10-30
UK-03409,Solvix Mixed Nuts Blend,Solvix,75,50,Food & Beverage > Snacks,"eggs,gluten,milk,sesame",8773800778982,2019-01-21
UK-03410,Luxara Heavy Duty Dish Soap,Luxara,400,50,Household > Dishwash,"fish,gluten,peanuts",3316509833818,2020-01-07
UK-03411,Elaris Kitchen Cleaner,Elaris,750,50,Household > Surface Cleaner,,4054393469896,2023-11-05
UK-03412,Polvera Intensive Moisturiser,Polvera,150,500,Personal Care > Moisturiser,"soy,tree nuts",3725801535847,2022-08-20
UK-03413,Vanta Deep Conditioner,Vanta,150,100,Personal Care > Conditioner,milk,2019268601735,2023-09-10
UK-03414,Nuarix Sport Deodorant,Nuarix,250,250,Personal Care > Deodorant,"milk,tree nuts",1817614266246,2021-06-06
UK-03415,Solaris Exfoliating Face Scrub,Solaris,400,50,Personal Care > Face Wash,"eggs,gluten",0800264913593,2023-05-07
UK-03416,Frosten Lightweight Lotion,Frosten,250,300,Personal Care > Moisturiser,"wheat,tree nuts",2753177910532,2022-12-15
UK-03417,Purelix Repair Conditioner,Purelix,250,300,Personal Care > Conditioner,soy,7343488919000,2018-05-07
UK-03418,Verdant Refreshing Shower Gel,Verdant,100,50,Personal Care > Body Wash,,2776066259574,2023-04-19
UK-03419,Glova SPF Moisturiser,Glova,75,100,Personal Care > Moisturiser,"peanuts,sesame,gluten,eggs",1727421940478,2018-12-20
UK-03420,Velaris Exfoliating Face Scrub,Velaris,75,300,Personal Care > Face Wash,,6849899126385,2019-06-04
UK-03421,Frostine Disinfectant Spray,Frostine,75,200,Household > Surface Cleaner,"tree nuts,milk",9733309870388,2019-10-24
UK-03422,Nexpur Granola Bar,Nexpur,750,500,Food & Beverage > Snacks,"wheat,shellfish",0497344463460,2020-12-04
UK-03423,Clarity Bathroom Cleaner,Clarity,300,250,Household > Surface Cleaner,"eggs,soy,gluten,milk",0152218159589,2023-12-22
UK-03424,Serafix Volumising Shampoo,Serafix,300,500,Personal Care > Shampoo,"fish,gluten,milk,peanuts",8232351139524,2019-12-09
UK-03425,Clarity Sport Deodorant,Clarity,1000,200,Personal Care > Deodorant,"shellfish,milk",3176810132471,2018-08-09
UK-03426,Oralix Kitchen Cleaner,Oralix,500,75,Household > Surface Cleaner,"eggs,peanuts",2375745451737,2020-03-04
UK-03427,Purelix Moisturising Body Wash,Purelix,250,200,Personal Care > Body Wash,"shellfish,fish,tree nuts,soy",8159166551726,2022-05-04
UK-03428,Purevex Night Cream,Purevex,150,300,Personal Care > Moisturiser,,1714722294539,2019-02-09
UK-03429,Hevara Heavy Duty Dish Soap,Hevara,250,75,Household > Dishwash,"peanuts,gluten,eggs",8054008538098,2021-01-24
UK-03430,Arovia Deep Conditioner,Arovia,400,300,Personal Care > Conditioner,,9909798965915,2020-07-15
UK-03431,Luxara Hydrating Shampoo,Luxara,400,50,Personal Care > Shampoo,"shellfish,sesame,eggs,wheat",7491671656703,2023-11-25
UK-03432,Solaris Foaming Hand Wash,Solaris,500,500,Personal Care > Hand Wash,"eggs,fish",8203852857941,2018-09-05
UK-03433,Elaris Anti-Dandruff Shampoo,Elaris,75,250,Personal Care > Shampoo,,6898511881164,2023-07-01
UK-03434,Serafix Laundry Capsules,Serafix,200,500,Household > Laundry,,8514966757165,2021-07-20
UK-03435,Tresol Daily Moisturiser,Tresol,150,75,Personal Care > Moisturiser,peanuts,2683969957134,2021-12-17
UK-03436,Vanta Multi-Surface Spray,Vanta,75,300,Household > Surface Cleaner,"peanuts,tree nuts,eggs,sesame",2240238789300,2020-04-11
UK-03437,Elaris Liquid Laundry Detergent,Elaris,400,300,Household > Laundry,,4096262922590,2022-01-02
UK-03438,Sovara Exfoliating Face Scrub,Sovara,100,75,Personal Care > Face Wash,,9853272720661,2023-03-12
UK-03439,Frosten Sport Deodorant,Frosten,1000,50,Personal Care > Deodorant,"gluten,shellfish",3037537450883,2020-04-14
UK-03440,Luxara Deep Clean Body Wash,Luxara,100,200,Personal Care > Body Wash,"eggs,shellfish,milk,wheat",9672942791912,2022-10-24
UK-03441,Nuarix Exfoliating Face Scrub,Nuarix,750,500,Personal Care > Face Wash,,0472028882393,2022-12-19
UK-03442,Zephyr Heavy Duty Dish Soap,Zephyr,500,400,Household > Dishwash,"milk,eggs,tree nuts",2424431029931,2019-08-08
UK-03443,Aurova Hydrating Shampoo,Aurova,300,400,Personal Care > Shampoo,"milk,gluten",9254270983186,2019-05-15
UK-03444,Cristalix Liquid Laundry Detergent,Cristalix,200,150,Household > Laundry,,7148830545087,2019-06-25
UK-03445,Solvix Bathroom Cleaner,Solvix,750,500,Household > Surface Cleaner,"sesame,tree nuts,eggs",9748846748229,2020-02-18
UK-03446,Cladis Smooth & Shine Conditioner,Cladis,200,100,Personal Care > Conditioner,"milk,peanuts",6471742658844,2018-08-07
UK-03447,Helix Foaming Hand Wash,Helix,100,200,Personal Care > Hand Wash,"milk,eggs",1601241811609,2023-02-13
UK-03448,XXX-Tolvex Moisturising Hand Wash,Tolvex,75,50,Personal Care > Hand Wash,"fish,wheat,gluten,tree nuts",2168472020631,2018-10-12
UK-03449,Vanta Daily Moisturiser,Vanta,750,100,Personal Care > Moisturiser,"peanuts,soy",2954056864292,2022-06-02
UK-03450,Hevara Salted Crackers,Hevara,400,100,Food & Beverage > Snacks,"shellfish,wheat",7318897060445,2022-05-14
UK-03451,Aurova Deep Conditioner,Aurova,400,200,Personal Care > Conditioner,"tree nuts,shellfish",1991673421423,2019-01-10
UK-03452,Luminos Anti-Dandruff Shampoo,Luminos,400,500,Personal Care > Shampoo,,3664929070383,2020-06-27
UK-03453,Kaleo Rinse Aid,Kaleo,400,75,Household > Dishwash,peanuts,2470649222572,2019-02-03
UK-03454,Oralix Fragrance-Free Hand Wash,Oralix,50,200,Personal Care > Hand Wash,"gluten,tree nuts,wheat,shellfish",1434564663972,2018-11-22
UK-03455,Helix Liquid Laundry Detergent,Helix,100,50,Household > Laundry,"soy,gluten,tree nuts",7599794975678,2021-12-29
UK-03456,Motivo Fragrance-Free Hand Wash,Motivo,1000,300,Personal Care > Hand Wash,"fish,gluten,shellfish",4913481694032,2019-11-12
UK-03457,Nexpur Night Cream,Nexpur,75,300,Personal Care > Moisturiser,"tree nuts,soy",2442146100493,2023-10-06
UK-03458,Lumeva Brightening Face Wash,Lumeva,50,50,Personal Care > Face Wash,"sesame,eggs",9836514690595,2018-12-17
UK-03459,Velaris Laundry Powder,Velaris,300,250,Household > Laundry,gluten,7900578341082,2018-07-22
UK-03460,Vanta Bathroom Cleaner,Vanta,750,250,Household > Surface Cleaner,,3545136402948,2019-12-19
UK-03461,Nuarix Mixed Nuts Blend,Nuarix,50,500,Food & Beverage > Snacks,"gluten,tree nuts",0312155959950,2019-12-10
03462,Aevum Daily Moisturiser,Aevum,400,75,Personal Care > Moisturiser,"fish,tree nuts,sesame",3601811703288,2018-07-01
UK-03463,Brightway Mayonnaise,Brightway,250,150,Food & Beverage > Condiments,"soy,fish,eggs,wheat",4917921651487,2019-05-10
UK-03464,Elaris Hydrating Shampoo,Elaris,300,500,Personal Care > Shampoo,"wheat,fish,eggs",1737021538456,2018-06-20
UK-03465,Toreva Brightening Face Wash,Toreva,1000,300,Personal Care > Face Wash,"soy,eggs,gluten",1213124346667,2019-06-09
UK-03466,Serafix Dish Liquid,Serafix,300,100,Household > Dishwash,,5394406014613,2019-06-22
UK-03467,Hevara Nourishing Body Cleanser,Hevara,500,200,Personal Care > Body Wash,"sesame,peanuts,gluten,soy",5393600748133,2020-02-13
UK-03468,Aurova 48hr Spray Deodorant,Aurova,150,300,Personal Care > Deodorant,"peanuts,eggs,shellfish,wheat",1800756582558,2020-12-04
03469,Primus Laundry Powder,Primus,300,500,Household > Laundry,"eggs,wheat,soy",5879050730909,2023-05-26
UK-03470,Verdant Smooth & Shine Conditioner,Verdant,1000,500,Personal Care > Conditioner,"fish,soy",6667313962865,2020-10-08
03471,Clarity Hydrating Face Wash,Clarity,400,250,Personal Care > Face Wash,"shellfish,milk",1121435939396,2020-11-29
UK-03472,Nexpur Volumising Conditioner,Nexpur,500,100,Personal Care > Conditioner,"sesame,eggs,tree nuts,soy",5960402874478,2023-03-19
UK-03473,Nuvelo Deep Clean Body Wash,Nuvelo,500,75,Personal Care > Body Wash,soy,5782992442352,2018-07-01
UK-03474,Alteva Aloe Hand Wash,Alteva,200,150,Personal Care > Hand Wash,"soy,gluten,fish,milk",6263823919292,2021-04-26
UK-03475,Solvix Disinfectant Spray,Solvix,1000,400,Household > Surface Cleaner,"tree nuts,peanuts",5603186865927,2023-04-29
UK-03476,Frostine Eco Dish Liquid,Frostine,500,75,Household > Dishwash,gluten,6454827719593,2018-11-27
UK-03477,Lumeva Tomato Ketchup,Lumeva,750,200,Food & Beverage > Condiments,,3644772911880,2021-03-06
UK-03478,Glicen Daily Moisturiser,Glicen,75,200,Personal Care > Moisturiser,"milk,sesame,wheat",3196172588280,2020-11-24
UK-03479,Glicen Granola Bar,Glicen,100,400,Food & Beverage > Snacks,,8045591289955,2019-04-20
UK-03480,Teraxis Deep Conditioner,Teraxis,1000,400,Personal Care > Conditioner,"peanuts,shellfish",5636518370479,2018-06-22
03481,Serafix Mixed Nuts Blend,Serafix,400,75,Food & Beverage > Snacks,tree nuts,0682120358133,2022-12-26
UK-03482,Helix Rinse Aid,Helix,750,300,Household > Dishwash,peanuts,5240558972359,2018-09-17
UK-03483,Primus Eco Dish Liquid,Primus,500,250,Household > Dishwash,"wheat,gluten",9297702598459,2021-08-02
UK-03484,Tresol Sport Deodorant,Tresol,100,50,Personal Care > Deodorant,"peanuts,sesame",7291298967332,2022-02-08
UK-03485,Cryston Mayonnaise,Cryston,50,300,Food & Beverage > Condiments,wheat,3001719557639,2019-06-28
UK-03486,Gleam Rinse Aid,Gleam,75,300,Household > Dishwash,"wheat,eggs,tree nuts",6748637470301,2020-05-20
UK-03487,Cristalix Foaming Hand Wash,Cristalix,500,300,Personal Care > Hand Wash,,2687175840532,2018-10-01
UK-03488,Purelix Stain Remover,Purelix,250,500,Household > Laundry,"wheat,gluten",8876172746006,2020-10-04
UK-03489,Zephyr Daily Moisturiser,Zephyr,250,500,Personal Care > Moisturiser,"wheat,sesame,shellfish,milk",3517199497452,2018-03-03
UK-03490,Velaris Sensitive Skin Body Wash,Velaris,50,300,Personal Care > Body Wash,"peanuts,milk",7125346115553,2020-01-18
UK-03491,XXX-Tresol Daily Moisturiser,Tresol,400,500,Personal Care > Moisturiser,milk,1581130839535,2019-04-01
UK-03492,Teraxis Repair Shampoo,Teraxis,750,250,Personal Care > Shampoo,,5223450896077,2018-11-04
UK-03493,Solaris Mixed Nuts Blend,Solaris,300,300,Food & Beverage > Snacks,"milk,sesame,gluten",6060506405116,2020-07-27
UK-03494,Glicen Smooth & Shine Conditioner,Glicen,200,50,Personal Care > Conditioner,,4407904389358,2020-07-11
UK-03495,Serafix Repair Shampoo,Serafix,100,200,Personal Care > Shampoo,"eggs,tree nuts,sesame",2241134148123,2022-08-27
UK-03496,Clarity Oat Protein Bar,Clarity,100,300,Food & Beverage > Snacks,"sesame,soy",5273839688564,2018-04-21
UK-03497,Lumeva Rice Cakes,Lumeva,200,250,Food & Beverage > Snacks,"sesame,peanuts,shellfish",0931957996590,2019-03-01
UK-03498,Aevum Leave-In Conditioner,Aevum,200,200,Personal Care > Conditioner,"peanuts,soy,milk,sesame",8457844902304,2023-05-22
UK-03499,Frostine Multi-Surface Spray,Frostine,1000,300,Household > Surface Cleaner,"milk,wheat",8601183769108,2023-09-23
UK-03500,Hevara Colour Protect Shampoo,Hevara,750,500,Personal Care > Shampoo,,3780110470845,2021-02-09
UK-03501,Verdant Granola Bar,Verdant,250,150,Food & Beverage > Snacks,tree nuts,6721195110940,2022-01-23
UK-03502,Cladis Mixed Nuts Blend,Cladis,250,500,Food & Beverage > Snacks,eggs,6551462000885,2023-11-05
UK-03503,Gleam Hot Chilli Sauce,Gleam,300,200,Food & Beverage > Condiments,,4377222855692,2020-02-17
UK-03504,Clarity Anti-Dandruff Shampoo,Clarity,150,250,Personal Care > Shampoo,"sesame,gluten",1073276199036,2023-01-08
03505,Cristalix Glass Cleaner,Cristalix,75,75,Household > Surface Cleaner,,2537593358518,2021-11-22
UK-03506,Teraxis Tomato Ketchup,Teraxis,200,200,Food & Beverage > Condiments,,0746723979888,2018-11-30
UK-03507,Primus Colour Protect Shampoo,Primus,100,75,Personal Care > Shampoo,,7605955870420,2022-02-18
UK-03508,Cryston Exfoliating Face Scrub,Cryston,300,300,Personal Care > Face Wash,"soy,wheat,tree nuts",4966070287375,2019-06-05
UK-03509,Luminos Hydrating Face Wash,Luminos,250,400,Personal Care > Face Wash,,2166296682738,2020-12-21
UK-03510,Clarity Smooth & Shine Conditioner,Clarity,50,200,Personal Care > Conditioner,fish,8544606889581,2020-09-06
UK-03511,Lumeva Deep Conditioner,Lumeva,75,150,Personal Care > Conditioner,milk,4421795348560,2020-10-28
UK-03512,Elaris 24hr Roll-On Deodorant,Elaris,200,300,Personal Care > Deodorant,peanuts,0441631664177,2018-08-14
UK-03513,Plexum Moisturising Body Wash,Plexum,150,400,Personal Care > Body Wash,"milk,peanuts,shellfish,wheat",2120660580853,2022-09-12
UK-03514,Krisol Dish Liquid,Krisol,100,500,Household > Dishwash,"eggs,shellfish,milk,peanuts",8807242075306,2022-12-27
UK-03515,Brightway Kitchen Cleaner,Brightway,300,300,Household > Surface Cleaner,"shellfish,soy,peanuts",9586015008589,2021-08-14
UK-03516,Purevex Lightweight Lotion,Purevex,200,300,Personal Care > Moisturiser,"eggs,fish",7921271952610,2023-06-02
UK-03517,Purelix Colour Protect Shampoo,Purelix,400,50,Personal Care > Shampoo,"fish,sesame,soy,gluten",7201648547138,2020-06-15
UK-03518,Luxara Repair Conditioner,Luxara,75,300,Personal Care > Conditioner,peanuts,8130043625693,2019-04-17
03519,Cristalix Mustard Sauce,Cristalix,1000,150,Food & Beverage > Condiments,,5818762404661,2019-01-14
UK-03520,Vanta Moisturising Body Wash,Vanta,300,75,Personal Care > Body Wash,"tree nuts,sesame,eggs,fish",6189329865362,2022-04-26
UK-03521,Zenpur Anti-Dandruff Shampoo,Zenpur,50,75,Personal Care > Shampoo,"eggs,sesame,shellfish,peanuts",5037436125149,2019-11-12
UK-03522,Solven Hot Chilli Sauce,Solven,500,75,Food & Beverage > Condiments,peanuts,1521219338733,2018-03-12
UK-03523,Vanta Deep Clean Body Wash,Vanta,150,100,Personal Care > Body Wash,"gluten,shellfish,tree nuts,soy",3775641089451,2019-07-19
UK-03524,Tresol Deep Clean Body Wash,Tresol,250,200,Personal Care > Body Wash,,3764941330981,2020-11-08
UK-03525,Vivara Granola Bar,Vivara,100,100,Food & Beverage > Snacks,"tree nuts,peanuts",9422851413630,2019-08-29
03526,Alteva Sport Deodorant,Alteva,300,75,Personal Care > Deodorant,soy,3305613111370,2019-07-27
UK-03527,Velaris Exfoliating Face Scrub,Velaris,750,50,Personal Care > Face Wash,"wheat,eggs,soy,tree nuts",5221111890983,2020-06-03
UK-03528,Primus Tomato Ketchup,Primus,13.53,150,Food & Beverage > Condiments,soy,0913891986028,2018-03-15
UK-03529,Luxara Laundry Powder,Luxara,750,300,Household > Laundry,"eggs,sesame,gluten,wheat",3358628358803,2022-01-24
UK-03530,Arovia Stain Remover,Arovia,400,400,Household > Laundry,"fish,sesame,milk,soy",6879024464426,2020-03-28
UK-03531,Clarity Mustard Sauce,Clarity,500,300,Food & Beverage > Condiments,"sesame,peanuts",0927029075423,2019-09-19
UK-03532,Luxara Mustard Sauce,Luxara,750,500,Food & Beverage > Condiments,,1476898363913,2021-10-07
UK-03533,Zenpur Heavy Duty Dish Soap,Zenpur,500,300,Household > Dishwash,"sesame,eggs,peanuts",0348454536790,2020-02-11
UK-03534,Purelix Mayonnaise,Purelix,150,150,Food & Beverage > Condiments,"tree nuts,shellfish",0811759661448,2022-10-03
UK-03535,Alteva Fragrance-Free Hand Wash,Alteva,1000,200,Personal Care > Hand Wash,"milk,sesame,tree nuts,soy",1070611402233,2021-10-22
UK-03536,Zephyr Heavy Duty Dish Soap,Zephyr,300,250,Household > Dishwash,"tree nuts,gluten,wheat,eggs",9509443604888,2021-03-24
UK-03537,TEST-Glicen Laundry Capsules,Glicen,75,500,Household > Laundry,,7457576826368,2018-02-18
UK-03538,Primus Tomato Ketchup,Primus,750,400,Food & Beverage > Condiments,milk,3659077467437,2020-03-10
UK-03539,Clarity Daily Moisturiser,Clarity,1000,400,Personal Care > Moisturiser,,5550133343178,2019-07-04
UK-03540,Nuarix Hot Chilli Sauce,Nuarix,200,300,Food & Beverage > Condiments,eggs,8853402610153,2023-11-03
UK-03541,Motivo 48hr Spray Deodorant,Motivo,150,100,Personal Care > Deodorant,eggs,0785778846202,2022-03-03
UK-03542,Luminos Night Cream,Luminos,75,75,Personal Care > Moisturiser,"fish,gluten,wheat,soy",2634018814977,2022-12-07
UK-03543,Solven Granola Bar,Solven,500,75,Food & Beverage > Snacks,"wheat,shellfish,eggs,tree nuts",5131948288276,2022-08-27
UK-03544,Nuvelo Mixed Nuts Blend,Nuvelo,150,200,Food & Beverage > Snacks,"soy,tree nuts,shellfish",1886835473740,2021-09-25
UK-03545,Frostine Multi-Surface Spray,Frostine,400,100,Household > Surface Cleaner,"peanuts,shellfish,soy",1980712336781,2019-02-27
UK-03546,Glicen Mayonnaise,Glicen,75,250,Food & Beverage > Condiments,"peanuts,wheat",3739977041453,2023-12-25
UK-03547,Aurova Antibacterial Hand Wash,Aurova,300,200,Personal Care > Hand Wash,wheat,3590632877554,2020-12-01
UK-03548,Elaris Oat Protein Bar,Elaris,50,50,Food & Beverage > Snacks,"wheat,eggs",0997988576019,2022-07-21
UK-03549,Polvera Rice Cakes,Polvera,300,400,Food & Beverage > Snacks,"soy,wheat,shellfish,peanuts",3607989097891,2020-01-20
UK-03550,Polvera Deep Clean Body Wash,Polvera,750,500,Personal Care > Body Wash,soy,8101362408311,2021-10-01
UK-03551,Hevara Mayonnaise,Hevara,300,200,Food & Beverage > Condiments,"shellfish,peanuts,sesame",5632250546783,2023-11-03
UK-03552,Primus Mustard Sauce,Primus,500,50,Food & Beverage > Condiments,"gluten,tree nuts",4742002892349,2020-06-23
UK-03553,DUMMY-Solven Hot Chilli Sauce,Solven,200,100,Food & Beverage > Condiments,"soy,sesame",8013724928842,2018-05-11
UK-03554,Cladis Oat Protein Bar,Cladis,750,300,Food & Beverage > Snacks,"shellfish,soy",8537512207211,2021-07-25
UK-03555,Teraxis Eco Dish Liquid,Teraxis,50,250,Household > Dishwash,"milk,wheat,sesame",2470321337808,2018-09-01
UK-03556,Frostine Aloe Hand Wash,Frostine,50,300,Personal Care > Hand Wash,"wheat,soy",8555079320082,2019-07-01
UK-03557,Frostine Mayonnaise,Frostine,200,75,Food & Beverage > Condiments,milk,6108557041935,2022-07-28
UK-03558,Krisol Daily Moisturiser,Krisol,300,200,Personal Care > Moisturiser,,5118222413296,2022-03-07
UK-03559,Luminos Moisturising Body Wash,Luminos,100,150,Personal Care > Body Wash,soy,2139928581426,2023-07-21
UK-03560,Vanta Brightening Face Wash,Vanta,100,100,Personal Care > Face Wash,,4916101995328,2019-01-12
UK-03561,Lumeva Nourishing Body Cleanser,Lumeva,400,500,Personal Care > Body Wash,"wheat,sesame",1435194199794,2018-12-22
UK-03562,Cristalix Glass Cleaner,Cristalix,50,75,Household > Surface Cleaner,"eggs,gluten,tree nuts,wheat",3167014104883,2019-07-16
UK-03563,Verdant Deep Clean Body Wash,Verdant,1000,250,Personal Care > Body Wash,"wheat,milk,sesame",9832736529392,2023-02-10
UK-03564,Teraxis Repair Conditioner,Teraxis,100,50,Personal Care > Conditioner,"fish,tree nuts",6791671279447,2018-03-19
UK-03565,Luminos Volumising Shampoo,Luminos,250,400,Personal Care > Shampoo,tree nuts,3324970730680,2022-10-09
UK-03566,Velaris Stain Remover,Velaris,500,300,Household > Laundry,,9202285404028,2022-07-11
UK-03567,Motivo Repair Shampoo,Motivo,500,200,Personal Care > Shampoo,"milk,eggs",5622584819066,2018-02-23
UK-03568,Gleam SPF Moisturiser,Gleam,750,500,Personal Care > Moisturiser,shellfish,8147056497179,2019-08-20
UK-03569,Nexpur Dish Liquid,Nexpur,300,500,Household > Dishwash,,5334533843090,2019-07-21
UK-03570,Cryston Aloe Hand Wash,Cryston,500,500,Personal Care > Hand Wash,soy,1020852056450,2023-11-15
UK-03571,Verdant Refreshing Shower Gel,Verdant,200,50,Personal Care > Body Wash,"sesame,tree nuts",6595197439503,2020-10-25
UK-03572,Hevara SPF Moisturiser,Hevara,750,100,Personal Care > Moisturiser,,9545549128316,2019-02-05
UK-03573,Elaris Disinfectant Spray,Elaris,750,200,Household > Surface Cleaner,"wheat,gluten",8329958742797,2022-08-08
UK-03574,Zephyr Mixed Nuts Blend,Zephyr,200,250,Food & Beverage > Snacks,"milk,peanuts",7864163882810,2018-02-24
UK-03575,Glicen Granola Bar,Glicen,750,100,Food & Beverage > Snacks,"eggs,wheat",1189462311660,2022-02-21
UK-03576,Plexum Sensitive Deodorant,Plexum,1000,300,Personal Care > Deodorant,milk,0433590156404,2023-02-21
UK-03577,Krisol Mustard Sauce,Krisol,250,300,Food & Beverage > Condiments,"peanuts,eggs,gluten,soy",7359283962578,2023-02-16
UK-03578,Polvera Daily Moisturiser,Polvera,300,75,Personal Care > Moisturiser,"tree nuts,fish,sesame",5764063365586,2022-05-25
UK-03579,Glova Repair Shampoo,Glova,75,50,Personal Care > Shampoo,"gluten,fish,shellfish",9693924962342,2021-03-06
UK-03580,Aevum Exfoliating Face Scrub,Aevum,100,500,Personal Care > Face Wash,"eggs,tree nuts",6283794774171,2020-06-02
UK-03581,Purelix Oil Control Face Wash,Purelix,50,75,Personal Care > Face Wash,,7867605345034,2021-09-06
UK-03582,TEST-Sovara Liquid Laundry Detergent,Sovara,1000,250,Household > Laundry,"gluten,sesame",0618464876088,2022-02-28
UK-03583,Frostine Glass Cleaner,Frostine,300,50,Household > Surface Cleaner,fish,3242866227192,2019-08-04
UK-03584,Plexum Repair Shampoo,Plexum,300,300,Personal Care > Shampoo,"fish,gluten",7390607277237,2022-08-21
UK-03585,Purelix Sensitive Deodorant,Purelix,75,200,Personal Care > Deodorant,"fish,gluten,tree nuts",7164022612344,2020-11-11
UK-03586,Kaleo Sensitive Deodorant,Kaleo,200,200,Personal Care > Deodorant,"eggs,shellfish,fish,wheat",8261481099576,2023-10-02
UK-03587,Cristalix Colour Protect Shampoo,Cristalix,150,500,Personal Care > Shampoo,,7033156670530,2020-10-14
UK-03588,Novix Tomato Ketchup,Novix,250,75,Food & Beverage > Condiments,"sesame,soy,fish,milk",6962498956914,2018-09-18
UK-03589,Zephyr Refreshing Shower Gel,Zephyr,500,400,Personal Care > Body Wash,"sesame,fish",3804044161669,2019-02-05
UK-03590,Cladis Gentle Face Wash,Cladis,150,250,Personal Care > Face Wash,"sesame,tree nuts",3961048088054,2023-05-14
UK-03591,Alteva Lightweight Lotion,Alteva,400,250,Personal Care > Moisturiser,"peanuts,milk,wheat,shellfish",9387138992799,2020-07-30
UK-03592,Krisol Sport Deodorant,Krisol,200,200,Personal Care > Deodorant,"sesame,milk",5730199526146,2021-12-15
UK-03593,Teraxis Hot Chilli Sauce,Teraxis,500,100,Food & Beverage > Condiments,"tree nuts,fish",6363051281632,2022-11-29
UK-03594,DUMMY-Sovara Eco Dish Liquid,Sovara,150,75,Household > Dishwash,"soy,gluten,sesame",8568369570012,2021-09-10
UK-03595,Hevara Tomato Ketchup,Hevara,150,200,Food & Beverage > Condiments,eggs,6292356213430,2020-09-07
UK-03596,Helix Sensitive Deodorant,Helix,100,50,Personal Care > Deodorant,"shellfish,peanuts",9213860682892,2023-01-21
UK-03597,Orinum Smooth & Shine Conditioner,Orinum,50,100,Personal Care > Conditioner,"tree nuts,fish",4531076907000,2022-04-29
UK-03598,XXX-Clarity Sensitive Skin Body Wash,Clarity,300,400,Personal Care > Body Wash,"peanuts,soy",5934571615637,2020-10-04
UK-03599,Purelix Antibacterial Hand Wash,Purelix,1000,75,Personal Care > Hand Wash,,1323123036725,2022-10-17
UK-03600,Orinum Fabric Softener,Orinum,150,50,Household > Laundry,"eggs,fish,milk,gluten",5034206289582,2018-02-06
UK-03601,Elaris Night Cream,Elaris,500,250,Personal Care > Moisturiser,,1688392114360,2023-07-23
UK-03602,Alteva Fabric Softener,Alteva,400,150,Household > Laundry,peanuts,6676682930078,2020-05-05
UK-03603,Cristalix Multi-Surface Spray,Cristalix,500,400,Household > Surface Cleaner,"peanuts,fish,gluten",3850882570446,2021-10-12
UK-03604,Nexpur Sport Deodorant,Nexpur,500,150,Personal Care > Deodorant,"sesame,gluten",7421094380541,2023-02-08
UK-03605,Tolvex Rinse Aid,Tolvex,500,500,Household > Dishwash,milk,1860807539399,2022-01-17
UK-03606,Krisol Foaming Hand Wash,Krisol,300,50,Personal Care > Hand Wash,,4270983965481,2021-05-13
UK-03607,Solvix Mayonnaise,Solvix,150,500,Food & Beverage > Condiments,,5363471678044,2022-12-24
UK-03608,Oralix Vinegar Dressing,Oralix,250,200,Food & Beverage > Condiments,"tree nuts,wheat",9258249148088,2023-01-10
UK-03609,Clarity SPF Moisturiser,Clarity,100,75,Personal Care > Moisturiser,"gluten,soy,eggs,fish",0587686946186,2021-02-19
UK-03610,Toreva Repair Shampoo,Toreva,400,75,Personal Care > Shampoo,"eggs,shellfish",8741056632624,2021-02-06
UK-03611,Vanta Moisturising Hand Wash,Vanta,100,250,Personal Care > Hand Wash,"sesame,fish,tree nuts",3578666736030,2019-08-18
UK-03612,Teraxis Hydrating Shampoo,Teraxis,1000,100,Personal Care > Shampoo,"tree nuts,sesame",6154799844186,2021-11-26
UK-03613,Aevum Colour Protect Shampoo,Aevum,300,500,Personal Care > Shampoo,wheat,7628908237101,2022-03-11
UK-03614,Zephyr Heavy Duty Dish Soap,Zephyr,100,150,Household > Dishwash,gluten,8047327224377,2021-07-16
UK-03615,Solven Liquid Laundry Detergent,Solven,300,100,Household > Laundry,"gluten,fish",9718511477716,2022-04-22
UK-03616,Nuarix Gentle Face Wash,Nuarix,250,150,Personal Care > Face Wash,"milk,fish,wheat,tree nuts",7861189192831,2021-02-22
UK-03617,Vanta Granola Bar,Vanta,100,300,Food & Beverage > Snacks,,8358897435408,2023-09-17
UK-03618,Elaris Whitening Deodorant,Elaris,100,50,Personal Care > Deodorant,"gluten,tree nuts",4928767567535,2023-11-03
UK-03619,Luxara Foaming Hand Wash,Luxara,500,75,Personal Care > Hand Wash,"tree nuts,soy",9241337332643,2018-08-01
03620,Aevum Liquid Laundry Detergent,Aevum,1000,200,Household > Laundry,"peanuts,sesame",9020842735992,2019-03-24
UK-03621,Helix Dishwasher Tablets,Helix,250,400,Household > Dishwash,"fish,peanuts,sesame,tree nuts",8296120528704,2018-05-26
UK-03622,Oralix Colour Protect Shampoo,Oralix,300,100,Personal Care > Shampoo,"fish,tree nuts",2122562443762,2019-09-20
UK-03623,Glicen Dishwasher Tablets,Glicen,50,300,Household > Dishwash,"tree nuts,peanuts,gluten",6670370701094,2022-03-15
UK-03624,Velaris Granola Bar,Velaris,250,150,Food & Beverage > Snacks,"sesame,wheat,tree nuts,fish",7843711718566,2019-03-14
UK-03625,Hevara Salted Crackers,Hevara,400,500,Food & Beverage > Snacks,,8875815891868,2019-07-24
UK-03626,Aurova Hydrating Face Wash,Aurova,400,500,Personal Care > Face Wash,"milk,sesame",7195715621008,2018-03-18
UK-03627,Hevara Intensive Moisturiser,Hevara,75,200,Personal Care > Moisturiser,,6568590037089,2022-09-04
UK-03628,Sovara Anti-Dandruff Shampoo,Sovara,150,75,Personal Care > Shampoo,,2742378376230,2019-03-30
UK-03629,Velaris Granola Bar,Velaris,50,75,Food & Beverage > Snacks,fish,0562926692368,2019-07-03
UK-03630,Plexum Moisturising Body Wash,Plexum,200,100,Personal Care > Body Wash,,4876302986283,2019-03-25
UK-03631,Luminos Colour Protect Shampoo,Luminos,150,75,Personal Care > Shampoo,"fish,sesame,tree nuts,eggs",5913582637470,2023-11-21
UK-03632,Brightway Stain Remover,Brightway,200,250,Household > Laundry,"eggs,sesame,shellfish,peanuts",1339172328827,2020-07-10
UK-03633,Hevara Dishwasher Tablets,Hevara,400,250,Household > Dishwash,"eggs,soy",8705544054756,2021-12-12
UK-03634,Elaris Oil Control Face Wash,Elaris,75,150,Personal Care > Face Wash,"gluten,milk,shellfish",0249914107171,2023-02-24
UK-03635,Purelix Stain Remover,Purelix,400,250,Household > Laundry,fish,0045457942756,2020-08-01
UK-03636,Cryston Kitchen Cleaner,Cryston,150,100,Household > Surface Cleaner,"gluten,tree nuts,soy",7244497122699,2021-07-12
UK-03637,Gleam Anti-Dandruff Shampoo,Gleam,1000,150,Personal Care > Shampoo,"gluten,wheat,milk",0912585340290,2023-06-08
UK-03638,Clarity Sensitive Skin Body Wash,Clarity,250,150,Personal Care > Body Wash,"gluten,shellfish,milk,soy",4013748967821,2022-10-21
UK-03639,Motivo Exfoliating Face Scrub,Motivo,750,100,Personal Care > Face Wash,"fish,eggs",0599318044795,2021-03-13
UK-03640,Vanta Nourishing Body Cleanser,Vanta,250,75,Personal Care > Body Wash,"gluten,peanuts",9060356270619,2018-03-14
UK-03641,Vanta Mustard Sauce,Vanta,50,75,Food & Beverage > Condiments,"eggs,tree nuts,soy",7281774089887,2021-06-29
UK-03642,Orinum Disinfectant Spray,Orinum,250,150,Household > Surface Cleaner,,1545164339829,2023-10-30
UK-03643,DUMMY-Motivo Laundry Powder,Motivo,400,50,Household > Laundry,,9741886828753,2023-06-29
UK-03644,Solvix Colour Protect Shampoo,Solvix,500,500,Personal Care > Shampoo,"wheat,soy,milk",7557861658411,2020-03-16
UK-03645,Glicen Moisturising Body Wash,Glicen,750,150,Personal Care > Body Wash,wheat,0646206672988,2020-09-11
UK-03646,Frosten Antibacterial Hand Wash,Frosten,1000,200,Personal Care > Hand Wash,,0282963802642,2019-09-22
UK-03647,Plexum Liquid Laundry Detergent,Plexum,75,250,Household > Laundry,,2265817729256,2023-04-02
UK-03648,Sovara Laundry Powder,Sovara,150,300,Household > Laundry,"eggs,wheat,soy,milk",5325260011814,2020-01-29
UK-03649,Velaris Gentle Face Wash,Velaris,150,500,Personal Care > Face Wash,"sesame,milk,eggs,tree nuts",2212436521013,2018-05-10
UK-03650,Qualis Bathroom Cleaner,Qualis,100,50,Household > Surface Cleaner,"milk,gluten",9911971580853,2019-05-21
UK-03651,Toreva Hydrating Shampoo,Toreva,50,200,Personal Care > Shampoo,,2250112875081,2020-01-15
UK-03652,Vanta Foaming Hand Wash,Vanta,150,50,Personal Care > Hand Wash,"shellfish,soy,milk,sesame",9914937191049,2022-02-24
UK-03653,Glova Anti-Dandruff Shampoo,Glova,200,300,Personal Care > Shampoo,"sesame,eggs,shellfish,wheat",6109583483591,2018-09-25
UK-03654,Qualis Volumising Conditioner,Qualis,150,300,Personal Care > Conditioner,peanuts,7990523347504,2018-10-14
UK-03655,Serafix Disinfectant Spray,Serafix,250,300,Household > Surface Cleaner,fish,4058588118552,2023-01-19
UK-03656,Velaris Multi-Surface Spray,Velaris,50,400,Household > Surface Cleaner,"tree nuts,shellfish,fish",6271061042030,2018-03-27
UK-03657,Hevara Kitchen Cleaner,Hevara,250,150,Household > Surface Cleaner,"fish,sesame,wheat,gluten",8159780078616,2022-10-23
UK-03658,Oralix Dish Liquid,Oralix,500,250,Household > Dishwash,peanuts,7550748144434,2020-12-09
UK-03659,Tolvex Intensive Moisturiser,Tolvex,750,100,Personal Care > Moisturiser,"fish,wheat,gluten",3951981383347,2021-05-31
UK-03660,Qualis Anti-Dandruff Shampoo,Qualis,100,100,Personal Care > Shampoo,"shellfish,gluten,sesame",1358996160017,2020-04-19
UK-03661,Cristalix Hydrating Shampoo,Cristalix,1000,400,Personal Care > Shampoo,"shellfish,eggs,gluten,tree nuts",9789293090776,2019-07-31
UK-03662,Frostine Whitening Deodorant,Frostine,50,50,Personal Care > Deodorant,"milk,fish,wheat,tree nuts",5094666050689,2018-04-18
UK-03663,DUMMY-Tolvex Repair Conditioner,Tolvex,250,100,Personal Care > Conditioner,"sesame,shellfish,soy,gluten",8407041902416,2022-08-08
UK-03664,Solaris Tomato Ketchup,Solaris,400,100,Food & Beverage > Condiments,shellfish,9730905330193,2019-10-19
UK-03665,Alteva 24hr Roll-On Deodorant,Alteva,300,200,Personal Care > Deodorant,"milk,peanuts,tree nuts",5023137447154,2022-03-30
UK-03666,Aurova 24hr Roll-On Deodorant,Aurova,400,75,Personal Care > Deodorant,"milk,gluten",7488382682015,2019-08-10
UK-03667,Hevara Refreshing Shower Gel,Hevara,75,250,Personal Care > Body Wash,fish,2076795757182,2022-11-10
UK-03668,Brightway Heavy Duty Dish Soap,Brightway,250,50,Household > Dishwash,,6973658794925,2020-05-12
UK-03669,Solven Anti-Dandruff Shampoo,Solven,75,50,Personal Care > Shampoo,"eggs,shellfish,soy,milk",3571909366179,2022-08-05
UK-03670,Primus Whitening Deodorant,Primus,75,500,Personal Care > Deodorant,"soy,shellfish,fish,milk",6171255075847,2020-03-12
UK-03671,Polvera Dish Liquid,Polvera,400,500,Household > Dishwash,fish,4083444340280,2023-11-08
UK-03672,Frosten Sport Deodorant,Frosten,750,75,Personal Care > Deodorant,,8771756635793,2018-01-05
UK-03673,Purevex Hydrating Face Wash,Purevex,500,300,Personal Care > Face Wash,"soy,wheat,milk,shellfish",7386543701127,2022-06-01
UK-03674,Kaleo Eco Dish Liquid,Kaleo,500,400,Household > Dishwash,wheat,4976193487767,2018-06-28
UK-03675,Solven Volumising Shampoo,Solven,50,500,Personal Care > Shampoo,"wheat,peanuts,tree nuts",3115718265225,2023-02-11
UK-03676,Cladis Hydrating Shampoo,Cladis,500,200,Personal Care > Shampoo,"fish,gluten,tree nuts",6584042910373,2020-12-29
UK-03677,Serafix Heavy Duty Dish Soap,Serafix,300,200,Household > Dishwash,"fish,shellfish",1212498764152,2021-12-11
UK-03678,Glova Kitchen Cleaner,Glova,1000,150,Household > Surface Cleaner,,9139683902828,2023-01-23
UK-03679,Glicen Foaming Hand Wash,Glicen,100,100,Personal Care > Hand Wash,,7113503366894,2021-03-23
UK-03680,Aevum Rinse Aid,Aevum,100,400,Household > Dishwash,"soy,fish,shellfish,gluten",4473245719550,2021-01-16
UK-03681,Novix Heavy Duty Dish Soap,Novix,200,400,Household > Dishwash,shellfish,6041281771719,2022-04-27
UK-03682,Elaris Eco Dish Liquid,Elaris,200,200,Household > Dishwash,sesame,3963247004293,2022-03-02
UK-03683,Velaris Sport Deodorant,Velaris,75,100,Personal Care > Deodorant,,0731680806827,2021-01-10
UK-03684,Lumeva Leave-In Conditioner,Lumeva,1000,400,Personal Care > Conditioner,"fish,shellfish,tree nuts",3299983918755,2018-07-29
UK-03685,Alteva Whitening Deodorant,Alteva,200,75,Personal Care > Deodorant,"peanuts,sesame,wheat,shellfish",6411880346708,2018-03-15
UK-03686,Krisol Antibacterial Hand Wash,Krisol,300,150,Personal Care > Hand Wash,"peanuts,shellfish,soy,gluten",1063707218504,2019-06-08
UK-03687,Purevex Volumising Conditioner,Purevex,300,150,Personal Care > Conditioner,"milk,tree nuts",4649859017522,2021-06-21
UK-03688,Purevex Moisturising Body Wash,Purevex,400,250,Personal Care > Body Wash,"milk,peanuts",9357814127708,2018-11-07
UK-03689,Cristalix Granola Bar,Cristalix,5.07,500,Food & Beverage > Snacks,"gluten,wheat,soy",9291238118747,2018-07-05
UK-03690,Verdant Deep Clean Body Wash,Verdant,150,100,Personal Care > Body Wash,"wheat,sesame,peanuts",3237603567297,2021-02-17
UK-03691,Elaris Night Cream,Elaris,400,100,Personal Care > Moisturiser,wheat,6472833343267,2018-06-30
UK-03692,Kaleo Mayonnaise,Kaleo,100,100,Food & Beverage > Condiments,"tree nuts,fish,eggs",7583441730987,2018-12-09
03693,Krisol Oat Protein Bar,Krisol,75,100,Food & Beverage > Snacks,"wheat,peanuts",1296359752281,2023-09-13
UK-03694,Luminos Oil Control Face Wash,Luminos,750,150,Personal Care > Face Wash,"shellfish,peanuts,milk,fish",0929367785149,2021-12-02
UK-03695,Arovia Sport Deodorant,Arovia,750,200,Personal Care > Deodorant,"peanuts,gluten",2973726832331,2020-11-05
UK-03696,Serafix Laundry Powder,Serafix,400,250,Household > Laundry,"shellfish,soy",7851393116532,2019-04-12
UK-03697,Verdant Volumising Conditioner,Verdant,250,300,Personal Care > Conditioner,"fish,shellfish,tree nuts,gluten",7057171591830,2020-07-31
UK-03698,Vivara Oil Control Face Wash,Vivara,300,100,Personal Care > Face Wash,"tree nuts,milk",1358410341138,2022-12-12
UK-03699,Luminos Oil Control Face Wash,Luminos,1000,100,Personal Care > Face Wash,milk,1738226068687,2022-08-23
UK-03700,Zephyr Moisturising Hand Wash,Zephyr,400,50,Personal Care > Hand Wash,"gluten,fish,peanuts,shellfish",8639987568191,2019-11-24
UK-03701,Krisol Eco Dish Liquid,Krisol,250,75,Household > Dishwash,,0298493835098,2020-09-29
UK-03702,Vivara Volumising Conditioner,Vivara,150,100,Personal Care > Conditioner,"fish,peanuts,gluten,eggs",2013065332397,2022-05-25
UK-03703,Solven Dish Liquid,Solven,1000,500,Household > Dishwash,"fish,peanuts,eggs",1516446592393,2022-08-29
UK-03704,Velaris Whitening Deodorant,Velaris,500,100,Personal Care > Deodorant,"gluten,milk,sesame",8004703226004,2023-12-04
UK-03705,Frostine Stain Remover,Frostine,1000,150,Household > Laundry,"eggs,soy,peanuts,shellfish",7310538889316,2019-10-22
UK-03706,Frostine Dish Liquid,Frostine,200,100,Household > Dishwash,"wheat,soy,fish,milk",6010972893825,2018-10-08
UK-03707,Vanta Deep Conditioner,Vanta,75,250,Personal Care > Conditioner,,0609784970426,2018-05-18
UK-03708,Solvix Heavy Duty Dish Soap,Solvix,400,300,Household > Dishwash,"soy,eggs,milk",0945319422368,2021-09-01
UK-03709,Nexpur Mixed Nuts Blend,Nexpur,13.53,75,Food & Beverage > Snacks,"shellfish,wheat",5076233275091,2021-01-24
UK-03710,Primus SPF Moisturiser,Primus,150,75,Personal Care > Moisturiser,"peanuts,soy,fish",0161687630734,2023-03-21
UK-03711,Polvera Leave-In Conditioner,Polvera,250,400,Personal Care > Conditioner,"sesame,peanuts",8363917013894,2019-02-22
UK-03712,Clarity Refreshing Shower Gel,Clarity,250,400,Personal Care > Body Wash,"sesame,wheat,gluten,tree nuts",3358623422349,2019-06-22
UK-03713,Frostine Volumising Conditioner,Frostine,75,50,Personal Care > Conditioner,,4423056657763,2018-02-21
UK-03714,Solven Rice Cakes,Solven,1000,100,Food & Beverage > Snacks,"eggs,shellfish",4342108439884,2020-03-29
UK-03715,Luminos Oat Protein Bar,Luminos,150,75,Food & Beverage > Snacks,"gluten,fish,peanuts",6680268748513,2019-02-25
UK-03716,Polvera Glass Cleaner,Polvera,300,75,Household > Surface Cleaner,peanuts,7685976646921,2022-11-09
UK-03717,Solvix Whitening Deodorant,Solvix,1000,50,Personal Care > Deodorant,sesame,2774694825451,2023-04-01
UK-03718,Elaris Moisturising Hand Wash,Elaris,200,400,Personal Care > Hand Wash,"wheat,milk,sesame,shellfish",3768352813729,2020-12-17
UK-03719,Elaris Deep Conditioner,Elaris,300,250,Personal Care > Conditioner,tree nuts,2170572677981,2020-03-01
UK-03720,Brightway Moisturising Body Wash,Brightway,50,150,Personal Care > Body Wash,,4330779001219,2022-01-16
UK-03721,Cristalix Oil Control Face Wash,Cristalix,500,500,Personal Care > Face Wash,"milk,tree nuts",5506271810638,2018-10-18
UK-03722,Vivara Eco Dish Liquid,Vivara,200,200,Household > Dishwash,"milk,fish,sesame,soy",6462906516513,2019-06-27
UK-03723,Verdant Fragrance-Free Hand Wash,Verdant,400,150,Personal Care > Hand Wash,"milk,peanuts,wheat",1415238778703,2018-04-21
UK-03724,Alteva Sensitive Skin Body Wash,Alteva,250,200,Personal Care > Body Wash,"milk,fish",9357633812359,2021-05-01
UK-03725,Gleam Mayonnaise,Gleam,150,300,Food & Beverage > Condiments,,6203760207076,2020-10-06
UK-03726,Cladis Kitchen Cleaner,Cladis,300,500,Household > Surface Cleaner,,3169760790464,2022-11-03
UK-03727,Qualis Moisturising Body Wash,Qualis,250,150,Personal Care > Body Wash,,9949344991616,2022-01-30
UK-03728,Kaleo Dish Liquid,Kaleo,500,400,Household > Dishwash,"sesame,wheat,fish,tree nuts",2255574194503,2023-11-06
UK-03729,Vanta Vinegar Dressing,Vanta,300,300,Food & Beverage > Condiments,,3634091616931,2019-05-21
UK-03730,TEST-Cristalix Oil Control Face Wash,Cristalix,300,150,Personal Care > Face Wash,"tree nuts,wheat",8043326444587,2019-01-26
UK-03731,Frosten Fragrance-Free Hand Wash,Frosten,200,300,Personal Care > Hand Wash,,5286815915677,2021-05-20
UK-03732,DUMMY-Teraxis Tomato Ketchup,Teraxis,400,200,Food & Beverage > Condiments,"eggs,shellfish,milk,soy",0812570602986,2019-11-10
UK-03733,Luxara Repair Conditioner,Luxara,750,400,Personal Care > Conditioner,,4706759650003,2020-01-18
UK-03734,Tolvex Colour Protect Shampoo,Tolvex,400,400,Personal Care > Shampoo,"peanuts,shellfish,milk",4860165612465,2022-08-14
UK-03735,Purelix Repair Conditioner,Purelix,750,250,Personal Care > Conditioner,,2516280261423,2019-09-16
UK-03736,Solaris Fabric Softener,Solaris,200,300,Household > Laundry,"shellfish,sesame,tree nuts,milk",3681948044638,2021-10-10
UK-03737,Vanta Vinegar Dressing,Vanta,50,100,Food & Beverage > Condiments,"wheat,eggs,shellfish",1411212905882,2023-08-24
UK-03738,Frosten Daily Moisturiser,Frosten,150,300,Personal Care > Moisturiser,fish,3134946078186,2019-10-18
UK-03739,Tresol Rinse Aid,Tresol,75,150,Household > Dishwash,"tree nuts,wheat,sesame,eggs",9311423115471,2023-01-26
UK-03740,Verdant Tomato Ketchup,Verdant,750,500,Food & Beverage > Condiments,"soy,eggs,wheat,milk",6053954328458,2018-11-10
UK-03741,Polvera Smooth & Shine Conditioner,Polvera,750,150,Personal Care > Conditioner,"shellfish,sesame,peanuts,eggs",1074914876425,2022-12-15
UK-03742,Zephyr Gentle Face Wash,Zephyr,750,100,Personal Care > Face Wash,,1887069832921,2021-01-17
UK-03743,Glova Moisturising Body Wash,Glova,300,100,Personal Care > Body Wash,"milk,eggs,fish,peanuts",0732819750776,2019-09-08
UK-03744,Luxara Colour Protect Shampoo,Luxara,750,50,Personal Care > Shampoo,"fish,tree nuts,milk",5655340026712,2022-08-15
UK-03745,Tresol Repair Shampoo,Tresol,400,400,Personal Care > Shampoo,"soy,tree nuts",4316118698142,2019-12-07
UK-03746,Primus Tomato Ketchup,Primus,250,100,Food & Beverage > Condiments,"soy,milk,sesame,wheat",4922946897611,2022-07-28
UK-03747,Glova Antibacterial Hand Wash,Glova,500,250,Personal Care > Hand Wash,"milk,gluten,eggs",0920737866550,2023-04-23
03748,Qualis Colour Protect Shampoo,Qualis,250,400,Personal Care > Shampoo,gluten,0341386517677,2020-07-31
UK-03749,Brightway Hot Chilli Sauce,Brightway,400,100,Food & Beverage > Condiments,"gluten,milk",6359312151004,2019-03-20
UK-03750,Frosten Smooth & Shine Conditioner,Frosten,500,100,Personal Care > Conditioner,"sesame,fish",1311035807717,2018-08-21
UK-03751,Nexpur Dish Liquid,Nexpur,50,200,Household > Dishwash,"gluten,soy",8795963845356,2021-02-02
UK-03752,Glova Aloe Hand Wash,Glova,750,300,Personal Care > Hand Wash,"wheat,soy,milk",0373637570810,2021-09-18
UK-03753,Hevara Colour Protect Shampoo,Hevara,50,400,Personal Care > Shampoo,"sesame,soy,gluten",6826144645570,2021-12-06
UK-03754,Oralix Gentle Face Wash,Oralix,50,100,Personal Care > Face Wash,"fish,sesame,shellfish",4275714891251,2021-12-03
UK-03755,Solven Smooth & Shine Conditioner,Solven,1000,300,Personal Care > Conditioner,"soy,shellfish",9447401586688,2021-03-03
UK-03756,Orinum Dishwasher Tablets,Orinum,100,250,Household > Dishwash,"tree nuts,wheat",8324023089128,2019-10-26
UK-03757,Elaris Oat Protein Bar,Elaris,150,400,Food & Beverage > Snacks,,5010239414290,2018-08-18
UK-03758,Frostine Sensitive Skin Body Wash,Frostine,50,75,Personal Care > Body Wash,"shellfish,peanuts,eggs",9283249511099,2022-10-14
UK-03759,Luminos Rice Cakes,Luminos,1000,100,Food & Beverage > Snacks,"gluten,eggs",1699347877629,2023-04-18
UK-03760,Orinum Intensive Moisturiser,Orinum,750,150,Personal Care > Moisturiser,,7217821927901,2018-08-16
UK-03761,Gleam Aloe Hand Wash,Gleam,200,300,Personal Care > Hand Wash,"wheat,sesame",7345763587317,2018-12-24
UK-03762,Vivara Volumising Shampoo,Vivara,200,100,Personal Care > Shampoo,"sesame,fish",7456443132816,2022-03-11
UK-03763,Serafix Antibacterial Hand Wash,Serafix,300,500,Personal Care > Hand Wash,soy,3290460846745,2018-05-18
UK-03764,TEST-Elaris Kitchen Cleaner,Elaris,500,50,Household > Surface Cleaner,,8799971790844,2018-11-30
UK-03765,Solaris 48hr Spray Deodorant,Solaris,400,75,Personal Care > Deodorant,,5275073613203,2021-05-29
UK-03766,Cristalix Deep Clean Body Wash,Cristalix,100,100,Personal Care > Body Wash,fish,2819799111303,2023-04-29
UK-03767,Motivo Exfoliating Face Scrub,Motivo,75,300,Personal Care > Face Wash,"eggs,shellfish,fish",9781626671416,2022-11-11
UK-03768,Purelix Laundry Powder,Purelix,1000,250,Household > Laundry,"shellfish,milk,sesame,soy",3212712151971,2018-03-19
UK-03769,Krisol Heavy Duty Dish Soap,Krisol,100,400,Household > Dishwash,eggs,6734992842679,2023-10-30
UK-03770,Orinum Antibacterial Hand Wash,Orinum,500,200,Personal Care > Hand Wash,,5485120612688,2023-05-05
UK-03771,Zephyr Exfoliating Face Scrub,Zephyr,75,200,Personal Care > Face Wash,"gluten,sesame",7715892781250,2023-09-04
UK-03772,Hevara Oil Control Face Wash,Hevara,750,75,Personal Care > Face Wash,"shellfish,soy,fish,peanuts",6421511261096,2018-09-29
UK-03773,Alteva Mixed Nuts Blend,Alteva,100,400,Food & Beverage > Snacks,"tree nuts,fish,gluten",3998376732649,2019-10-26
UK-03774,Arovia Foaming Hand Wash,Arovia,400,400,Personal Care > Hand Wash,milk,1423527943404,2023-02-18
UK-03775,Brightway Repair Shampoo,Brightway,400,300,Personal Care > Shampoo,"peanuts,shellfish,gluten",8605641310666,2022-05-31
UK-03776,Lumeva Refreshing Shower Gel,Lumeva,400,100,Personal Care > Body Wash,"peanuts,tree nuts,eggs,shellfish",5609901480680,2018-10-21
UK-03777,Teraxis Deep Clean Body Wash,Teraxis,8.45,250,Personal Care > Body Wash,,3632623750542,2020-05-08
UK-03778,Glicen Leave-In Conditioner,Glicen,300,50,Personal Care > Conditioner,shellfish,8462406837598,2020-11-26
UK-03779,Alteva Granola Bar,Alteva,400,50,Food & Beverage > Snacks,soy,0710564006744,2019-03-11
UK-03780,Motivo Whitening Deodorant,Motivo,400,250,Personal Care > Deodorant,peanuts,0874155075769,2020-11-25
UK-03781,Motivo Lightweight Lotion,Motivo,1000,150,Personal Care > Moisturiser,"wheat,eggs,peanuts,shellfish",1964240436540,2021-08-17
UK-03782,Purevex Colour Protect Shampoo,Purevex,300,50,Personal Care > Shampoo,,2226567992666,2019-07-05
UK-03783,Nuvelo Night Cream,Nuvelo,75,400,Personal Care > Moisturiser,"eggs,peanuts,milk,sesame",9658614692114,2020-06-29
UK-03784,Novix Hot Chilli Sauce,Novix,400,250,Food & Beverage > Condiments,"peanuts,eggs,wheat",2876704447186,2022-05-05
UK-03785,Polvera Rinse Aid,Polvera,75,150,Household > Dishwash,"milk,peanuts,gluten,sesame",0862835571427,2023-03-28
UK-03786,Aurova Sensitive Skin Body Wash,Aurova,75,75,Personal Care > Body Wash,eggs,2595353241265,2022-08-25
UK-03787,Polvera Moisturising Hand Wash,Polvera,50,300,Personal Care > Hand Wash,"tree nuts,fish,sesame,shellfish",0902885411110,2019-06-24
UK-03788,Zenpur Moisturising Body Wash,Zenpur,50,100,Personal Care > Body Wash,"eggs,tree nuts,sesame",4277141045283,2023-04-17
UK-03789,TEST-Glicen Fragrance-Free Hand Wash,Glicen,300,500,Personal Care > Hand Wash,"milk,gluten,peanuts,shellfish",5260518546413,2020-04-07
UK-03790,Arovia Kitchen Cleaner,Arovia,500,75,Household > Surface Cleaner,,2231448863669,2023-08-28
UK-03791,Aevum Refreshing Shower Gel,Aevum,250,250,Personal Care > Body Wash,"sesame,tree nuts",9975265700563,2019-07-26
UK-03792,Elaris Fabric Softener,Elaris,150,100,Household > Laundry,"milk,sesame,eggs,tree nuts",1609629395611,2020-03-08
UK-03793,Toreva Antibacterial Hand Wash,Toreva,75,50,Personal Care > Hand Wash,,3749212096988,2022-05-02
UK-03794,Nuarix Moisturising Body Wash,Nuarix,400,400,Personal Care > Body Wash,"shellfish,eggs",5556239476468,2018-09-15
UK-03795,Qualis Granola Bar,Qualis,400,500,Food & Beverage > Snacks,"gluten,milk",9519809599055,2022-03-21
UK-03796,Tresol Refreshing Shower Gel,Tresol,300,300,Personal Care > Body Wash,tree nuts,1031530870336,2018-01-04
UK-03797,Purelix Repair Conditioner,Purelix,400,400,Personal Care > Conditioner,"gluten,fish,shellfish",0641080910720,2022-11-13
UK-03798,Kaleo Kitchen Cleaner,Kaleo,200,500,Household > Surface Cleaner,"tree nuts,eggs",5703434917108,2018-08-05
UK-03799,Solaris Brightening Face Wash,Solaris,1000,50,Personal Care > Face Wash,"sesame,soy",3494374750635,2022-07-06
UK-03800,Aurova Fabric Softener,Aurova,750,100,Household > Laundry,"fish,soy,gluten,peanuts",3411525641659,2018-07-21
UK-03801,Aurova Fragrance-Free Hand Wash,Aurova,150,50,Personal Care > Hand Wash,"peanuts,milk",6965148268276,2019-08-02
UK-03802,Krisol Sensitive Deodorant,Krisol,150,150,Personal Care > Deodorant,,0922411771556,2020-02-26
UK-03803,TEST-Cristalix Foaming Hand Wash,Cristalix,75,400,Personal Care > Hand Wash,"wheat,eggs",1521926936093,2023-07-22
UK-03804,Serafix Deep Clean Body Wash,Serafix,750,250,Personal Care > Body Wash,"eggs,soy",1039868863594,2021-04-23
UK-03805,Plexum Volumising Shampoo,Plexum,50,400,Personal Care > Shampoo,"fish,shellfish",4537709642256,2022-08-22
UK-03806,Arovia Hydrating Face Wash,Arovia,250,75,Personal Care > Face Wash,"milk,soy,eggs",2191442381456,2021-02-03
UK-03807,Tresol Refreshing Shower Gel,Tresol,400,200,Personal Care > Body Wash,,5464225592279,2018-10-31
UK-03808,Teraxis Dishwasher Tablets,Teraxis,50,400,Household > Dishwash,"peanuts,eggs",1486297832842,2021-08-16
UK-03809,TEST-Glova Hydrating Face Wash,Glova,100,75,Personal Care > Face Wash,"fish,milk,peanuts",0098936870170,2019-08-17
03810,Nuarix Anti-Dandruff Shampoo,Nuarix,75,500,Personal Care > Shampoo,"shellfish,peanuts",4000543122265,2021-05-10
UK-03811,Plexum Dishwasher Tablets,Plexum,100,400,Household > Dishwash,peanuts,4503893476496,2021-08-06
UK-03812,Brightway Leave-In Conditioner,Brightway,250,150,Personal Care > Conditioner,"shellfish,peanuts,wheat",2671648435141,2022-01-11
03813,Tresol Intensive Moisturiser,Tresol,300,50,Personal Care > Moisturiser,"tree nuts,soy",8555885991896,2018-09-13
UK-03814,TEST-Velaris Brightening Face Wash,Velaris,400,200,Personal Care > Face Wash,"gluten,tree nuts",8539111308320,2018-12-02
UK-03815,Arovia Deep Conditioner,Arovia,300,75,Personal Care > Conditioner,"fish,wheat,tree nuts",1973102983313,2019-08-11
UK-03816,Brightway Fragrance-Free Hand Wash,Brightway,1000,500,Personal Care > Hand Wash,,0074988871051,2020-11-13
UK-03817,Vanta Fabric Softener,Vanta,200,150,Household > Laundry,"milk,gluten,fish,soy",6581539362233,2020-09-13
UK-03818,Motivo Dishwasher Tablets,Motivo,200,300,Household > Dishwash,"tree nuts,peanuts,sesame,soy",5920548885073,2020-05-19
03819,Cryston Repair Conditioner,Cryston,750,75,Personal Care > Conditioner,"wheat,milk,shellfish",7269252320998,2022-07-17
UK-03820,Orinum Moisturising Hand Wash,Orinum,100,250,Personal Care > Hand Wash,,7012008407586,2023-09-28
UK-03821,Brightway Leave-In Conditioner,Brightway,400,100,Personal Care > Conditioner,"sesame,tree nuts",9931785878731,2021-01-23
UK-03822,Plexum Nourishing Body Cleanser,Plexum,500,300,Personal Care > Body Wash,"fish,shellfish,sesame",0373796728039,2022-08-02
UK-03823,Hevara Multi-Surface Spray,Hevara,750,200,Household > Surface Cleaner,"tree nuts,milk,eggs",2357822394977,2018-05-30
UK-03824,Frostine Laundry Powder,Frostine,50,300,Household > Laundry,fish,2953644148776,2022-12-08
UK-03825,Qualis Mustard Sauce,Qualis,750,200,Food & Beverage > Condiments,,8836808988095,2020-03-01
03826,Orinum Deep Conditioner,Orinum,750,300,Personal Care > Conditioner,"peanuts,sesame",1755253912554,2019-07-22
UK-03827,Luminos 24hr Roll-On Deodorant,Luminos,150,50,Personal Care > Deodorant,"gluten,shellfish,soy,tree nuts",7602787033214,2021-10-19
UK-03828,Teraxis Laundry Powder,Teraxis,300,150,Household > Laundry,,3928586743609,2021-04-10
UK-03829,Alteva Stain Remover,Alteva,500,150,Household > Laundry,fish,2817506094710,2023-12-29
UK-03830,Zephyr Stain Remover,Zephyr,1000,300,Household > Laundry,"tree nuts,eggs,soy,milk",9142967307462,2022-05-13
UK-03831,Novix Mixed Nuts Blend,Novix,300,200,Food & Beverage > Snacks,"eggs,milk,shellfish",8127794917658,2021-08-03
03832,Luxara Stain Remover,Luxara,500,100,Household > Laundry,gluten,1627049141854,2022-09-01
UK-03833,Cristalix Leave-In Conditioner,Cristalix,150,500,Personal Care > Conditioner,eggs,6729003724709,2020-11-07
UK-03834,Zenpur Colour Protect Shampoo,Zenpur,75,150,Personal Care > Shampoo,,7455290035929,2018-03-24
UK-03835,Gleam Sensitive Deodorant,Gleam,50,500,Personal Care > Deodorant,gluten,2263030783710,2022-08-05
UK-03836,Glicen Night Cream,Glicen,750,200,Personal Care > Moisturiser,"eggs,wheat,tree nuts",7981233160309,2020-01-28
UK-03837,Cladis Mustard Sauce,Cladis,150,75,Food & Beverage > Condiments,,4021530804025,2023-02-24
UK-03838,Cryston Antibacterial Hand Wash,Cryston,400,500,Personal Care > Hand Wash,,2893323454227,2020-04-21
UK-03839,Tolvex Tomato Ketchup,Tolvex,400,400,Food & Beverage > Condiments,"eggs,fish,wheat,sesame",1427656570760,2019-09-10
UK-03840,Glova Anti-Dandruff Shampoo,Glova,300,150,Personal Care > Shampoo,"milk,wheat",1421061141065,2021-03-05
UK-03841,DUMMY-Primus Sport Deodorant,Primus,100,50,Personal Care > Deodorant,,9412445161948,2022-07-28
UK-03842,Cryston 48hr Spray Deodorant,Cryston,50,100,Personal Care > Deodorant,sesame,7983232367703,2022-02-27
UK-03843,Brightway Brightening Face Wash,Brightway,250,75,Personal Care > Face Wash,"milk,eggs,soy",5881215552486,2020-10-19
UK-03844,Velaris Sensitive Skin Body Wash,Velaris,75,150,Personal Care > Body Wash,,1618804112127,2022-04-27
UK-03845,Frosten Hydrating Shampoo,Frosten,1000,50,Personal Care > Shampoo,"eggs,milk,wheat",9674697780340,2020-03-07
UK-03846,Plexum Repair Shampoo,Plexum,750,150,Personal Care > Shampoo,"sesame,soy",5574908574710,2023-07-05
UK-03847,Toreva Multi-Surface Spray,Toreva,250,300,Household > Surface Cleaner,"sesame,fish",4322469631813,2021-08-25
UK-03848,Lumeva Stain Remover,Lumeva,300,50,Household > Laundry,"gluten,soy,wheat,sesame",3430926204829,2020-10-27
UK-03849,Zenpur Moisturising Body Wash,Zenpur,100,75,Personal Care > Body Wash,"soy,sesame,eggs",0189733247156,2019-10-28
UK-03850,Frosten Whitening Deodorant,Frosten,750,300,Personal Care > Deodorant,"soy,milk,gluten",1697281885847,2018-06-02
UK-03851,Elaris Kitchen Cleaner,Elaris,150,75,Household > Surface Cleaner,"milk,sesame,tree nuts,shellfish",7346986758973,2018-09-06
UK-03852,Hevara Anti-Dandruff Shampoo,Hevara,200,100,Personal Care > Shampoo,shellfish,0955772005367,2023-11-20
UK-03853,Oralix Oat Protein Bar,Oralix,500,300,Food & Beverage > Snacks,"soy,tree nuts",3820187767124,2021-01-06
UK-03854,Glicen Mustard Sauce,Glicen,75,75,Food & Beverage > Condiments,"soy,milk",9127073662063,2019-09-12
UK-03855,Verdant Kitchen Cleaner,Verdant,200,400,Household > Surface Cleaner,,9967450716237,2019-09-28
UK-03856,Sovara 48hr Spray Deodorant,Sovara,1000,250,Personal Care > Deodorant,"tree nuts,shellfish",5768112005652,2021-07-20
UK-03857,Oralix 48hr Spray Deodorant,Oralix,1000,200,Personal Care > Deodorant,,7439387270752,2020-05-29
UK-03858,Lumeva Brightening Face Wash,Lumeva,1000,100,Personal Care > Face Wash,"wheat,soy",8448232890174,2018-09-14
UK-03859,Serafix Deep Clean Body Wash,Serafix,400,500,Personal Care > Body Wash,,1868938395433,2021-02-08
UK-03860,Arovia Mustard Sauce,Arovia,400,75,Food & Beverage > Condiments,sesame,4038405887045,2019-01-15
UK-03861,Glova Dishwasher Tablets,Glova,500,400,Household > Dishwash,wheat,3351950962335,2021-06-02
UK-03862,Solvix Daily Moisturiser,Solvix,250,150,Personal Care > Moisturiser,"gluten,sesame,soy,eggs",3378733580586,2019-10-24
UK-03863,Alteva Eco Dish Liquid,Alteva,750,250,Household > Dishwash,"sesame,eggs,peanuts,shellfish",8059515567463,2021-05-17
UK-03864,Cryston Leave-In Conditioner,Cryston,150,50,Personal Care > Conditioner,,6364704870425,2023-12-13
UK-03865,Nuvelo Tomato Ketchup,Nuvelo,1000,500,Food & Beverage > Condiments,"eggs,wheat,peanuts,tree nuts",4763377993806,2020-11-07
UK-03866,Glova Multi-Surface Spray,Glova,150,50,Household > Surface Cleaner,shellfish,6049191799700,2021-09-20
UK-03867,Solvix Disinfectant Spray,Solvix,400,150,Household > Surface Cleaner,,0802713622551,2023-06-15
UK-03868,Purevex Fabric Softener,Purevex,750,50,Household > Laundry,wheat,2211388691867,2022-11-11
UK-03869,DUMMY-Zephyr Deep Clean Body Wash,Zephyr,750,200,Personal Care > Body Wash,,9572416858458,2020-05-04
UK-03870,Clarity Rice Cakes,Clarity,500,75,Food & Beverage > Snacks,,5340534749231,2018-06-20
UK-03871,Purevex Vinegar Dressing,Purevex,50,400,Food & Beverage > Condiments,"gluten,soy,peanuts,wheat",6513907267451,2020-10-17
UK-03872,Lumeva Mixed Nuts Blend,Lumeva,300,100,Food & Beverage > Snacks,"gluten,eggs",7802715227375,2019-10-23
03873,Purelix Mixed Nuts Blend,Purelix,150,500,Food & Beverage > Snacks,"eggs,shellfish,gluten",6813835817811,2018-04-30
UK-03874,Frostine 48hr Spray Deodorant,Frostine,1000,250,Personal Care > Deodorant,,3578354211351,2023-04-24
UK-03875,Helix Heavy Duty Dish Soap,Helix,200,200,Household > Dishwash,"milk,gluten",5799798431527,2019-10-29
UK-03876,Helix Disinfectant Spray,Helix,75,50,Household > Surface Cleaner,"peanuts,fish,tree nuts",5065302006865,2021-11-22
UK-03877,Serafix Mayonnaise,Serafix,100,50,Food & Beverage > Condiments,"wheat,milk",4224704284856,2018-07-18
UK-03878,Cladis Volumising Shampoo,Cladis,400,100,Personal Care > Shampoo,"tree nuts,milk",8932008587523,2018-09-23
UK-03879,Nexpur Dishwasher Tablets,Nexpur,300,200,Household > Dishwash,"fish,peanuts",3102912097653,2023-10-30
UK-03880,Solaris Brightening Face Wash,Solaris,75,400,Personal Care > Face Wash,"fish,wheat,milk,peanuts",9279979348326,2020-10-30
UK-03881,Solaris Liquid Laundry Detergent,Solaris,200,100,Household > Laundry,"sesame,milk,eggs",7501775475039,2018-11-08
UK-03882,Glova Aloe Hand Wash,Glova,250,400,Personal Care > Hand Wash,fish,6409680120031,2018-03-26
UK-03883,Nuarix Liquid Laundry Detergent,Nuarix,750,400,Household > Laundry,,4765954408888,2023-08-13
UK-03884,Serafix 24hr Roll-On Deodorant,Serafix,400,100,Personal Care > Deodorant,,9304180848294,2022-07-29
UK-03885,Purelix Nourishing Body Cleanser,Purelix,100,50,Personal Care > Body Wash,"shellfish,soy,peanuts,eggs",2215634397688,2019-08-08
UK-03886,Tresol Mustard Sauce,Tresol,150,500,Food & Beverage > Condiments,,5474329955757,2021-07-05
UK-03887,Plexum Hydrating Face Wash,Plexum,250,50,Personal Care > Face Wash,"tree nuts,peanuts,eggs",3907443297929,2018-01-11
UK-03888,Kaleo Leave-In Conditioner,Kaleo,75,100,Personal Care > Conditioner,shellfish,0322888970269,2018-05-05
UK-03889,Tresol Nourishing Body Cleanser,Tresol,50,300,Personal Care > Body Wash,,0841069777539,2019-07-26
UK-03890,Cladis Hydrating Face Wash,Cladis,150,400,Personal Care > Face Wash,"soy,fish,peanuts",2178572280439,2022-06-11
UK-03891,Orinum Dish Liquid,Orinum,200,100,Household > Dishwash,sesame,0869191809812,2023-04-28
03892,Qualis SPF Moisturiser,Qualis,100,400,Personal Care > Moisturiser,"soy,shellfish",0041023362867,2021-03-19
UK-03893,Cladis Hydrating Shampoo,Cladis,750,100,Personal Care > Shampoo,"shellfish,milk,soy",8931364903657,2023-01-20
UK-03894,Alteva Repair Shampoo,Alteva,500,400,Personal Care > Shampoo,gluten,3190101855405,2022-03-16
UK-03895,Elaris Bathroom Cleaner,Elaris,500,400,Household > Surface Cleaner,,3817174749072,2020-01-18
UK-03896,Alteva Oil Control Face Wash,Alteva,250,150,Personal Care > Face Wash,shellfish,3623057620723,2022-04-30
UK-03897,Cristalix Aloe Hand Wash,Cristalix,75,500,Personal Care > Hand Wash,"sesame,tree nuts",2186253956399,2020-12-16
UK-03898,Solaris Vinegar Dressing,Solaris,200,100,Food & Beverage > Condiments,peanuts,3490934269265,2020-06-26
UK-03899,Frostine SPF Moisturiser,Frostine,500,150,Personal Care > Moisturiser,,4105458960190,2020-07-12
UK-03900,Solaris Hot Chilli Sauce,Solaris,100,500,Food & Beverage > Condiments,"shellfish,tree nuts,fish",6807345710717,2023-02-20
UK-03901,Purelix Liquid Laundry Detergent,Purelix,250,250,Household > Laundry,,2647223146429,2018-07-08
UK-03902,Orinum Deep Conditioner,Orinum,300,250,Personal Care > Conditioner,"gluten,fish,sesame",7581343447767,2019-11-21
UK-03903,Hevara Exfoliating Face Scrub,Hevara,750,300,Personal Care > Face Wash,"soy,shellfish,fish",1204597767400,2020-10-31
UK-03904,Luminos Rinse Aid,Luminos,300,100,Household > Dishwash,"eggs,gluten",1556529278134,2022-07-18
UK-03905,Solvix Repair Conditioner,Solvix,500,50,Personal Care > Conditioner,"fish,shellfish",7933839502786,2022-05-02
UK-03906,Solvix Mayonnaise,Solvix,300,150,Food & Beverage > Condiments,,4135039785140,2018-10-18
UK-03907,Purevex Deep Conditioner,Purevex,75,50,Personal Care > Conditioner,"shellfish,gluten,soy",6852374761155,2021-11-02
UK-03908,Frosten Fabric Softener,Frosten,1000,400,Household > Laundry,sesame,4008110521244,2018-03-27
UK-03909,Sovara Hot Chilli Sauce,Sovara,300,400,Food & Beverage > Condiments,"fish,eggs,gluten,shellfish",6453383733104,2022-12-03
UK-03910,Orinum Mustard Sauce,Orinum,300,50,Food & Beverage > Condiments,eggs,0777353396417,2021-01-11
UK-03911,Nexpur Daily Moisturiser,Nexpur,400,250,Personal Care > Moisturiser,"gluten,sesame,milk",2720993525127,2018-01-04
UK-03912,Cryston Eco Dish Liquid,Cryston,250,250,Household > Dishwash,"fish,shellfish",0047587012804,2023-02-23
03913,Nuvelo Refreshing Shower Gel,Nuvelo,75,75,Personal Care > Body Wash,"soy,sesame,fish",1010830153523,2023-01-13
UK-03914,Vanta Liquid Laundry Detergent,Vanta,250,300,Household > Laundry,,8863841962843,2019-03-10
UK-03915,Verdant Rinse Aid,Verdant,400,200,Household > Dishwash,"gluten,milk,tree nuts",7923218395764,2021-11-11
UK-03916,Aevum Hydrating Face Wash,Aevum,150,150,Personal Care > Face Wash,"fish,wheat",4195178631890,2020-01-06
UK-03917,Motivo Disinfectant Spray,Motivo,750,500,Household > Surface Cleaner,"fish,sesame",7967379956884,2018-05-14
03918,Toreva Oat Protein Bar,Toreva,750,300,Food & Beverage > Snacks,"tree nuts,wheat,eggs",6348786480109,2021-09-12
UK-03919,Primus Hydrating Shampoo,Primus,200,100,Personal Care > Shampoo,"peanuts,eggs,milk",2205835957880,2018-03-29
UK-03920,Plexum Oat Protein Bar,Plexum,250,100,Food & Beverage > Snacks,"wheat,shellfish,soy",8276067062509,2018-11-26
UK-03921,TEST-Glicen Hot Chilli Sauce,Glicen,1000,100,Food & Beverage > Condiments,"eggs,gluten,milk",9560699323237,2022-11-02
UK-03922,Cladis Kitchen Cleaner,Cladis,250,200,Household > Surface Cleaner,,1973111202726,2019-12-30
UK-03923,Cristalix Repair Shampoo,Cristalix,75,400,Personal Care > Shampoo,"eggs,soy",8927334095866,2020-09-28
UK-03924,Sovara Sport Deodorant,Sovara,750,100,Personal Care > Deodorant,wheat,6624299663902,2023-01-11
UK-03925,Polvera Night Cream,Polvera,300,300,Personal Care > Moisturiser,soy,8912280023704,2022-08-07
UK-03926,Arovia Sensitive Skin Body Wash,Arovia,1000,150,Personal Care > Body Wash,,4173361239337,2019-01-08
UK-03927,Verdant Stain Remover,Verdant,250,200,Household > Laundry,"shellfish,tree nuts,eggs,sesame",5238589725068,2023-02-15
UK-03928,Plexum Salted Crackers,Plexum,100,100,Food & Beverage > Snacks,shellfish,0903134644396,2018-02-10
UK-03929,Qualis Salted Crackers,Qualis,1000,150,Food & Beverage > Snacks,gluten,5833265090128,2023-12-02
UK-03930,Frostine Colour Protect Shampoo,Frostine,33.81,500,Personal Care > Shampoo,"soy,fish,peanuts,wheat",9030067991349,2022-07-31
UK-03931,Motivo Liquid Laundry Detergent,Motivo,1000,50,Household > Laundry,"tree nuts,fish,eggs",2174726723401,2022-11-14
UK-03932,Hevara Stain Remover,Hevara,400,400,Household > Laundry,shellfish,5386689707344,2019-05-28
UK-03933,Luminos Colour Protect Shampoo,Luminos,500,150,Personal Care > Shampoo,,6982379953429,2018-04-30
UK-03934,Cladis Sensitive Deodorant,Cladis,500,50,Personal Care > Deodorant,"soy,tree nuts,wheat",6756529805308,2020-03-07
UK-03935,Zephyr Antibacterial Hand Wash,Zephyr,50,200,Personal Care > Hand Wash,"milk,tree nuts,eggs",0019950098722,2022-06-08
UK-03936,TEST-Brightway Intensive Moisturiser,Brightway,400,75,Personal Care > Moisturiser,"shellfish,tree nuts,wheat",0593541572391,2023-07-25
UK-03937,Verdant Night Cream,Verdant,400,200,Personal Care > Moisturiser,tree nuts,8919959746513,2023-12-22
UK-03938,Solvix Intensive Moisturiser,Solvix,250,300,Personal Care > Moisturiser,eggs,6032888948970,2021-05-25
UK-03939,Tresol Repair Shampoo,Tresol,300,150,Personal Care > Shampoo,"wheat,sesame",8280823143029,2021-12-01
UK-03940,Zephyr Deep Conditioner,Zephyr,1000,100,Personal Care > Conditioner,"sesame,milk,peanuts,eggs",6980878253460,2023-07-22
UK-03941,Frosten Tomato Ketchup,Frosten,750,400,Food & Beverage > Condiments,"tree nuts,milk,fish,sesame",6131217888816,2022-11-15
UK-03942,Cladis Mayonnaise,Cladis,300,300,Food & Beverage > Condiments,"sesame,shellfish,peanuts,fish",2233844461173,2021-07-22
UK-03943,Glicen Lightweight Lotion,Glicen,250,400,Personal Care > Moisturiser,,1704944153615,2020-11-21
UK-03944,Solvix 24hr Roll-On Deodorant,Solvix,1000,500,Personal Care > Deodorant,eggs,3218167049153,2022-05-30
UK-03945,Oralix Hydrating Shampoo,Oralix,400,100,Personal Care > Shampoo,"milk,shellfish,fish",8516406400587,2021-03-25
UK-03946,Solven SPF Moisturiser,Solven,100,500,Personal Care > Moisturiser,shellfish,2942898116648,2023-05-03
UK-03947,Alteva Repair Conditioner,Alteva,150,100,Personal Care > Conditioner,"gluten,tree nuts",7485913375996,2020-03-23
UK-03948,Vivara Brightening Face Wash,Vivara,500,100,Personal Care > Face Wash,sesame,8187169467560,2019-07-11
UK-03949,Frostine Dishwasher Tablets,Frostine,1000,400,Household > Dishwash,"sesame,milk,shellfish",2579751315469,2020-02-08
UK-03950,Gleam Foaming Hand Wash,Gleam,300,100,Personal Care > Hand Wash,,3606294944722,2023-08-05
UK-03951,Zenpur Repair Conditioner,Zenpur,250,400,Personal Care > Conditioner,"gluten,sesame,shellfish",5119489333631,2022-11-03
UK-03952,Frostine Moisturising Body Wash,Frostine,200,400,Personal Care > Body Wash,,5997719445954,2022-05-28
UK-03953,Vanta Anti-Dandruff Shampoo,Vanta,750,400,Personal Care > Shampoo,"peanuts,eggs,gluten",1264053529324,2019-07-07
UK-03954,Frosten Glass Cleaner,Frosten,400,150,Household > Surface Cleaner,,5721864532616,2022-07-05
UK-03955,Cryston Dish Liquid,Cryston,200,150,Household > Dishwash,"peanuts,tree nuts,wheat,eggs",7918055470064,2023-12-08
UK-03956,Hevara Kitchen Cleaner,Hevara,50,100,Household > Surface Cleaner,"fish,wheat,milk,gluten",5633640976289,2019-10-22
03957,Polvera Multi-Surface Spray,Polvera,100,500,Household > Surface Cleaner,"wheat,fish,soy,milk",0968725407743,2023-12-11
UK-03958,Purelix Salted Crackers,Purelix,500,100,Food & Beverage > Snacks,,4328127731772,2021-04-27
UK-03959,Solvix Mayonnaise,Solvix,400,500,Food & Beverage > Condiments,"peanuts,soy,shellfish,gluten",8724275814064,2021-09-04
UK-03960,Novix Nourishing Body Cleanser,Novix,50,250,Personal Care > Body Wash,eggs,6470594887532,2021-01-12
UK-03961,Gleam Deep Clean Body Wash,Gleam,1000,150,Personal Care > Body Wash,sesame,4568893228179,2018-12-23
UK-03962,Kaleo Sensitive Skin Body Wash,Kaleo,100,500,Personal Care > Body Wash,,9403349775935,2020-05-14
UK-03963,Arovia Foaming Hand Wash,Arovia,500,150,Personal Care > Hand Wash,"sesame,gluten",4549086781381,2019-07-31
UK-03964,Hevara Gentle Face Wash,Hevara,75,300,Personal Care > Face Wash,"fish,peanuts,shellfish",5833566388283,2019-11-09
UK-03965,Zephyr Volumising Conditioner,Zephyr,300,400,Personal Care > Conditioner,"shellfish,gluten,soy",0842985077024,2020-05-19
UK-03966,Helix Aloe Hand Wash,Helix,1000,50,Personal Care > Hand Wash,"fish,soy",6320154612145,2019-01-08
03967,Teraxis Mixed Nuts Blend,Teraxis,100,500,Food & Beverage > Snacks,"shellfish,soy,eggs",9419492651187,2021-09-18
UK-03968,Oralix Oat Protein Bar,Oralix,100,50,Food & Beverage > Snacks,soy,1521809612496,2019-09-25
UK-03969,Luxara Moisturising Body Wash,Luxara,200,150,Personal Care > Body Wash,"gluten,shellfish",3098065727380,2018-07-15
UK-03970,Nuarix Repair Shampoo,Nuarix,250,500,Personal Care > Shampoo,"tree nuts,fish",3245405360657,2022-09-25
UK-03971,Krisol Liquid Laundry Detergent,Krisol,8.45,200,Household > Laundry,,9852177296226,2020-01-31
UK-03972,Tolvex Brightening Face Wash,Tolvex,300,400,Personal Care > Face Wash,,8446173274305,2022-12-24
UK-03973,Orinum Foaming Hand Wash,Orinum,1000,200,Personal Care > Hand Wash,,0184766995357,2022-03-20
UK-03974,Helix Deep Clean Body Wash,Helix,100,200,Personal Care > Body Wash,,8476520562243,2023-02-03
UK-03975,Oralix Colour Protect Shampoo,Oralix,150,500,Personal Care > Shampoo,"eggs,peanuts,soy,shellfish",1045826096003,2023-02-07
UK-03976,Cryston 24hr Roll-On Deodorant,Cryston,750,400,Personal Care > Deodorant,"wheat,gluten",1780667748185,2020-03-30
UK-03977,Cladis Moisturising Body Wash,Cladis,150,300,Personal Care > Body Wash,"peanuts,wheat,fish,eggs",3618913559651,2023-02-17
UK-03978,Brightway Volumising Conditioner,Brightway,500,400,Personal Care > Conditioner,"eggs,sesame,peanuts,tree nuts",1476238026706,2021-03-31
UK-03979,Luxara Antibacterial Hand Wash,Luxara,300,400,Personal Care > Hand Wash,"eggs,fish,peanuts",1814604991294,2020-06-29
UK-03980,Arovia Moisturising Hand Wash,Arovia,100,100,Personal Care > Hand Wash,"milk,wheat,shellfish,peanuts",8013472096732,2022-09-25
UK-03981,Zenpur Foaming Hand Wash,Zenpur,75,300,Personal Care > Hand Wash,"soy,shellfish",6703927499141,2020-08-07
UK-03982,Lumeva Laundry Powder,Lumeva,13.53,250,Household > Laundry,,5308336014674,2019-04-04
UK-03983,Helix 24hr Roll-On Deodorant,Helix,1000,500,Personal Care > Deodorant,"sesame,gluten,wheat,soy",0322489136040,2020-03-10
UK-03984,Zenpur Bathroom Cleaner,Zenpur,250,400,Household > Surface Cleaner,"fish,soy,peanuts",0819275848275,2022-12-11
UK-03985,Frostine Whitening Deodorant,Frostine,400,100,Personal Care > Deodorant,shellfish,0192467595790,2022-04-18
03986,Velaris Oil Control Face Wash,Velaris,75,75,Personal Care > Face Wash,"soy,tree nuts,eggs,fish",7087165081702,2020-04-14
03987,Cladis Hot Chilli Sauce,Cladis,75,150,Food & Beverage > Condiments,"wheat,peanuts",2816945384550,2021-05-03
UK-03988,Tresol Volumising Conditioner,Tresol,200,200,Personal Care > Conditioner,"tree nuts,soy,shellfish",9201482923790,2020-01-08
UK-03989,Glicen Whitening Deodorant,Glicen,1000,300,Personal Care > Deodorant,"fish,tree nuts,milk,soy",6011655865115,2021-11-19
UK-03990,Toreva Refreshing Shower Gel,Toreva,250,250,Personal Care > Body Wash,"eggs,sesame,milk,tree nuts",0660567721369,2018-03-14
UK-03991,Nuvelo Sensitive Skin Body Wash,Nuvelo,150,500,Personal Care > Body Wash,,0639937823699,2019-04-13
UK-03992,Solvix Sensitive Skin Body Wash,Solvix,750,400,Personal Care > Body Wash,"shellfish,wheat,eggs,peanuts",1630916516808,2018-05-08
UK-03993,Kaleo Intensive Moisturiser,Kaleo,75,250,Personal Care > Moisturiser,tree nuts,7009358717021,2018-02-10
UK-03994,Toreva Nourishing Body Cleanser,Toreva,1000,250,Personal Care > Body Wash,,1878900529940,2019-08-15
UK-03995,Zenpur Oil Control Face Wash,Zenpur,250,200,Personal Care > Face Wash,soy,4923212430259,2023-10-12
UK-03996,Cristalix Mayonnaise,Cristalix,50,150,Food & Beverage > Condiments,"eggs,soy,wheat",2769047447305,2023-10-05
UK-03997,Luminos Hydrating Shampoo,Luminos,400,500,Personal Care > Shampoo,,8766784533432,2020-09-19
UK-03998,Primus Sensitive Deodorant,Primus,200,150,Personal Care > Deodorant,"milk,eggs,sesame",8033613637501,2022-09-23
UK-03999,DUMMY-Oralix Nourishing Body Cleanser,Oralix,150,150,Personal Care > Body Wash,"eggs,gluten",6378457362533,2018-02-22
UK-04000,Polvera Brightening Face Wash,Polvera,1000,100,Personal Care > Face Wash,"milk,wheat,shellfish",3226992728709,2019-06-17
UK-04001,Frostine Smooth & Shine Conditioner,Frostine,50,50,Personal Care > Conditioner,"shellfish,tree nuts,eggs,fish",1029394099659,2022-09-09
UK-04002,Clarity Disinfectant Spray,Clarity,250,300,Household > Surface Cleaner,"tree nuts,sesame",1713032928448,2019-12-13
UK-04003,Solven Mixed Nuts Blend,Solven,150,500,Food & Beverage > Snacks,"soy,gluten",2133000429569,2018-01-06
UK-04004,Krisol Gentle Face Wash,Krisol,100,150,Personal Care > Face Wash,,9587202075209,2018-03-23
UK-04005,Toreva Mixed Nuts Blend,Toreva,250,300,Food & Beverage > Snacks,"soy,eggs,fish,milk",6231438744370,2020-10-02
04006,Plexum Nourishing Body Cleanser,Plexum,250,300,Personal Care > Body Wash,shellfish,6300976325270,2020-09-27
UK-04007,Motivo Heavy Duty Dish Soap,Motivo,400,200,Household > Dishwash,"sesame,eggs,soy,peanuts",1420375694144,2020-10-13
UK-04008,Luminos Anti-Dandruff Shampoo,Luminos,75,150,Personal Care > Shampoo,"sesame,gluten,shellfish,tree nuts",8429533718947,2020-02-07
UK-04009,Zephyr Fabric Softener,Zephyr,500,500,Household > Laundry,"tree nuts,fish,soy,peanuts",0285212004163,2020-12-29
UK-04010,Hevara Fabric Softener,Hevara,75,250,Household > Laundry,"gluten,fish",4870321870394,2022-02-12
UK-04011,Glicen Salted Crackers,Glicen,1000,500,Food & Beverage > Snacks,"sesame,gluten,peanuts,eggs",3594021698065,2018-10-12
04012,Teraxis Brightening Face Wash,Teraxis,300,150,Personal Care > Face Wash,"wheat,gluten,peanuts",4626556157720,2020-07-27
UK-04013,Helix Sport Deodorant,Helix,400,100,Personal Care > Deodorant,"peanuts,sesame,gluten",7927059944617,2023-01-17
UK-04014,Plexum Brightening Face Wash,Plexum,300,50,Personal Care > Face Wash,"sesame,peanuts,gluten",7067409126024,2023-09-09
UK-04015,Luminos Multi-Surface Spray,Luminos,400,75,Household > Surface Cleaner,,0648023258697,2023-09-20
UK-04016,Arovia Moisturising Body Wash,Arovia,500,500,Personal Care > Body Wash,,4848946541128,2021-02-09
UK-04017,Brightway Mixed Nuts Blend,Brightway,750,300,Food & Beverage > Snacks,,6913821729521,2018-11-14
UK-04018,Sovara Laundry Capsules,Sovara,400,500,Household > Laundry,soy,9675676594866,2020-07-07
UK-04019,Velaris Disinfectant Spray,Velaris,1000,500,Household > Surface Cleaner,"tree nuts,shellfish",1189724818708,2022-11-11
UK-04020,Velaris Oil Control Face Wash,Velaris,1000,500,Personal Care > Face Wash,"peanuts,shellfish,wheat",6732681361593,2020-06-29
UK-04021,Oralix Fragrance-Free Hand Wash,Oralix,400,300,Personal Care > Hand Wash,milk,2820749596248,2018-12-31
UK-04022,Arovia Mayonnaise,Arovia,100,200,Food & Beverage > Condiments,"gluten,eggs",2314142158252,2020-11-11
UK-04023,Verdant 24hr Roll-On Deodorant,Verdant,150,200,Personal Care > Deodorant,sesame,2500869920511,2018-09-03
UK-04024,Nuarix Brightening Face Wash,Nuarix,75,250,Personal Care > Face Wash,"peanuts,wheat,soy,sesame",9428352706073,2023-05-30
UK-04025,Nuvelo Tomato Ketchup,Nuvelo,750,400,Food & Beverage > Condiments,"peanuts,wheat,soy",6917032422349,2018-10-12
UK-04026,Frosten Glass Cleaner,Frosten,100,75,Household > Surface Cleaner,,7005245960907,2019-01-23
UK-04027,Glova Volumising Conditioner,Glova,400,100,Personal Care > Conditioner,,9840270943154,2019-11-28
UK-04028,Krisol Hydrating Shampoo,Krisol,750,400,Personal Care > Shampoo,,7862561563683,2022-06-21
UK-04029,Teraxis Intensive Moisturiser,Teraxis,1000,250,Personal Care > Moisturiser,,4569606285366,2023-06-22
UK-04030,Nexpur Lightweight Lotion,Nexpur,500,75,Personal Care > Moisturiser,"shellfish,eggs,sesame,fish",3635431331125,2023-06-27
UK-04031,Sovara Salted Crackers,Sovara,200,250,Food & Beverage > Snacks,"shellfish,sesame",3990497910302,2020-05-09
UK-04032,Frosten Exfoliating Face Scrub,Frosten,750,75,Personal Care > Face Wash,"eggs,sesame,tree nuts",0297670644096,2020-05-09
UK-04033,Velaris Nourishing Body Cleanser,Velaris,400,300,Personal Care > Body Wash,,4069260054280,2022-08-24
UK-04034,Solaris Brightening Face Wash,Solaris,200,50,Personal Care > Face Wash,"sesame,tree nuts,eggs,soy",4444138825825,2020-10-02
UK-04035,Qualis Mustard Sauce,Qualis,100,300,Food & Beverage > Condiments,shellfish,3380617799892,2018-07-03
UK-04036,Novix Night Cream,Novix,75,50,Personal Care > Moisturiser,,6310595076149,2018-01-20
UK-04037,Primus Mustard Sauce,Primus,300,500,Food & Beverage > Condiments,"eggs,fish,milk",7338210920096,2019-03-17
UK-04038,Aevum Anti-Dandruff Shampoo,Aevum,500,100,Personal Care > Shampoo,,6850989479397,2023-11-04
UK-04039,Polvera Mayonnaise,Polvera,300,200,Food & Beverage > Condiments,"gluten,milk,fish",1096033822381,2019-11-11
UK-04040,Vivara Leave-In Conditioner,Vivara,150,400,Personal Care > Conditioner,"tree nuts,shellfish",2705925018878,2019-09-14
UK-04041,Lumeva Deep Clean Body Wash,Lumeva,300,250,Personal Care > Body Wash,"shellfish,fish,gluten",7887130848398,2023-07-27
UK-04042,Vanta Deep Conditioner,Vanta,300,300,Personal Care > Conditioner,wheat,9568986574898,2020-09-19
UK-04043,Teraxis Foaming Hand Wash,Teraxis,50,300,Personal Care > Hand Wash,,9750038140438,2018-01-11
UK-04044,Aurova Anti-Dandruff Shampoo,Aurova,75,250,Personal Care > Shampoo,,0583534858427,2021-09-15
UK-04045,Purevex Sensitive Deodorant,Purevex,200,75,Personal Care > Deodorant,"sesame,peanuts,soy",7601832579813,2022-04-24
UK-04046,Nuarix Rinse Aid,Nuarix,1000,150,Household > Dishwash,"wheat,peanuts",6936042599049,2018-01-30
UK-04047,Cristalix Colour Protect Shampoo,Cristalix,750,250,Personal Care > Shampoo,"gluten,sesame,eggs,tree nuts",8432445743426,2021-07-14
UK-04048,Teraxis Rinse Aid,Teraxis,75,100,Household > Dishwash,sesame,6952938210621,2022-04-13
UK-04049,Tresol Fabric Softener,Tresol,75,50,Household > Laundry,,7359013257042,2021-03-21
UK-04050,Primus Anti-Dandruff Shampoo,Primus,100,100,Personal Care > Shampoo,"soy,milk",2595888557398,2020-06-20
UK-04051,Nuvelo Heavy Duty Dish Soap,Nuvelo,100,300,Household > Dishwash,,8550262599146,2020-08-31
UK-04052,Clarity 48hr Spray Deodorant,Clarity,250,250,Personal Care > Deodorant,"gluten,eggs,shellfish",2070367988936,2023-04-27
UK-04053,Plexum Exfoliating Face Scrub,Plexum,50,75,Personal Care > Face Wash,"wheat,shellfish",7374811844874,2023-12-27
UK-04054,Zenpur Dish Liquid,Zenpur,100,75,Household > Dishwash,"peanuts,gluten,milk,sesame",0025587825730,2019-03-25
UK-04055,Kaleo Gentle Face Wash,Kaleo,100,50,Personal Care > Face Wash,shellfish,3540533401648,2023-02-28
UK-04056,Polvera Fabric Softener,Polvera,50,300,Household > Laundry,,9337198658517,2018-03-28
UK-04057,Glicen Deep Conditioner,Glicen,200,300,Personal Care > Conditioner,"peanuts,sesame",1932206152506,2018-11-23
UK-04058,Orinum Dish Liquid,Orinum,400,500,Household > Dishwash,"gluten,tree nuts,milk",4700622501775,2021-09-26
UK-04059,Cryston Dish Liquid,Cryston,1000,200,Household > Dishwash,"gluten,milk,wheat,eggs",9360447070662,2018-07-29
UK-04060,Solaris Granola Bar,Solaris,750,300,Food & Beverage > Snacks,"wheat,shellfish",3983112598221,2018-12-17
UK-04061,Novix Stain Remover,Novix,400,50,Household > Laundry,,6244451696137,2023-06-24
UK-04062,Verdant Refreshing Shower Gel,Verdant,50,500,Personal Care > Body Wash,"gluten,shellfish",8531502743932,2019-04-20
UK-04063,Solvix Dish Liquid,Solvix,300,250,Household > Dishwash,"tree nuts,peanuts",8062095279589,2022-06-06
UK-04064,Nexpur Deep Clean Body Wash,Nexpur,250,50,Personal Care > Body Wash,"soy,gluten,sesame,fish",0206822053846,2021-10-11
UK-04065,Glova Smooth & Shine Conditioner,Glova,150,200,Personal Care > Conditioner,"shellfish,sesame,tree nuts,fish",7523266103825,2019-04-08
UK-04066,Purelix Colour Protect Shampoo,Purelix,100,50,Personal Care > Shampoo,"milk,wheat",5513099962944,2020-01-08
UK-04067,Elaris Hot Chilli Sauce,Elaris,1000,400,Food & Beverage > Condiments,"milk,shellfish,gluten",3456215552747,2019-09-20
UK-04068,Clarity Repair Shampoo,Clarity,75,250,Personal Care > Shampoo,"tree nuts,peanuts,eggs",9045490654785,2019-08-24
UK-04069,Frostine Dishwasher Tablets,Frostine,50,500,Household > Dishwash,"fish,gluten,sesame,milk",1870074989001,2022-08-30
UK-04070,Vanta Colour Protect Shampoo,Vanta,100,50,Personal Care > Shampoo,eggs,5567752163599,2019-10-07
UK-04071,Glicen Mustard Sauce,Glicen,200,200,Food & Beverage > Condiments,"milk,shellfish",6547889155932,2023-03-25
UK-04072,Solvix Bathroom Cleaner,Solvix,1000,75,Household > Surface Cleaner,"wheat,tree nuts",8074221203733,2022-08-21
UK-04073,Solven Moisturising Body Wash,Solven,200,250,Personal Care > Body Wash,soy,2329142041794,2020-05-19
UK-04074,Toreva Oat Protein Bar,Toreva,150,500,Food & Beverage > Snacks,"soy,milk",7184660903512,2021-01-08
UK-04075,Gleam Dish Liquid,Gleam,150,150,Household > Dishwash,eggs,3936057207314,2018-10-19
UK-04076,Solaris Sensitive Deodorant,Solaris,300,100,Personal Care > Deodorant,sesame,6582630161800,2020-02-13
UK-04077,Alteva Refreshing Shower Gel,Alteva,400,200,Personal Care > Body Wash,fish,3405475515696,2023-11-01
UK-04078,Kaleo Oil Control Face Wash,Kaleo,750,75,Personal Care > Face Wash,"eggs,wheat,milk,peanuts",1917701982773,2019-04-19
UK-04079,DUMMY-Qualis Disinfectant Spray,Qualis,300,400,Household > Surface Cleaner,"tree nuts,sesame,shellfish,fish",6612177444156,2022-03-27
UK-04080,Elaris Sensitive Deodorant,Elaris,150,400,Personal Care > Deodorant,"gluten,sesame",2481328180120,2022-02-08
UK-04081,Nuvelo Whitening Deodorant,Nuvelo,1000,200,Personal Care > Deodorant,"shellfish,soy",5264071491319,2018-06-20
UK-04082,Glicen Intensive Moisturiser,Glicen,250,100,Personal Care > Moisturiser,"peanuts,milk,gluten",5645431290382,2019-12-24
UK-04083,Solven Fragrance-Free Hand Wash,Solven,100,200,Personal Care > Hand Wash,"wheat,gluten,fish",3370095113914,2020-01-26
UK-04084,Orinum Leave-In Conditioner,Orinum,300,75,Personal Care > Conditioner,"sesame,peanuts",2511874223184,2021-09-06
UK-04085,Helix Laundry Powder,Helix,150,100,Household > Laundry,"shellfish,tree nuts,gluten,milk",3409718148542,2020-07-26
UK-04086,Teraxis Moisturising Hand Wash,Teraxis,400,200,Personal Care > Hand Wash,"eggs,sesame,shellfish,gluten",1785297642841,2022-05-18
UK-04087,Glova Fabric Softener,Glova,25.36,100,Household > Laundry,"eggs,shellfish,tree nuts",8692742900391,2019-05-05
UK-04088,TEST-Vanta Antibacterial Hand Wash,Vanta,100,500,Personal Care > Hand Wash,,1117040478733,2023-05-04
UK-04089,Oralix Lightweight Lotion,Oralix,250,100,Personal Care > Moisturiser,,7020739701637,2019-05-26
UK-04090,Frosten Moisturising Hand Wash,Frosten,250,500,Personal Care > Hand Wash,,0771967674169,2022-04-25
UK-04091,Nuvelo Deep Clean Body Wash,Nuvelo,500,250,Personal Care > Body Wash,"sesame,gluten,peanuts,fish",4424504988644,2021-12-21
UK-04092,Sovara Hydrating Face Wash,Sovara,500,200,Personal Care > Face Wash,"eggs,wheat",6527667315529,2021-07-18
UK-04093,Nuarix Daily Moisturiser,Nuarix,400,500,Personal Care > Moisturiser,wheat,1126818685068,2020-05-28
UK-04094,Alteva SPF Moisturiser,Alteva,1000,250,Personal Care > Moisturiser,"gluten,shellfish,sesame",1045688263421,2021-05-29
UK-04095,Vivara Leave-In Conditioner,Vivara,750,100,Personal Care > Conditioner,"sesame,shellfish,milk,gluten",5251362725864,2019-04-26
UK-04096,Solven Laundry Powder,Solven,75,200,Household > Laundry,,8487426154715,2019-11-29
UK-04097,Tresol Repair Shampoo,Tresol,400,250,Personal Care > Shampoo,"soy,gluten,wheat",0061193689526,2023-04-08
UK-04098,Zephyr Lightweight Lotion,Zephyr,100,150,Personal Care > Moisturiser,tree nuts,2358459638380,2021-06-15
UK-04099,Orinum Antibacterial Hand Wash,Orinum,200,75,Personal Care > Hand Wash,"gluten,sesame,eggs",5556139604756,2019-04-22
UK-04100,Elaris Tomato Ketchup,Elaris,100,200,Food & Beverage > Condiments,tree nuts,8465899333578,2019-01-14
UK-04101,Luxara Glass Cleaner,Luxara,250,150,Household > Surface Cleaner,"peanuts,gluten,milk,sesame",4772797280922,2023-07-31
UK-04102,Frostine Multi-Surface Spray,Frostine,50,50,Household > Surface Cleaner,"fish,peanuts",0879817361884,2021-10-12
UK-04103,Brightway Bathroom Cleaner,Brightway,200,250,Household > Surface Cleaner,eggs,6420118082950,2020-10-29
UK-04104,Gleam Vinegar Dressing,Gleam,250,100,Food & Beverage > Condiments,,1215946333818,2023-04-22
UK-04105,Verdant Eco Dish Liquid,Verdant,100,400,Household > Dishwash,"gluten,milk,eggs",7706905337014,2020-08-25
UK-04106,Aevum Moisturising Hand Wash,Aevum,750,500,Personal Care > Hand Wash,"tree nuts,eggs,peanuts",3646296905451,2020-01-08
UK-04107,TEST-Vanta Colour Protect Shampoo,Vanta,750,100,Personal Care > Shampoo,"shellfish,eggs,wheat",5840476083078,2020-10-08
UK-04108,Purelix Sport Deodorant,Purelix,50,50,Personal Care > Deodorant,"gluten,shellfish,peanuts",0768564492555,2020-08-03
UK-04109,Novix Brightening Face Wash,Novix,500,300,Personal Care > Face Wash,"tree nuts,peanuts,fish,sesame",0022097646534,2018-10-10
UK-04110,Polvera Rice Cakes,Polvera,250,250,Food & Beverage > Snacks,"fish,wheat,shellfish,sesame",2334128343700,2020-09-14
UK-04111,DUMMY-Kaleo Bathroom Cleaner,Kaleo,300,300,Household > Surface Cleaner,"tree nuts,shellfish,gluten,eggs",9169139468936,2020-08-21
UK-04112,Cladis Volumising Conditioner,Cladis,300,75,Personal Care > Conditioner,"soy,sesame,peanuts",8117225125745,2023-10-24
UK-04113,Aurova Anti-Dandruff Shampoo,Aurova,100,200,Personal Care > Shampoo,"milk,fish,soy",9818085542060,2018-01-10
UK-04114,Hevara Eco Dish Liquid,Hevara,150,300,Household > Dishwash,,0789493506175,2023-01-31
UK-04115,Primus Leave-In Conditioner,Primus,100,50,Personal Care > Conditioner,"tree nuts,eggs,sesame",3486579681036,2020-02-03
UK-04116,Nexpur Refreshing Shower Gel,Nexpur,200,50,Personal Care > Body Wash,,7328159543128,2020-11-30
UK-04117,Solaris Hot Chilli Sauce,Solaris,200,50,Food & Beverage > Condiments,,9404378141197,2022-03-14
UK-04118,TEST-Hevara Laundry Capsules,Hevara,150,300,Household > Laundry,,6340513005722,2020-08-12
UK-04119,Aurova Rinse Aid,Aurova,100,400,Household > Dishwash,"eggs,sesame,wheat,gluten",3167162996811,2023-04-01
UK-04120,Luxara Sport Deodorant,Luxara,75,200,Personal Care > Deodorant,"wheat,soy",3521560232474,2021-06-09
UK-04121,Velaris Aloe Hand Wash,Velaris,750,100,Personal Care > Hand Wash,"eggs,sesame,tree nuts",5137035979782,2018-03-08
UK-04122,Primus Laundry Capsules,Primus,1000,200,Household > Laundry,,7867939369393,2021-05-17
UK-04123,Frosten Oat Protein Bar,Frosten,1000,250,Food & Beverage > Snacks,"wheat,milk,gluten",0352104811465,2023-12-07
UK-04124,Cristalix Tomato Ketchup,Cristalix,500,150,Food & Beverage > Condiments,eggs,3863492352494,2020-03-17
UK-04125,Vanta Multi-Surface Spray,Vanta,200,75,Household > Surface Cleaner,"fish,wheat,tree nuts",1030164040399,2023-04-02
UK-04126,Tresol Hot Chilli Sauce,Tresol,75,75,Food & Beverage > Condiments,"sesame,milk,fish,peanuts",0438911482194,2019-04-05
UK-04127,TEST-Motivo Deep Conditioner,Motivo,100,200,Personal Care > Conditioner,"eggs,sesame",5016641509951,2023-07-19
UK-04128,Motivo Granola Bar,Motivo,500,75,Food & Beverage > Snacks,,3431532931499,2020-08-09
UK-04129,Tolvex Dishwasher Tablets,Tolvex,500,100,Household > Dishwash,soy,5963472624714,2020-08-14
UK-04130,Purelix Dish Liquid,Purelix,250,100,Household > Dishwash,"shellfish,soy,milk",8724036480026,2021-12-25
UK-04131,Zephyr Mustard Sauce,Zephyr,300,200,Food & Beverage > Condiments,"shellfish,fish,tree nuts",1727753291231,2022-04-20
UK-04132,Sovara Sport Deodorant,Sovara,200,200,Personal Care > Deodorant,,4930015903828,2020-11-06
UK-04133,Oralix Refreshing Shower Gel,Oralix,750,100,Personal Care > Body Wash,sesame,3436445663093,2018-07-02
UK-04134,Clarity Foaming Hand Wash,Clarity,250,500,Personal Care > Hand Wash,,4940664465158,2023-03-12
UK-04135,Polvera Repair Shampoo,Polvera,750,100,Personal Care > Shampoo,milk,0288349284453,2021-09-05
UK-04136,Frostine Deep Clean Body Wash,Frostine,1000,100,Personal Care > Body Wash,"sesame,wheat,milk,eggs",7944000105682,2023-06-05
UK-04137,Oralix Disinfectant Spray,Oralix,150,300,Household > Surface Cleaner,"gluten,fish",4422169689289,2022-11-07
UK-04138,Frosten Heavy Duty Dish Soap,Frosten,400,150,Household > Dishwash,"sesame,tree nuts",9635722315265,2018-05-17
UK-04139,Frosten Sensitive Deodorant,Frosten,200,500,Personal Care > Deodorant,,5758100154479,2022-01-13
UK-04140,Verdant Volumising Shampoo,Verdant,250,400,Personal Care > Shampoo,shellfish,9848002032879,2018-07-31
UK-04141,Arovia Disinfectant Spray,Arovia,750,300,Household > Surface Cleaner,,7832250915574,2020-07-28
UK-04142,Brightway Leave-In Conditioner,Brightway,100,150,Personal Care > Conditioner,fish,0175426988321,2018-09-05
UK-04143,Teraxis Eco Dish Liquid,Teraxis,75,100,Household > Dishwash,"wheat,soy",4839061845673,2019-08-12
UK-04144,Zenpur Disinfectant Spray,Zenpur,400,150,Household > Surface Cleaner,,2394847714670,2020-08-15
UK-04145,Glicen Hydrating Face Wash,Glicen,50,100,Personal Care > Face Wash,,3701832740313,2022-11-25
UK-04146,Teraxis Rinse Aid,Teraxis,400,200,Household > Dishwash,peanuts,1881576515025,2019-02-01
UK-04147,Verdant Laundry Capsules,Verdant,8.45,500,Household > Laundry,eggs,9415176386185,2018-04-22
UK-04148,Frostine Fabric Softener,Frostine,50,150,Household > Laundry,,3253555995391,2023-01-14
UK-04149,Arovia Deep Conditioner,Arovia,250,300,Personal Care > Conditioner,,0642092259739,2022-08-26
UK-04150,Orinum Multi-Surface Spray,Orinum,75,50,Household > Surface Cleaner,"milk,eggs,sesame",3032232354337,2023-07-17
UK-04151,Toreva Granola Bar,Toreva,150,300,Food & Beverage > Snacks,"fish,milk",2674121638244,2021-07-11
UK-04152,Kaleo Heavy Duty Dish Soap,Kaleo,100,150,Household > Dishwash,"shellfish,wheat,peanuts,tree nuts",8439609960798,2020-02-19
UK-04153,Zephyr Dish Liquid,Zephyr,250,75,Household > Dishwash,"milk,shellfish",1081653598518,2022-02-04
UK-04154,Teraxis Mayonnaise,Teraxis,100,50,Food & Beverage > Condiments,"wheat,sesame,soy,tree nuts",5342495015288,2018-03-01
UK-04155,Verdant Deep Clean Body Wash,Verdant,500,300,Personal Care > Body Wash,,5779932469647,2019-11-30
04156,Sovara Stain Remover,Sovara,150,500,Household > Laundry,"gluten,fish,milk,shellfish",2669930054767,2021-02-19
UK-04157,Lumeva Repair Conditioner,Lumeva,200,200,Personal Care > Conditioner,sesame,2818325512669,2018-09-26
UK-04158,Kaleo Disinfectant Spray,Kaleo,400,100,Household > Surface Cleaner,"shellfish,wheat,eggs,gluten",6908660229639,2018-10-31
UK-04159,Oralix Fragrance-Free Hand Wash,Oralix,75,100,Personal Care > Hand Wash,"milk,peanuts",0341760971378,2023-05-10
UK-04160,Aurova Disinfectant Spray,Aurova,500,300,Household > Surface Cleaner,"milk,peanuts",7042086647864,2020-02-12
UK-04161,Solvix Whitening Deodorant,Solvix,200,150,Personal Care > Deodorant,,1226941535435,2019-05-14
UK-04162,Zephyr Laundry Capsules,Zephyr,1000,250,Household > Laundry,,9822162593227,2021-01-30
UK-04163,Elaris Sensitive Skin Body Wash,Elaris,1000,50,Personal Care > Body Wash,"peanuts,soy,sesame",4162325287446,2018-04-16
UK-04164,Glova Smooth & Shine Conditioner,Glova,150,150,Personal Care > Conditioner,wheat,7603921916585,2018-06-04
UK-04165,Aurova Fragrance-Free Hand Wash,Aurova,1000,500,Personal Care > Hand Wash,"tree nuts,eggs",2998663180581,2020-09-29
UK-04166,Orinum Sensitive Skin Body Wash,Orinum,300,50,Personal Care > Body Wash,"fish,soy",5077318859373,2023-02-25
UK-04167,Aurova 48hr Spray Deodorant,Aurova,250,200,Personal Care > Deodorant,,9533243350690,2023-11-26
04168,Cristalix SPF Moisturiser,Cristalix,150,500,Personal Care > Moisturiser,"milk,wheat,tree nuts,sesame",7127806644856,2022-07-24
UK-04169,Nuarix Disinfectant Spray,Nuarix,300,500,Household > Surface Cleaner,"wheat,fish,tree nuts,shellfish",5127011836062,2020-07-16
UK-04170,Zephyr Rice Cakes,Zephyr,1000,250,Food & Beverage > Snacks,"peanuts,tree nuts",6515414238610,2021-06-07
UK-04171,Aevum 24hr Roll-On Deodorant,Aevum,200,75,Personal Care > Deodorant,sesame,2258140101196,2018-04-12
UK-04172,Polvera 24hr Roll-On Deodorant,Polvera,200,200,Personal Care > Deodorant,sesame,1645808106357,2021-12-31
UK-04173,Solaris Colour Protect Shampoo,Solaris,100,300,Personal Care > Shampoo,peanuts,4556582476826,2021-07-19
UK-04174,Zenpur Fabric Softener,Zenpur,750,400,Household > Laundry,wheat,0501160026843,2022-11-23
UK-04175,Solaris Glass Cleaner,Solaris,300,75,Household > Surface Cleaner,"wheat,milk,gluten,peanuts",7637755579432,2019-03-01
UK-04176,Serafix Vinegar Dressing,Serafix,10.14,300,Food & Beverage > Condiments,"eggs,gluten,fish",2535229386294,2018-11-30
UK-04177,Teraxis Laundry Capsules,Teraxis,750,150,Household > Laundry,"tree nuts,soy,shellfish",2751315862071,2018-10-24
UK-04178,Clarity Hydrating Face Wash,Clarity,200,400,Personal Care > Face Wash,"sesame,tree nuts,peanuts",0794539341122,2020-06-13
UK-04179,Purelix Fragrance-Free Hand Wash,Purelix,100,500,Personal Care > Hand Wash,"milk,fish",9672064740553,2018-03-08
UK-04180,Toreva Exfoliating Face Scrub,Toreva,50,75,Personal Care > Face Wash,"milk,tree nuts,sesame",7047871237282,2023-04-05
UK-04181,Vivara Mixed Nuts Blend,Vivara,400,300,Food & Beverage > Snacks,"tree nuts,fish,peanuts,eggs",9653999095475,2018-12-01
UK-04182,Verdant Glass Cleaner,Verdant,75,300,Household > Surface Cleaner,"fish,shellfish,peanuts,tree nuts",4899615160089,2018-02-18
UK-04183,Aurova SPF Moisturiser,Aurova,250,500,Personal Care > Moisturiser,tree nuts,1006707603451,2020-06-28
UK-04184,Gleam Moisturising Body Wash,Gleam,400,150,Personal Care > Body Wash,"eggs,tree nuts",2742128133090,2021-04-27
UK-04185,Oralix Hydrating Face Wash,Oralix,75,500,Personal Care > Face Wash,,8753741260029,2022-10-02
UK-04186,XXX-Nuvelo Hot Chilli Sauce,Nuvelo,250,500,Food & Beverage > Condiments,"eggs,sesame,peanuts",2062488782029,2019-08-10
UK-04187,Arovia 48hr Spray Deodorant,Arovia,300,250,Personal Care > Deodorant,"wheat,gluten",0538480302517,2021-11-10
UK-04188,DUMMY-Cladis Multi-Surface Spray,Cladis,75,250,Household > Surface Cleaner,"fish,shellfish",2390441850714,2018-11-14
UK-04189,Serafix Hydrating Face Wash,Serafix,1000,250,Personal Care > Face Wash,,4635476584882,2021-08-15
UK-04190,Purelix Intensive Moisturiser,Purelix,100,50,Personal Care > Moisturiser,"gluten,soy,peanuts",8673702197617,2023-05-14
UK-04191,Tresol Night Cream,Tresol,300,200,Personal Care > Moisturiser,,7225514588506,2019-05-24
UK-04192,Frosten Laundry Powder,Frosten,750,50,Household > Laundry,"eggs,milk,gluten,sesame",2639001990737,2021-01-19
UK-04193,Cristalix Stain Remover,Cristalix,200,50,Household > Laundry,gluten,0607718729706,2020-02-16
UK-04194,Oralix SPF Moisturiser,Oralix,1000,250,Personal Care > Moisturiser,"sesame,wheat,milk,eggs",4469439742251,2023-07-02
UK-04195,Glicen Disinfectant Spray,Glicen,500,150,Household > Surface Cleaner,,4214538233212,2020-06-04
UK-04196,Purevex Salted Crackers,Purevex,750,150,Food & Beverage > Snacks,"fish,sesame,wheat,eggs",6723561194363,2019-02-07
UK-04197,TEST-Toreva Intensive Moisturiser,Toreva,300,100,Personal Care > Moisturiser,"shellfish,sesame,wheat,eggs",5531844469043,2023-10-09
UK-04198,Qualis Laundry Powder,Qualis,300,150,Household > Laundry,"shellfish,eggs",6880177108693,2022-05-27
UK-04199,Vanta Sport Deodorant,Vanta,300,250,Personal Care > Deodorant,,0235641407714,2020-10-30
UK-04200,Hevara Deep Conditioner,Hevara,50,250,Personal Care > Conditioner,"soy,tree nuts",1371834979923,2019-09-21
UK-04201,Oralix Dish Liquid,Oralix,500,50,Household > Dishwash,"shellfish,sesame,tree nuts",8599192892170,2022-11-12
UK-04202,Oralix Heavy Duty Dish Soap,Oralix,150,500,Household > Dishwash,peanuts,7862646161506,2018-10-01
UK-04203,Luminos Laundry Capsules,Luminos,250,50,Household > Laundry,tree nuts,0907861140763,2023-01-25
UK-04204,Frostine Refreshing Shower Gel,Frostine,1000,400,Personal Care > Body Wash,,0826374646220,2021-11-24
UK-04205,Verdant Deep Clean Body Wash,Verdant,400,300,Personal Care > Body Wash,eggs,9893835930168,2023-09-08
UK-04206,Orinum Lightweight Lotion,Orinum,50,400,Personal Care > Moisturiser,,9925751171445,2018-04-13
UK-04207,Kaleo Brightening Face Wash,Kaleo,500,400,Personal Care > Face Wash,"fish,shellfish",3110176602797,2019-01-11
UK-04208,Purelix Mayonnaise,Purelix,75,250,Food & Beverage > Condiments,"milk,sesame",5691039348109,2018-08-30
UK-04209,Frostine Oil Control Face Wash,Frostine,1000,250,Personal Care > Face Wash,gluten,3174221659815,2018-12-14
UK-04210,Arovia Sensitive Deodorant,Arovia,750,75,Personal Care > Deodorant,fish,7895379280633,2022-04-15
UK-04211,Tresol Vinegar Dressing,Tresol,200,500,Food & Beverage > Condiments,,7297131158257,2018-07-24
UK-04212,Aurova Fabric Softener,Aurova,200,100,Household > Laundry,,1218288291457,2021-06-26
UK-04213,Gleam Multi-Surface Spray,Gleam,1000,250,Household > Surface Cleaner,"soy,gluten",2125954324434,2020-01-22
UK-04214,Cryston Deep Conditioner,Cryston,16.91,75,Personal Care > Conditioner,,5089894081673,2019-10-21
UK-04215,Cladis Oil Control Face Wash,Cladis,750,150,Personal Care > Face Wash,"eggs,milk",7385153435675,2021-03-15
UK-04216,Elaris Anti-Dandruff Shampoo,Elaris,1000,50,Personal Care > Shampoo,"peanuts,fish,eggs,soy",4556378018711,2021-08-28
UK-04217,Zephyr Volumising Shampoo,Zephyr,50,300,Personal Care > Shampoo,peanuts,0961299262367,2019-03-28
UK-04218,TEST-Vivara Liquid Laundry Detergent,Vivara,400,400,Household > Laundry,"fish,peanuts,wheat",3788507904751,2021-11-27
UK-04219,Krisol Leave-In Conditioner,Krisol,50,150,Personal Care > Conditioner,tree nuts,0123290011249,2020-08-23
UK-04220,Teraxis Daily Moisturiser,Teraxis,250,500,Personal Care > Moisturiser,wheat,1215110880988,2021-11-08
UK-04221,Purelix Deep Clean Body Wash,Purelix,250,150,Personal Care > Body Wash,"fish,eggs",4008145286064,2019-10-02
UK-04222,Tolvex Repair Shampoo,Tolvex,200,200,Personal Care > Shampoo,"milk,shellfish,peanuts",9522499498973,2022-06-23
UK-04223,Glova Hydrating Face Wash,Glova,300,50,Personal Care > Face Wash,,7694165870153,2019-06-01
UK-04224,Oralix Rinse Aid,Oralix,300,150,Household > Dishwash,"peanuts,eggs",6785304456756,2023-10-03
UK-04225,Luxara Tomato Ketchup,Luxara,1000,300,Food & Beverage > Condiments,wheat,4335085112741,2023-09-30
UK-04226,Motivo Tomato Ketchup,Motivo,100,300,Food & Beverage > Condiments,"sesame,tree nuts,wheat,milk",5660599932196,2023-03-08
UK-04227,Vivara Intensive Moisturiser,Vivara,300,150,Personal Care > Moisturiser,"wheat,tree nuts,fish,peanuts",0287619768136,2023-09-06
UK-04228,Luminos Dish Liquid,Luminos,100,50,Household > Dishwash,"shellfish,peanuts,milk,eggs",8993650031901,2023-12-20
UK-04229,Luxara Sensitive Deodorant,Luxara,500,100,Personal Care > Deodorant,"sesame,peanuts",2208652077489,2022-05-14
UK-04230,TEST-Zenpur Refreshing Shower Gel,Zenpur,300,150,Personal Care > Body Wash,"sesame,eggs,gluten",6909727328555,2023-07-10
UK-04231,Velaris Disinfectant Spray,Velaris,200,500,Household > Surface Cleaner,"milk,sesame",5228619827268,2018-01-27
UK-04232,Velaris Fragrance-Free Hand Wash,Velaris,300,500,Personal Care > Hand Wash,gluten,9672824197863,2023-09-06
UK-04233,XXX-Nexpur Nourishing Body Cleanser,Nexpur,500,500,Personal Care > Body Wash,"sesame,wheat,tree nuts",9867241954155,2023-04-21
UK-04234,Sovara Repair Shampoo,Sovara,100,300,Personal Care > Shampoo,"fish,shellfish,wheat,gluten",8925765551463,2022-01-18
UK-04235,Primus Eco Dish Liquid,Primus,150,75,Household > Dishwash,"soy,milk",9953218931530,2018-07-11
UK-04236,Glicen Whitening Deodorant,Glicen,300,250,Personal Care > Deodorant,"sesame,soy",3880671917428,2022-01-29
UK-04237,Polvera Colour Protect Shampoo,Polvera,300,400,Personal Care > Shampoo,"fish,gluten",7175240975869,2019-03-19
UK-04238,Plexum Hydrating Face Wash,Plexum,200,400,Personal Care > Face Wash,"gluten,tree nuts",0044185006037,2018-02-02
UK-04239,Alteva Disinfectant Spray,Alteva,200,150,Household > Surface Cleaner,"soy,peanuts,fish",1565887934040,2022-05-31
UK-04240,Novix Dishwasher Tablets,Novix,200,75,Household > Dishwash,shellfish,0787033014111,2023-09-06
UK-04241,Teraxis Volumising Conditioner,Teraxis,50,300,Personal Care > Conditioner,,6821797646707,2021-11-05
UK-04242,Nexpur Bathroom Cleaner,Nexpur,50,250,Household > Surface Cleaner,,0800018260621,2018-09-12
UK-04243,Lumeva Hydrating Shampoo,Lumeva,750,50,Personal Care > Shampoo,"sesame,gluten,shellfish",0909042326638,2021-02-23
UK-04244,Frostine Sensitive Deodorant,Frostine,250,50,Personal Care > Deodorant,"milk,shellfish",9425922021390,2021-08-31
UK-04245,Velaris Deep Conditioner,Velaris,300,200,Personal Care > Conditioner,tree nuts,9325618370156,2023-02-03
UK-04246,Frostine Bathroom Cleaner,Frostine,75,300,Household > Surface Cleaner,"wheat,eggs,peanuts",5984847169364,2019-02-05
UK-04247,Motivo Bathroom Cleaner,Motivo,16.91,100,Household > Surface Cleaner,"sesame,eggs,peanuts",1550145700406,2019-01-20
UK-04248,Gleam Kitchen Cleaner,Gleam,150,400,Household > Surface Cleaner,"gluten,eggs",1286131883951,2021-09-10
UK-04249,Helix Multi-Surface Spray,Helix,300,50,Household > Surface Cleaner,,6199594253528,2022-01-19
UK-04250,Zephyr Exfoliating Face Scrub,Zephyr,750,200,Personal Care > Face Wash,milk,6599954408092,2021-07-22
UK-04251,Brightway Stain Remover,Brightway,1000,500,Household > Laundry,eggs,5496308397723,2021-10-20
UK-04252,Primus Colour Protect Shampoo,Primus,150,150,Personal Care > Shampoo,"gluten,tree nuts,soy,wheat",9102639864938,2022-02-16
UK-04253,Frosten SPF Moisturiser,Frosten,750,400,Personal Care > Moisturiser,,7554538822342,2018-05-04
UK-04254,Orinum Dish Liquid,Orinum,50,500,Household > Dishwash,"tree nuts,shellfish,peanuts,eggs",8267828275986,2023-01-27
UK-04255,Vanta Aloe Hand Wash,Vanta,400,500,Personal Care > Hand Wash,,0513146929932,2020-04-12
UK-04256,Motivo Vinegar Dressing,Motivo,1000,150,Food & Beverage > Condiments,"tree nuts,sesame",7236362858499,2018-10-30
UK-04257,Vivara Anti-Dandruff Shampoo,Vivara,400,250,Personal Care > Shampoo,"shellfish,soy,fish,peanuts",8050745115240,2023-03-10
UK-04258,Tolvex Colour Protect Shampoo,Tolvex,400,75,Personal Care > Shampoo,,0030035275173,2019-12-09
UK-04259,Plexum Laundry Capsules,Plexum,100,200,Household > Laundry,"peanuts,sesame,shellfish,fish",8360029845580,2020-01-23
UK-04260,Elaris Liquid Laundry Detergent,Elaris,300,75,Household > Laundry,"wheat,shellfish,milk",1891388721729,2020-10-01
UK-04261,Sovara Antibacterial Hand Wash,Sovara,750,300,Personal Care > Hand Wash,"sesame,gluten,peanuts",4879493173326,2019-06-17
UK-04262,Kaleo Deep Clean Body Wash,Kaleo,200,500,Personal Care > Body Wash,,7274358569325,2023-08-21
UK-04263,Nuarix Bathroom Cleaner,Nuarix,150,200,Household > Surface Cleaner,milk,5024090508340,2021-11-25
UK-04264,Orinum Refreshing Shower Gel,Orinum,150,250,Personal Care > Body Wash,,9269252617515,2022-02-10
UK-04265,Alteva Daily Moisturiser,Alteva,500,100,Personal Care > Moisturiser,sesame,7002136139992,2019-11-29
UK-04266,TEST-Aurova Oil Control Face Wash,Aurova,750,500,Personal Care > Face Wash,"peanuts,gluten,tree nuts",1227607866078,2022-07-11
UK-04267,Gleam SPF Moisturiser,Gleam,1000,100,Personal Care > Moisturiser,,7077135992336,2018-12-27
UK-04268,Lumeva Smooth & Shine Conditioner,Lumeva,750,500,Personal Care > Conditioner,"eggs,gluten",8605423112624,2021-12-18
UK-04269,Primus Bathroom Cleaner,Primus,750,200,Household > Surface Cleaner,"fish,shellfish,peanuts",6550575194344,2019-06-08
UK-04270,Primus Sport Deodorant,Primus,100,250,Personal Care > Deodorant,,8511549475041,2022-09-29
UK-04271,Verdant 48hr Spray Deodorant,Verdant,100,250,Personal Care > Deodorant,"wheat,gluten",8803260297485,2018-04-10
UK-04272,Aevum Sensitive Deodorant,Aevum,300,500,Personal Care > Deodorant,"soy,gluten,tree nuts",2018897611092,2023-01-05
UK-04273,Vanta Moisturising Hand Wash,Vanta,100,500,Personal Care > Hand Wash,"fish,tree nuts,soy",5818985791722,2018-11-26
UK-04274,Cladis Lightweight Lotion,Cladis,500,500,Personal Care > Moisturiser,soy,8551510934665,2022-11-30
UK-04275,Primus Gentle Face Wash,Primus,500,50,Personal Care > Face Wash,"sesame,milk",8127274600117,2018-12-31
UK-04276,Purelix Sensitive Deodorant,Purelix,150,75,Personal Care > Deodorant,,0848557939387,2019-02-20
UK-04277,Luminos Repair Conditioner,Luminos,75,200,Personal Care > Conditioner,"fish,gluten,sesame",4846159101450,2019-11-21
UK-04278,Gleam Heavy Duty Dish Soap,Gleam,75,400,Household > Dishwash,milk,4311387509311,2018-01-12
UK-04279,Hevara Rice Cakes,Hevara,75,400,Food & Beverage > Snacks,tree nuts,5997177721669,2021-03-29
UK-04280,Motivo Moisturising Body Wash,Motivo,100,250,Personal Care > Body Wash,"tree nuts,soy,peanuts,wheat",4797280893724,2021-08-06
UK-04281,Sovara Rinse Aid,Sovara,75,300,Household > Dishwash,"gluten,sesame,soy,fish",7501481027034,2022-06-15
UK-04282,Zenpur Intensive Moisturiser,Zenpur,400,300,Personal Care > Moisturiser,,0527237543549,2023-04-19
UK-04283,Solvix Disinfectant Spray,Solvix,50,75,Household > Surface Cleaner,"wheat,fish",0748699358834,2023-06-09
UK-04284,Krisol Oat Protein Bar,Krisol,200,400,Food & Beverage > Snacks,"eggs,fish,sesame,wheat",9144450323126,2020-12-13
UK-04285,Gleam Vinegar Dressing,Gleam,750,75,Food & Beverage > Condiments,"wheat,shellfish",4258915965457,2019-09-09
UK-04286,Cryston Kitchen Cleaner,Cryston,100,50,Household > Surface Cleaner,"eggs,fish",8939424185043,2023-11-21
UK-04287,Zephyr Dish Liquid,Zephyr,300,50,Household > Dishwash,"shellfish,milk,gluten",6240828330093,2020-01-19
UK-04288,Plexum Kitchen Cleaner,Plexum,500,250,Household > Surface Cleaner,sesame,9257026721827,2021-12-15
UK-04289,Vivara Multi-Surface Spray,Vivara,400,400,Household > Surface Cleaner,eggs,7536397869034,2022-05-28
UK-04290,Nuvelo Colour Protect Shampoo,Nuvelo,150,300,Personal Care > Shampoo,"wheat,gluten,soy,eggs",6919571783004,2020-03-06
UK-04291,Motivo Nourishing Body Cleanser,Motivo,200,200,Personal Care > Body Wash,,5896897482877,2021-07-23
UK-04292,Tolvex Vinegar Dressing,Tolvex,150,150,Food & Beverage > Condiments,,8390215732080,2020-05-06
UK-04293,Solven Rice Cakes,Solven,300,100,Food & Beverage > Snacks,sesame,7947311098209,2021-04-21
UK-04294,Purelix Liquid Laundry Detergent,Purelix,75,75,Household > Laundry,soy,6288570158961,2023-04-20
UK-04295,Purelix Colour Protect Shampoo,Purelix,250,100,Personal Care > Shampoo,"soy,milk,wheat",6698032739964,2022-11-15
UK-04296,Clarity Moisturising Hand Wash,Clarity,50,75,Personal Care > Hand Wash,shellfish,4128391756736,2021-10-20
UK-04297,Kaleo Sensitive Skin Body Wash,Kaleo,100,50,Personal Care > Body Wash,"shellfish,soy",0192490748828,2021-02-13
UK-04298,Aurova Colour Protect Shampoo,Aurova,1000,150,Personal Care > Shampoo,"fish,shellfish",2071901473420,2023-03-31
UK-04299,Oralix Leave-In Conditioner,Oralix,500,250,Personal Care > Conditioner,"milk,gluten,eggs,wheat",1748986220683,2022-09-16
UK-04300,Purelix Kitchen Cleaner,Purelix,200,150,Household > Surface Cleaner,"gluten,peanuts,eggs,fish",5235982029014,2022-06-03
UK-04301,Vivara Rice Cakes,Vivara,75,250,Food & Beverage > Snacks,,7477234366647,2022-11-30
UK-04302,Polvera Eco Dish Liquid,Polvera,1000,200,Household > Dishwash,"tree nuts,milk,soy",3504680152761,2021-12-01
UK-04303,Cladis Sensitive Skin Body Wash,Cladis,50,150,Personal Care > Body Wash,,7585693963229,2019-05-18
UK-04304,Glicen Rinse Aid,Glicen,1000,250,Household > Dishwash,"fish,soy,peanuts",3399712363068,2019-04-27
UK-04305,Orinum Dishwasher Tablets,Orinum,1000,400,Household > Dishwash,,6198780187166,2022-04-25
UK-04306,TEST-Clarity Vinegar Dressing,Clarity,150,200,Food & Beverage > Condiments,,0556724274208,2022-12-19
UK-04307,Kaleo Fabric Softener,Kaleo,1000,400,Household > Laundry,,7137564867145,2020-06-26
UK-04308,Novix Fragrance-Free Hand Wash,Novix,750,150,Personal Care > Hand Wash,"eggs,shellfish,tree nuts",9088700251886,2019-12-02
UK-04309,Cladis Liquid Laundry Detergent,Cladis,50,100,Household > Laundry,"soy,gluten",4411022013927,2018-10-20
UK-04310,Teraxis Antibacterial Hand Wash,Teraxis,750,100,Personal Care > Hand Wash,sesame,9370997263322,2020-03-12
UK-04311,Zephyr Gentle Face Wash,Zephyr,100,150,Personal Care > Face Wash,sesame,5212400622415,2023-06-03
UK-04312,Cladis Lightweight Lotion,Cladis,50,50,Personal Care > Moisturiser,"peanuts,sesame,wheat",4769029027691,2018-03-30
UK-04313,Vanta SPF Moisturiser,Vanta,1000,500,Personal Care > Moisturiser,milk,2692782972538,2023-11-24
UK-04314,Elaris Exfoliating Face Scrub,Elaris,250,150,Personal Care > Face Wash,"peanuts,milk,eggs",2684908564321,2018-02-08
UK-04315,Lumeva Fragrance-Free Hand Wash,Lumeva,150,75,Personal Care > Hand Wash,peanuts,8382790654574,2020-09-01
UK-04316,Tolvex Lightweight Lotion,Tolvex,250,200,Personal Care > Moisturiser,,3236616252305,2018-10-04
UK-04317,Aurova Heavy Duty Dish Soap,Aurova,1000,150,Household > Dishwash,"gluten,peanuts",5204524205261,2023-07-08
UK-04318,Gleam Hydrating Face Wash,Gleam,500,50,Personal Care > Face Wash,"fish,eggs,soy",1876395400225,2018-02-05
UK-04319,Hevara Mixed Nuts Blend,Hevara,300,400,Food & Beverage > Snacks,"sesame,fish,tree nuts,milk",2705702730382,2020-01-22
UK-04320,Zephyr Moisturising Body Wash,Zephyr,1000,50,Personal Care > Body Wash,gluten,0110800928210,2018-01-16
UK-04321,Alteva Hydrating Face Wash,Alteva,400,500,Personal Care > Face Wash,,5141789265404,2018-11-18
UK-04322,Tolvex Moisturising Hand Wash,Tolvex,200,100,Personal Care > Hand Wash,"tree nuts,gluten,sesame,eggs",8709791542202,2022-01-12
UK-04323,Tresol Laundry Powder,Tresol,500,150,Household > Laundry,"eggs,tree nuts,shellfish",5449632424665,2018-08-26
UK-04324,Kaleo Intensive Moisturiser,Kaleo,750,200,Personal Care > Moisturiser,"peanuts,wheat,sesame,milk",9001431016098,2022-12-14
UK-04325,Tolvex Salted Crackers,Tolvex,300,400,Food & Beverage > Snacks,,4302419350803,2022-02-28
UK-04326,Aurova Night Cream,Aurova,150,250,Personal Care > Moisturiser,"peanuts,eggs,tree nuts",1813428815144,2022-12-14
04327,Clarity Mixed Nuts Blend,Clarity,750,50,Food & Beverage > Snacks,"soy,shellfish",9991557287680,2021-05-22
UK-04328,Alteva Tomato Ketchup,Alteva,75,300,Food & Beverage > Condiments,sesame,2613624341916,2023-03-13
UK-04329,Nuarix Mayonnaise,Nuarix,750,250,Food & Beverage > Condiments,"soy,wheat,tree nuts,sesame",4055463218277,2018-03-26
UK-04330,Arovia Deep Clean Body Wash,Arovia,100,300,Personal Care > Body Wash,"fish,eggs,milk,peanuts",4476077989894,2022-04-28
UK-04331,Alteva Mayonnaise,Alteva,300,400,Food & Beverage > Condiments,"soy,gluten",3989852588041,2022-06-20
UK-04332,Zenpur Mixed Nuts Blend,Zenpur,100,250,Food & Beverage > Snacks,"sesame,milk",3153953131356,2019-06-16
UK-04333,Glicen Anti-Dandruff Shampoo,Glicen,500,250,Personal Care > Shampoo,"tree nuts,eggs,shellfish",4319262197318,2021-05-07
UK-04334,Kaleo Sensitive Deodorant,Kaleo,300,250,Personal Care > Deodorant,"wheat,tree nuts",8660194611608,2019-04-15
UK-04335,Frostine Deep Clean Body Wash,Frostine,1000,250,Personal Care > Body Wash,tree nuts,4861508551106,2018-03-14
UK-04336,Cladis Gentle Face Wash,Cladis,1000,75,Personal Care > Face Wash,"peanuts,shellfish",1057870371319,2018-12-28
UK-04337,Teraxis Rinse Aid,Teraxis,100,400,Household > Dishwash,,0036660632879,2023-11-16
UK-04338,Krisol Liquid Laundry Detergent,Krisol,250,200,Household > Laundry,"fish,milk",6955991524278,2021-07-08
UK-04339,Aevum Tomato Ketchup,Aevum,50,75,Food & Beverage > Condiments,"eggs,tree nuts,soy",6443162300306,2018-05-02
UK-04340,Arovia SPF Moisturiser,Arovia,1000,100,Personal Care > Moisturiser,,8235096888832,2018-10-01
UK-04341,Frosten Anti-Dandruff Shampoo,Frosten,300,150,Personal Care > Shampoo,"fish,shellfish,gluten,peanuts",4441219170621,2019-08-14
UK-04342,Solaris Tomato Ketchup,Solaris,500,200,Food & Beverage > Condiments,fish,0320039029156,2021-06-21
UK-04343,Aevum Repair Conditioner,Aevum,200,100,Personal Care > Conditioner,"soy,sesame,eggs,milk",2105970124423,2020-03-19
UK-04344,Nuarix Antibacterial Hand Wash,Nuarix,100,250,Personal Care > Hand Wash,"shellfish,soy,wheat",2917123209556,2021-06-08
UK-04345,Serafix Sensitive Skin Body Wash,Serafix,200,150,Personal Care > Body Wash,"sesame,gluten,fish",9148030665699,2020-03-26
UK-04346,Glicen Moisturising Body Wash,Glicen,1000,50,Personal Care > Body Wash,sesame,7556761342826,2020-08-04
UK-04347,Nuvelo Brightening Face Wash,Nuvelo,150,50,Personal Care > Face Wash,"shellfish,eggs",4272051395411,2021-04-05
UK-04348,XXX-Krisol Dish Liquid,Krisol,300,75,Household > Dishwash,,1284256196239,2019-07-06
UK-04349,Tolvex Hot Chilli Sauce,Tolvex,500,300,Food & Beverage > Condiments,tree nuts,1377276905551,2018-02-15
UK-04350,Polvera Fabric Softener,Polvera,500,150,Household > Laundry,,0344694307497,2023-08-19
UK-04351,Oralix Mayonnaise,Oralix,750,400,Food & Beverage > Condiments,"sesame,eggs,wheat",7888901226995,2021-12-17
UK-04352,Oralix Colour Protect Shampoo,Oralix,300,100,Personal Care > Shampoo,"peanuts,gluten,wheat,milk",5203065712870,2021-12-22
UK-04353,Aurova Mixed Nuts Blend,Aurova,1000,200,Food & Beverage > Snacks,"milk,sesame,gluten,shellfish",3604947421422,2021-10-10
UK-04354,Kaleo Lightweight Lotion,Kaleo,400,75,Personal Care > Moisturiser,"gluten,sesame,milk,wheat",5769229625849,2023-05-01
UK-04355,Velaris Tomato Ketchup,Velaris,1000,100,Food & Beverage > Condiments,,7699959053040,2021-01-02
UK-04356,Gleam Gentle Face Wash,Gleam,750,400,Personal Care > Face Wash,"milk,fish",3959070097403,2023-03-30
UK-04357,Clarity Oil Control Face Wash,Clarity,400,150,Personal Care > Face Wash,"eggs,milk",9093318683981,2021-08-15
UK-04358,Verdant Dish Liquid,Verdant,300,150,Household > Dishwash,"fish,gluten,soy",9189009180737,2019-10-19
UK-04359,Frosten Colour Protect Shampoo,Frosten,1000,250,Personal Care > Shampoo,,4197348607179,2023-06-17
UK-04360,Vivara Sport Deodorant,Vivara,50,400,Personal Care > Deodorant,"fish,sesame",6804779001381,2023-12-24
UK-04361,Orinum Whitening Deodorant,Orinum,1000,500,Personal Care > Deodorant,"eggs,gluten,soy",9211705946697,2022-05-17
UK-04362,Polvera Anti-Dandruff Shampoo,Polvera,400,400,Personal Care > Shampoo,"soy,sesame,wheat,gluten",9481335295407,2018-05-01
UK-04363,Qualis Sport Deodorant,Qualis,150,50,Personal Care > Deodorant,"wheat,eggs",4316651899945,2018-04-11
UK-04364,Polvera Exfoliating Face Scrub,Polvera,200,50,Personal Care > Face Wash,gluten,8168783326211,2018-03-16
UK-04365,Polvera Refreshing Shower Gel,Polvera,500,250,Personal Care > Body Wash,"gluten,peanuts,shellfish,eggs",9155152198363,2019-08-04
04366,Novix Gentle Face Wash,Novix,75,400,Personal Care > Face Wash,fish,0761242044152,2022-06-03
UK-04367,Glicen Laundry Powder,Glicen,1000,50,Household > Laundry,"wheat,shellfish,peanuts",9940189892663,2020-01-14
UK-04368,Krisol Dishwasher Tablets,Krisol,1000,300,Household > Dishwash,"peanuts,milk,fish",5600229570343,2020-02-25
UK-04369,Aurova Sport Deodorant,Aurova,200,75,Personal Care > Deodorant,"fish,milk,shellfish",9876799368918,2022-01-07
UK-04370,Frosten Deep Conditioner,Frosten,500,200,Personal Care > Conditioner,"soy,peanuts,shellfish",7741546334411,2018-05-29
UK-04371,Luxara Volumising Shampoo,Luxara,50,100,Personal Care > Shampoo,"eggs,peanuts,soy,fish",9420748015592,2023-02-19
UK-04372,DUMMY-Zenpur Deep Conditioner,Zenpur,300,250,Personal Care > Conditioner,wheat,7192680750092,2022-05-05
UK-04373,Primus Multi-Surface Spray,Primus,150,150,Household > Surface Cleaner,"sesame,gluten,milk,soy",9733828789918,2022-12-17
UK-04374,Qualis Leave-In Conditioner,Qualis,100,500,Personal Care > Conditioner,"eggs,tree nuts,gluten,shellfish",6992871002396,2023-04-14
UK-04375,Nuvelo Multi-Surface Spray,Nuvelo,150,75,Household > Surface Cleaner,peanuts,5516388832898,2022-12-17
UK-04376,Vanta Tomato Ketchup,Vanta,250,400,Food & Beverage > Condiments,"peanuts,sesame",1118098166085,2019-03-20
UK-04377,Brightway Salted Crackers,Brightway,500,75,Food & Beverage > Snacks,"shellfish,eggs",4384011540332,2021-10-25
UK-04378,Frosten Heavy Duty Dish Soap,Frosten,50,50,Household > Dishwash,"milk,tree nuts,sesame",3096277186988,2022-08-08
UK-04379,Oralix Laundry Powder,Oralix,75,400,Household > Laundry,"fish,wheat,gluten",0949274537952,2022-07-03
UK-04380,Luxara Heavy Duty Dish Soap,Luxara,100,300,Household > Dishwash,,6928041795881,2020-06-14
UK-04381,Plexum Refreshing Shower Gel,Plexum,250,50,Personal Care > Body Wash,,3766002855037,2021-02-21
UK-04382,Arovia Hot Chilli Sauce,Arovia,75,50,Food & Beverage > Condiments,"sesame,shellfish,soy",1736723101098,2021-03-31
UK-04383,Cryston Whitening Deodorant,Cryston,250,75,Personal Care > Deodorant,milk,1207308163485,2019-04-14
UK-04384,Krisol Hydrating Shampoo,Krisol,250,50,Personal Care > Shampoo,shellfish,2577261958435,2022-05-05
UK-04385,Solaris Volumising Shampoo,Solaris,150,250,Personal Care > Shampoo,"tree nuts,sesame,wheat,shellfish",3482280857623,2020-05-14
UK-04386,Cristalix Moisturising Hand Wash,Cristalix,750,75,Personal Care > Hand Wash,"eggs,soy,tree nuts",0248552568702,2023-11-22
UK-04387,Cladis Liquid Laundry Detergent,Cladis,150,250,Household > Laundry,"wheat,sesame,gluten",0541372829122,2022-12-02
UK-04388,Elaris Repair Shampoo,Elaris,150,75,Personal Care > Shampoo,"gluten,tree nuts,milk",0684116020123,2019-08-17
UK-04389,Zenpur Volumising Shampoo,Zenpur,500,200,Personal Care > Shampoo,"wheat,soy,shellfish",4848936980227,2021-10-08
UK-04390,Solven Sensitive Skin Body Wash,Solven,150,250,Personal Care > Body Wash,"sesame,eggs,soy",7421415709952,2019-06-27
UK-04391,Krisol Hydrating Shampoo,Krisol,200,300,Personal Care > Shampoo,,5989926110442,2023-06-14
UK-04392,Polvera Rice Cakes,Polvera,75,200,Food & Beverage > Snacks,"peanuts,soy,gluten,milk",5013681945756,2020-11-20
UK-04393,Nexpur Granola Bar,Nexpur,150,250,Food & Beverage > Snacks,"sesame,shellfish",2955055241107,2023-10-29
UK-04394,Toreva Multi-Surface Spray,Toreva,200,50,Household > Surface Cleaner,"gluten,wheat,sesame,peanuts",3466297254835,2021-12-16
UK-04395,Hevara SPF Moisturiser,Hevara,750,250,Personal Care > Moisturiser,"wheat,fish,soy",4855002309721,2022-03-31
UK-04396,Arovia Hot Chilli Sauce,Arovia,500,100,Food & Beverage > Condiments,"fish,gluten,eggs,peanuts",8285904062091,2021-06-07
UK-04397,Glova Brightening Face Wash,Glova,50,100,Personal Care > Face Wash,milk,1301132633982,2022-08-06
UK-04398,Frosten Fabric Softener,Frosten,300,300,Household > Laundry,"sesame,fish,shellfish",3481539122192,2018-02-28
UK-04399,Nuarix Night Cream,Nuarix,1000,300,Personal Care > Moisturiser,,5690436444698,2020-12-02
UK-04400,Gleam Night Cream,Gleam,75,75,Personal Care > Moisturiser,,6709905303264,2019-01-03
UK-04401,Teraxis 24hr Roll-On Deodorant,Teraxis,500,400,Personal Care > Deodorant,,0404464638982,2019-09-13
UK-04402,Frostine Smooth & Shine Conditioner,Frostine,50,75,Personal Care > Conditioner,"peanuts,shellfish",9057358054163,2020-09-23
04403,Aevum Colour Protect Shampoo,Aevum,100,400,Personal Care > Shampoo,"milk,gluten",6921539005066,2023-06-04
UK-04404,Arovia Granola Bar,Arovia,500,75,Food & Beverage > Snacks,"gluten,sesame,milk",3303937581305,2019-02-14
UK-04405,Cryston Deep Conditioner,Cryston,50,200,Personal Care > Conditioner,"gluten,tree nuts",7181341029066,2019-04-26
UK-04406,Solven Aloe Hand Wash,Solven,500,250,Personal Care > Hand Wash,fish,1067076967025,2021-08-21
UK-04407,Lumeva Oat Protein Bar,Lumeva,75,100,Food & Beverage > Snacks,"eggs,shellfish,sesame",3268578105283,2021-04-04
UK-04408,Polvera Repair Shampoo,Polvera,500,300,Personal Care > Shampoo,eggs,8552567678793,2018-01-12
UK-04409,Glova Sport Deodorant,Glova,75,300,Personal Care > Deodorant,"gluten,eggs,sesame",5340524269961,2022-11-01
UK-04410,Purelix Heavy Duty Dish Soap,Purelix,500,300,Household > Dishwash,"gluten,milk,sesame,soy",8281604137961,2021-01-14
UK-04411,Elaris Tomato Ketchup,Elaris,750,400,Food & Beverage > Condiments,,3834103111557,2023-06-09
UK-04412,Oralix Hot Chilli Sauce,Oralix,75,500,Food & Beverage > Condiments,milk,7849082456090,2021-04-01
UK-04413,Luminos Oil Control Face Wash,Luminos,75,150,Personal Care > Face Wash,,2239354035712,2020-08-12
UK-04414,Verdant Hydrating Face Wash,Verdant,200,400,Personal Care > Face Wash,shellfish,8121965735157,2021-03-24
UK-04415,Oralix Heavy Duty Dish Soap,Oralix,1000,300,Household > Dishwash,"milk,shellfish,fish",6471243468348,2023-11-29
UK-04416,Frosten Sport Deodorant,Frosten,400,250,Personal Care > Deodorant,,5798005832690,2023-04-15
UK-04417,Cladis Mayonnaise,Cladis,50,300,Food & Beverage > Condiments,milk,1798210959278,2020-09-24
UK-04418,Kaleo Mixed Nuts Blend,Kaleo,500,250,Food & Beverage > Snacks,"fish,sesame,soy,wheat",5116106515135,2023-10-12
UK-04419,Nexpur Leave-In Conditioner,Nexpur,300,100,Personal Care > Conditioner,"soy,fish,tree nuts,peanuts",8349960520480,2019-08-03
UK-04420,Motivo 48hr Spray Deodorant,Motivo,1000,400,Personal Care > Deodorant,"eggs,soy,tree nuts,milk",5869409487189,2023-12-15
UK-04421,Lumeva Smooth & Shine Conditioner,Lumeva,75,400,Personal Care > Conditioner,"milk,shellfish,fish,soy",1545806187009,2018-11-26
UK-04422,Toreva Exfoliating Face Scrub,Toreva,75,100,Personal Care > Face Wash,milk,1635769136470,2020-01-18
UK-04423,Frosten Mustard Sauce,Frosten,500,250,Food & Beverage > Condiments,"sesame,peanuts,wheat",1228985354140,2020-09-29
UK-04424,Teraxis Moisturising Body Wash,Teraxis,750,200,Personal Care > Body Wash,fish,7363251531048,2020-07-06
UK-04425,Luminos Sensitive Skin Body Wash,Luminos,200,250,Personal Care > Body Wash,eggs,0025904754767,2018-12-26
UK-04426,Plexum Multi-Surface Spray,Plexum,250,250,Household > Surface Cleaner,,8469172847127,2023-01-26
UK-04427,Aevum Colour Protect Shampoo,Aevum,100,400,Personal Care > Shampoo,peanuts,1987833330650,2021-11-16
UK-04428,Orinum Vinegar Dressing,Orinum,300,75,Food & Beverage > Condiments,tree nuts,5220227961778,2018-04-23
UK-04429,Kaleo Moisturising Body Wash,Kaleo,500,50,Personal Care > Body Wash,"tree nuts,gluten,eggs,soy",2948898331197,2023-09-23
UK-04430,Luxara Heavy Duty Dish Soap,Luxara,150,250,Household > Dishwash,"milk,tree nuts",2564060564325,2018-02-14
UK-04431,Luxara Sensitive Skin Body Wash,Luxara,750,250,Personal Care > Body Wash,,9157275063627,2019-09-17
UK-04432,Kaleo Eco Dish Liquid,Kaleo,100,250,Household > Dishwash,,5386531235841,2023-10-27
UK-04433,Brightway Granola Bar,Brightway,50,200,Food & Beverage > Snacks,,8444620424570,2023-04-03
UK-04434,Serafix Volumising Conditioner,Serafix,75,150,Personal Care > Conditioner,"wheat,eggs,sesame,tree nuts",8082938074386,2021-11-07
UK-04435,Kaleo Hot Chilli Sauce,Kaleo,750,50,Food & Beverage > Condiments,wheat,1651556733769,2018-10-26
04436,Tresol Deep Clean Body Wash,Tresol,400,400,Personal Care > Body Wash,"shellfish,fish,tree nuts,gluten",9732460570502,2019-07-11
UK-04437,Solven Salted Crackers,Solven,750,100,Food & Beverage > Snacks,"milk,tree nuts",8368251702459,2022-02-25
UK-04438,Motivo Mayonnaise,Motivo,400,200,Food & Beverage > Condiments,"gluten,soy,peanuts",4322283721301,2020-01-29
UK-04439,Aurova Hot Chilli Sauce,Aurova,100,100,Food & Beverage > Condiments,,4484000453442,2021-01-28
UK-04440,Nexpur Moisturising Hand Wash,Nexpur,400,100,Personal Care > Hand Wash,"eggs,shellfish,wheat,soy",2433477204844,2021-03-20
UK-04441,Motivo Exfoliating Face Scrub,Motivo,100,500,Personal Care > Face Wash,tree nuts,5994848275964,2022-02-02
UK-04442,Luxara Whitening Deodorant,Luxara,400,300,Personal Care > Deodorant,"peanuts,eggs,soy,milk",0871062359166,2020-05-22
UK-04443,Kaleo Colour Protect Shampoo,Kaleo,1000,200,Personal Care > Shampoo,"fish,peanuts",9566566020766,2019-08-03
UK-04444,Helix SPF Moisturiser,Helix,150,50,Personal Care > Moisturiser,"fish,eggs,wheat,soy",3485794941840,2021-05-06
UK-04445,Toreva Volumising Conditioner,Toreva,1000,200,Personal Care > Conditioner,"tree nuts,soy,shellfish,milk",5754941587445,2019-05-16
UK-04446,Kaleo 24hr Roll-On Deodorant,Kaleo,100,100,Personal Care > Deodorant,"tree nuts,eggs,gluten,shellfish",8976811655086,2019-04-08
UK-04447,Oralix Lightweight Lotion,Oralix,500,400,Personal Care > Moisturiser,"gluten,eggs,tree nuts",7480048690808,2019-09-28
UK-04448,Glicen Foaming Hand Wash,Glicen,500,100,Personal Care > Hand Wash,peanuts,9093427497844,2023-02-16
UK-04449,Nexpur 48hr Spray Deodorant,Nexpur,500,75,Personal Care > Deodorant,"tree nuts,eggs",5624993729950,2019-07-10
UK-04450,Aurova Nourishing Body Cleanser,Aurova,50,75,Personal Care > Body Wash,"milk,peanuts,wheat",6375997298469,2023-10-29
UK-04451,Qualis Whitening Deodorant,Qualis,400,300,Personal Care > Deodorant,,5057599753928,2018-12-05
UK-04452,Arovia Stain Remover,Arovia,1000,75,Household > Laundry,"peanuts,milk,tree nuts,wheat",8465291893588,2018-07-31
UK-04453,Serafix Whitening Deodorant,Serafix,50,400,Personal Care > Deodorant,"sesame,wheat,milk",5426024421174,2020-07-24
UK-04454,Lumeva Fabric Softener,Lumeva,300,100,Household > Laundry,"peanuts,soy,fish",8485070134220,2020-07-22
UK-04455,Tolvex Sport Deodorant,Tolvex,50,200,Personal Care > Deodorant,"milk,tree nuts",7106208020116,2018-07-29
UK-04456,Brightway Daily Moisturiser,Brightway,250,500,Personal Care > Moisturiser,"fish,milk,peanuts,shellfish",6022509201195,2023-08-19
UK-04457,Nexpur Sport Deodorant,Nexpur,300,75,Personal Care > Deodorant,"wheat,sesame,gluten",7026125927971,2022-07-21
UK-04458,XXX-Vanta Nourishing Body Cleanser,Vanta,100,400,Personal Care > Body Wash,,8301008495259,2020-12-04
UK-04459,Tolvex Moisturising Body Wash,Tolvex,150,250,Personal Care > Body Wash,,8893457649470,2023-09-03
UK-04460,Cryston Vinegar Dressing,Cryston,750,100,Food & Beverage > Condiments,"gluten,eggs,sesame",6164666326639,2018-11-26
UK-04461,Tresol Stain Remover,Tresol,750,400,Household > Laundry,"shellfish,fish,wheat,gluten",5848516626353,2022-12-07
UK-04462,Nuarix Sport Deodorant,Nuarix,500,200,Personal Care > Deodorant,"wheat,peanuts",0541683314218,2021-06-15
UK-04463,Gleam Kitchen Cleaner,Gleam,150,500,Household > Surface Cleaner,,3270554402743,2019-01-18
UK-04464,Plexum Repair Conditioner,Plexum,100,50,Personal Care > Conditioner,"sesame,wheat",0790426613679,2022-08-31
UK-04465,Teraxis Brightening Face Wash,Teraxis,500,250,Personal Care > Face Wash,sesame,5295803120139,2019-11-21
UK-04466,Tolvex Rice Cakes,Tolvex,750,300,Food & Beverage > Snacks,"tree nuts,gluten,fish,wheat",2117780028105,2021-08-04
UK-04467,Aevum Dishwasher Tablets,Aevum,50,150,Household > Dishwash,,6416702149291,2018-08-13
UK-04468,XXX-Serafix Disinfectant Spray,Serafix,200,50,Household > Surface Cleaner,,0772502109856,2020-06-08
UK-04469,Nuarix Deep Clean Body Wash,Nuarix,50,500,Personal Care > Body Wash,"soy,sesame",2913539411873,2019-08-08
UK-04470,Kaleo Bathroom Cleaner,Kaleo,750,150,Household > Surface Cleaner,eggs,7561363115969,2021-12-01
UK-04471,Frostine Mustard Sauce,Frostine,750,75,Food & Beverage > Condiments,"sesame,milk,tree nuts",5763416253167,2020-12-25
UK-04472,Nuarix Refreshing Shower Gel,Nuarix,150,400,Personal Care > Body Wash,gluten,3045741298603,2020-10-16
UK-04473,Clarity Glass Cleaner,Clarity,50,250,Household > Surface Cleaner,"wheat,tree nuts",3170277721780,2023-07-09
UK-04474,Novix Mixed Nuts Blend,Novix,400,500,Food & Beverage > Snacks,fish,5003123548362,2022-09-22
UK-04475,Plexum Repair Conditioner,Plexum,750,300,Personal Care > Conditioner,"eggs,sesame,soy",2395302155953,2020-02-02
UK-04476,DUMMY-Frosten Leave-In Conditioner,Frosten,1000,150,Personal Care > Conditioner,,5910518507975,2019-05-28
UK-04477,Solven Smooth & Shine Conditioner,Solven,50,500,Personal Care > Conditioner,"eggs,sesame,shellfish,milk",8985000388919,2019-02-20
UK-04478,Tresol Mixed Nuts Blend,Tresol,50,150,Food & Beverage > Snacks,"milk,fish,gluten",3374961269071,2019-06-26
UK-04479,Oralix Oat Protein Bar,Oralix,400,150,Food & Beverage > Snacks,"peanuts,fish",9690910231932,2022-12-19
UK-04480,Oralix Eco Dish Liquid,Oralix,200,200,Household > Dishwash,"milk,gluten,shellfish",9194923592023,2023-06-13
UK-04481,Frostine Gentle Face Wash,Frostine,750,400,Personal Care > Face Wash,"milk,tree nuts,sesame,fish",0144301116708,2021-11-14
UK-04482,Solvix Volumising Shampoo,Solvix,75,50,Personal Care > Shampoo,"tree nuts,soy,gluten",3542365375586,2020-12-20
UK-04483,Tresol Dish Liquid,Tresol,1000,500,Household > Dishwash,fish,4249148596181,2021-04-21
UK-04484,Gleam Fragrance-Free Hand Wash,Gleam,500,250,Personal Care > Hand Wash,"shellfish,soy",9893016127929,2021-05-05
UK-04485,Tresol Volumising Conditioner,Tresol,500,75,Personal Care > Conditioner,,5071689232179,2019-04-03
UK-04486,Motivo Anti-Dandruff Shampoo,Motivo,400,250,Personal Care > Shampoo,milk,1570557014304,2019-08-22
UK-04487,Orinum Glass Cleaner,Orinum,1000,75,Household > Surface Cleaner,"wheat,peanuts,sesame,milk",4283242009543,2018-12-01
04488,Elaris Sensitive Skin Body Wash,Elaris,100,400,Personal Care > Body Wash,"fish,shellfish,gluten,wheat",2633313256215,2019-12-11
UK-04489,Nuvelo Hot Chilli Sauce,Nuvelo,75,200,Food & Beverage > Condiments,,5516297729166,2019-05-22
UK-04490,Frosten Hot Chilli Sauce,Frosten,150,200,Food & Beverage > Condiments,"fish,eggs,shellfish,wheat",6487820795202,2023-08-05
UK-04491,Luminos Sensitive Deodorant,Luminos,200,300,Personal Care > Deodorant,"sesame,soy",7153037631747,2023-09-02
UK-04492,Cryston Repair Shampoo,Cryston,200,150,Personal Care > Shampoo,,2182725967344,2023-08-02
UK-04493,Gleam 48hr Spray Deodorant,Gleam,75,400,Personal Care > Deodorant,"peanuts,eggs,fish,tree nuts",4756091575410,2022-03-10
UK-04494,Sovara Disinfectant Spray,Sovara,75,200,Household > Surface Cleaner,sesame,2342820978861,2019-05-28
UK-04495,Solvix Leave-In Conditioner,Solvix,250,150,Personal Care > Conditioner,"wheat,gluten",1328687973257,2022-05-09
UK-04496,Clarity Sensitive Skin Body Wash,Clarity,150,200,Personal Care > Body Wash,"tree nuts,sesame,gluten",9893443280198,2020-11-15
UK-04497,Lumeva Tomato Ketchup,Lumeva,200,250,Food & Beverage > Condiments,,7790171548946,2021-08-02
UK-04498,Cristalix Nourishing Body Cleanser,Cristalix,1000,300,Personal Care > Body Wash,soy,6076826374063,2023-08-20
UK-04499,Clarity Granola Bar,Clarity,300,200,Food & Beverage > Snacks,"tree nuts,wheat,eggs",5724895665469,2021-02-26
UK-04500,Primus Hydrating Face Wash,Primus,750,400,Personal Care > Face Wash,"soy,milk,shellfish,sesame",0466605226120,2021-05-14
UK-04501,DUMMY-Serafix Multi-Surface Spray,Serafix,50,250,Household > Surface Cleaner,milk,6409191706694,2020-07-25
UK-04502,Primus Sport Deodorant,Primus,750,75,Personal Care > Deodorant,,2114091558161,2023-06-29
UK-04503,Aurova Hydrating Face Wash,Aurova,150,400,Personal Care > Face Wash,,4983563277033,2022-07-20
UK-04504,Plexum Colour Protect Shampoo,Plexum,100,500,Personal Care > Shampoo,"shellfish,tree nuts,wheat,gluten",7687526437973,2023-07-08
UK-04505,Tresol Granola Bar,Tresol,250,200,Food & Beverage > Snacks,eggs,7191684959821,2022-03-29
UK-04506,Nuarix Brightening Face Wash,Nuarix,750,200,Personal Care > Face Wash,"gluten,milk",5375499049515,2018-09-28
UK-04507,Glova Granola Bar,Glova,1.69,75,Food & Beverage > Snacks,,8987269059470,2019-02-02
UK-04508,Serafix Exfoliating Face Scrub,Serafix,750,100,Personal Care > Face Wash,"fish,gluten,tree nuts",9818370394732,2019-03-22
UK-04509,Nuvelo Repair Conditioner,Nuvelo,750,400,Personal Care > Conditioner,,7514976740028,2023-12-24
UK-04510,Verdant Foaming Hand Wash,Verdant,75,300,Personal Care > Hand Wash,,7319850478826,2021-10-18
04511,Solvix Sensitive Deodorant,Solvix,300,75,Personal Care > Deodorant,sesame,2408287274066,2021-06-27
UK-04512,Novix Multi-Surface Spray,Novix,500,400,Household > Surface Cleaner,,4491607302752,2023-12-23
UK-04513,Verdant Disinfectant Spray,Verdant,150,100,Household > Surface Cleaner,,5000943659605,2023-06-26
UK-04514,Arovia Sport Deodorant,Arovia,250,200,Personal Care > Deodorant,wheat,3360694347292,2022-10-15
UK-04515,Nexpur Dishwasher Tablets,Nexpur,75,250,Household > Dishwash,gluten,9596170885482,2019-04-07
UK-04516,Tresol Stain Remover,Tresol,300,200,Household > Laundry,"milk,peanuts,eggs,tree nuts",2547246330341,2021-10-22
UK-04517,Zephyr Fabric Softener,Zephyr,750,200,Household > Laundry,milk,8943666470546,2023-04-21
UK-04518,Clarity Colour Protect Shampoo,Clarity,300,75,Personal Care > Shampoo,milk,6957071308020,2023-09-14
UK-04519,Toreva Disinfectant Spray,Toreva,100,400,Household > Surface Cleaner,peanuts,4069535171711,2019-05-11
UK-04520,Tresol Stain Remover,Tresol,100,75,Household > Laundry,eggs,7236132800017,2021-09-30
UK-04521,Zephyr Rinse Aid,Zephyr,500,400,Household > Dishwash,"gluten,tree nuts",0334670577365,2020-12-28
UK-04522,Oralix Anti-Dandruff Shampoo,Oralix,100,100,Personal Care > Shampoo,"gluten,tree nuts,fish",2094846180284,2023-09-22
UK-04523,Clarity Leave-In Conditioner,Clarity,500,500,Personal Care > Conditioner,"soy,shellfish",7211831851751,2020-09-13
UK-04524,Gleam Sensitive Skin Body Wash,Gleam,400,100,Personal Care > Body Wash,,4868182041299,2019-07-23
UK-04525,Purelix 24hr Roll-On Deodorant,Purelix,750,500,Personal Care > Deodorant,wheat,1445686314680,2023-06-22
UK-04526,TEST-Tolvex Nourishing Body Cleanser,Tolvex,75,75,Personal Care > Body Wash,"eggs,fish",6955392181124,2021-03-24
UK-04527,Polvera Fragrance-Free Hand Wash,Polvera,500,500,Personal Care > Hand Wash,,7889907077307,2020-08-31
UK-04528,Kaleo Dishwasher Tablets,Kaleo,100,500,Household > Dishwash,eggs,0215234841712,2020-08-24
04529,Qualis Leave-In Conditioner,Qualis,400,75,Personal Care > Conditioner,"shellfish,eggs,tree nuts",0641977320366,2018-02-21
UK-04530,Elaris Multi-Surface Spray,Elaris,750,500,Household > Surface Cleaner,"milk,soy,shellfish",8445767631418,2020-05-04
UK-04531,Hevara Tomato Ketchup,Hevara,750,100,Food & Beverage > Condiments,"gluten,soy,wheat,eggs",3947800050675,2019-04-17
UK-04532,Polvera Sensitive Deodorant,Polvera,300,150,Personal Care > Deodorant,"sesame,tree nuts,fish",8801099973488,2020-01-31
UK-04533,Nuvelo Dish Liquid,Nuvelo,250,50,Household > Dishwash,"shellfish,soy",2663056259723,2019-06-16
UK-04534,Luminos Exfoliating Face Scrub,Luminos,750,75,Personal Care > Face Wash,"peanuts,wheat",8845831604964,2018-06-13
UK-04535,Serafix Dish Liquid,Serafix,150,50,Household > Dishwash,"shellfish,wheat,fish",2928750453281,2019-07-30
UK-04536,Vivara Lightweight Lotion,Vivara,1000,500,Personal Care > Moisturiser,,2576998589394,2023-05-07
UK-04537,Solven Repair Conditioner,Solven,50,500,Personal Care > Conditioner,"fish,gluten,peanuts,milk",7288551895532,2021-02-22
UK-04538,Nuvelo 48hr Spray Deodorant,Nuvelo,250,100,Personal Care > Deodorant,sesame,5214611105596,2023-03-09
UK-04539,Tolvex Oat Protein Bar,Tolvex,200,100,Food & Beverage > Snacks,soy,4132426289892,2020-05-19
UK-04540,Glova Fragrance-Free Hand Wash,Glova,750,250,Personal Care > Hand Wash,"tree nuts,peanuts,gluten",6035661973992,2022-03-22
UK-04541,Velaris Daily Moisturiser,Velaris,300,250,Personal Care > Moisturiser,"milk,shellfish,sesame",9491200325863,2022-03-22
UK-04542,Luminos Exfoliating Face Scrub,Luminos,100,75,Personal Care > Face Wash,"gluten,sesame,shellfish",0912667173822,2020-05-30
UK-04543,Aevum Exfoliating Face Scrub,Aevum,400,75,Personal Care > Face Wash,milk,2715133269016,2023-06-27
UK-04544,XXX-Purelix Mayonnaise,Purelix,150,400,Food & Beverage > Condiments,"wheat,shellfish,peanuts",2086002191241,2018-11-14
UK-04545,Nuvelo Fragrance-Free Hand Wash,Nuvelo,1000,400,Personal Care > Hand Wash,"fish,sesame,wheat,shellfish",8932317484872,2020-12-14
UK-04546,Brightway Anti-Dandruff Shampoo,Brightway,50,150,Personal Care > Shampoo,,4754880617471,2020-10-02
UK-04547,Tolvex Laundry Powder,Tolvex,300,300,Household > Laundry,"peanuts,shellfish,eggs,gluten",3449985647256,2022-02-12
UK-04548,Toreva Exfoliating Face Scrub,Toreva,1000,250,Personal Care > Face Wash,"fish,milk",5923389251694,2019-05-17
UK-04549,Purelix Gentle Face Wash,Purelix,500,150,Personal Care > Face Wash,,2928503413593,2018-05-31
UK-04550,Cladis Multi-Surface Spray,Cladis,400,75,Household > Surface Cleaner,"eggs,tree nuts",2586217008780,2018-10-05
UK-04551,Lumeva Oil Control Face Wash,Lumeva,750,75,Personal Care > Face Wash,,1182798405829,2023-07-09
UK-04552,Krisol Brightening Face Wash,Krisol,250,500,Personal Care > Face Wash,"tree nuts,sesame,wheat",0858245503165,2020-08-27
UK-04553,Glicen Deep Clean Body Wash,Glicen,150,150,Personal Care > Body Wash,"gluten,sesame",5751225376986,2021-06-23
UK-04554,Hevara Laundry Powder,Hevara,500,100,Household > Laundry,"eggs,milk",4207101563397,2019-02-09
UK-04555,Teraxis Liquid Laundry Detergent,Teraxis,400,250,Household > Laundry,"fish,peanuts,sesame",9322933074233,2019-09-03
UK-04556,Cristalix Stain Remover,Cristalix,75,50,Household > Laundry,"gluten,sesame",8069440637216,2020-05-15
04557,Krisol Foaming Hand Wash,Krisol,75,250,Personal Care > Hand Wash,"wheat,sesame,gluten,eggs",4963825697168,2018-11-18
UK-04558,Vivara Bathroom Cleaner,Vivara,1000,200,Household > Surface Cleaner,,3308151130018,2018-06-14
UK-04559,Luxara Granola Bar,Luxara,1000,75,Food & Beverage > Snacks,,4434249415619,2020-03-02
UK-04560,Motivo Sport Deodorant,Motivo,300,150,Personal Care > Deodorant,"milk,shellfish,soy,fish",8756561911294,2021-04-21
UK-04561,Zephyr Vinegar Dressing,Zephyr,200,50,Food & Beverage > Condiments,,2724197502885,2023-02-18
UK-04562,Luxara Oil Control Face Wash,Luxara,75,400,Personal Care > Face Wash,"tree nuts,peanuts",9856275777786,2020-03-16
UK-04563,Teraxis Deep Conditioner,Teraxis,500,300,Personal Care > Conditioner,"soy,gluten,shellfish",2656837200458,2018-09-24
UK-04564,Zenpur Fragrance-Free Hand Wash,Zenpur,750,75,Personal Care > Hand Wash,"eggs,shellfish",8273350214218,2023-06-08
UK-04565,Lumeva Deep Conditioner,Lumeva,750,500,Personal Care > Conditioner,"sesame,wheat,soy,tree nuts",7224282344291,2018-08-22
UK-04566,Kaleo Multi-Surface Spray,Kaleo,100,150,Household > Surface Cleaner,,2530072324844,2021-01-07
UK-04567,Oralix SPF Moisturiser,Oralix,250,75,Personal Care > Moisturiser,shellfish,4887055480058,2023-04-02
UK-04568,Qualis Mixed Nuts Blend,Qualis,100,200,Food & Beverage > Snacks,"gluten,soy",0998233215325,2023-10-23
UK-04569,Cristalix Leave-In Conditioner,Cristalix,100,50,Personal Care > Conditioner,,8616264560987,2018-06-24
UK-04570,Orinum Disinfectant Spray,Orinum,100,75,Household > Surface Cleaner,,3847040227496,2020-03-17
UK-04571,Tolvex Moisturising Body Wash,Tolvex,150,500,Personal Care > Body Wash,gluten,5536315737034,2021-10-19
UK-04572,Tresol Glass Cleaner,Tresol,1000,300,Household > Surface Cleaner,,3336063599999,2018-04-23
UK-04573,Teraxis Foaming Hand Wash,Teraxis,50,100,Personal Care > Hand Wash,eggs,7508105352169,2019-12-29
UK-04574,Purelix Smooth & Shine Conditioner,Purelix,250,100,Personal Care > Conditioner,eggs,1986447133411,2023-10-29
UK-04575,TEST-Aevum Volumising Shampoo,Aevum,75,300,Personal Care > Shampoo,"fish,milk,gluten,eggs",5361381848786,2022-04-05
UK-04576,Cryston Glass Cleaner,Cryston,75,75,Household > Surface Cleaner,,9093320762575,2020-05-22
UK-04577,Aevum Repair Shampoo,Aevum,250,300,Personal Care > Shampoo,sesame,5916915820914,2018-03-11
UK-04578,Sovara Refreshing Shower Gel,Sovara,300,400,Personal Care > Body Wash,"sesame,milk",8273377997934,2018-10-16
UK-04579,Alteva Granola Bar,Alteva,25.36,150,Food & Beverage > Snacks,"tree nuts,shellfish,peanuts",8586858732574,2021-04-24
UK-04580,Plexum Night Cream,Plexum,500,400,Personal Care > Moisturiser,soy,4142939911968,2023-08-17
UK-04581,Kaleo Rice Cakes,Kaleo,75,75,Food & Beverage > Snacks,shellfish,5964887206793,2023-03-22
UK-04582,Serafix Mayonnaise,Serafix,500,200,Food & Beverage > Condiments,sesame,1826954900109,2020-07-12
UK-04583,Solven Liquid Laundry Detergent,Solven,100,75,Household > Laundry,"wheat,peanuts,sesame,soy",3302973995992,2019-09-22
UK-04584,Vanta Bathroom Cleaner,Vanta,150,150,Household > Surface Cleaner,"wheat,eggs,soy,sesame",8390684005159,2022-04-27
UK-04585,Plexum Hydrating Face Wash,Plexum,250,75,Personal Care > Face Wash,milk,3994920133030,2021-06-23
UK-04586,Novix Leave-In Conditioner,Novix,750,250,Personal Care > Conditioner,,8243256509480,2021-04-19
UK-04587,Arovia Fragrance-Free Hand Wash,Arovia,250,250,Personal Care > Hand Wash,"gluten,milk,soy",3654531574348,2023-04-03
UK-04588,Vivara Heavy Duty Dish Soap,Vivara,10.14,200,Household > Dishwash,wheat,7332999604321,2018-09-05
UK-04589,Glova Hot Chilli Sauce,Glova,75,100,Food & Beverage > Condiments,,7043796508438,2020-02-14
UK-04590,Verdant Kitchen Cleaner,Verdant,75,400,Household > Surface Cleaner,"gluten,milk",9782769817167,2021-03-22
UK-04591,Gleam Deep Conditioner,Gleam,400,200,Personal Care > Conditioner,shellfish,5177784251081,2018-12-30
UK-04592,Gleam Fragrance-Free Hand Wash,Gleam,500,500,Personal Care > Hand Wash,"sesame,shellfish,eggs",1967477531620,2023-03-30
UK-04593,Vanta Heavy Duty Dish Soap,Vanta,300,300,Household > Dishwash,"gluten,tree nuts,sesame,milk",5403289262476,2021-09-24
UK-04594,Purelix Exfoliating Face Scrub,Purelix,300,500,Personal Care > Face Wash,,2894614554510,2019-04-05
UK-04595,Arovia Rice Cakes,Arovia,250,250,Food & Beverage > Snacks,"tree nuts,sesame,soy,peanuts",8215709564629,2021-12-24
UK-04596,Kaleo Foaming Hand Wash,Kaleo,150,50,Personal Care > Hand Wash,"tree nuts,gluten,peanuts,sesame",4364493747900,2023-09-01
UK-04597,Novix Glass Cleaner,Novix,500,150,Household > Surface Cleaner,"peanuts,eggs,fish,gluten",7157628948061,2020-10-19
UK-04598,Qualis Mixed Nuts Blend,Qualis,1000,75,Food & Beverage > Snacks,"fish,wheat,gluten,shellfish",4778809367667,2019-03-03
UK-04599,Kaleo Glass Cleaner,Kaleo,50,50,Household > Surface Cleaner,soy,1939020014508,2018-11-15
UK-04600,Elaris Moisturising Hand Wash,Elaris,200,200,Personal Care > Hand Wash,,0903722472424,2021-05-28
UK-04601,Zenpur Gentle Face Wash,Zenpur,300,300,Personal Care > Face Wash,,5808230067993,2019-12-09
UK-04602,Elaris Vinegar Dressing,Elaris,300,150,Food & Beverage > Condiments,"tree nuts,gluten,sesame,soy",4226081759705,2019-04-25
UK-04603,Clarity Tomato Ketchup,Clarity,50,500,Food & Beverage > Condiments,,4794905158480,2023-11-12
UK-04604,Vivara Laundry Powder,Vivara,500,75,Household > Laundry,milk,2725811416892,2021-10-24
UK-04605,Zenpur Deep Clean Body Wash,Zenpur,400,150,Personal Care > Body Wash,,3285155297421,2023-11-02
UK-04606,Velaris Foaming Hand Wash,Velaris,400,75,Personal Care > Hand Wash,"milk,wheat,soy,eggs",6828780897078,2021-06-20
UK-04607,TEST-Oralix Kitchen Cleaner,Oralix,250,100,Household > Surface Cleaner,"eggs,shellfish,sesame,wheat",0863927769845,2020-02-10
UK-04608,Nexpur Hydrating Shampoo,Nexpur,200,50,Personal Care > Shampoo,"sesame,fish,milk,tree nuts",4366899570410,2019-03-08
UK-04609,Plexum Fabric Softener,Plexum,250,300,Household > Laundry,"wheat,soy",1642196346105,2023-01-05
UK-04610,Alteva Whitening Deodorant,Alteva,300,50,Personal Care > Deodorant,"sesame,fish,soy",8124057926822,2021-01-07
UK-04611,Velaris Laundry Powder,Velaris,250,75,Household > Laundry,"milk,fish,eggs",4035195730094,2023-04-25
UK-04612,Vivara Intensive Moisturiser,Vivara,100,200,Personal Care > Moisturiser,"soy,peanuts,gluten,tree nuts",1145064533497,2021-09-04
UK-04613,Brightway Aloe Hand Wash,Brightway,200,50,Personal Care > Hand Wash,,3859864684805,2023-09-11
UK-04614,Polvera Granola Bar,Polvera,100,100,Food & Beverage > Snacks,"wheat,peanuts,shellfish,gluten",3236298259951,2021-09-09
UK-04615,Krisol Hydrating Shampoo,Krisol,200,50,Personal Care > Shampoo,"sesame,peanuts,milk",0067947199129,2018-05-24
UK-04616,Purevex Tomato Ketchup,Purevex,75,300,Food & Beverage > Condiments,sesame,2055641990393,2023-02-09
UK-04617,Velaris Sensitive Skin Body Wash,Velaris,50,200,Personal Care > Body Wash,"wheat,gluten,eggs,milk",5612199975257,2020-10-23
UK-04618,Orinum Multi-Surface Spray,Orinum,500,500,Household > Surface Cleaner,tree nuts,9944725121200,2022-07-24
UK-04619,Nuarix Mustard Sauce,Nuarix,250,50,Food & Beverage > Condiments,"gluten,milk,shellfish,sesame",1943058471639,2021-02-10
UK-04620,Toreva Daily Moisturiser,Toreva,75,150,Personal Care > Moisturiser,"eggs,wheat,peanuts",0360127827097,2019-02-25
UK-04621,Vanta Glass Cleaner,Vanta,100,200,Household > Surface Cleaner,,2635688795528,2019-01-22
04622,Cladis Moisturising Body Wash,Cladis,100,75,Personal Care > Body Wash,"gluten,fish,shellfish",0832387825088,2020-03-02
UK-04623,Vanta Mustard Sauce,Vanta,50,75,Food & Beverage > Condiments,"milk,peanuts,shellfish",6400381606039,2019-08-03
UK-04624,Kaleo Antibacterial Hand Wash,Kaleo,200,200,Personal Care > Hand Wash,soy,7495688968279,2020-07-15
UK-04625,Vanta Intensive Moisturiser,Vanta,400,100,Personal Care > Moisturiser,"fish,wheat",5999798968621,2018-08-31
UK-04626,Luminos Sport Deodorant,Luminos,300,400,Personal Care > Deodorant,sesame,2360835233911,2023-10-17
UK-04627,Gleam Moisturising Hand Wash,Gleam,1000,400,Personal Care > Hand Wash,"milk,wheat,shellfish",4892823131971,2019-01-24
UK-04628,Oralix Leave-In Conditioner,Oralix,300,250,Personal Care > Conditioner,"soy,gluten",5174964684677,2019-03-05
UK-04629,Elaris Oat Protein Bar,Elaris,400,75,Food & Beverage > Snacks,"soy,tree nuts",1617240539475,2023-01-19
UK-04630,Purevex Leave-In Conditioner,Purevex,150,150,Personal Care > Conditioner,fish,1434564867110,2021-10-26
UK-04631,Vivara Hydrating Face Wash,Vivara,400,150,Personal Care > Face Wash,,3341604629073,2018-05-18
UK-04632,Vanta Rinse Aid,Vanta,75,200,Household > Dishwash,shellfish,5526354057019,2020-10-14
UK-04633,Nexpur Moisturising Hand Wash,Nexpur,200,150,Personal Care > Hand Wash,"peanuts,tree nuts,shellfish,milk",5966991498255,2018-08-24
UK-04634,Helix Intensive Moisturiser,Helix,300,75,Personal Care > Moisturiser,"eggs,soy,wheat",7147118563065,2018-07-24
UK-04635,Gleam Foaming Hand Wash,Gleam,75,150,Personal Care > Hand Wash,,2129887466834,2021-08-14
UK-04636,Helix Repair Shampoo,Helix,100,150,Personal Care > Shampoo,"fish,eggs",1926339309067,2021-11-23
UK-04637,Brightway Laundry Powder,Brightway,500,150,Household > Laundry,,0946348186955,2021-07-24
UK-04638,Helix Heavy Duty Dish Soap,Helix,300,500,Household > Dishwash,"eggs,peanuts,milk,tree nuts",8899212030828,2023-02-26
UK-04639,Serafix Exfoliating Face Scrub,Serafix,1000,300,Personal Care > Face Wash,"fish,shellfish",5696542095823,2019-10-30
UK-04640,Zephyr Bathroom Cleaner,Zephyr,1000,200,Household > Surface Cleaner,"fish,tree nuts",6701629988581,2021-05-31
04641,Cladis Dish Liquid,Cladis,250,500,Household > Dishwash,"gluten,eggs",4416860525731,2021-01-29
UK-04642,Tolvex Eco Dish Liquid,Tolvex,500,250,Household > Dishwash,,3083892449000,2018-09-26
UK-04643,Nexpur Sport Deodorant,Nexpur,100,75,Personal Care > Deodorant,"peanuts,soy,wheat,eggs",0748745340103,2023-03-20
UK-04644,Clarity Mustard Sauce,Clarity,1000,50,Food & Beverage > Condiments,tree nuts,7359728046672,2021-04-22
UK-04645,Aevum Fragrance-Free Hand Wash,Aevum,150,100,Personal Care > Hand Wash,"eggs,fish",4998742701896,2023-03-20
UK-04646,Plexum Mixed Nuts Blend,Plexum,750,500,Food & Beverage > Snacks,"sesame,shellfish",9806665524889,2022-01-16
UK-04647,Cristalix Gentle Face Wash,Cristalix,200,300,Personal Care > Face Wash,"fish,shellfish,soy,milk",4000953656732,2023-08-04
UK-04648,Kaleo Smooth & Shine Conditioner,Kaleo,300,500,Personal Care > Conditioner,"fish,eggs,wheat",8844142533604,2019-11-26
UK-04649,Aevum Laundry Capsules,Aevum,50,500,Household > Laundry,"shellfish,gluten,tree nuts,fish",7873594463420,2023-08-17
UK-04650,Plexum Mustard Sauce,Plexum,250,400,Food & Beverage > Condiments,"fish,wheat",0665273596553,2019-09-26
UK-04651,Primus Stain Remover,Primus,50,50,Household > Laundry,,7696667156308,2022-12-02
UK-04652,Clarity Granola Bar,Clarity,100,250,Food & Beverage > Snacks,"gluten,shellfish,sesame",6680002731375,2019-07-19
UK-04653,Purevex Fragrance-Free Hand Wash,Purevex,100,250,Personal Care > Hand Wash,"sesame,tree nuts",7992523402115,2018-09-05
UK-04654,Aurova Fragrance-Free Hand Wash,Aurova,300,400,Personal Care > Hand Wash,"gluten,peanuts,sesame",7749205031824,2023-05-31
04655,Frosten Exfoliating Face Scrub,Frosten,1000,100,Personal Care > Face Wash,,9167710866942,2023-01-10
UK-04656,Luxara Dishwasher Tablets,Luxara,50,100,Household > Dishwash,"soy,wheat,shellfish,fish",8178952786906,2020-03-12
04657,Frostine Moisturising Body Wash,Frostine,250,75,Personal Care > Body Wash,gluten,7991671613701,2019-02-24
UK-04658,Solven Liquid Laundry Detergent,Solven,50,400,Household > Laundry,tree nuts,5278451271057,2020-06-14
UK-04659,Nuarix Vinegar Dressing,Nuarix,500,150,Food & Beverage > Condiments,"gluten,sesame",7789415679782,2018-03-31
UK-04660,TEST-Luxara Laundry Capsules,Luxara,200,400,Household > Laundry,"wheat,tree nuts,fish",7233461789174,2023-05-07
UK-04661,Solvix Hydrating Shampoo,Solvix,1000,100,Personal Care > Shampoo,,3786411894748,2023-04-13
UK-04662,Clarity Repair Shampoo,Clarity,750,150,Personal Care > Shampoo,"sesame,fish,peanuts,shellfish",7863824698715,2022-08-11
UK-04663,Krisol Fabric Softener,Krisol,250,75,Household > Laundry,eggs,2773152815904,2021-02-15
UK-04664,Teraxis Exfoliating Face Scrub,Teraxis,75,100,Personal Care > Face Wash,"eggs,tree nuts,gluten,sesame",6394512858919,2020-03-04
UK-04665,Aevum Sensitive Skin Body Wash,Aevum,500,75,Personal Care > Body Wash,"gluten,eggs,sesame",5987248343067,2023-04-11
UK-04666,TEST-Cladis Daily Moisturiser,Cladis,400,75,Personal Care > Moisturiser,soy,9889139979682,2023-12-19
UK-04667,Lumeva Disinfectant Spray,Lumeva,750,400,Household > Surface Cleaner,peanuts,3724367523565,2020-09-17
UK-04668,Luminos Multi-Surface Spray,Luminos,1000,500,Household > Surface Cleaner,"shellfish,soy,sesame,fish",5613085247199,2022-03-13
UK-04669,Aurova Brightening Face Wash,Aurova,50,400,Personal Care > Face Wash,"wheat,eggs,shellfish",1634578483997,2023-04-16
UK-04670,Aurova Daily Moisturiser,Aurova,250,150,Personal Care > Moisturiser,,2346929783708,2018-10-20
UK-04671,Solaris Repair Conditioner,Solaris,75,50,Personal Care > Conditioner,,0383331129795,2023-04-01
UK-04672,Verdant Mustard Sauce,Verdant,250,100,Food & Beverage > Condiments,"fish,gluten,sesame",2428237663788,2020-10-17
UK-04673,Vanta Volumising Shampoo,Vanta,300,300,Personal Care > Shampoo,"eggs,wheat,soy",7868943383641,2021-12-29
UK-04674,Nuarix Mustard Sauce,Nuarix,500,100,Food & Beverage > Condiments,"soy,tree nuts,peanuts",8166149871085,2019-10-29
UK-04675,Sovara Oat Protein Bar,Sovara,500,100,Food & Beverage > Snacks,"wheat,peanuts,tree nuts,sesame",0947215563251,2019-08-29
UK-04676,Hevara Whitening Deodorant,Hevara,1000,500,Personal Care > Deodorant,"tree nuts,sesame,wheat,milk",2402381404909,2023-03-22
UK-04677,Plexum Gentle Face Wash,Plexum,150,75,Personal Care > Face Wash,tree nuts,6809634893651,2021-04-12
04678,Velaris Sport Deodorant,Velaris,50,75,Personal Care > Deodorant,"wheat,shellfish,tree nuts",3987457364145,2019-07-23
UK-04679,Elaris Laundry Capsules,Elaris,1000,50,Household > Laundry,,8101290021071,2022-09-04
UK-04680,Motivo Mayonnaise,Motivo,300,50,Food & Beverage > Condiments,milk,5109328212524,2021-11-25
UK-04681,Tolvex 48hr Spray Deodorant,Tolvex,50,100,Personal Care > Deodorant,"sesame,eggs,soy,wheat",2833882855783,2022-09-18
UK-04682,Motivo Disinfectant Spray,Motivo,150,50,Household > Surface Cleaner,soy,5988600000468,2023-10-15
UK-04683,Brightway Brightening Face Wash,Brightway,200,75,Personal Care > Face Wash,"milk,shellfish",6523357019166,2021-08-03
UK-04684,Tresol Sensitive Skin Body Wash,Tresol,750,500,Personal Care > Body Wash,,6515270127400,2019-04-14
UK-04685,Arovia Smooth & Shine Conditioner,Arovia,300,400,Personal Care > Conditioner,"peanuts,wheat,gluten",9547671922473,2019-09-11
UK-04686,Glicen Deep Conditioner,Glicen,1000,150,Personal Care > Conditioner,tree nuts,8807612927068,2022-03-15
UK-04687,Cladis Exfoliating Face Scrub,Cladis,75,100,Personal Care > Face Wash,,1237928148029,2019-11-04
UK-04688,Serafix Eco Dish Liquid,Serafix,250,500,Household > Dishwash,"peanuts,shellfish,gluten",4124043842888,2020-08-18
UK-04689,Tolvex Brightening Face Wash,Tolvex,1000,75,Personal Care > Face Wash,,5827024528595,2019-12-18
UK-04690,Elaris Brightening Face Wash,Elaris,300,150,Personal Care > Face Wash,wheat,1119470117237,2022-04-14
UK-04691,Hevara Gentle Face Wash,Hevara,750,50,Personal Care > Face Wash,,0762378556717,2019-12-02
UK-04692,Purevex Gentle Face Wash,Purevex,300,400,Personal Care > Face Wash,"soy,milk",2120663267393,2022-03-04
UK-04693,Elaris Stain Remover,Elaris,16.91,150,Household > Laundry,sesame,6464126630598,2022-08-15
UK-04694,Arovia Laundry Powder,Arovia,100,500,Household > Laundry,soy,3177736493356,2020-11-30
UK-04695,Helix Aloe Hand Wash,Helix,400,250,Personal Care > Hand Wash,"shellfish,tree nuts",8780668660960,2021-12-20
UK-04696,Vivara Deep Clean Body Wash,Vivara,300,300,Personal Care > Body Wash,sesame,6233884101790,2021-11-26
UK-04697,Nuarix Liquid Laundry Detergent,Nuarix,200,250,Household > Laundry,"fish,milk,soy",5623802555780,2018-12-20
UK-04698,Elaris Disinfectant Spray,Elaris,300,150,Household > Surface Cleaner,gluten,5146747023751,2022-07-05
UK-04699,Lumeva Tomato Ketchup,Lumeva,50,200,Food & Beverage > Condiments,peanuts,4624167497488,2022-01-04
UK-04700,Clarity Laundry Powder,Clarity,300,50,Household > Laundry,"sesame,soy",1821181485061,2019-03-05
UK-04701,Frosten Laundry Capsules,Frosten,750,300,Household > Laundry,peanuts,4060882479222,2019-11-05
UK-04702,Novix Heavy Duty Dish Soap,Novix,150,50,Household > Dishwash,"gluten,eggs,shellfish,peanuts",2293989085535,2019-10-26
UK-04703,Solvix Glass Cleaner,Solvix,400,400,Household > Surface Cleaner,,5503718196249,2023-04-21
UK-04704,Solvix Foaming Hand Wash,Solvix,250,50,Personal Care > Hand Wash,"soy,peanuts",9757445101595,2020-10-26
UK-04705,Zenpur Sport Deodorant,Zenpur,200,250,Personal Care > Deodorant,"wheat,soy,gluten",1791401864351,2023-04-07
UK-04706,Purevex Repair Shampoo,Purevex,400,50,Personal Care > Shampoo,gluten,7272029455465,2023-04-08
UK-04707,Helix Volumising Conditioner,Helix,200,100,Personal Care > Conditioner,"peanuts,sesame",3941757230890,2022-06-01
UK-04708,Gleam Volumising Shampoo,Gleam,300,200,Personal Care > Shampoo,"fish,tree nuts",5173723423823,2020-04-08
UK-04709,Brightway Stain Remover,Brightway,250,300,Household > Laundry,"sesame,peanuts",6637682874250,2021-02-20
UK-04710,Cristalix Exfoliating Face Scrub,Cristalix,250,75,Personal Care > Face Wash,"eggs,tree nuts,milk,peanuts",4994766273876,2019-06-20
UK-04711,TEST-Novix Lightweight Lotion,Novix,300,150,Personal Care > Moisturiser,"gluten,wheat",2169337536144,2020-04-13
UK-04712,Aevum Volumising Conditioner,Aevum,750,250,Personal Care > Conditioner,shellfish,6882409194122,2019-10-30
UK-04713,Tolvex Rinse Aid,Tolvex,200,400,Household > Dishwash,,3489931926493,2019-11-08
UK-04714,Primus Stain Remover,Primus,100,75,Household > Laundry,"peanuts,gluten,sesame",5986739211212,2022-05-22
UK-04715,Cryston Colour Protect Shampoo,Cryston,100,50,Personal Care > Shampoo,,1029271822905,2021-06-01
UK-04716,Tolvex Intensive Moisturiser,Tolvex,400,250,Personal Care > Moisturiser,,7504612247141,2018-11-29
UK-04717,Solaris Repair Shampoo,Solaris,150,300,Personal Care > Shampoo,"tree nuts,milk",6761461177697,2022-04-01
UK-04718,Lumeva Dishwasher Tablets,Lumeva,75,75,Household > Dishwash,,9898397395271,2020-06-10
UK-04719,Velaris Rice Cakes,Velaris,200,75,Food & Beverage > Snacks,milk,4504744243830,2022-12-17
UK-04720,Zephyr Hydrating Face Wash,Zephyr,50,400,Personal Care > Face Wash,,3659106183550,2020-11-29
UK-04721,Frosten Heavy Duty Dish Soap,Frosten,200,200,Household > Dishwash,"eggs,milk,shellfish",9235955107257,2020-11-09
UK-04722,Cryston Mustard Sauce,Cryston,50,100,Food & Beverage > Condiments,"sesame,wheat,gluten",1476228989929,2021-02-24
UK-04723,Zephyr Smooth & Shine Conditioner,Zephyr,150,75,Personal Care > Conditioner,,8461759265997,2020-06-07
UK-04724,Teraxis Laundry Capsules,Teraxis,500,500,Household > Laundry,"tree nuts,sesame,wheat,peanuts",1889667271850,2018-04-12
04725,Hevara Vinegar Dressing,Hevara,75,200,Food & Beverage > Condiments,"soy,tree nuts,milk",8057916339283,2019-11-07
UK-04726,Helix Eco Dish Liquid,Helix,75,500,Household > Dishwash,"wheat,peanuts,soy",8011803865033,2018-05-28
UK-04727,Cladis Foaming Hand Wash,Cladis,1000,250,Personal Care > Hand Wash,"shellfish,tree nuts",1842381490068,2022-07-15
04728,Krisol Moisturising Hand Wash,Krisol,100,100,Personal Care > Hand Wash,"sesame,eggs",6022377994502,2022-01-26
UK-04729,Zenpur Lightweight Lotion,Zenpur,100,100,Personal Care > Moisturiser,peanuts,9867942205853,2019-11-22
UK-04730,Arovia Glass Cleaner,Arovia,250,75,Household > Surface Cleaner,milk,9373297291408,2020-01-16
UK-04731,Sovara Mayonnaise,Sovara,500,50,Food & Beverage > Condiments,"eggs,peanuts,fish,tree nuts",3550666540794,2019-04-19
UK-04732,Luminos Exfoliating Face Scrub,Luminos,250,400,Personal Care > Face Wash,,1327235662575,2020-05-19
UK-04733,Krisol Deep Conditioner,Krisol,300,500,Personal Care > Conditioner,"peanuts,tree nuts",6552013320575,2020-04-13
UK-04734,Nuarix Multi-Surface Spray,Nuarix,750,200,Household > Surface Cleaner,,2071277719108,2019-02-07
UK-04735,Gleam Fragrance-Free Hand Wash,Gleam,300,50,Personal Care > Hand Wash,"wheat,sesame,gluten,fish",1927265755294,2020-10-20
UK-04736,Solaris Mayonnaise,Solaris,300,400,Food & Beverage > Condiments,soy,0229308485115,2018-11-26
UK-04737,Alteva Antibacterial Hand Wash,Alteva,500,300,Personal Care > Hand Wash,eggs,6494202781838,2020-02-07
UK-04738,XXX-Frostine 48hr Spray Deodorant,Frostine,200,500,Personal Care > Deodorant,"soy,eggs",7268215567197,2019-06-30
UK-04739,Kaleo Moisturising Body Wash,Kaleo,200,500,Personal Care > Body Wash,"peanuts,eggs",7154439618909,2023-06-27
UK-04740,Serafix Oat Protein Bar,Serafix,75,250,Food & Beverage > Snacks,soy,4993726995193,2019-05-12
UK-04741,Zephyr Oil Control Face Wash,Zephyr,250,500,Personal Care > Face Wash,"soy,shellfish",4858048276422,2020-03-11
UK-04742,Purelix Mayonnaise,Purelix,750,150,Food & Beverage > Condiments,"milk,eggs,peanuts,tree nuts",7200809125734,2023-07-29
UK-04743,Nexpur Vinegar Dressing,Nexpur,75,50,Food & Beverage > Condiments,"fish,shellfish",3380665256705,2021-11-05
UK-04744,Serafix Granola Bar,Serafix,200,150,Food & Beverage > Snacks,"soy,tree nuts",6502671534555,2023-05-23
UK-04745,Zephyr Granola Bar,Zephyr,200,200,Food & Beverage > Snacks,"gluten,wheat,shellfish,milk",1083790879802,2020-12-12
UK-04746,Purelix Colour Protect Shampoo,Purelix,250,300,Personal Care > Shampoo,"soy,sesame,tree nuts",6488001253900,2021-11-01
UK-04747,Glova Oil Control Face Wash,Glova,250,300,Personal Care > Face Wash,fish,0402451719492,2021-01-30
UK-04748,Primus 48hr Spray Deodorant,Primus,150,75,Personal Care > Deodorant,"soy,gluten",8960105282270,2021-08-15
UK-04749,DUMMY-Clarity Brightening Face Wash,Clarity,250,500,Personal Care > Face Wash,"tree nuts,fish,shellfish",4436322503244,2022-06-13
UK-04750,Primus Glass Cleaner,Primus,75,400,Household > Surface Cleaner,wheat,2657114187349,2023-07-20
UK-04751,TEST-Primus Glass Cleaner,Primus,200,100,Household > Surface Cleaner,"tree nuts,shellfish,peanuts",3620171114237,2018-08-23
UK-04752,Purevex Oat Protein Bar,Purevex,500,150,Food & Beverage > Snacks,"wheat,fish,milk",3463178902366,2023-07-03
UK-04753,Sovara Hydrating Face Wash,Sovara,150,300,Personal Care > Face Wash,"gluten,fish,eggs,tree nuts",7870017453884,2020-09-23
UK-04754,Helix Leave-In Conditioner,Helix,750,400,Personal Care > Conditioner,"milk,wheat",8231643035902,2018-11-16
UK-04755,Primus Liquid Laundry Detergent,Primus,75,50,Household > Laundry,eggs,0502538120446,2022-09-04
UK-04756,Orinum Vinegar Dressing,Orinum,750,250,Food & Beverage > Condiments,"gluten,soy",6654552180853,2021-10-21
UK-04757,Alteva SPF Moisturiser,Alteva,300,150,Personal Care > Moisturiser,"sesame,shellfish",1832950608109,2023-08-15
UK-04758,Kaleo SPF Moisturiser,Kaleo,400,300,Personal Care > Moisturiser,,9880242743412,2023-11-24
UK-04759,Nuvelo Night Cream,Nuvelo,150,250,Personal Care > Moisturiser,,4814853968310,2022-02-06
UK-04760,Nuvelo Dishwasher Tablets,Nuvelo,750,150,Household > Dishwash,"shellfish,soy",7257730638550,2022-04-12
UK-04761,Vanta Colour Protect Shampoo,Vanta,16.91,50,Personal Care > Shampoo,"soy,peanuts,wheat",5879772625767,2019-09-29
UK-04762,Solaris Smooth & Shine Conditioner,Solaris,500,100,Personal Care > Conditioner,"sesame,eggs",8245537242000,2019-11-04
UK-04763,Aevum Vinegar Dressing,Aevum,300,250,Food & Beverage > Condiments,sesame,0707718815857,2019-11-05
UK-04764,Frosten Volumising Conditioner,Frosten,150,250,Personal Care > Conditioner,"wheat,tree nuts,sesame",9165434967099,2023-07-04
UK-04765,Aevum Hydrating Face Wash,Aevum,150,75,Personal Care > Face Wash,,2811018013801,2022-01-22
UK-04766,Zephyr Mayonnaise,Zephyr,300,150,Food & Beverage > Condiments,"shellfish,wheat",4344048902176,2022-12-29
UK-04767,Cryston Deep Conditioner,Cryston,200,200,Personal Care > Conditioner,"wheat,gluten,shellfish",6439117228375,2021-08-28
UK-04768,Novix Colour Protect Shampoo,Novix,100,500,Personal Care > Shampoo,"milk,peanuts,tree nuts",9593897872610,2022-11-08
UK-04769,Tolvex Heavy Duty Dish Soap,Tolvex,75,300,Household > Dishwash,"shellfish,gluten,tree nuts,wheat",1184762974942,2023-01-10
UK-04770,Helix Oat Protein Bar,Helix,300,75,Food & Beverage > Snacks,"eggs,milk,wheat",7630901573049,2022-01-08
UK-04771,Helix Leave-In Conditioner,Helix,750,75,Personal Care > Conditioner,peanuts,3757467665422,2018-09-08
04772,Cladis Eco Dish Liquid,Cladis,300,300,Household > Dishwash,"tree nuts,milk",7073181442108,2019-10-14
UK-04773,Frosten Tomato Ketchup,Frosten,50,75,Food & Beverage > Condiments,"shellfish,peanuts,sesame",3619353858243,2018-02-22
UK-04774,Qualis Aloe Hand Wash,Qualis,500,500,Personal Care > Hand Wash,"soy,sesame,eggs,tree nuts",3524624702173,2023-01-12
UK-04775,Qualis Refreshing Shower Gel,Qualis,150,500,Personal Care > Body Wash,fish,9779109922087,2022-06-04
UK-04776,Primus Rinse Aid,Primus,100,250,Household > Dishwash,,7491455925346,2022-09-03
UK-04777,Novix Nourishing Body Cleanser,Novix,1000,75,Personal Care > Body Wash,,9523613775345,2020-01-20
UK-04778,Lumeva SPF Moisturiser,Lumeva,75,100,Personal Care > Moisturiser,"soy,fish",8586433114597,2020-06-13
UK-04779,Hevara Dishwasher Tablets,Hevara,1000,50,Household > Dishwash,"shellfish,milk,soy",9540635160980,2021-06-27
UK-04780,Teraxis Salted Crackers,Teraxis,200,250,Food & Beverage > Snacks,"sesame,soy",0386065512819,2019-06-23
UK-04781,TEST-Nuvelo Colour Protect Shampoo,Nuvelo,50,400,Personal Care > Shampoo,"fish,shellfish,soy",9049078243361,2019-05-27
UK-04782,Tolvex Antibacterial Hand Wash,Tolvex,300,150,Personal Care > Hand Wash,,2583668240639,2023-10-23
UK-04783,Elaris Mayonnaise,Elaris,300,300,Food & Beverage > Condiments,,1749538767984,2023-01-22
UK-04784,Frostine Hot Chilli Sauce,Frostine,200,150,Food & Beverage > Condiments,eggs,2547560800797,2020-07-08
UK-04785,Cladis Hot Chilli Sauce,Cladis,100,100,Food & Beverage > Condiments,"eggs,peanuts",1981025078535,2022-12-05
UK-04786,Toreva Oil Control Face Wash,Toreva,50,100,Personal Care > Face Wash,,6723827814691,2022-05-08
UK-04787,Velaris Glass Cleaner,Velaris,75,200,Household > Surface Cleaner,"sesame,soy,fish,wheat",8878873812943,2022-03-19
UK-04788,Purelix Sensitive Deodorant,Purelix,1000,50,Personal Care > Deodorant,peanuts,9124690259683,2018-12-25
UK-04789,Frostine Foaming Hand Wash,Frostine,50,75,Personal Care > Hand Wash,"peanuts,sesame,milk",9013028783320,2018-09-09
UK-04790,Hevara Foaming Hand Wash,Hevara,75,200,Personal Care > Hand Wash,"shellfish,milk,soy",1286913214751,2019-11-11
UK-04791,Nuarix 48hr Spray Deodorant,Nuarix,500,200,Personal Care > Deodorant,sesame,6322217050758,2023-03-03
UK-04792,Zephyr Oat Protein Bar,Zephyr,200,400,Food & Beverage > Snacks,"gluten,peanuts,eggs,shellfish",6428879705323,2022-09-20
UK-04793,Purelix Laundry Capsules,Purelix,400,50,Household > Laundry,,6861814762225,2018-12-21
UK-04794,Solvix Intensive Moisturiser,Solvix,75,75,Personal Care > Moisturiser,"tree nuts,wheat,fish,shellfish",6533067739544,2020-11-17
UK-04795,Zenpur Bathroom Cleaner,Zenpur,300,500,Household > Surface Cleaner,tree nuts,4277185516879,2023-06-17
UK-04796,Purevex Moisturising Body Wash,Purevex,500,200,Personal Care > Body Wash,"peanuts,tree nuts,fish,wheat",8035676115644,2018-08-16
UK-04797,Solaris Whitening Deodorant,Solaris,150,200,Personal Care > Deodorant,wheat,2538618173147,2020-07-19
UK-04798,Arovia Sensitive Skin Body Wash,Arovia,50,100,Personal Care > Body Wash,,6818369124893,2023-03-01
UK-04799,Krisol Volumising Shampoo,Krisol,400,150,Personal Care > Shampoo,"sesame,shellfish,wheat,gluten",0024324050497,2018-12-20
UK-04800,Novix Volumising Shampoo,Novix,50,500,Personal Care > Shampoo,,8137972417429,2019-06-15
UK-04801,Toreva Hot Chilli Sauce,Toreva,200,500,Food & Beverage > Condiments,"tree nuts,eggs,milk,shellfish",0211334078140,2020-01-05
UK-04802,Cristalix Foaming Hand Wash,Cristalix,100,400,Personal Care > Hand Wash,"gluten,soy",4875535597877,2022-11-20
UK-04803,Cristalix Oil Control Face Wash,Cristalix,500,300,Personal Care > Face Wash,"peanuts,wheat,shellfish",4224417539670,2023-03-26
UK-04804,Purelix 48hr Spray Deodorant,Purelix,100,75,Personal Care > Deodorant,,2735810790244,2023-06-08
UK-04805,Velaris Sensitive Deodorant,Velaris,1000,50,Personal Care > Deodorant,"shellfish,milk,wheat",1474550148236,2021-01-31
UK-04806,Krisol Hot Chilli Sauce,Krisol,750,150,Food & Beverage > Condiments,,8457543170677,2020-03-18
UK-04807,Sovara Foaming Hand Wash,Sovara,50,300,Personal Care > Hand Wash,"fish,sesame,shellfish,peanuts",9286308253909,2018-03-18
UK-04808,Plexum Sport Deodorant,Plexum,75,300,Personal Care > Deodorant,"milk,peanuts,gluten",4922240666067,2020-11-01
UK-04809,Verdant Deep Clean Body Wash,Verdant,300,100,Personal Care > Body Wash,"sesame,gluten,fish",6380033137589,2023-02-16
UK-04810,Cryston Liquid Laundry Detergent,Cryston,400,300,Household > Laundry,"shellfish,tree nuts,soy",1312978552962,2020-12-19
UK-04811,Gleam Stain Remover,Gleam,150,500,Household > Laundry,"fish,eggs,sesame,shellfish",9554340541620,2021-08-21
UK-04812,Oralix Whitening Deodorant,Oralix,500,75,Personal Care > Deodorant,"sesame,fish,shellfish",7288736051104,2020-04-01
UK-04813,Zenpur 48hr Spray Deodorant,Zenpur,500,150,Personal Care > Deodorant,"gluten,tree nuts,wheat,shellfish",8000963180094,2023-12-18
UK-04814,Cristalix Rice Cakes,Cristalix,150,75,Food & Beverage > Snacks,"fish,tree nuts,soy",7350103800612,2021-10-04
UK-04815,Serafix Laundry Capsules,Serafix,50,75,Household > Laundry,"wheat,peanuts,sesame,fish",1892348222478,2018-12-10
UK-04816,Nuarix Sport Deodorant,Nuarix,75,250,Personal Care > Deodorant,,5285489598711,2018-12-31
UK-04817,Teraxis Heavy Duty Dish Soap,Teraxis,750,50,Household > Dishwash,eggs,3868611839498,2023-08-09
UK-04818,Tolvex 48hr Spray Deodorant,Tolvex,400,75,Personal Care > Deodorant,gluten,0424082746197,2023-12-07
UK-04819,Frostine Repair Shampoo,Frostine,200,150,Personal Care > Shampoo,shellfish,3090090629912,2020-07-15
UK-04820,Verdant Dish Liquid,Verdant,75,50,Household > Dishwash,"milk,fish",3314767300912,2022-07-21
UK-04821,Purevex Intensive Moisturiser,Purevex,750,75,Personal Care > Moisturiser,"sesame,tree nuts",3089674631946,2021-11-07
UK-04822,Glicen Leave-In Conditioner,Glicen,300,100,Personal Care > Conditioner,,9036165438441,2019-05-08
UK-04823,Sovara Mayonnaise,Sovara,150,100,Food & Beverage > Condiments,"wheat,soy,shellfish",6345962635353,2019-05-29
UK-04824,Cryston Mixed Nuts Blend,Cryston,400,200,Food & Beverage > Snacks,"milk,shellfish,fish,soy",6096545925445,2021-10-14
UK-04825,Orinum Salted Crackers,Orinum,300,200,Food & Beverage > Snacks,peanuts,9327384887616,2018-01-27
UK-04826,Lumeva Nourishing Body Cleanser,Lumeva,200,500,Personal Care > Body Wash,shellfish,0690871319723,2023-09-20
UK-04827,Oralix Whitening Deodorant,Oralix,100,50,Personal Care > Deodorant,"wheat,milk,fish,gluten",6028836857869,2018-06-04
UK-04828,XXX-Zenpur Salted Crackers,Zenpur,500,50,Food & Beverage > Snacks,"soy,gluten",9881869675049,2021-05-12
UK-04829,Teraxis Fragrance-Free Hand Wash,Teraxis,150,50,Personal Care > Hand Wash,"shellfish,wheat,milk",7802827398093,2023-09-25
UK-04830,Qualis Vinegar Dressing,Qualis,150,400,Food & Beverage > Condiments,"peanuts,shellfish,fish",9304510583789,2021-06-25
UK-04831,Sovara Eco Dish Liquid,Sovara,50,50,Household > Dishwash,"peanuts,wheat",5188689055070,2023-04-13
UK-04832,Verdant Stain Remover,Verdant,150,250,Household > Laundry,,9181498350264,2021-12-18
UK-04833,Velaris Smooth & Shine Conditioner,Velaris,750,50,Personal Care > Conditioner,"gluten,shellfish",3077781088135,2018-06-14
UK-04834,Qualis Sensitive Deodorant,Qualis,200,75,Personal Care > Deodorant,,0316996213929,2020-03-17
UK-04835,Cladis Liquid Laundry Detergent,Cladis,250,75,Household > Laundry,"wheat,peanuts",3294292840643,2021-09-16
UK-04836,Novix Oil Control Face Wash,Novix,200,250,Personal Care > Face Wash,peanuts,7994197357180,2020-01-09
UK-04837,Aurova Fabric Softener,Aurova,150,100,Household > Laundry,eggs,9512154878974,2018-06-22
UK-04838,Frostine Laundry Capsules,Frostine,300,400,Household > Laundry,"milk,gluten",6143563108234,2020-01-18
UK-04839,Glova Tomato Ketchup,Glova,75,250,Food & Beverage > Condiments,,8248611416359,2021-10-04
UK-04840,Primus Sensitive Deodorant,Primus,500,200,Personal Care > Deodorant,,4574735587854,2023-08-05
UK-04841,Arovia Foaming Hand Wash,Arovia,75,300,Personal Care > Hand Wash,peanuts,4779873311976,2021-11-15
UK-04842,Cristalix Bathroom Cleaner,Cristalix,50,200,Household > Surface Cleaner,"soy,shellfish",0747131439698,2019-09-11
UK-04843,Clarity Antibacterial Hand Wash,Clarity,1000,100,Personal Care > Hand Wash,"wheat,shellfish,soy,milk",7504757097410,2020-12-11
UK-04844,Frostine Repair Shampoo,Frostine,250,50,Personal Care > Shampoo,,1595931857193,2022-12-23
UK-04845,TEST-Cladis 24hr Roll-On Deodorant,Cladis,200,200,Personal Care > Deodorant,"sesame,tree nuts,peanuts",4397621089740,2021-12-25
UK-04846,Nexpur Granola Bar,Nexpur,50,500,Food & Beverage > Snacks,"sesame,eggs",3951904771862,2023-04-29
UK-04847,Alteva Gentle Face Wash,Alteva,250,300,Personal Care > Face Wash,fish,2392415134011,2023-03-11
UK-04848,Polvera Lightweight Lotion,Polvera,1000,400,Personal Care > Moisturiser,,3641254189508,2023-11-11
UK-04849,Nuvelo Repair Shampoo,Nuvelo,500,400,Personal Care > Shampoo,"soy,shellfish,fish",5179385252740,2023-01-30
UK-04850,Krisol Nourishing Body Cleanser,Krisol,300,250,Personal Care > Body Wash,"eggs,shellfish,soy",7715787293066,2018-01-19
UK-04851,Hevara Stain Remover,Hevara,500,75,Household > Laundry,"wheat,milk,soy,peanuts",2963553258787,2023-11-10
UK-04852,Tolvex Multi-Surface Spray,Tolvex,100,100,Household > Surface Cleaner,,2446416166943,2021-10-16
UK-04853,Primus Rinse Aid,Primus,150,50,Household > Dishwash,"peanuts,eggs,soy",9914542289742,2020-05-13
UK-04854,Velaris Granola Bar,Velaris,300,100,Food & Beverage > Snacks,"fish,eggs,sesame,gluten",7139608389217,2022-11-17
04855,Hevara Moisturising Hand Wash,Hevara,100,200,Personal Care > Hand Wash,,6567386805611,2018-02-03
UK-04856,Glova Moisturising Hand Wash,Glova,400,250,Personal Care > Hand Wash,"wheat,fish,gluten",3383312467677,2023-07-30
UK-04857,Orinum Mixed Nuts Blend,Orinum,750,500,Food & Beverage > Snacks,"gluten,milk,sesame,tree nuts",8438485159692,2019-02-26
UK-04858,Nexpur Oil Control Face Wash,Nexpur,1000,75,Personal Care > Face Wash,peanuts,9543299032532,2022-09-20
UK-04859,Nuvelo Anti-Dandruff Shampoo,Nuvelo,150,500,Personal Care > Shampoo,,5158952778340,2018-09-10
UK-04860,Purelix Intensive Moisturiser,Purelix,250,50,Personal Care > Moisturiser,"fish,soy",8282326680865,2022-05-23
UK-04861,Zenpur Gentle Face Wash,Zenpur,100,400,Personal Care > Face Wash,,7767466203569,2022-04-03
UK-04862,Verdant Sensitive Skin Body Wash,Verdant,200,300,Personal Care > Body Wash,"shellfish,sesame,tree nuts,fish",5004796262579,2023-12-04
04863,Purelix Heavy Duty Dish Soap,Purelix,75,300,Household > Dishwash,"wheat,fish,eggs,peanuts",2810871768217,2021-12-01
UK-04864,Primus Fragrance-Free Hand Wash,Primus,16.91,300,Personal Care > Hand Wash,"milk,wheat,sesame,soy",3471411363171,2022-12-27
UK-04865,Motivo Moisturising Hand Wash,Motivo,50,75,Personal Care > Hand Wash,"soy,tree nuts,shellfish,fish",8417087014509,2022-08-05
UK-04866,Zephyr Whitening Deodorant,Zephyr,200,300,Personal Care > Deodorant,"tree nuts,shellfish,gluten,wheat",5266664155707,2018-10-13
UK-04867,Cryston Dish Liquid,Cryston,750,500,Household > Dishwash,"tree nuts,eggs",7438818040094,2021-09-14
UK-04868,Solvix Moisturising Hand Wash,Solvix,1000,200,Personal Care > Hand Wash,"tree nuts,soy",2217841516616,2023-06-24
UK-04869,Sovara Whitening Deodorant,Sovara,150,75,Personal Care > Deodorant,fish,4396219764038,2020-08-02
UK-04870,Nuarix Volumising Conditioner,Nuarix,100,400,Personal Care > Conditioner,"eggs,peanuts",2145478168963,2021-12-28
UK-04871,Vanta 48hr Spray Deodorant,Vanta,500,300,Personal Care > Deodorant,milk,7669421700017,2023-12-12
UK-04872,Cryston Rinse Aid,Cryston,250,400,Household > Dishwash,"fish,wheat,eggs,peanuts",0816360209621,2022-09-27
UK-04873,DUMMY-Oralix Laundry Capsules,Oralix,200,200,Household > Laundry,,9997570618517,2022-03-31
UK-04874,DUMMY-Teraxis Stain Remover,Teraxis,300,100,Household > Laundry,,4378815814102,2020-02-03
UK-04875,Brightway Fragrance-Free Hand Wash,Brightway,250,400,Personal Care > Hand Wash,"fish,milk",7823944804878,2020-05-17
UK-04876,Toreva Daily Moisturiser,Toreva,400,75,Personal Care > Moisturiser,"gluten,sesame,tree nuts",7539463431524,2018-02-12
UK-04877,Vivara Laundry Powder,Vivara,500,50,Household > Laundry,gluten,8251628167275,2022-03-21
UK-04878,XXX-Purevex Fragrance-Free Hand Wash,Purevex,50,50,Personal Care > Hand Wash,,2834492073109,2023-09-17
UK-04879,Luminos Exfoliating Face Scrub,Luminos,500,50,Personal Care > Face Wash,"soy,shellfish",7998519652847,2021-06-24
UK-04880,Oralix Sport Deodorant,Oralix,300,200,Personal Care > Deodorant,"shellfish,gluten,fish,peanuts",9799032384813,2021-08-24
UK-04881,Zephyr Moisturising Body Wash,Zephyr,75,250,Personal Care > Body Wash,"fish,soy,tree nuts,wheat",1989320989938,2022-10-13
UK-04882,Toreva Whitening Deodorant,Toreva,250,100,Personal Care > Deodorant,fish,6264377157895,2020-08-02
UK-04883,Serafix Multi-Surface Spray,Serafix,500,400,Household > Surface Cleaner,fish,2178829314481,2023-01-16
UK-04884,Frostine Oat Protein Bar,Frostine,400,300,Food & Beverage > Snacks,"soy,wheat,tree nuts,shellfish",7260449092520,2019-06-03
UK-04885,Plexum Liquid Laundry Detergent,Plexum,750,50,Household > Laundry,"sesame,gluten,milk,eggs",5352348471246,2021-05-21
UK-04886,Velaris Heavy Duty Dish Soap,Velaris,500,400,Household > Dishwash,fish,8565505284307,2021-05-12
UK-04887,Gleam Night Cream,Gleam,200,100,Personal Care > Moisturiser,"fish,peanuts",5220394805332,2019-02-24
UK-04888,Vivara Vinegar Dressing,Vivara,200,150,Food & Beverage > Condiments,"sesame,wheat,fish",2594583852142,2021-12-03
UK-04889,Qualis Disinfectant Spray,Qualis,400,300,Household > Surface Cleaner,"fish,milk,wheat",4401143205486,2023-10-06
UK-04890,Velaris Refreshing Shower Gel,Velaris,3.38,75,Personal Care > Body Wash,"sesame,gluten,shellfish",8441505682865,2018-08-01
UK-04891,Novix Bathroom Cleaner,Novix,250,100,Household > Surface Cleaner,"sesame,fish,shellfish,gluten",5542283924727,2018-03-27
UK-04892,Helix Oat Protein Bar,Helix,400,100,Food & Beverage > Snacks,"tree nuts,gluten,wheat",5893942596237,2023-01-05
UK-04893,Nuarix Daily Moisturiser,Nuarix,75,75,Personal Care > Moisturiser,eggs,3951167374978,2022-11-01
UK-04894,TEST-Vanta Leave-In Conditioner,Vanta,100,75,Personal Care > Conditioner,"peanuts,gluten",2389934758439,2023-03-23
UK-04895,Tresol Daily Moisturiser,Tresol,1000,400,Personal Care > Moisturiser,"milk,fish,wheat,tree nuts",0922751589552,2019-09-05
UK-04896,Verdant Gentle Face Wash,Verdant,250,75,Personal Care > Face Wash,"wheat,peanuts",6963710999641,2019-01-04
UK-04897,Frosten Repair Conditioner,Frosten,250,300,Personal Care > Conditioner,"sesame,eggs,gluten,milk",1291974269411,2018-10-17
UK-04898,Solvix Repair Shampoo,Solvix,100,150,Personal Care > Shampoo,"fish,gluten",0380901317187,2023-05-14
UK-04899,Oralix Colour Protect Shampoo,Oralix,150,300,Personal Care > Shampoo,eggs,3479219032879,2019-04-09
UK-04900,Primus Multi-Surface Spray,Primus,250,300,Household > Surface Cleaner,,6714898153208,2019-02-22
UK-04901,Solvix Deep Clean Body Wash,Solvix,150,250,Personal Care > Body Wash,"sesame,soy",1062128891693,2021-05-10
UK-04902,Clarity Nourishing Body Cleanser,Clarity,300,150,Personal Care > Body Wash,"tree nuts,milk,wheat",9031186090913,2022-07-14
UK-04903,Sovara Foaming Hand Wash,Sovara,250,50,Personal Care > Hand Wash,"tree nuts,fish,wheat,shellfish",5553810904297,2023-09-09
UK-04904,Toreva Sensitive Deodorant,Toreva,500,250,Personal Care > Deodorant,,3797275458144,2020-07-30
UK-04905,Serafix Refreshing Shower Gel,Serafix,200,250,Personal Care > Body Wash,"gluten,wheat,shellfish,sesame",6621678555766,2018-01-24
UK-04906,Velaris Whitening Deodorant,Velaris,500,75,Personal Care > Deodorant,"fish,soy,milk",2964082184950,2023-12-30
UK-04907,Cladis Tomato Ketchup,Cladis,200,250,Food & Beverage > Condiments,"gluten,fish,soy,milk",8871879882354,2019-04-08
UK-04908,Glicen Heavy Duty Dish Soap,Glicen,1.69,250,Household > Dishwash,"fish,milk,tree nuts,gluten",0558147912255,2019-04-16
UK-04909,Qualis Sensitive Deodorant,Qualis,150,500,Personal Care > Deodorant,,9158849028912,2018-09-07
UK-04910,Glicen Daily Moisturiser,Glicen,75,50,Personal Care > Moisturiser,"shellfish,wheat,soy,tree nuts",6258404093379,2020-04-20
UK-04911,Vanta Volumising Conditioner,Vanta,500,50,Personal Care > Conditioner,"wheat,sesame,shellfish,eggs",3885656654862,2019-07-20
UK-04912,Nuarix Refreshing Shower Gel,Nuarix,1000,300,Personal Care > Body Wash,fish,9580004891688,2021-12-29
UK-04913,Purevex Fabric Softener,Purevex,300,250,Household > Laundry,,1639931973306,2023-09-07
UK-04914,TEST-Lumeva Aloe Hand Wash,Lumeva,150,400,Personal Care > Hand Wash,"shellfish,milk,peanuts",2519952903065,2022-02-03
UK-04915,TEST-Elaris Aloe Hand Wash,Elaris,250,400,Personal Care > Hand Wash,"eggs,peanuts",5187365158548,2020-09-03
UK-04916,Frosten SPF Moisturiser,Frosten,100,50,Personal Care > Moisturiser,eggs,3482024633834,2020-01-11
UK-04917,Kaleo Liquid Laundry Detergent,Kaleo,500,400,Household > Laundry,tree nuts,3941173717845,2022-01-19
UK-04918,Qualis Laundry Capsules,Qualis,500,300,Household > Laundry,sesame,5743311647896,2022-06-24
UK-04919,Qualis Hydrating Shampoo,Qualis,150,300,Personal Care > Shampoo,,7433989980903,2023-03-29
UK-04920,Frostine 24hr Roll-On Deodorant,Frostine,150,150,Personal Care > Deodorant,,5999887046285,2018-10-01
UK-04921,Cristalix Whitening Deodorant,Cristalix,150,300,Personal Care > Deodorant,"sesame,soy,milk,shellfish",1606416681353,2023-06-25
UK-04922,Cristalix Hot Chilli Sauce,Cristalix,75,75,Food & Beverage > Condiments,"shellfish,wheat,eggs,peanuts",3160887453515,2023-11-12
UK-04923,Luxara Rice Cakes,Luxara,300,150,Food & Beverage > Snacks,"tree nuts,sesame,peanuts,fish",7726795035586,2018-06-21
UK-04924,Aurova Mustard Sauce,Aurova,150,100,Food & Beverage > Condiments,"tree nuts,shellfish",5974887697040,2020-01-22
UK-04925,Nexpur Deep Conditioner,Nexpur,200,200,Personal Care > Conditioner,"sesame,milk",2370240241876,2023-06-05
UK-04926,Frosten Fabric Softener,Frosten,100,500,Household > Laundry,"sesame,fish,shellfish",1491696801597,2021-08-29
UK-04927,Purevex Hydrating Shampoo,Purevex,1000,75,Personal Care > Shampoo,"peanuts,wheat,tree nuts,shellfish",2640517958920,2018-10-12
UK-04928,Teraxis Dish Liquid,Teraxis,400,250,Household > Dishwash,"tree nuts,wheat,eggs,sesame",6209759177665,2021-06-27
UK-04929,Oralix Salted Crackers,Oralix,400,100,Food & Beverage > Snacks,,3225857282851,2023-06-14
UK-04930,Glova Volumising Shampoo,Glova,250,400,Personal Care > Shampoo,"tree nuts,gluten,milk,sesame",4868049875098,2021-04-05
UK-04931,Motivo Deep Conditioner,Motivo,750,100,Personal Care > Conditioner,,7767977175935,2018-05-14
UK-04932,Motivo Tomato Ketchup,Motivo,75,400,Food & Beverage > Condiments,"sesame,peanuts,gluten",4517030368735,2020-09-29
UK-04933,Solven Dish Liquid,Solven,250,500,Household > Dishwash,"soy,milk",1313487422746,2020-06-01
UK-04934,Frostine 48hr Spray Deodorant,Frostine,75,200,Personal Care > Deodorant,gluten,8401048807446,2023-12-12
UK-04935,Glova Liquid Laundry Detergent,Glova,750,100,Household > Laundry,"fish,soy,shellfish",8628250994249,2018-10-12
UK-04936,Kaleo SPF Moisturiser,Kaleo,750,75,Personal Care > Moisturiser,"soy,milk",0406388698479,2021-08-06
UK-04937,Helix Rinse Aid,Helix,500,300,Household > Dishwash,"fish,eggs",4035440600530,2020-01-23
UK-04938,Krisol Whitening Deodorant,Krisol,750,400,Personal Care > Deodorant,"sesame,fish",9712106983576,2023-01-29
UK-04939,Orinum Hydrating Face Wash,Orinum,500,150,Personal Care > Face Wash,"eggs,wheat",7083457307116,2018-08-27
UK-04940,Glicen Repair Conditioner,Glicen,100,300,Personal Care > Conditioner,"shellfish,soy",8733417205042,2022-04-06
UK-04941,Novix Sensitive Deodorant,Novix,200,300,Personal Care > Deodorant,"fish,wheat,shellfish",1312401326535,2022-12-31
UK-04942,Clarity Oil Control Face Wash,Clarity,400,500,Personal Care > Face Wash,"milk,soy",7523355499204,2023-10-04
UK-04943,Hevara Foaming Hand Wash,Hevara,250,50,Personal Care > Hand Wash,,9334436591537,2019-10-04
UK-04944,Aurova Glass Cleaner,Aurova,1000,250,Household > Surface Cleaner,"sesame,tree nuts,eggs",4237048551317,2020-06-27
UK-04945,Plexum Fabric Softener,Plexum,300,300,Household > Laundry,,1358884577507,2019-11-09
UK-04946,Cryston Vinegar Dressing,Cryston,250,500,Food & Beverage > Condiments,"milk,gluten,eggs,sesame",1819505285893,2020-07-26
UK-04947,Novix Salted Crackers,Novix,100,75,Food & Beverage > Snacks,,7910877980875,2021-05-02
UK-04948,Cristalix Sensitive Deodorant,Cristalix,200,400,Personal Care > Deodorant,shellfish,2830093063389,2022-03-17
UK-04949,Sovara Tomato Ketchup,Sovara,50,100,Food & Beverage > Condiments,wheat,7421782771057,2018-04-17
UK-04950,Hevara Tomato Ketchup,Hevara,1000,500,Food & Beverage > Condiments,wheat,5512138308330,2020-03-06
UK-04951,Sovara Brightening Face Wash,Sovara,100,100,Personal Care > Face Wash,"peanuts,wheat,gluten",0017425914478,2020-09-05
04952,Arovia Laundry Powder,Arovia,150,150,Household > Laundry,"shellfish,milk,gluten",6280995605242,2021-07-03
04953,Teraxis Sensitive Skin Body Wash,Teraxis,200,400,Personal Care > Body Wash,"eggs,milk,sesame",2757898687780,2019-05-06
UK-04954,Nuvelo Repair Shampoo,Nuvelo,750,50,Personal Care > Shampoo,peanuts,8389665367638,2018-07-23
UK-04955,TEST-Hevara Kitchen Cleaner,Hevara,500,400,Household > Surface Cleaner,shellfish,5731829131334,2022-04-03
UK-04956,Clarity Deep Clean Body Wash,Clarity,100,400,Personal Care > Body Wash,"fish,wheat",2225446396397,2019-07-11
UK-04957,Clarity Foaming Hand Wash,Clarity,75,400,Personal Care > Hand Wash,"gluten,fish,soy",3024159844961,2023-02-21
UK-04958,Verdant Oat Protein Bar,Verdant,500,200,Food & Beverage > Snacks,"eggs,fish,shellfish",5694856483091,2023-09-07
UK-04959,Krisol Stain Remover,Krisol,50,500,Household > Laundry,,5506403356263,2021-02-28
UK-04960,Novix Tomato Ketchup,Novix,250,250,Food & Beverage > Condiments,"eggs,peanuts",9572281605966,2018-07-07
UK-04961,Motivo 48hr Spray Deodorant,Motivo,400,75,Personal Care > Deodorant,"gluten,shellfish,sesame",8197673148121,2020-12-20
UK-04962,TEST-Vivara Disinfectant Spray,Vivara,300,50,Household > Surface Cleaner,"milk,wheat",0651572024194,2018-04-22
UK-04963,Motivo 48hr Spray Deodorant,Motivo,100,300,Personal Care > Deodorant,gluten,6385690536256,2022-08-21
UK-04964,Vivara Hot Chilli Sauce,Vivara,200,500,Food & Beverage > Condiments,,9011707821172,2022-09-18
UK-04965,Polvera Night Cream,Polvera,750,300,Personal Care > Moisturiser,,6752475071293,2023-01-01
UK-04966,XXX-Zenpur Mayonnaise,Zenpur,500,500,Food & Beverage > Condiments,"eggs,soy,wheat",2875428900564,2023-04-04
UK-04967,Alteva Daily Moisturiser,Alteva,100,200,Personal Care > Moisturiser,milk,5044839173004,2022-05-31
04968,Solvix Granola Bar,Solvix,400,500,Food & Beverage > Snacks,"gluten,shellfish,milk",4157429943213,2022-01-04
UK-04969,Purelix Oat Protein Bar,Purelix,300,500,Food & Beverage > Snacks,gluten,2730739370737,2021-03-01
UK-04970,DUMMY-Krisol Fabric Softener,Krisol,300,400,Household > Laundry,"sesame,peanuts",9900974993753,2023-01-07
UK-04971,Solaris Dishwasher Tablets,Solaris,50,500,Household > Dishwash,"tree nuts,soy",1665043448463,2022-11-21
UK-04972,Teraxis Salted Crackers,Teraxis,75,400,Food & Beverage > Snacks,"eggs,fish,wheat",3024829813204,2019-06-10
UK-04973,Brightway Rice Cakes,Brightway,250,400,Food & Beverage > Snacks,"wheat,gluten",6255483152294,2020-05-30
UK-04974,Solven Moisturising Body Wash,Solven,400,300,Personal Care > Body Wash,"tree nuts,eggs,peanuts,wheat",0854912486687,2018-08-06
UK-04975,Solven Salted Crackers,Solven,250,300,Food & Beverage > Snacks,eggs,4377014389206,2021-05-25
UK-04976,Serafix Intensive Moisturiser,Serafix,250,500,Personal Care > Moisturiser,"wheat,eggs",1017992077056,2023-06-26
UK-04977,Lumeva Kitchen Cleaner,Lumeva,400,250,Household > Surface Cleaner,soy,3565732946011,2019-09-06
UK-04978,Novix Oat Protein Bar,Novix,200,250,Food & Beverage > Snacks,gluten,6933894726975,2018-07-22
UK-04979,Arovia Kitchen Cleaner,Arovia,400,50,Household > Surface Cleaner,"shellfish,soy,sesame,tree nuts",3816975078381,2023-11-28
UK-04980,Zenpur Fragrance-Free Hand Wash,Zenpur,500,75,Personal Care > Hand Wash,tree nuts,4665228975330,2022-07-14
UK-04981,Sovara Stain Remover,Sovara,50,75,Household > Laundry,,2569829976999,2022-12-23
UK-04982,Sovara Anti-Dandruff Shampoo,Sovara,500,500,Personal Care > Shampoo,"fish,soy,wheat,sesame",7540555083484,2021-02-02
UK-04983,Cladis Refreshing Shower Gel,Cladis,100,500,Personal Care > Body Wash,"gluten,tree nuts,sesame,wheat",4479289709267,2023-11-09
UK-04984,Glova Eco Dish Liquid,Glova,100,75,Household > Dishwash,,8588533929576,2022-05-03
UK-04985,Luminos Granola Bar,Luminos,750,250,Food & Beverage > Snacks,tree nuts,6308000038103,2023-01-28
UK-04986,XXX-Kaleo Daily Moisturiser,Kaleo,300,50,Personal Care > Moisturiser,,9103128072995,2021-05-28
UK-04987,Krisol Mustard Sauce,Krisol,400,200,Food & Beverage > Condiments,"wheat,gluten,fish",9640763863187,2022-06-28
UK-04988,Qualis Brightening Face Wash,Qualis,250,250,Personal Care > Face Wash,"shellfish,milk",6078054071295,2023-11-12
UK-04989,Arovia Eco Dish Liquid,Arovia,400,50,Household > Dishwash,,1762158873149,2021-08-05
04990,Polvera Tomato Ketchup,Polvera,150,150,Food & Beverage > Condiments,,5235253220812,2020-01-29
UK-04991,Tolvex Hot Chilli Sauce,Tolvex,200,150,Food & Beverage > Condiments,"eggs,milk,sesame,tree nuts",1128401723447,2022-05-30
UK-04992,Solaris Rice Cakes,Solaris,1000,250,Food & Beverage > Snacks,fish,8908268154232,2020-01-07
UK-04993,Frosten Dish Liquid,Frosten,300,500,Household > Dishwash,"milk,peanuts,eggs,sesame",8170015919771,2018-02-05
UK-04994,Tolvex Bathroom Cleaner,Tolvex,200,150,Household > Surface Cleaner,"shellfish,sesame",2173891455056,2022-08-10
UK-04995,Gleam Mustard Sauce,Gleam,1000,100,Food & Beverage > Condiments,,2446428595250,2019-11-09
UK-04996,Kaleo Vinegar Dressing,Kaleo,200,100,Food & Beverage > Condiments,,9042584329918,2020-02-08
UK-04997,Luxara Rice Cakes,Luxara,50,400,Food & Beverage > Snacks,"wheat,gluten,peanuts",4146332788455,2020-06-16
UK-04998,Zephyr Nourishing Body Cleanser,Zephyr,300,500,Personal Care > Body Wash,"tree nuts,sesame,gluten",2572492598764,2020-12-20
UK-04999,Krisol Moisturising Body Wash,Krisol,300,300,Personal Care > Body Wash,"fish,milk",1644237014158,2022-02-06
