SKU_CD,PROD_NM,BRND,SZ,WT_GMS,CAT_CD,ALLRGY,EAN,DT_LNCH
IN00000,Luminos Tomato Ketchup,Luminos,200ml,150,FB-CN,"tree nuts,shellfish",1819600133891,19/04/18
IN00001,Hevara Laundry Powder,Hevara,1000ml,500,HH-LN,"soy,shellfish,peanuts",0265423511612,10/01/22
IN00002,Verdant Whitening Deodorant,Verdant,50ml,400,PC-DO,"eggs,fish,gluten,peanuts",4959310341319,06/04/22
IN00003,Teraxis तेल Intensive Moisturiser,Teraxis,250ml,100,PC-MS,"tree nuts,soy",4192832764833,21/08/21
IN00004,Vanta Refreshing Shower Gel,Vanta,250ml,300,PC-BW,"eggs,soy",9537672423888,12/12/20
IN00005,DUMMY-Sovara Oat Protein Bar,Sovara,750ml,300,FB-SN,"soy,wheat",8710122691667,02/04/23
IN00006,Luxara Fabric Softener,Luxara,50ml,75,HH-LN,"peanuts,tree nuts,eggs,wheat",6270482814899,25/03/20
IN00007,Krisol Repair Conditioner,Krisol,100ml,500,PC-CD,"milk,tree nuts,shellfish,gluten",1543039117183,31/05/19
IN00008,Luxara Volumising Conditioner,Luxara,100ml,200,PC-CD,"gluten,fish,soy,peanuts",3465787133155,28/03/18
IN00009,Plexum Eco स्प्रे Dish Liquid,Plexum,750ml,150,HH-DW,,1031051834732,26/06/19
IN00010,Clarity लोशन Oat Protein Bar,Clarity,400ml,150,FB-SN,"fish,soy,eggs",1656670106512,15/10/20
IN00011,Novix Oil Control Face Wash,Novix,400ml,100,PC-FW,"wheat,peanuts,shellfish",3178108013264,13/06/23
IN00012,Cladis Kitchen Cleaner,Cladis,50ml,100,HH-SC,"milk,fish,peanuts",7468723430987,07/09/18
IN00013,Oralix Granola Bar,Oralix,50ml,400,FB-SN,"sesame,wheat,milk,peanuts",1219136193992,12/06/18
IN00014,Purelix Dish Liquid,Purelix,1000ml,500,HH-DW,"peanuts,soy",5346247510793,14/02/19
IN00015,Aurova Colour Protect Shampoo,Aurova,500ml,200,PC-SH,tree nuts,1354278498083,11/05/21
IN00016,Tresol Tomato Ketchup,Tresol,200ml,75,FB-CN,,8244935348741,28/07/18
IN00017,Nuvelo Repair लोशन Shampoo,Nuvelo,50ml,50,PC-SH,"wheat,peanuts",2786801128058,30/08/19
IN00018,Vanta Moisturising Hand Wash,Vanta,200ml,250,PC-HW,,5331586923229,16/08/22
IN00019,Tolvex Refreshing Shower Gel,Tolvex,250ml,300,PC-BW,peanuts,2160733754330,07/04/18
IN00020,Cladis Mayonnaise,Cladis,250ml,200,FB-CN,,4586850142948,06/06/18
IN00021,Sovara Colour Protect Shampoo,Sovara,250ml,250,PC-SH,"gluten,sesame,eggs",6934060883560,14/10/18
IN00022,Lumeva Mustard Sauce,Lumeva,250ml,75,FB-CN,"sesame,peanuts",6564823662998,17/05/21
IN00023,Zephyr Aloe Hand पाउडर Wash,Zephyr,200ml,200,PC-HW,fish,9957773872147,13/10/23
IN00024,Qualis फोम Vinegar Dressing,Qualis,75ml,150,FB-CN,"soy,gluten",2003791769369,18/07/23
IN00025,Brightway Moisturising Hand Wash,Brightway,1000ml,50,PC-HW,,6328708317270,16/12/23
IN00026,TEST-Toreva Stain Remover,Toreva,400ml,500,HH-LN,"sesame,shellfish,wheat",7743487347147,18/08/20
IN00027,Toreva SPF Moisturiser,Toreva,500ml,75,PC-MS,wheat,3623166587603,27/04/20
IN00028,Arovia Foaming Hand Wash,Arovia,750ml,50,PC-HW,"fish,shellfish,milk,wheat",4668893734677,29/04/18
IN00029,Polvera Fragrance-Free Hand Wash,Polvera,1000ml,300,PC-HW,shellfish,2980699016279,15/01/20
IN00030,Motivo Nourishing Body Cleanser,Motivo,250ml,150,PC-BW,"tree nuts,gluten,fish",4641708053101,08/05/18
IN00031,Luminos तेल Oil Control Face Wash,Luminos,750ml,100,PC-FW,wheat,7193745299129,28/06/21
IN00032,Luminos Colour Protect Shampoo,Luminos,200ml,300,PC-SH,"soy,eggs,gluten",1491905865181,29/10/21
IN00033,Solaris Deep Clean Body Wash,Solaris,75ml,300,PC-BW,"fish,sesame",6284987769455,02/10/20
IN00034,Orinum Anti-Dandruff Shampoo,Orinum,150ml,400,PC-SH,"gluten,fish,tree nuts,milk",7527354549489,11/02/18
IN00035,Helix Laundry Powder,Helix,150ml,300,HH-LN,"sesame,soy,shellfish",7701436349574,15/12/23
IN00036,Tolvex Sensitive Deodorant,Tolvex,500ml,250,PC-DO,"shellfish,peanuts",4431351823370,06/02/21
IN00037,Krisol Oat Protein Bar,Krisol,500ml,200,FB-SN,,3435240824005,11/04/21
IN00038,Teraxis Mixed Nuts Blend,Teraxis,400ml,75,FB-SN,,9477752047118,30/06/22
00039,Clarity Multi-Surface Spray,Clarity,1000ml,50,HH-SC,wheat,9413186999388,08/04/22
IN00040,DUMMY-Frostine पाउडर Glass Cleaner,Frostine,750ml,300,HH-SC,"gluten,milk",9133412328125,11/01/18
IN00041,Nuarix Foaming Hand Wash,Nuarix,750ml,400,PC-HW,"milk,soy",4471349361835,03/09/19
IN00042,Purevex Night Cream,Purevex,50ml,100,PC-MS,"gluten,peanuts",7174648877195,13/06/18
IN00043,Aevum Fragrance-Free Hand Wash,Aevum,200ml,50,PC-HW,,3990490278744,14/01/20
IN00044,Teraxis Heavy Duty Dish Soap,Teraxis,400ml,75,HH-DW,"tree nuts,fish,gluten",5125674680718,12/07/21
IN00045,Glova SPF Moisturiser,Glova,300ml,500,PC-MS,"fish,sesame",8760385977039,29/12/20
IN00046,Elaris Laundry लोशन Powder,Elaris,400ml,400,HH-LN,,0932480861317,06/03/23
IN00047,Solaris Volumising Shampoo,Solaris,200ml,500,PC-SH,"fish,shellfish",7378263982146,27/08/22
IN00048,Nuvelo Whitening साबुन Deodorant,Nuvelo,50ml,200,PC-DO,"gluten,shellfish",2787558867535,05/09/20
IN00049,Plexum Heavy Duty Dish Soap,Plexum,300ml,50,HH-DW,"shellfish,fish",6270289517184,15/02/23
IN00050,Purelix Refreshing Shower Gel,Purelix,1000ml,100,PC-BW,,7459615865789,28/05/18
IN00051,Cristalix Dish Liquid,Cristalix,1000ml,200,HH-DW,eggs,6117240050451,16/03/22
IN00052,Cristalix Moisturising Hand Wash,Cristalix,500ml,300,PC-HW,"wheat,gluten,sesame,milk",9693792374742,08/02/18
IN00053,Solvix Bathroom Cleaner,Solvix,500ml,100,HH-SC,,7594647436719,29/08/20
IN00054,Zenpur Aloe Hand शैम्पू Wash,Zenpur,750ml,200,PC-HW,"milk,fish",4090974395338,23/10/20
IN00055,Teraxis Mayonnaise,Teraxis,75ml,50,FB-CN,"shellfish,milk",9521456232858,15/12/23
IN00056,Nexpur Fabric Softener,Nexpur,200ml,400,HH-LN,"tree nuts,eggs",7123685160487,22/05/19
IN00057,Solvix Bathroom Cleaner,Solvix,1000ml,200,HH-SC,"fish,tree nuts,eggs,sesame",3709859317464,23/04/19
IN00058,Vanta Deep Conditioner,Vanta,200ml,400,PC-CD,,1382675869267,10/02/19
IN00059,Purelix Disinfectant Spray,Purelix,200ml,50,HH-SC,"soy,shellfish",7351585064318,06/02/23
IN00060,Gleam सीरम Volumising Shampoo,Gleam,1000ml,50,PC-SH,,5329318393358,28/08/19
IN00061,Nuvelo Dish Liquid,Nuvelo,100ml,100,HH-DW,"peanuts,wheat,eggs,tree nuts",0205395024024,21/09/22
IN00062,Tolvex Liquid Laundry Detergent,Tolvex,75ml,400,HH-LN,"tree nuts,sesame,eggs",7839084700765,13/10/22
IN00063,Solaris Tomato शैम्पू Ketchup,Solaris,400ml,75,FB-CN,,5921249985697,14/12/23
IN00064,Primus Intensive Moisturiser,Primus,750ml,300,PC-MS,,1836736576613,04/07/21
IN00065,Polvera Fragrance-Free लोशन Hand Wash,Polvera,200ml,250,PC-HW,shellfish,1111615280981,12/09/21
IN00066,Purelix Tomato Ketchup,Purelix,250ml,300,FB-CN,,4945198327316,05/12/21
IN00067,Glova Fabric Softener,Glova,200ml,150,HH-LN,"sesame,gluten,milk",9402445502292,30/06/22
IN00068,Tolvex Volumising Shampoo,Tolvex,1000ml,50,PC-SH,,8366752545995,14/12/18
IN00069,Nexpur Refreshing Shower क्रीम Gel,Nexpur,750ml,50,PC-BW,,4767976438157,27/10/22
IN00070,XXX-Solvix Anti-Dandruff सीरम Shampoo,Solvix,1000ml,400,PC-SH,"peanuts,milk,soy,shellfish",9003432445105,31/07/23
IN00071,Kaleo Rice Cakes,Kaleo,100ml,300,FB-SN,"soy,sesame,tree nuts,milk",6060715969669,31/03/21
IN00072,Luminos Repair साबुन Shampoo,Luminos,250ml,100,PC-SH,"shellfish,tree nuts,eggs,soy",1369681645351,20/11/19
IN00073,Teraxis Colour Protect Shampoo,Teraxis,75ml,500,PC-SH,"soy,tree nuts,sesame,shellfish",2312432921272,16/03/23
IN00074,Orinum Eco Dish Liquid,Orinum,1000ml,250,HH-DW,"wheat,shellfish",1774490581477,26/01/23
IN00075,Vivara तेल Moisturising Body Wash,Vivara,200ml,75,PC-BW,,9986798079354,03/05/23
IN00076,Oralix Laundry Powder,Oralix,400ml,75,HH-LN,"eggs,sesame",2037788925544,06/05/22
IN00077,Solvix Fragrance-Free Hand Wash,Solvix,750ml,50,PC-HW,"eggs,tree nuts",1864492519254,24/06/21
IN00078,Tresol Hot सीरम Chilli Sauce,Tresol,750ml,75,FB-CN,"eggs,sesame,soy,shellfish",5281685054235,31/10/21
IN00079,Plexum Kitchen Cleaner,Plexum,100ml,100,HH-SC,,4188805929620,27/10/19
IN00080,Nexpur Smooth & Shine Conditioner,Nexpur,400ml,50,PC-CD,"tree nuts,soy,shellfish",9473834735973,07/03/23
IN00081,Primus Intensive Moisturiser,Primus,500ml,300,PC-MS,soy,9240758181410,19/10/19
IN00082,Primus Intensive Moisturiser,Primus,100ml,300,PC-MS,,3750606853612,16/03/22
IN00083,Toreva Gentle Face Wash,Toreva,75ml,250,PC-FW,wheat,0472779010434,05/09/19
IN00084,Alteva Stain Remover,Alteva,300ml,75,HH-LN,"soy,peanuts",1036971179802,12/10/23
IN00085,Hevara Dishwasher Tablets,Hevara,100ml,200,HH-DW,"milk,tree nuts,soy",9621851888886,25/03/18
IN00086,Vanta साबुन Foaming Hand Wash,Vanta,1000ml,300,PC-HW,"peanuts,milk",5153195205851,19/12/19
IN00087,Nuarix Hot Chilli Sauce,Nuarix,400ml,100,FB-CN,eggs,7043030548688,24/04/23
IN00088,Krisol Daily Moisturiser,Krisol,1000ml,150,PC-MS,"tree nuts,milk",5415667652779,13/02/22
IN00089,Helix Fabric Softener,Helix,300ml,75,HH-LN,"gluten,wheat,peanuts",5115447962752,06/01/23
00090,Lumeva Nourishing Body Cleanser,Lumeva,300ml,200,PC-BW,,1658202970219,24/08/20
IN00091,Vivara Mustard Sauce,Vivara,300ml,50,FB-CN,"wheat,shellfish,tree nuts,gluten",7192856543107,02/02/20
IN00092,Motivo Disinfectant Spray,Motivo,500ml,75,HH-SC,"peanuts,shellfish",3947312172711,02/08/21
IN00093,Hevara Mustard Sauce,Hevara,75ml,500,FB-CN,"peanuts,gluten,wheat,tree nuts",2583132370589,20/02/22
IN00094,Tresol Disinfectant क्रीम Spray,Tresol,750ml,75,HH-SC,,4678669125172,24/03/23
IN00095,Zenpur Vinegar Dressing,Zenpur,100ml,500,FB-CN,"wheat,gluten,fish,peanuts",0182422535848,20/11/18
IN00096,Teraxis Night Cream,Teraxis,500ml,200,PC-MS,peanuts,9818299229955,18/06/18
IN00097,Vanta Moisturising Body Wash,Vanta,1000ml,200,PC-BW,,6907844736475,26/10/18
IN00098,Nexpur Salted Crackers,Nexpur,400ml,300,FB-SN,"shellfish,soy,tree nuts",9255562588157,17/09/20
IN00099,Nuvelo Multi-Surface शैम्पू Spray,Nuvelo,400ml,150,HH-SC,eggs,0469632595320,03/08/23
IN00100,Solaris Laundry Capsules,Solaris,200ml,400,HH-LN,,1687339500471,12/04/23
IN00101,Zephyr फोम Lightweight Lotion,Zephyr,75ml,300,PC-MS,peanuts,5650609835845,29/10/18
IN00102,Orinum Aloe Hand Wash,Orinum,500ml,200,PC-HW,"gluten,eggs,wheat,milk",6558523986805,05/07/18
IN00103,Hevara Refreshing Shower Gel,Hevara,250ml,400,PC-BW,"shellfish,wheat,sesame,gluten",9526949588870,12/05/21
IN00104,Vivara Multi-Surface फोम Spray,Vivara,250ml,75,HH-SC,"gluten,peanuts,milk",9749930972896,07/04/22
IN00105,Vanta Leave-In Conditioner,Vanta,750ml,75,PC-CD,milk,7562636897025,26/10/23
IN00106,Toreva Hydrating लोशन Face Wash,Toreva,1000ml,400,PC-FW,"fish,tree nuts,wheat,soy",8585497334842,10/07/20
IN00107,Hevara SPF जेल Moisturiser,Hevara,150ml,400,PC-MS,"shellfish,tree nuts",8441986652401,24/03/21
IN00108,Zenpur Salted क्रीम Crackers,Zenpur,400ml,200,FB-SN,"soy,gluten,peanuts",8421993308331,04/08/18
IN00109,Qualis Repair Shampoo,Qualis,400ml,75,PC-SH,milk,8267734540192,09/08/20
IN00110,Kaleo Liquid Laundry Detergent,Kaleo,300ml,100,HH-LN,,6724004991549,05/02/23
IN00111,Alteva Vinegar Dressing,Alteva,400ml,100,FB-CN,"shellfish,peanuts,soy,fish",1527420549326,19/07/22
IN00112,Toreva Aloe Hand Wash,Toreva,75ml,300,PC-HW,,2275304637452,21/05/21
IN00113,Zephyr Eco Dish Liquid,Zephyr,200ml,250,HH-DW,milk,1742684145934,16/06/20
IN00114,Brightway Volumising Conditioner,Brightway,400ml,250,PC-CD,"sesame,shellfish,soy",3918785191080,02/09/23
IN00115,Novix Hydrating Face Wash,Novix,100ml,100,PC-FW,"sesame,shellfish",1397187072869,15/02/23
IN00116,Luxara Dish Liquid,Luxara,400ml,200,HH-DW,,6403910651807,10/10/18
IN00117,Elaris Multi-Surface फोम Spray,Elaris,300ml,100,HH-SC,fish,5676618251285,29/05/22
IN00118,Glicen क्रीम Laundry Powder,Glicen,150ml,50,HH-LN,"milk,soy,eggs",4786863375245,12/02/20
IN00119,TEST-Vanta Salted Crackers,Vanta,1000ml,300,FB-SN,"milk,soy,sesame,gluten",1907903067385,08/06/20
IN00120,Primus Refreshing Shower सीरम Gel,Primus,200ml,150,PC-BW,"tree nuts,gluten,soy,wheat",2836440892688,24/07/23
IN00121,Gleam Nourishing Body Cleanser,Gleam,1000ml,300,PC-BW,"tree nuts,fish,sesame,eggs",4628733427084,18/08/22
IN00122,Alteva Aloe Hand Wash,Alteva,100ml,300,PC-HW,peanuts,3517518304690,11/06/18
IN00123,Krisol Volumising Shampoo,Krisol,750ml,500,PC-SH,shellfish,3540331739363,07/09/20
IN00124,Arovia Fabric Softener,Arovia,200ml,300,HH-LN,"sesame,tree nuts,peanuts",4587717535569,07/07/18
IN00125,Tolvex Dishwasher Tablets,Tolvex,100ml,50,HH-DW,"sesame,fish",4235369378545,25/06/23
00126,Cryston Rice Cakes,Cryston,100ml,250,FB-SN,wheat,8728080100626,05/08/20
IN00127,Zephyr Volumising Shampoo,Zephyr,150ml,500,PC-SH,"tree nuts,milk,shellfish",7008860084843,12/03/18
IN00128,Kaleo Laundry Capsules,Kaleo,75ml,75,HH-LN,"wheat,soy,sesame,peanuts",8454615679335,13/05/21
IN00129,Gleam Tomato Ketchup,Gleam,1000ml,50,FB-CN,"shellfish,peanuts,sesame,wheat",6668700217650,26/01/19
IN00130,Plexum स्प्रे Liquid Laundry Detergent,Plexum,150ml,400,HH-LN,,4890250392613,10/05/21
IN00131,Cristalix Smooth & Shine Conditioner,Cristalix,750ml,300,PC-CD,"tree nuts,fish,wheat,sesame",1850163159997,13/06/22
IN00132,Teraxis सीरम 24hr Roll-On Deodorant,Teraxis,200ml,400,PC-DO,"soy,tree nuts,fish",6296194311426,06/04/22
IN00133,Tolvex Mixed Nuts Blend,Tolvex,300ml,250,FB-SN,"eggs,gluten",0475412126783,30/09/23
IN00134,Luminos Antibacterial Hand Wash,Luminos,75ml,250,PC-HW,"eggs,tree nuts,fish,milk",4661839826221,06/01/21
IN00135,Solaris SPF Moisturiser,Solaris,100ml,75,PC-MS,fish,4647154379932,19/02/23
IN00136,Frostine Volumising Shampoo,Frostine,50ml,300,PC-SH,"gluten,fish",5756924593757,29/12/19
IN00137,Elaris Fragrance-Free Hand Wash,Elaris,1000ml,400,PC-HW,"soy,tree nuts,fish,wheat",6519398280733,01/12/22
IN00138,Purelix Daily Moisturiser,Purelix,1000ml,400,PC-MS,peanuts,3426617979688,07/09/23
IN00139,Novix Rice Cakes,Novix,50ml,250,FB-SN,"gluten,eggs,sesame,fish",3529096561013,25/11/20
IN00140,Tolvex Hydrating Face Wash,Tolvex,500ml,500,PC-FW,"gluten,soy,shellfish,wheat",6798250714610,21/04/19
IN00141,Zenpur फोम Mixed Nuts Blend,Zenpur,200ml,250,FB-SN,"soy,sesame,shellfish",5717751401059,24/03/19
IN00142,Tolvex पाउडर Mayonnaise,Tolvex,150ml,500,FB-CN,sesame,2586736226603,19/03/20
IN00143,Sovara Disinfectant Spray,Sovara,300ml,50,HH-SC,soy,4191825537140,28/06/23
IN00144,Aevum Fabric Softener,Aevum,300ml,300,HH-LN,"eggs,tree nuts,sesame,fish",7924991251346,25/04/19
IN00145,Nuarix Repair Conditioner,Nuarix,100ml,500,PC-CD,"fish,wheat,gluten",6278282742251,22/01/23
IN00146,Zenpur Dish Liquid,Zenpur,50ml,400,HH-DW,soy,6887676772196,07/05/18
IN00147,Vanta Brightening Face Wash,Vanta,200ml,150,PC-FW,"peanuts,wheat,shellfish,gluten",7881914858078,14/06/20
IN00148,Tolvex Antibacterial Hand Wash,Tolvex,1000ml,150,PC-HW,"milk,shellfish",4517133959625,25/07/19
IN00149,Oralix Oil Control Face Wash,Oralix,750ml,250,PC-FW,"peanuts,sesame,wheat,shellfish",4494812604222,19/10/20
IN00150,Cristalix Repair Conditioner,Cristalix,1000ml,300,PC-CD,"wheat,peanuts,fish",6711684577590,11/01/18
IN00151,Glicen Salted Crackers,Glicen,400ml,250,FB-SN,,8636374545896,19/06/19
00152,Qualis Heavy Duty Dish Soap,Qualis,1000ml,50,HH-DW,,1701277063246,14/10/19
IN00153,TEST-Gleam शैम्पू Daily Moisturiser,Gleam,250ml,200,PC-MS,,5206436110374,16/11/18
IN00154,Plexum Smooth & Shine Conditioner,Plexum,500ml,400,PC-CD,,0516271361110,07/07/21
IN00155,Tresol Sport Deodorant,Tresol,300ml,100,PC-DO,eggs,8909275326971,08/06/20
IN00156,Tresol Hydrating Shampoo,Tresol,75ml,300,PC-SH,"fish,tree nuts",2341389994046,21/04/20
IN00157,Primus Stain Remover,Primus,150ml,300,HH-LN,"milk,soy",7613791805520,04/05/22
IN00158,Vivara Heavy Duty Dish Soap,Vivara,500ml,100,HH-DW,"eggs,milk,gluten",0430068486667,04/12/18
IN00159,Novix Vinegar Dressing,Novix,750ml,100,FB-CN,"eggs,peanuts",1832856914632,26/08/18
IN00160,Sovara Gentle Face Wash,Sovara,75ml,400,PC-FW,"sesame,milk,wheat",2102027588429,04/03/22
IN00161,Glicen फोम Repair Conditioner,Glicen,75ml,50,PC-CD,"fish,peanuts",8149177850796,15/11/19
IN00162,Verdant 48hr Spray Deodorant,Verdant,75ml,75,PC-DO,sesame,0003075622085,14/09/22
00163,Cristalix साबुन Brightening Face Wash,Cristalix,300ml,250,PC-FW,"eggs,tree nuts",1802380617446,02/09/21
IN00164,Cryston स्प्रे Colour Protect Shampoo,Cryston,50ml,250,PC-SH,peanuts,9493759738323,27/01/18
IN00165,Plexum Antibacterial Hand Wash,Plexum,500ml,250,PC-HW,,5064138367027,20/02/21
IN00166,Plexum Hydrating स्प्रे Shampoo,Plexum,500ml,300,PC-SH,"shellfish,eggs",9182619906230,09/04/21
IN00167,Cladis SPF Moisturiser,Cladis,250ml,250,PC-MS,,3291212775610,07/01/22
IN00168,Frostine Exfoliating Face स्प्रे Scrub,Frostine,400ml,200,PC-FW,,1249035213569,05/10/23
IN00169,Verdant Nourishing Body Cleanser,Verdant,100ml,50,PC-BW,"shellfish,sesame,soy",1712100323659,11/12/18
IN00170,Verdant Eco Dish Liquid,Verdant,75ml,50,HH-DW,,3721510702969,06/06/22
IN00171,Motivo Multi-Surface Spray,Motivo,1000ml,300,HH-SC,tree nuts,3244720999344,06/08/23
IN00172,Velaris Aloe Hand Wash,Velaris,50ml,75,PC-HW,"soy,peanuts,tree nuts,eggs",6383806578756,20/08/23
IN00173,Nuvelo Sensitive Deodorant,Nuvelo,100ml,50,PC-DO,"tree nuts,fish,soy,peanuts",0407859321339,27/12/20
IN00174,Krisol Liquid Laundry तेल Detergent,Krisol,150ml,300,HH-LN,"wheat,gluten",3955905992936,10/07/23
IN00175,Kaleo Fabric Softener,Kaleo,400ml,50,HH-LN,,0393087059321,27/10/21
IN00176,Toreva Mixed Nuts Blend,Toreva,50ml,50,FB-SN,gluten,2185156915458,13/07/19
IN00177,XXX-Teraxis Volumising Conditioner,Teraxis,400ml,250,PC-CD,sesame,9539264422095,23/05/22
IN00178,Kaleo Dish Liquid,Kaleo,750ml,250,HH-DW,"soy,eggs,shellfish,sesame",5135521570437,19/10/20
IN00179,Zenpur सीरम Salted Crackers,Zenpur,200ml,75,FB-SN,,0676267658614,18/05/23
IN00180,Nexpur Dishwasher फोम Tablets,Nexpur,400ml,75,HH-DW,,4054115262187,17/01/19
00181,Lumeva Whitening Deodorant,Lumeva,400ml,50,PC-DO,"wheat,fish,gluten",0153368844431,28/01/19
IN00182,Clarity Deep Clean Body Wash,Clarity,500ml,400,PC-BW,milk,5061497310329,10/04/21
IN00183,Glova Repair Shampoo,Glova,200ml,300,PC-SH,"shellfish,peanuts,eggs",8625652704773,14/12/20
IN00184,Clarity Brightening Face तेल Wash,Clarity,50ml,100,PC-FW,,1586938068682,29/04/23
IN00185,Velaris Dishwasher Tablets,Velaris,200ml,75,HH-DW,"milk,sesame,wheat",1722332061632,29/08/19
IN00186,Toreva Rinse Aid,Toreva,75ml,75,HH-DW,"sesame,fish,tree nuts",4870998616226,15/02/19
IN00187,Arovia Colour Protect जेल Shampoo,Arovia,75ml,200,PC-SH,"tree nuts,fish,peanuts,soy",7997024629962,08/06/18
IN00188,Nuarix Fragrance-Free Hand Wash,Nuarix,150ml,50,PC-HW,"peanuts,tree nuts,milk",5444713247546,04/09/22
IN00189,Serafix साबुन Dish Liquid,Serafix,400ml,150,HH-DW,"shellfish,sesame,tree nuts",0821486289020,29/02/20
IN00190,DUMMY-Cristalix Gentle लोशन Face Wash,Cristalix,50ml,400,PC-FW,,5345786103572,02/01/23
IN00191,Frosten Volumising स्प्रे Conditioner,Frosten,500ml,250,PC-CD,sesame,1406029333348,05/08/22
IN00192,Arovia Liquid Laundry Detergent,Arovia,1000ml,50,HH-LN,"wheat,gluten,milk",3494466574378,22/05/21
IN00193,Lumeva Vinegar Dressing,Lumeva,300ml,75,FB-CN,,8589944171547,24/08/21
IN00194,Gleam SPF Moisturiser,Gleam,1000ml,200,PC-MS,wheat,8309652074462,16/07/22
IN00195,Frosten Antibacterial Hand Wash,Frosten,750ml,150,PC-HW,"soy,sesame",7584282417242,20/01/20
IN00196,Gleam Mustard Sauce,Gleam,75ml,150,FB-CN,"soy,peanuts",6554947170998,19/10/18
IN00197,Primus Kitchen Cleaner,Primus,75ml,300,HH-SC,"fish,eggs",2235697252175,24/09/21
IN00198,Toreva Mayonnaise,Toreva,1000ml,50,FB-CN,,7432927129664,11/07/22
IN00199,Motivo Foaming Hand Wash,Motivo,50ml,50,PC-HW,"soy,tree nuts,milk,wheat",8300335421689,07/06/21
IN00200,Vanta Deep Conditioner,Vanta,200ml,200,PC-CD,"sesame,gluten,tree nuts",6257532603320,15/05/20
IN00201,Frosten Salted Crackers,Frosten,500ml,100,FB-SN,,5064890901002,20/04/19
00202,Motivo Foaming Hand Wash,Motivo,75ml,500,PC-HW,"shellfish,wheat",3046184992615,27/09/23
IN00203,Glova Oat Protein Bar,Glova,200ml,75,FB-SN,"tree nuts,shellfish",7393483564200,27/07/23
IN00204,Qualis Exfoliating Face Scrub,Qualis,150ml,50,PC-FW,,1197218114373,27/04/21
IN00205,Oralix पाउडर Intensive Moisturiser,Oralix,75ml,100,PC-MS,,4556110022556,28/11/22
IN00206,Glicen Rinse Aid,Glicen,75ml,250,HH-DW,"wheat,eggs",6674676212025,01/03/19
IN00207,Velaris Aloe Hand Wash,Velaris,750ml,400,PC-HW,gluten,6590277167017,07/12/20
IN00208,Zephyr Mustard पाउडर Sauce,Zephyr,1000ml,500,FB-CN,"gluten,soy,tree nuts,peanuts",8916375628904,17/02/18
IN00209,Primus क्रीम Mayonnaise,Primus,400ml,400,FB-CN,eggs,7535408386638,19/11/18
00210,Clarity Glass Cleaner,Clarity,400ml,75,HH-SC,"shellfish,tree nuts,eggs",7016608801997,01/06/21
IN00211,Aurova पाउडर Stain Remover,Aurova,1000ml,400,HH-LN,"tree nuts,milk",3758997571139,09/01/18
IN00212,Teraxis Sport Deodorant,Teraxis,200ml,500,PC-DO,"tree nuts,eggs,milk,sesame",7261493316372,20/02/20
IN00213,Solven Granola Bar,Solven,300ml,50,FB-SN,"eggs,shellfish,sesame,tree nuts",9827080869782,27/12/19
IN00214,Kaleo Oat Protein Bar,Kaleo,100ml,75,FB-SN,"gluten,tree nuts,fish",6934654722695,30/09/23
IN00215,Toreva Lightweight क्रीम Lotion,Toreva,500ml,150,PC-MS,soy,9452288515874,06/09/22
IN00216,Elaris Vinegar Dressing,Elaris,300ml,50,FB-CN,"eggs,milk,fish,gluten",0034244204382,13/05/18
IN00217,Solven पाउडर Sensitive Deodorant,Solven,750ml,500,PC-DO,"shellfish,milk",6384066658004,26/10/20
IN00218,Arovia Hydrating Face Wash,Arovia,400ml,150,PC-FW,"gluten,sesame",9334721228162,16/06/18
IN00219,Luxara Fragrance-Free Hand Wash,Luxara,200ml,100,PC-HW,gluten,4057202590941,03/07/23
IN00220,Zenpur Eco Dish Liquid,Zenpur,75ml,250,HH-DW,"soy,wheat,eggs,fish",8268861533552,17/01/22
IN00221,Krisol Night Cream,Krisol,750ml,500,PC-MS,"sesame,milk,eggs",5739930561644,04/03/21
IN00222,Arovia Sensitive Skin Body Wash,Arovia,250ml,500,PC-BW,"shellfish,gluten,milk,wheat",3581128801337,04/10/22
00223,Novix क्रीम Volumising Shampoo,Novix,300ml,75,PC-SH,milk,7501102481931,25/11/20
IN00224,Orinum Foaming Hand लोशन Wash,Orinum,1000ml,300,PC-HW,"soy,tree nuts,fish,eggs",1809190158145,19/05/21
IN00225,Elaris साबुन Dish Liquid,Elaris,400ml,300,HH-DW,"milk,shellfish,wheat",8326842450882,03/08/19
IN00226,Zephyr Hydrating Shampoo,Zephyr,750ml,300,PC-SH,"sesame,eggs,peanuts,gluten",5368222394310,13/01/20
IN00227,Oralix Vinegar Dressing,Oralix,500ml,400,FB-CN,"eggs,peanuts,gluten,wheat",1397552314914,03/03/20
IN00228,Orinum Sensitive Deodorant,Orinum,250ml,200,PC-DO,"wheat,tree nuts,sesame,soy",2053364525779,30/12/22
IN00229,Solaris Sport Deodorant,Solaris,500ml,75,PC-DO,gluten,1428341108091,18/07/22
IN00230,Vanta जेल Dishwasher Tablets,Vanta,500ml,200,HH-DW,"sesame,shellfish,wheat,gluten",6394278816581,13/02/18
IN00231,Lumeva Mayonnaise,Lumeva,1000ml,100,FB-CN,"wheat,shellfish,gluten,eggs",9927503731457,16/08/20
IN00232,Alteva Refreshing Shower Gel,Alteva,250ml,300,PC-BW,"shellfish,milk,sesame",5184498926655,15/11/18
IN00233,Motivo Fabric Softener,Motivo,150ml,500,HH-LN,"tree nuts,gluten,shellfish",7908272318430,08/09/19
IN00234,Vivara लोशन Leave-In Conditioner,Vivara,750ml,75,PC-CD,fish,5177739260304,08/06/19
IN00235,Nexpur साबुन Eco Dish Liquid,Nexpur,100ml,500,HH-DW,,9202428699045,18/12/18
IN00236,Aevum Exfoliating क्रीम Face Scrub,Aevum,400ml,400,PC-FW,soy,6929298425798,09/10/18
IN00237,Motivo Exfoliating Face Scrub,Motivo,100ml,75,PC-FW,,3886291279908,17/12/23
IN00238,XXX-Helix Liquid Laundry स्प्रे Detergent,Helix,400ml,100,HH-LN,"sesame,milk,fish,peanuts",6508637659911,09/10/22
IN00239,Velaris Repair Conditioner,Velaris,150ml,75,PC-CD,"gluten,sesame",6430098180638,17/07/21
IN00240,Solven Fragrance-Free Hand जेल Wash,Solven,100ml,300,PC-HW,"peanuts,gluten,fish,sesame",5946368872581,05/06/23
IN00241,Clarity SPF Moisturiser,Clarity,250ml,300,PC-MS,eggs,3721386589022,13/05/22
IN00242,Helix Tomato Ketchup,Helix,100ml,400,FB-CN,"fish,eggs,sesame,wheat",3519066984904,19/12/19
IN00243,Orinum Hot Chilli Sauce,Orinum,50ml,150,FB-CN,"peanuts,soy,milk,fish",9883920530212,04/02/21
IN00244,Polvera Fragrance-Free Hand Wash,Polvera,300ml,300,PC-HW,"soy,sesame,milk,tree nuts",1184895543930,06/02/23
IN00245,Zephyr Aloe Hand Wash,Zephyr,200ml,100,PC-HW,"sesame,eggs,gluten",8451848947699,04/06/23
IN00246,Arovia Brightening Face Wash,Arovia,400ml,400,PC-FW,"milk,shellfish,eggs,wheat",1633565880436,22/03/21
IN00247,Solvix फोम Repair Shampoo,Solvix,250ml,75,PC-SH,"wheat,shellfish,tree nuts,gluten",3942373334337,10/04/20
IN00248,Zenpur Hydrating Face Wash,Zenpur,100ml,75,PC-FW,,1790807595791,30/01/21
IN00249,Krisol पाउडर Kitchen Cleaner,Krisol,500ml,200,HH-SC,"soy,wheat,milk",8678085627188,28/02/23
IN00250,Zephyr 24hr Roll-On Deodorant,Zephyr,1000ml,150,PC-DO,"gluten,eggs,tree nuts",5942843479559,24/01/20
IN00251,Aurova Glass Cleaner,Aurova,300ml,250,HH-SC,"fish,peanuts",7292931438660,14/03/20
IN00252,Velaris Leave-In तेल Conditioner,Velaris,50ml,100,PC-CD,"shellfish,wheat,tree nuts",7448906120348,06/05/23
IN00253,Orinum Tomato फोम Ketchup,Orinum,250ml,200,FB-CN,"tree nuts,sesame",8450615939981,16/12/19
IN00254,Toreva लोशन SPF Moisturiser,Toreva,1000ml,500,PC-MS,"shellfish,eggs,fish",9472256996115,26/10/19
IN00255,Toreva 48hr Spray Deodorant,Toreva,250ml,200,PC-DO,"gluten,fish",4759876220239,27/10/20
IN00256,Aurova Salted सीरम Crackers,Aurova,100ml,300,FB-SN,,1178006811490,29/09/19
IN00257,Frostine Repair Shampoo,Frostine,150ml,150,PC-SH,"shellfish,wheat",2820055778482,28/12/22
IN00258,Kaleo Smooth & Shine Conditioner,Kaleo,750ml,400,PC-CD,"fish,sesame,peanuts,wheat",7831745642407,01/01/18
IN00259,Zenpur Laundry Powder,Zenpur,200ml,400,HH-LN,"milk,shellfish,sesame,wheat",0649308536868,05/06/22
00260,Hevara Oil Control Face Wash,Hevara,1000ml,300,PC-FW,"soy,peanuts,eggs",6389448463122,14/07/19
IN00261,Teraxis Daily Moisturiser,Teraxis,400ml,400,PC-MS,"gluten,shellfish",3502080214423,01/12/22
IN00262,TEST-Plexum स्प्रे Salted Crackers,Plexum,75ml,100,FB-SN,,7356475705128,18/08/18
IN00263,Purevex Intensive Moisturiser,Purevex,500ml,400,PC-MS,soy,4601367303719,05/11/23
IN00264,Velaris Mayonnaise,Velaris,300ml,200,FB-CN,"wheat,milk",8814743503139,14/11/22
IN00265,Nexpur 24hr Roll-On Deodorant,Nexpur,200ml,75,PC-DO,"soy,milk,sesame",9792513271954,03/09/18
IN00266,Gleam Nourishing Body Cleanser,Gleam,100ml,500,PC-BW,,2735857306521,23/10/20
IN00267,Hevara Deep Clean Body Wash,Hevara,400ml,500,PC-BW,"sesame,shellfish",3928557498217,16/12/23
IN00268,Elaris Volumising Conditioner,Elaris,200ml,500,PC-CD,"shellfish,milk",8620959351866,17/02/20
IN00269,Arovia Laundry Capsules,Arovia,500ml,100,HH-LN,"peanuts,tree nuts,fish,sesame",5118102203177,24/02/20
00270,Clarity Hydrating साबुन Shampoo,Clarity,1000ml,300,PC-SH,"sesame,peanuts,milk",5391037170589,31/08/22
IN00271,Lumeva 24hr Roll-On Deodorant,Lumeva,200ml,500,PC-DO,,1413811386338,26/11/23
IN00272,Clarity Mayonnaise,Clarity,1000ml,100,FB-CN,"sesame,fish,eggs,gluten",9576122868527,27/12/23
IN00273,Zenpur Heavy Duty Dish तेल Soap,Zenpur,250ml,500,HH-DW,"tree nuts,fish",6593983684571,07/01/23
IN00274,Glicen Antibacterial Hand साबुन Wash,Glicen,50ml,200,PC-HW,"milk,sesame,wheat,shellfish",0433504888995,26/09/19
IN00275,Cryston Hydrating Shampoo,Cryston,250ml,100,PC-SH,peanuts,5933441969313,22/08/21
IN00276,Solaris Kitchen लोशन Cleaner,Solaris,750ml,75,HH-SC,"peanuts,milk,fish,sesame",0556613906043,18/11/23
IN00277,Novix Nourishing Body Cleanser,Novix,750ml,100,PC-BW,"sesame,soy",2067998136461,30/08/19
IN00278,Helix Repair स्प्रे Conditioner,Helix,400ml,50,PC-CD,"fish,peanuts,eggs,soy",8622783769381,18/11/23
IN00279,Purevex Oil Control Face तेल Wash,Purevex,200ml,300,PC-FW,"gluten,eggs",1665535590427,03/12/21
IN00280,Lumeva Heavy क्रीम Duty Dish Soap,Lumeva,100ml,400,HH-DW,,3352110392405,07/11/21
IN00281,Frostine Salted Crackers,Frostine,400ml,400,FB-SN,,5383388487928,17/03/18
IN00282,Polvera Aloe Hand Wash,Polvera,500ml,50,PC-HW,"wheat,milk",4394070164516,20/03/18
IN00283,Plexum Intensive सीरम Moisturiser,Plexum,300ml,500,PC-MS,,5798123878006,10/10/20
IN00284,XXX-Qualis Fabric Softener,Qualis,400ml,300,HH-LN,milk,5554384046086,21/02/21
IN00285,Qualis Oil Control Face Wash,Qualis,300ml,100,PC-FW,,6893639264950,14/01/23
IN00286,Aurova Laundry Powder,Aurova,1000ml,100,HH-LN,"sesame,soy,wheat,shellfish",8262925188122,24/07/21
IN00287,Krisol Deep तेल Conditioner,Krisol,250ml,300,PC-CD,"peanuts,shellfish,gluten",2312209949997,03/08/20
IN00288,Plexum Dishwasher Tablets,Plexum,1000ml,50,HH-DW,"eggs,shellfish",2897526772232,15/07/20
IN00289,Krisol Deep Clean जेल Body Wash,Krisol,50ml,200,PC-BW,"soy,gluten,sesame",1279757366090,08/04/22
IN00290,Cladis Granola जेल Bar,Cladis,750ml,500,FB-SN,"milk,sesame,eggs,soy",7038860868037,07/04/21
IN00291,Frostine Glass Cleaner,Frostine,200ml,400,HH-SC,fish,4908277181292,09/07/19
IN00292,Toreva Foaming Hand सीरम Wash,Toreva,400ml,50,PC-HW,shellfish,9371452111752,16/12/18
IN00293,Glicen Laundry Capsules,Glicen,500ml,100,HH-LN,"milk,shellfish,peanuts",2592222064475,28/03/21
IN00294,Glova जेल Mayonnaise,Glova,100ml,150,FB-CN,,9407778097330,03/05/23
IN00295,Orinum Glass Cleaner,Orinum,75ml,50,HH-SC,sesame,4983022050207,07/05/21
IN00296,Oralix 24hr Roll-On Deodorant,Oralix,75ml,300,PC-DO,wheat,4999827950147,15/08/21
IN00297,Purevex Sensitive Deodorant,Purevex,300ml,500,PC-DO,,4721458683398,27/08/18
IN00298,Glicen Colour Protect लोशन Shampoo,Glicen,1000ml,500,PC-SH,,7946954899525,27/07/23
IN00299,Solaris Laundry Capsules,Solaris,100ml,150,HH-LN,"soy,milk",1071396605581,19/05/20
IN00300,Nuarix Refreshing Shower Gel,Nuarix,200ml,200,PC-BW,,4488501556992,30/04/18
IN00301,Qualis Leave-In Conditioner,Qualis,250ml,400,PC-CD,"milk,wheat,shellfish",2785760849585,18/03/18
IN00302,Solvix Hydrating Face Wash,Solvix,250ml,250,PC-FW,,2405682996296,24/04/19
IN00303,Hevara SPF Moisturiser,Hevara,50ml,200,PC-MS,"eggs,shellfish,soy",5743842150315,23/12/22
IN00304,Velaris Liquid स्प्रे Laundry Detergent,Velaris,500ml,100,HH-LN,tree nuts,7845218230763,10/11/23
IN00305,Frostine Hydrating Shampoo,Frostine,50ml,75,PC-SH,"shellfish,milk",1840943533444,21/12/23
IN00306,Polvera Sensitive Deodorant,Polvera,75ml,200,PC-DO,wheat,4109881385858,15/01/21
IN00307,Clarity Repair Conditioner,Clarity,150ml,100,PC-CD,,4958702070165,09/08/18
IN00308,Cladis Repair Shampoo,Cladis,100ml,400,PC-SH,"tree nuts,peanuts,gluten,fish",3817921717477,12/04/23
IN00309,Brightway Oil Control लोशन Face Wash,Brightway,750ml,200,PC-FW,"fish,wheat",5577017157720,02/03/21
IN00310,TEST-Clarity Whitening फोम Deodorant,Clarity,100ml,500,PC-DO,,6158148769632,25/09/20
IN00311,Velaris Laundry Powder,Velaris,300ml,75,HH-LN,"soy,fish",6958321971995,12/03/23
IN00312,Solven Whitening Deodorant,Solven,400ml,100,PC-DO,"fish,eggs",9196570132904,24/08/19
IN00313,Orinum Mayonnaise,Orinum,500ml,200,FB-CN,"gluten,shellfish,soy",3549465190989,14/07/22
IN00314,Oralix Repair लोशन Conditioner,Oralix,250ml,500,PC-CD,"sesame,fish,soy,milk",0851403696563,22/07/22
IN00315,Novix Foaming Hand सीरम Wash,Novix,150ml,100,PC-HW,"wheat,soy,fish",5624220102761,11/07/19
IN00316,Gleam Volumising Shampoo,Gleam,300ml,400,PC-SH,"fish,wheat,shellfish,peanuts",6876532690972,27/08/20
IN00317,XXX-Nuvelo Oat Protein Bar,Nuvelo,300ml,500,FB-SN,"tree nuts,milk,sesame,peanuts",7519712847818,14/11/23
IN00318,Cristalix स्प्रे Dish Liquid,Cristalix,400ml,75,HH-DW,"gluten,peanuts,milk,wheat",8077879565444,18/11/19
IN00319,Tolvex Sensitive Skin Body Wash,Tolvex,200ml,200,PC-BW,"fish,soy",7929049047124,02/09/23
IN00320,Verdant Anti-Dandruff सीरम Shampoo,Verdant,100ml,200,PC-SH,"shellfish,milk,wheat",1929275243723,01/12/23
IN00321,Helix Nourishing Body Cleanser,Helix,100ml,100,PC-BW,"fish,gluten,soy",7239504102764,05/05/23
IN00322,Tolvex Intensive Moisturiser,Tolvex,500ml,150,PC-MS,"fish,shellfish,peanuts",2860476580189,20/12/21
IN00323,Gleam शैम्पू Aloe Hand Wash,Gleam,200ml,250,PC-HW,"peanuts,eggs",4967393852585,13/02/18
IN00324,Purevex Tomato Ketchup,Purevex,50ml,300,FB-CN,,8175344300917,21/08/18
IN00325,Aevum लोशन Dishwasher Tablets,Aevum,1000ml,75,HH-DW,,1926921244714,01/02/23
IN00326,Nuarix Intensive Moisturiser,Nuarix,1000ml,250,PC-MS,"wheat,eggs",4066504427176,01/04/20
IN00327,Kaleo Heavy Duty Dish Soap,Kaleo,1000ml,400,HH-DW,,2863917410113,23/10/20
IN00328,Solaris Multi-Surface लोशन Spray,Solaris,100ml,50,HH-SC,,6425690877666,15/10/18
IN00329,Zephyr Laundry Powder,Zephyr,300ml,400,HH-LN,,9855460158515,26/02/23
IN00330,Kaleo Night Cream,Kaleo,500ml,50,PC-MS,"soy,peanuts,fish",1571732030935,27/06/23
IN00331,Novix Antibacterial साबुन Hand Wash,Novix,1000ml,200,PC-HW,"sesame,shellfish,milk",0505061387829,12/08/20
IN00332,Tolvex Hydrating Shampoo,Tolvex,100ml,400,PC-SH,milk,7903202041792,01/12/19
IN00333,Solven साबुन Dish Liquid,Solven,75ml,400,HH-DW,"gluten,soy,eggs,fish",3656519825305,12/12/19
IN00334,Glova 24hr क्रीम Roll-On Deodorant,Glova,200ml,100,PC-DO,"wheat,tree nuts,gluten",7390219620711,27/01/18
IN00335,Helix शैम्पू Refreshing Shower Gel,Helix,1000ml,200,PC-BW,"shellfish,wheat,soy",2487632909273,27/12/18
IN00336,Zenpur Mustard Sauce,Zenpur,300ml,50,FB-CN,"soy,gluten,eggs,peanuts",1958837340310,04/09/19
00337,Solaris Hot Chilli Sauce,Solaris,100ml,100,FB-CN,,0543645970104,22/12/19
IN00338,Solaris Deep Conditioner,Solaris,500ml,75,PC-CD,,3799563531539,06/02/19
IN00339,Serafix Exfoliating Face Scrub,Serafix,300ml,150,PC-FW,,7970623972653,13/07/19
IN00340,Teraxis तेल Kitchen Cleaner,Teraxis,250ml,200,HH-SC,tree nuts,2090421776255,19/06/20
IN00341,Nexpur Lightweight Lotion,Nexpur,1000ml,100,PC-MS,"sesame,soy,eggs,gluten",8739774063356,14/11/22
IN00342,Frosten Dishwasher Tablets,Frosten,100ml,50,HH-DW,"milk,gluten,shellfish",8068671773182,20/02/18
IN00343,Aurova Rice Cakes,Aurova,100ml,250,FB-SN,"soy,eggs",0742799077268,28/01/20
IN00344,Hevara Sensitive Deodorant,Hevara,1000ml,50,PC-DO,,6580464989317,07/10/21
IN00345,Primus Salted Crackers,Primus,1000ml,250,FB-SN,,1657905528185,18/04/20
IN00346,Cristalix सीरम Repair Conditioner,Cristalix,500ml,75,PC-CD,"gluten,soy,sesame",5548640155773,16/08/23
IN00347,Velaris Liquid Laundry Detergent,Velaris,500ml,500,HH-LN,"shellfish,tree nuts",1371162411249,04/04/19
IN00348,Solaris Mixed तेल Nuts Blend,Solaris,100ml,150,FB-SN,"milk,peanuts,fish,tree nuts",8275670431030,30/10/23
IN00349,Purelix Mustard Sauce,Purelix,750ml,250,FB-CN,"shellfish,sesame",8774924243752,26/03/21
IN00350,Zenpur Refreshing Shower Gel,Zenpur,200ml,400,PC-BW,gluten,2842222310592,03/06/19
IN00351,Vivara Bathroom Cleaner,Vivara,100ml,150,HH-SC,"milk,tree nuts,sesame,eggs",5782841067279,04/08/21
IN00352,Tolvex Deep लोशन Conditioner,Tolvex,500ml,500,PC-CD,"peanuts,shellfish",4929751702819,15/06/21
IN00353,Lumeva Deep Clean Body Wash,Lumeva,150ml,400,PC-BW,"eggs,tree nuts",0939834301871,24/12/18
IN00354,Serafix Laundry Capsules,Serafix,400ml,250,HH-LN,"gluten,sesame,milk,tree nuts",5626565045543,31/12/22
IN00355,Aurova Liquid Laundry Detergent,Aurova,400ml,300,HH-LN,"peanuts,wheat,fish",6299123478511,20/03/22
00356,Purelix Hydrating Shampoo,Purelix,1000ml,200,PC-SH,"wheat,sesame,shellfish",9232648704946,17/07/23
IN00357,Plexum Laundry Capsules,Plexum,50ml,50,HH-LN,peanuts,4714627301476,01/10/18
IN00358,Frosten Rinse Aid,Frosten,400ml,300,HH-DW,"shellfish,eggs",5890429025723,03/01/22
IN00359,Nuvelo तेल Deep Conditioner,Nuvelo,250ml,300,PC-CD,"milk,peanuts",4818321928554,18/05/21
IN00360,Solven SPF Moisturiser,Solven,500ml,250,PC-MS,milk,2845765213283,24/06/20
IN00361,Lumeva Hydrating Face Wash,Lumeva,500ml,500,PC-FW,"eggs,fish,shellfish,milk",1207545279857,07/12/19
IN00362,Luminos Granola Bar,Luminos,75ml,150,FB-SN,wheat,3423216110764,24/06/18
IN00363,Vanta Gentle Face Wash,Vanta,1000ml,500,PC-FW,"milk,shellfish,eggs,wheat",0140119393256,30/04/18
IN00364,Tolvex Volumising जेल Shampoo,Tolvex,200ml,250,PC-SH,"wheat,sesame",9389119083342,05/12/19
IN00365,Glicen Liquid Laundry Detergent,Glicen,75ml,150,HH-LN,"gluten,soy",1256638361511,24/03/23
IN00366,Tresol Colour Protect Shampoo,Tresol,400ml,250,PC-SH,"sesame,milk",1571647947380,27/07/22
IN00367,Serafix Intensive Moisturiser,Serafix,75ml,400,PC-MS,"wheat,milk",7167811266919,23/11/19
IN00368,Serafix Anti-Dandruff Shampoo,Serafix,250ml,150,PC-SH,"fish,eggs,soy,gluten",6749946579679,26/09/23
IN00369,Arovia Night Cream,Arovia,400ml,75,PC-MS,,4773201017028,17/04/22
IN00370,Brightway Rinse Aid,Brightway,200ml,75,HH-DW,,8773477848582,14/03/18
IN00371,Glova Deep Clean Body Wash,Glova,300ml,400,PC-BW,"fish,shellfish",7002842762460,20/06/23
IN00372,Solvix Colour Protect Shampoo,Solvix,400ml,500,PC-SH,sesame,2806479695451,09/09/18
IN00373,Vanta Sensitive Skin जेल Body Wash,Vanta,100ml,250,PC-BW,"gluten,milk",5616556503336,02/07/21
IN00374,Nuarix Dish Liquid,Nuarix,75ml,200,HH-DW,,5208507698644,25/03/18
IN00375,TEST-Frosten Rice Cakes,Frosten,50ml,250,FB-SN,"gluten,fish,tree nuts",9171357852947,28/01/22
IN00376,Solaris Moisturising Hand Wash,Solaris,1000ml,75,PC-HW,"soy,peanuts,sesame,milk",4963919195419,16/12/23
IN00377,Aurova Glass Cleaner,Aurova,250ml,75,HH-SC,"sesame,peanuts",6853664987828,18/03/18
IN00378,Kaleo जेल Vinegar Dressing,Kaleo,750ml,400,FB-CN,shellfish,4896908357232,09/09/19
IN00379,Sovara Granola Bar,Sovara,300ml,250,FB-SN,,3644249363129,26/02/20
IN00380,Frostine Refreshing Shower Gel,Frostine,400ml,400,PC-BW,"fish,gluten,milk,eggs",2420448207003,10/12/18
IN00381,Frostine Whitening Deodorant,Frostine,75ml,300,PC-DO,"eggs,fish",2319818984715,02/09/20
IN00382,Arovia Dish Liquid,Arovia,250ml,250,HH-DW,"fish,soy,gluten,eggs",2123476490781,15/03/22
IN00383,Toreva सीरम Salted Crackers,Toreva,500ml,300,FB-SN,"soy,peanuts,wheat",5754090034869,20/06/21
IN00384,Solvix साबुन Mustard Sauce,Solvix,75ml,500,FB-CN,shellfish,6064413432753,23/07/22
IN00385,Helix Nourishing Body Cleanser,Helix,400ml,400,PC-BW,"tree nuts,fish,eggs",2481569857003,23/01/20
IN00386,Gleam Hot Chilli Sauce,Gleam,100ml,50,FB-CN,"soy,peanuts,tree nuts",9112382965776,01/07/19
IN00387,Solvix Night क्रीम Cream,Solvix,750ml,250,PC-MS,"soy,eggs",6526693008931,31/12/18
IN00388,Verdant Kitchen Cleaner,Verdant,100ml,50,HH-SC,"gluten,fish,peanuts",2152910867711,08/07/20
IN00389,Serafix Mixed Nuts Blend,Serafix,200ml,200,FB-SN,"fish,wheat,gluten",3934362620446,22/08/20
IN00390,Cristalix Heavy Duty Dish Soap,Cristalix,250ml,400,HH-DW,,0725636694118,29/08/18
IN00391,Cristalix साबुन Nourishing Body Cleanser,Cristalix,400ml,250,PC-BW,"gluten,milk,sesame,wheat",8964652809249,27/11/19
IN00392,Qualis फोम Laundry Capsules,Qualis,400ml,100,HH-LN,,5862415027455,28/10/22
IN00393,Lumeva SPF Moisturiser,Lumeva,200ml,500,PC-MS,"fish,wheat",5728703203201,11/04/23
IN00394,Hevara Night Cream,Hevara,400ml,300,PC-MS,,7075877712151,19/01/19
IN00395,XXX-Kaleo Brightening Face Wash,Kaleo,100ml,500,PC-FW,"gluten,soy",9089261371501,10/03/21
IN00396,Cladis Tomato Ketchup,Cladis,250ml,75,FB-CN,"wheat,milk",1777490509755,14/06/19
IN00397,Gleam Gentle Face लोशन Wash,Gleam,200ml,250,PC-FW,,1896164236107,02/05/20
IN00398,Arovia Volumising Conditioner,Arovia,300ml,200,PC-CD,eggs,4764925158371,30/12/22
IN00399,Nuvelo Foaming Hand Wash,Nuvelo,750ml,300,PC-HW,,6592661085730,28/09/19
IN00400,Teraxis Disinfectant Spray,Teraxis,1000ml,500,HH-SC,,4761742243860,25/04/21
IN00401,Luxara Dish शैम्पू Liquid,Luxara,75ml,50,HH-DW,"eggs,sesame,fish,soy",1794549180178,06/01/20
IN00402,Vanta Volumising स्प्रे Conditioner,Vanta,75ml,300,PC-CD,"tree nuts,shellfish",7945232194161,29/12/23
IN00403,Cladis क्रीम Moisturising Body Wash,Cladis,75ml,50,PC-BW,,7697499564125,08/07/19
IN00404,Glova Refreshing Shower Gel,Glova,50ml,150,PC-BW,,3723683147271,25/09/22
IN00405,Nexpur Moisturising Body Wash,Nexpur,100ml,400,PC-BW,"shellfish,milk,gluten",9334960501668,24/07/23
IN00406,Aevum स्प्रे Oat Protein Bar,Aevum,500ml,200,FB-SN,,7678997308060,17/07/21
IN00407,Nuvelo Liquid Laundry क्रीम Detergent,Nuvelo,1000ml,300,HH-LN,"eggs,shellfish,tree nuts",7602437573831,21/10/21
IN00408,Tresol Heavy Duty Dish Soap,Tresol,200ml,300,HH-DW,"tree nuts,shellfish,wheat",9341722329712,31/08/22
IN00409,Cristalix Bathroom Cleaner,Cristalix,150ml,500,HH-SC,,0545228015615,17/07/20
IN00410,XXX-Plexum Colour Protect साबुन Shampoo,Plexum,400ml,200,PC-SH,"tree nuts,milk",8428910771193,22/02/19
IN00411,Primus Liquid Laundry Detergent,Primus,75ml,100,HH-LN,,3524787125529,19/05/19
IN00412,Purelix Exfoliating Face Scrub,Purelix,50ml,150,PC-FW,"tree nuts,peanuts,wheat",1456532863269,21/08/22
IN00413,Alteva Foaming Hand Wash,Alteva,1000ml,250,PC-HW,,7208115562601,30/05/22
IN00414,Clarity Refreshing Shower Gel,Clarity,50ml,500,PC-BW,"fish,gluten",8455048926737,17/12/22
IN00415,Gleam लोशन Granola Bar,Gleam,300ml,150,FB-SN,"eggs,milk",8562884318845,06/11/23
IN00416,Luminos 48hr Spray Deodorant,Luminos,50ml,500,PC-DO,"peanuts,soy,gluten,tree nuts",6810548510176,05/05/21
IN00417,Cryston Dish Liquid,Cryston,250ml,150,HH-DW,"gluten,sesame,soy,wheat",4492683158936,19/01/22
IN00418,Brightway लोशन Multi-Surface Spray,Brightway,300ml,300,HH-SC,,1062737158699,27/10/23
IN00419,Frosten Fragrance-Free Hand Wash,Frosten,400ml,300,PC-HW,"shellfish,fish,wheat",2827728813778,14/05/18
IN00420,Luxara Mixed Nuts Blend,Luxara,250ml,75,FB-SN,"fish,eggs,sesame,wheat",9408215454471,25/04/18
IN00421,Frosten Leave-In Conditioner,Frosten,300ml,50,PC-CD,"peanuts,soy",2701851067942,27/01/23
IN00422,Velaris Sensitive Deodorant,Velaris,750ml,100,PC-DO,sesame,7772519966360,20/10/21
IN00423,Polvera Liquid Laundry साबुन Detergent,Polvera,400ml,200,HH-LN,,2094818139890,05/08/18
IN00424,Serafix Eco Dish Liquid,Serafix,400ml,500,HH-DW,"fish,eggs,wheat",1820433971895,05/08/21
IN00425,Vanta Aloe Hand Wash,Vanta,400ml,50,PC-HW,"fish,wheat",6085641118240,13/08/19
IN00426,Arovia Repair Conditioner,Arovia,75ml,100,PC-CD,"fish,wheat",0952004615264,20/08/21
IN00427,Glova Intensive Moisturiser,Glova,50ml,150,PC-MS,gluten,9378861405786,26/07/22
IN00428,Luminos Repair स्प्रे Shampoo,Luminos,300ml,150,PC-SH,,4891382496712,12/08/23
IN00429,Vivara Oil Control Face Wash,Vivara,500ml,100,PC-FW,sesame,6870079420078,24/01/21
IN00430,Solvix Rinse जेल Aid,Solvix,300ml,250,HH-DW,gluten,8402891416120,18/02/21
IN00431,Lumeva Moisturising Hand Wash,Lumeva,500ml,250,PC-HW,"peanuts,shellfish",4355379502096,06/05/23
IN00432,Solvix Moisturising Body Wash,Solvix,100ml,300,PC-BW,"shellfish,fish,eggs,sesame",1807156956200,27/05/19
IN00433,Serafix Bathroom Cleaner,Serafix,400ml,50,HH-SC,milk,4531943375048,12/07/23
IN00434,DUMMY-Aurova क्रीम Oat Protein Bar,Aurova,50ml,150,FB-SN,"eggs,peanuts,shellfish",2839992192121,29/11/20
IN00435,Alteva Dishwasher Tablets,Alteva,200ml,150,HH-DW,,8948706056643,14/05/19
IN00436,Cryston Vinegar Dressing,Cryston,400ml,250,FB-CN,"milk,soy,gluten,wheat",6875063519035,02/10/22
IN00437,Serafix Volumising Shampoo,Serafix,100ml,250,PC-SH,"eggs,gluten",0760954317356,11/08/18
IN00438,Cristalix Whitening Deodorant,Cristalix,75ml,400,PC-DO,,7911006512073,13/08/18
IN00439,Teraxis Lightweight Lotion,Teraxis,300ml,75,PC-MS,,0804661963991,13/02/18
IN00440,Cryston Glass Cleaner,Cryston,300ml,75,HH-SC,"milk,shellfish",8593110919390,01/06/19
IN00441,Verdant Vinegar Dressing,Verdant,250ml,300,FB-CN,"gluten,shellfish,wheat",3200249685496,20/08/19
IN00442,Frostine Volumising Conditioner,Frostine,750ml,250,PC-CD,"tree nuts,milk",8920388065335,04/04/20
IN00443,Serafix Anti-Dandruff Shampoo,Serafix,1000ml,400,PC-SH,"gluten,tree nuts,sesame",9465217073031,01/08/20
IN00444,Aurova Disinfectant Spray,Aurova,150ml,400,HH-SC,"fish,soy",6205015081240,09/12/22
IN00445,Krisol Hydrating Face तेल Wash,Krisol,250ml,50,PC-FW,,3342342583238,30/03/18
IN00446,Solven Repair Conditioner,Solven,50ml,100,PC-CD,"eggs,tree nuts,soy",4735528961125,20/06/19
IN00447,Novix Oil Control Face लोशन Wash,Novix,300ml,250,PC-FW,"gluten,fish",3099384253048,02/06/19
IN00448,Solaris Stain Remover,Solaris,150ml,75,HH-LN,"gluten,eggs,wheat",8685787255878,20/07/23
IN00449,Frosten साबुन Bathroom Cleaner,Frosten,300ml,50,HH-SC,soy,3736346692544,14/12/18
IN00450,Elaris Deep Conditioner,Elaris,400ml,500,PC-CD,"soy,milk",7895677665750,23/01/21
IN00451,Kaleo Antibacterial Hand Wash,Kaleo,400ml,150,PC-HW,"eggs,tree nuts",1488814311151,06/06/18
IN00452,Qualis Laundry Powder,Qualis,150ml,250,HH-LN,"peanuts,gluten",3928404456698,18/02/18
IN00453,Krisol Disinfectant Spray,Krisol,100ml,300,HH-SC,soy,3738987751536,23/10/22
IN00454,Aurova Rice Cakes,Aurova,400ml,400,FB-SN,"milk,tree nuts,wheat,peanuts",2407553666840,28/08/21
IN00455,Clarity Dish Liquid,Clarity,50ml,100,HH-DW,tree nuts,9999663618633,29/04/23
IN00456,Clarity Anti-Dandruff Shampoo,Clarity,400ml,200,PC-SH,,2182097023167,08/03/21
IN00457,Elaris Oil स्प्रे Control Face Wash,Elaris,1000ml,500,PC-FW,,7058025662126,10/09/22
00458,Motivo क्रीम Multi-Surface Spray,Motivo,150ml,100,HH-SC,peanuts,6729949387433,31/01/18
IN00459,Purevex Volumising Conditioner,Purevex,300ml,150,PC-CD,"tree nuts,shellfish,sesame,soy",9014754692634,06/01/20
IN00460,Cryston Heavy सीरम Duty Dish Soap,Cryston,300ml,100,HH-DW,"eggs,fish,milk,gluten",2484137681512,07/03/19
IN00461,Purelix Fabric Softener,Purelix,400ml,100,HH-LN,"soy,sesame",0701765636007,23/10/20
IN00462,Toreva Volumising Shampoo,Toreva,1000ml,400,PC-SH,"shellfish,eggs,sesame",8372742209129,19/04/21
IN00463,Tolvex Colour Protect Shampoo,Tolvex,300ml,100,PC-SH,,0427523083707,12/11/23
IN00464,Motivo Tomato Ketchup,Motivo,200ml,400,FB-CN,,9006335331063,25/04/18
IN00465,Serafix Nourishing Body Cleanser,Serafix,1000ml,75,PC-BW,eggs,2206815583938,07/06/22
IN00466,Plexum लोशन Antibacterial Hand Wash,Plexum,150ml,75,PC-HW,"tree nuts,wheat",0650637314959,29/06/18
IN00467,Purelix Volumising स्प्रे Shampoo,Purelix,200ml,400,PC-SH,,8924195625256,29/05/23
IN00468,Luminos फोम Anti-Dandruff Shampoo,Luminos,750ml,400,PC-SH,"sesame,soy,milk",3091436391029,15/03/22
IN00469,Serafix Bathroom पाउडर Cleaner,Serafix,100ml,300,HH-SC,milk,3975245086409,27/07/20
IN00470,Qualis Granola Bar,Qualis,150ml,150,FB-SN,"milk,soy,sesame,peanuts",6852701713024,16/04/20
IN00471,Kaleo Deep Conditioner,Kaleo,750ml,500,PC-CD,soy,8167423362930,26/05/21
IN00472,Orinum Lightweight Lotion,Orinum,1000ml,150,PC-MS,"shellfish,eggs",5662776896277,23/03/18
IN00473,Helix Foaming Hand लोशन Wash,Helix,200ml,500,PC-HW,sesame,2467474689717,26/09/21
IN00474,Serafix Volumising Conditioner,Serafix,100ml,150,PC-CD,"gluten,eggs,shellfish",0857666567497,19/10/18
IN00475,Glova Antibacterial Hand Wash,Glova,300ml,100,PC-HW,fish,4587506633704,20/01/22
IN00476,Nuarix Tomato Ketchup,Nuarix,1000ml,100,FB-CN,"gluten,shellfish",2439920116696,26/11/18
IN00477,Sovara Laundry Powder,Sovara,100ml,300,HH-LN,"peanuts,sesame",8694611952432,19/06/22
IN00478,Zephyr Granola तेल Bar,Zephyr,100ml,400,FB-SN,,1168646225221,22/03/20
IN00479,Primus तेल Kitchen Cleaner,Primus,75ml,400,HH-SC,"soy,wheat,gluten,milk",2346791214164,26/05/19
IN00480,Qualis Daily Moisturiser,Qualis,50ml,150,PC-MS,"shellfish,eggs,milk",0409013806980,24/12/20
IN00481,Krisol Glass सीरम Cleaner,Krisol,250ml,300,HH-SC,"tree nuts,gluten",5356690551076,04/07/22
IN00482,Luminos Mixed Nuts Blend,Luminos,750ml,75,FB-SN,"peanuts,soy,tree nuts,sesame",9786305050575,14/08/20
IN00483,Cladis Heavy Duty Dish Soap,Cladis,750ml,75,HH-DW,"fish,shellfish",1649328980275,23/12/18
IN00484,Cryston Lightweight Lotion,Cryston,100ml,400,PC-MS,,7833321160251,20/04/22
IN00485,Glicen Night Cream,Glicen,200ml,400,PC-MS,,2871539915664,25/11/22
IN00486,Verdant Oil Control तेल Face Wash,Verdant,75ml,200,PC-FW,,1159319525694,07/01/18
IN00487,Frosten Daily Moisturiser,Frosten,500ml,150,PC-MS,"fish,tree nuts,sesame",2899316087526,30/04/21
IN00488,Solvix Exfoliating Face Scrub,Solvix,400ml,100,PC-FW,"peanuts,wheat,milk,gluten",5481497374600,26/09/21
IN00489,Glicen Leave-In Conditioner,Glicen,150ml,50,PC-CD,shellfish,6420865675665,22/10/18
IN00490,Elaris Fabric Softener,Elaris,150ml,500,HH-LN,"eggs,wheat,tree nuts",9047292774234,12/06/20
IN00491,Tolvex Mixed क्रीम Nuts Blend,Tolvex,1000ml,50,FB-SN,"gluten,eggs",2662015720182,18/10/21
IN00492,Brightway Heavy Duty Dish Soap,Brightway,1000ml,300,HH-DW,milk,1367492617642,29/12/22
00493,Glova 24hr Roll-On Deodorant,Glova,75ml,75,PC-DO,,7830999741928,22/04/22
IN00494,Frostine साबुन Glass Cleaner,Frostine,750ml,100,HH-SC,,5182606888710,27/10/23
IN00495,Hevara Eco Dish लोशन Liquid,Hevara,1000ml,75,HH-DW,eggs,2920875102938,23/10/19
IN00496,Verdant Colour Protect Shampoo,Verdant,50ml,75,PC-SH,,8458260340848,28/12/23
IN00497,Clarity शैम्पू Kitchen Cleaner,Clarity,400ml,250,HH-SC,"tree nuts,sesame,soy,gluten",1030324329838,10/01/22
IN00498,Glicen Night Cream,Glicen,750ml,300,PC-MS,,8446267146280,14/04/20
IN00499,Teraxis Anti-Dandruff Shampoo,Teraxis,1000ml,150,PC-SH,"gluten,sesame",9262566093143,26/05/19
IN00500,Solvix पाउडर Liquid Laundry Detergent,Solvix,500ml,300,HH-LN,"peanuts,milk,soy",5155423401639,31/03/22
IN00501,Kaleo Hydrating Shampoo,Kaleo,500ml,200,PC-SH,"shellfish,eggs,tree nuts,gluten",9484910256251,18/12/23
IN00502,Cladis Stain Remover,Cladis,400ml,100,HH-LN,"milk,sesame",2226940539679,20/01/20
IN00503,TEST-Cryston Bathroom पाउडर Cleaner,Cryston,500ml,200,HH-SC,"fish,sesame",3414651113120,24/08/18
IN00504,Luxara Anti-Dandruff Shampoo,Luxara,400ml,50,PC-SH,"sesame,wheat,shellfish",7881609306853,27/09/20
IN00505,Solvix Oat शैम्पू Protein Bar,Solvix,750ml,50,FB-SN,"shellfish,wheat,soy,eggs",1528506762516,16/10/21
IN00506,Novix तेल Mayonnaise,Novix,75ml,200,FB-CN,"shellfish,peanuts",4309634807976,24/08/18
IN00507,Lumeva फोम 24hr Roll-On Deodorant,Lumeva,400ml,250,PC-DO,"tree nuts,eggs",0526501673180,08/10/23
IN00508,Glova Volumising Conditioner,Glova,400ml,50,PC-CD,peanuts,3765456284172,05/12/22
IN00509,Zenpur Leave-In Conditioner,Zenpur,300ml,50,PC-CD,"soy,eggs",3402665023740,02/05/19
IN00510,Luxara Foaming Hand Wash,Luxara,400ml,100,PC-HW,"fish,sesame",6211022580300,02/11/21
IN00511,Tolvex Aloe Hand Wash,Tolvex,50ml,300,PC-HW,"peanuts,gluten,shellfish",1639282341434,24/10/22
IN00512,Hevara Exfoliating Face Scrub,Hevara,75ml,500,PC-FW,"wheat,soy,gluten,eggs",1260432609311,28/07/18
IN00513,Alteva Foaming Hand Wash,Alteva,200ml,150,PC-HW,tree nuts,6708604145458,09/09/22
IN00514,Oralix Brightening Face Wash,Oralix,100ml,50,PC-FW,,0534749162472,29/01/22
IN00515,Glova Sport Deodorant,Glova,75ml,50,PC-DO,"wheat,tree nuts,sesame,shellfish",5989534396115,19/06/19
IN00516,Glova Vinegar Dressing,Glova,50ml,150,FB-CN,shellfish,1189547382028,25/02/20
IN00517,Hevara Aloe Hand Wash,Hevara,200ml,500,PC-HW,"tree nuts,shellfish",1617688029422,01/04/21
IN00518,XXX-Oralix Sensitive Skin Body Wash,Oralix,150ml,300,PC-BW,"sesame,gluten,eggs",2786866943207,18/10/19
IN00519,Frosten Dishwasher Tablets,Frosten,50ml,500,HH-DW,"sesame,gluten,peanuts",4344812308340,10/06/18
IN00520,Nuvelo Mayonnaise,Nuvelo,100ml,200,FB-CN,,3381059551840,02/07/19
IN00521,Elaris Aloe Hand Wash,Elaris,250ml,50,PC-HW,,5342408916497,24/04/20
IN00522,Toreva Kitchen Cleaner,Toreva,200ml,150,HH-SC,"fish,wheat,shellfish,eggs",6527172722393,03/07/23
IN00523,Gleam Mixed Nuts Blend,Gleam,200ml,50,FB-SN,"wheat,gluten",6931216376181,17/07/19
00524,Aevum Salted Crackers,Aevum,75ml,300,FB-SN,"milk,eggs,gluten",0231429001853,15/12/18
IN00525,Velaris Oil Control Face Wash,Velaris,750ml,400,PC-FW,peanuts,5723084810017,30/04/21
IN00526,Purelix Colour स्प्रे Protect Shampoo,Purelix,100ml,50,PC-SH,milk,3662543617212,08/07/20
IN00527,Zenpur Anti-Dandruff Shampoo,Zenpur,75ml,250,PC-SH,,5109226859265,08/09/19
IN00528,Lumeva Mustard फोम Sauce,Lumeva,200ml,250,FB-CN,,4754102252671,14/05/23
00529,Clarity Hydrating Shampoo,Clarity,300ml,200,PC-SH,eggs,5226557676955,21/07/19
IN00530,Motivo Mayonnaise,Motivo,300ml,500,FB-CN,"sesame,gluten,shellfish",8836196893131,21/01/22
IN00531,Luminos Refreshing Shower Gel,Luminos,250ml,500,PC-BW,"wheat,eggs,milk",5524728633302,19/07/19
00532,Motivo क्रीम Volumising Shampoo,Motivo,50ml,300,PC-SH,"milk,eggs",9179202521314,21/02/18
IN00533,Brightway Heavy Duty Dish Soap,Brightway,100ml,400,HH-DW,sesame,4765704120091,12/12/19
IN00534,Zephyr Laundry लोशन Powder,Zephyr,300ml,300,HH-LN,"sesame,peanuts,gluten",3624186236908,15/06/20
IN00535,Tolvex जेल Moisturising Hand Wash,Tolvex,500ml,75,PC-HW,tree nuts,6205634111595,06/10/21
IN00536,Elaris Refreshing Shower शैम्पू Gel,Elaris,100ml,500,PC-BW,,1390438303415,03/07/18
IN00537,TEST-Vanta Heavy Duty Dish Soap,Vanta,50ml,250,HH-DW,,4054683565215,19/09/21
IN00538,Solven Aloe Hand तेल Wash,Solven,500ml,100,PC-HW,,9679042271139,02/06/20
IN00539,Arovia Mayonnaise,Arovia,100ml,500,FB-CN,"gluten,sesame,tree nuts,soy",2545960633991,04/11/18
IN00540,Teraxis Smooth & Shine Conditioner,Teraxis,400ml,75,PC-CD,,2481717524214,21/02/21
IN00541,Zenpur Rinse Aid,Zenpur,75ml,75,HH-DW,shellfish,4747219705468,03/08/22
IN00542,Orinum Dishwasher Tablets,Orinum,250ml,500,HH-DW,"tree nuts,gluten,eggs,sesame",6874090380212,05/04/21
IN00543,XXX-Clarity Moisturising Hand Wash,Clarity,300ml,75,PC-HW,fish,7157787112167,10/11/22
IN00544,Qualis Exfoliating Face Scrub,Qualis,75ml,250,PC-FW,"fish,tree nuts,milk,sesame",3714708272351,09/05/18
IN00545,Oralix Heavy Duty Dish Soap,Oralix,250ml,300,HH-DW,"soy,milk,gluten",0644212146141,24/01/23
IN00546,Aurova Aloe Hand शैम्पू Wash,Aurova,1000ml,200,PC-HW,milk,1654235677828,25/11/22
IN00547,Motivo तेल Whitening Deodorant,Motivo,50ml,500,PC-DO,"soy,eggs,wheat,shellfish",5027275164805,20/01/23
IN00548,Teraxis Volumising Conditioner,Teraxis,750ml,75,PC-CD,,3368296353390,28/02/18
IN00549,Luminos Sport साबुन Deodorant,Luminos,200ml,200,PC-DO,"eggs,shellfish,sesame,soy",6558685127658,26/12/19
IN00550,Nexpur Stain क्रीम Remover,Nexpur,500ml,300,HH-LN,"peanuts,fish,gluten",9111109617981,13/02/19
IN00551,Primus Hot Chilli स्प्रे Sauce,Primus,750ml,50,FB-CN,"fish,soy",3786137157660,01/02/18
IN00552,Primus 48hr Spray Deodorant,Primus,200ml,200,PC-DO,"peanuts,fish",3060002589559,30/11/19
IN00553,Cristalix Heavy Duty Dish Soap,Cristalix,500ml,300,HH-DW,gluten,6096262658268,04/08/20
IN00554,Primus Volumising Shampoo,Primus,75ml,300,PC-SH,"sesame,soy,peanuts,shellfish",5311060920982,19/11/18
IN00555,Luminos पाउडर Heavy Duty Dish Soap,Luminos,100ml,400,HH-DW,"wheat,soy",3438364041204,28/02/19
IN00556,Aevum Repair साबुन Shampoo,Aevum,75ml,75,PC-SH,peanuts,4211753617063,29/10/18
IN00557,Aurova Multi-Surface Spray,Aurova,1000ml,300,HH-SC,"tree nuts,shellfish,wheat",2402990155797,21/01/18
IN00558,Tolvex Smooth & Shine Conditioner,Tolvex,200ml,75,PC-CD,gluten,0808823513055,22/07/19
IN00559,Glicen Gentle Face Wash,Glicen,100ml,200,PC-FW,"shellfish,soy",1584776863421,21/03/20
IN00560,Cladis Mustard Sauce,Cladis,75ml,200,FB-CN,soy,7676945919665,29/03/20
IN00561,Vivara शैम्पू Rinse Aid,Vivara,1000ml,75,HH-DW,"wheat,milk,peanuts",9649856012563,01/02/20
IN00562,Purevex 48hr Spray Deodorant,Purevex,150ml,250,PC-DO,"wheat,tree nuts",1050537953811,29/04/22
IN00563,Aurova Lightweight Lotion,Aurova,500ml,150,PC-MS,,8491966553303,17/07/23
IN00564,Nuvelo सीरम Multi-Surface Spray,Nuvelo,300ml,75,HH-SC,,7295963904097,20/01/18
IN00565,Tresol Bathroom Cleaner,Tresol,300ml,50,HH-SC,"sesame,milk,tree nuts,shellfish",0171644556182,06/07/21
00566,Oralix Disinfectant Spray,Oralix,300ml,200,HH-SC,"shellfish,eggs,tree nuts",9103002156322,27/12/18
IN00567,Novix Brightening Face Wash,Novix,50ml,50,PC-FW,"milk,eggs",0414596422977,07/05/19
IN00568,Brightway Repair Conditioner,Brightway,750ml,300,PC-CD,"eggs,sesame,soy",9774573144157,19/09/20
IN00569,XXX-Nuarix Mayonnaise,Nuarix,75ml,75,FB-CN,"milk,soy,gluten",3763715398851,01/07/21
IN00570,Gleam Rice Cakes,Gleam,100ml,500,FB-SN,,2356798363147,29/09/22
IN00571,Clarity Repair Conditioner,Clarity,1000ml,75,PC-CD,shellfish,1130724078753,23/12/20
IN00572,Helix Colour Protect Shampoo,Helix,250ml,300,PC-SH,wheat,6868507451060,27/09/22
IN00573,Serafix Brightening Face Wash,Serafix,300ml,100,PC-FW,"peanuts,sesame,shellfish,gluten",6103131009431,27/09/18
IN00574,Nuvelo Liquid साबुन Laundry Detergent,Nuvelo,150ml,300,HH-LN,"fish,eggs,soy",4732354940126,24/08/23
IN00575,Velaris Oat Protein Bar,Velaris,200ml,150,FB-SN,tree nuts,1225720765025,16/12/20
IN00576,Solvix Volumising Shampoo,Solvix,50ml,250,PC-SH,"gluten,milk,shellfish",3710094388225,20/01/19
IN00577,Tolvex Anti-Dandruff Shampoo,Tolvex,250ml,400,PC-SH,"tree nuts,sesame,peanuts",7457054589716,10/01/21
IN00578,XXX-Glicen Vinegar Dressing,Glicen,1000ml,50,FB-CN,fish,3257039653135,28/03/22
IN00579,Nuvelo Tomato Ketchup,Nuvelo,1000ml,500,FB-CN,"wheat,tree nuts,milk",5569644309856,19/05/19
IN00580,Clarity तेल Foaming Hand Wash,Clarity,250ml,200,PC-HW,,0727284982470,26/03/21
IN00581,Zephyr पाउडर Anti-Dandruff Shampoo,Zephyr,400ml,50,PC-SH,peanuts,9107406500422,05/12/21
IN00582,Polvera Lightweight Lotion,Polvera,500ml,100,PC-MS,,4236914307539,02/05/22
IN00583,Solven Foaming Hand Wash,Solven,200ml,200,PC-HW,tree nuts,5923426834415,02/05/21
IN00584,Novix Heavy क्रीम Duty Dish Soap,Novix,100ml,300,HH-DW,"eggs,wheat,shellfish",5857567667086,19/04/18
IN00585,Krisol Antibacterial Hand Wash,Krisol,100ml,200,PC-HW,gluten,8529894062601,11/03/23
IN00586,Oralix सीरम Laundry Capsules,Oralix,75ml,50,HH-LN,"eggs,tree nuts",9149750198030,16/10/23
IN00587,Tolvex Smooth & Shine Conditioner,Tolvex,400ml,100,PC-CD,wheat,4407931102913,31/10/23
IN00588,Aurova Volumising जेल Shampoo,Aurova,75ml,400,PC-SH,,8760146723844,04/12/22
IN00589,Glova Vinegar Dressing,Glova,300ml,100,FB-CN,,2232883774411,13/07/23
IN00590,Cladis Sport Deodorant,Cladis,300ml,75,PC-DO,"fish,gluten,wheat",0471960940970,24/06/18
IN00591,Cryston 48hr Spray Deodorant,Cryston,400ml,200,PC-DO,,2588358681228,12/12/21
IN00592,Qualis पाउडर Vinegar Dressing,Qualis,400ml,100,FB-CN,"peanuts,fish",1767929884256,26/11/21
IN00593,Cladis Eco Dish Liquid,Cladis,75ml,50,HH-DW,,2311775331267,17/09/22
IN00594,Lumeva Hydrating Shampoo,Lumeva,200ml,75,PC-SH,"shellfish,soy,milk,tree nuts",1759025176298,29/03/20
IN00595,Solaris Brightening Face Wash,Solaris,400ml,200,PC-FW,soy,2683190130207,12/01/22
IN00596,Novix Aloe Hand Wash,Novix,75ml,250,PC-HW,sesame,7339785598215,03/12/22
IN00597,Purevex Foaming Hand Wash,Purevex,750ml,75,PC-HW,sesame,4117309850345,26/10/20
IN00598,Purevex Fragrance-Free Hand जेल Wash,Purevex,100ml,200,PC-HW,,8938984690813,14/04/23
IN00599,Vanta Daily Moisturiser,Vanta,250ml,300,PC-MS,"soy,tree nuts",0238503719901,17/11/21
IN00600,Aevum Repair Shampoo,Aevum,750ml,75,PC-SH,"shellfish,wheat,peanuts,tree nuts",0107835674304,15/08/18
IN00601,Novix Refreshing Shower Gel,Novix,750ml,300,PC-BW,,8706626682171,29/04/19
IN00602,XXX-Zenpur Rinse Aid,Zenpur,150ml,250,HH-DW,"milk,soy,sesame",1903689003012,21/08/18
IN00603,Kaleo Volumising सीरम Conditioner,Kaleo,200ml,50,PC-CD,"tree nuts,soy",4296711148377,02/01/22
IN00604,Hevara Exfoliating Face Scrub,Hevara,200ml,250,PC-FW,"peanuts,soy,gluten,wheat",8810569741328,04/11/23
00605,Tolvex Brightening Face Wash,Tolvex,500ml,150,PC-FW,,5203771070448,23/04/22
IN00606,Oralix Daily Moisturiser,Oralix,200ml,300,PC-MS,"milk,fish,sesame",7033626804083,25/11/21
00607,Krisol Sensitive Skin Body Wash,Krisol,250ml,200,PC-BW,"soy,milk,tree nuts,shellfish",9660186487692,27/10/23
IN00608,Motivo Night Cream,Motivo,400ml,150,PC-MS,milk,4413845960945,21/01/22
IN00609,Gleam SPF Moisturiser,Gleam,750ml,50,PC-MS,,4954277070708,09/01/22
IN00610,Aurova Disinfectant Spray,Aurova,300ml,50,HH-SC,"eggs,peanuts,tree nuts,milk",7244472322908,11/08/20
IN00611,Kaleo Hydrating Shampoo,Kaleo,1000ml,500,PC-SH,"gluten,tree nuts,milk",8304405809353,24/03/19
IN00612,Orinum साबुन Colour Protect Shampoo,Orinum,75ml,500,PC-SH,,3359561642059,15/01/22
IN00613,Gleam Sensitive शैम्पू Deodorant,Gleam,250ml,400,PC-DO,"gluten,milk",2504290193582,13/09/23
IN00614,Aurova Rinse Aid,Aurova,300ml,50,HH-DW,fish,1139898681806,19/04/23
IN00615,Alteva स्प्रे Vinegar Dressing,Alteva,400ml,250,FB-CN,"soy,peanuts",3535375137657,23/11/18
IN00616,Primus Whitening पाउडर Deodorant,Primus,75ml,250,PC-DO,"gluten,soy,shellfish",6392836929445,31/10/21
00617,Helix 24hr Roll-On लोशन Deodorant,Helix,300ml,300,PC-DO,"wheat,shellfish,soy,eggs",7021648712066,09/04/18
IN00618,Purevex Mixed Nuts Blend,Purevex,100ml,500,FB-SN,"fish,gluten,tree nuts,eggs",6834155999100,30/10/18
00619,Orinum Granola Bar,Orinum,300ml,400,FB-SN,"peanuts,shellfish,wheat",2981209957655,02/12/22
IN00620,Glicen Smooth & Shine Conditioner,Glicen,750ml,200,PC-CD,,3475098898643,15/08/21
IN00621,Krisol Fragrance-Free Hand जेल Wash,Krisol,100ml,100,PC-HW,"gluten,milk,peanuts,wheat",3684995154213,25/03/21
IN00622,Orinum Intensive Moisturiser,Orinum,150ml,100,PC-MS,"peanuts,eggs",3421388209088,10/03/20
IN00623,Luminos Deep Clean Body Wash,Luminos,250ml,150,PC-BW,"gluten,fish",7827411767413,15/07/19
IN00624,Zenpur Daily Moisturiser,Zenpur,75ml,150,PC-MS,,5285478150616,06/11/23
IN00625,Luxara 48hr Spray क्रीम Deodorant,Luxara,1000ml,50,PC-DO,,3296334727271,03/03/21
IN00626,Teraxis Leave-In Conditioner,Teraxis,75ml,500,PC-CD,milk,6178932064965,19/08/20
IN00627,Velaris Mustard Sauce,Velaris,500ml,100,FB-CN,"soy,peanuts",7769587413148,15/09/22
IN00628,Cristalix Bathroom Cleaner,Cristalix,1000ml,300,HH-SC,"eggs,peanuts,milk,wheat",2751562779634,29/04/18
IN00629,Primus SPF Moisturiser,Primus,150ml,300,PC-MS,,8545667664049,12/06/23
IN00630,Qualis फोम Mixed Nuts Blend,Qualis,1000ml,50,FB-SN,"shellfish,fish",3928319952988,23/03/18
IN00631,Motivo पाउडर Salted Crackers,Motivo,75ml,250,FB-SN,"sesame,eggs",0835832863420,12/03/22
IN00632,Aurova Sensitive Deodorant,Aurova,500ml,150,PC-DO,,0081867024408,31/07/20
IN00633,Vanta Mayonnaise,Vanta,200ml,75,FB-CN,"fish,wheat,peanuts",1118600892198,22/05/22
IN00634,Frostine Hydrating Face Wash,Frostine,250ml,300,PC-FW,"milk,peanuts,sesame,soy",3149764613686,14/02/21
IN00635,Nuarix Bathroom Cleaner,Nuarix,500ml,500,HH-SC,fish,0765817390637,06/01/23
IN00636,Clarity Sensitive Deodorant,Clarity,75ml,200,PC-DO,"wheat,eggs",1823793126974,14/11/23
IN00637,Krisol Oat Protein Bar,Krisol,150ml,50,FB-SN,"peanuts,fish,gluten",5205996043870,10/08/23
IN00638,Toreva 48hr Spray Deodorant,Toreva,400ml,400,PC-DO,"sesame,eggs,gluten,soy",1620281237101,04/10/22
IN00639,Teraxis Kitchen फोम Cleaner,Teraxis,500ml,400,HH-SC,sesame,6604164485952,11/11/19
IN00640,Alteva तेल Repair Conditioner,Alteva,1000ml,150,PC-CD,"tree nuts,sesame,peanuts,soy",7352287056229,12/04/23
IN00641,Frostine स्प्रे Hydrating Shampoo,Frostine,150ml,150,PC-SH,,8751097921588,14/07/20
IN00642,Serafix 24hr Roll-On Deodorant,Serafix,200ml,200,PC-DO,"gluten,peanuts,tree nuts",9648831921340,01/01/20
IN00643,Solven Lightweight Lotion,Solven,100ml,500,PC-MS,"fish,tree nuts,peanuts,gluten",9732033192223,02/05/23
IN00644,XXX-Purevex साबुन Nourishing Body Cleanser,Purevex,50ml,100,PC-BW,"shellfish,fish,gluten,wheat",4813866675482,22/07/21
IN00645,Aevum Liquid Laundry Detergent,Aevum,150ml,100,HH-LN,"wheat,fish",8774186520578,18/11/21
IN00646,Aurova Rice Cakes,Aurova,750ml,500,FB-SN,"gluten,peanuts,soy",5203758309455,21/01/19
IN00647,Primus Sport Deodorant,Primus,50ml,200,PC-DO,,4760440907975,02/07/23
IN00648,Tolvex Volumising Conditioner,Tolvex,1000ml,500,PC-CD,,0509222161075,13/09/18
IN00649,Novix 24hr Roll-On Deodorant,Novix,200ml,150,PC-DO,"milk,tree nuts,sesame,shellfish",2958066013824,28/12/20
IN00650,Orinum Volumising Shampoo,Orinum,50ml,200,PC-SH,"soy,sesame,fish,eggs",0448515791974,28/12/18
IN00651,Kaleo Hydrating Shampoo,Kaleo,75ml,100,PC-SH,"tree nuts,peanuts,soy",2035713432402,03/04/22
IN00652,Kaleo Granola Bar,Kaleo,200ml,100,FB-SN,"tree nuts,fish,soy,sesame",3432447417597,29/01/22
IN00653,Orinum Whitening Deodorant,Orinum,1000ml,100,PC-DO,,9628936543586,06/01/21
IN00654,Arovia Colour Protect Shampoo,Arovia,150ml,200,PC-SH,shellfish,4018272795599,28/03/22
IN00655,Vanta Vinegar Dressing,Vanta,250ml,75,FB-CN,"milk,wheat",6755125427822,31/03/18
IN00656,DUMMY-Cryston पाउडर Disinfectant Spray,Cryston,750ml,300,HH-SC,"shellfish,soy,peanuts",5957640381660,08/01/21
IN00657,XXX-Frosten शैम्पू Heavy Duty Dish Soap,Frosten,50ml,100,HH-DW,"wheat,peanuts,soy,sesame",2250142576279,04/01/18
IN00658,Serafix Mayonnaise,Serafix,100ml,200,FB-CN,"shellfish,wheat,gluten",3361328507259,14/02/19
IN00659,Solvix Disinfectant लोशन Spray,Solvix,300ml,150,HH-SC,"fish,shellfish,soy",1625265469684,21/10/18
IN00660,Polvera Sensitive Deodorant,Polvera,750ml,50,PC-DO,gluten,2355580996136,20/07/19
IN00661,Vanta Kitchen Cleaner,Vanta,150ml,200,HH-SC,"eggs,tree nuts,fish",2624467046227,20/06/22
00662,Solven फोम Vinegar Dressing,Solven,400ml,75,FB-CN,"eggs,fish",0252986707668,12/08/18
IN00663,Verdant फोम Intensive Moisturiser,Verdant,1000ml,75,PC-MS,"tree nuts,milk,shellfish",7585126861207,12/10/21
IN00664,Verdant जेल Oat Protein Bar,Verdant,150ml,500,FB-SN,"shellfish,fish,milk,soy",4017750954657,28/04/21
IN00665,Nuvelo Sensitive Skin Body Wash,Nuvelo,100ml,200,PC-BW,"fish,milk",7540915086322,11/12/18
IN00666,Tresol Liquid Laundry Detergent,Tresol,100ml,400,HH-LN,"peanuts,tree nuts,shellfish",9389701550290,19/02/19
IN00667,Glicen Aloe Hand Wash,Glicen,75ml,250,PC-HW,"fish,gluten",0241613944989,25/09/20
IN00668,Vivara तेल Salted Crackers,Vivara,750ml,400,FB-SN,fish,4248096244069,28/04/20
IN00669,Polvera Deep Clean Body Wash,Polvera,100ml,200,PC-BW,"shellfish,tree nuts",1330531949790,20/09/22
IN00670,Qualis Vinegar Dressing,Qualis,500ml,300,FB-CN,"sesame,milk,tree nuts",5557277382643,09/07/22
IN00671,Helix क्रीम Sensitive Skin Body Wash,Helix,1000ml,400,PC-BW,"tree nuts,eggs,soy,gluten",8544577029924,11/12/21
IN00672,Purelix Heavy Duty Dish Soap,Purelix,50ml,200,HH-DW,"shellfish,soy,fish,peanuts",2691163319429,14/10/19
IN00673,Luxara शैम्पू Rice Cakes,Luxara,300ml,250,FB-SN,fish,9455158886364,20/07/23
IN00674,Orinum Bathroom Cleaner,Orinum,100ml,100,HH-SC,"peanuts,milk,tree nuts",7216966630936,22/07/19
IN00675,Primus Eco Dish Liquid,Primus,75ml,300,HH-DW,,5932971509686,26/09/23
IN00676,Cryston Oil Control स्प्रे Face Wash,Cryston,250ml,150,PC-FW,shellfish,3524103977399,23/12/22
IN00677,Cryston Oil Control Face Wash,Cryston,500ml,75,PC-FW,"tree nuts,wheat,soy,shellfish",1006876164814,28/12/23
IN00678,Orinum Salted पाउडर Crackers,Orinum,400ml,50,FB-SN,"fish,milk",5687611249124,10/02/22
IN00679,Brightway Fragrance-Free Hand Wash,Brightway,150ml,400,PC-HW,peanuts,1517734547576,22/11/20
IN00680,Aevum पाउडर Rinse Aid,Aevum,50ml,100,HH-DW,sesame,4035954429474,07/12/22
IN00681,Brightway Mustard Sauce,Brightway,100ml,100,FB-CN,"peanuts,fish,gluten,tree nuts",3039429045887,21/07/22
IN00682,DUMMY-Nexpur Disinfectant Spray,Nexpur,250ml,100,HH-SC,"sesame,tree nuts,gluten,soy",7287276015348,25/04/20
IN00683,Nuvelo Oil Control क्रीम Face Wash,Nuvelo,750ml,75,PC-FW,tree nuts,7790833506154,10/09/23
IN00684,Luxara Anti-Dandruff स्प्रे Shampoo,Luxara,500ml,500,PC-SH,,0798334233729,14/06/18
IN00685,Luxara Rinse Aid,Luxara,200ml,75,HH-DW,eggs,2840333997718,29/07/18
IN00686,Serafix 24hr Roll-On Deodorant,Serafix,400ml,75,PC-DO,"eggs,shellfish,soy",1893974909610,19/12/22
IN00687,Frosten Mayonnaise,Frosten,1000ml,400,FB-CN,,4694725878448,18/12/20
00688,Qualis Laundry Powder,Qualis,200ml,500,HH-LN,"peanuts,shellfish,eggs,fish",2705877221647,23/01/19
IN00689,Teraxis Bathroom Cleaner,Teraxis,1000ml,500,HH-SC,soy,1334845871495,11/05/20
IN00690,Toreva Dishwasher तेल Tablets,Toreva,100ml,150,HH-DW,"wheat,gluten,sesame",5879643474524,08/06/21
IN00691,Tolvex Sport Deodorant,Tolvex,250ml,400,PC-DO,"fish,gluten",6060652740338,14/11/20
IN00692,Luminos SPF Moisturiser,Luminos,250ml,300,PC-MS,"tree nuts,sesame,soy",3987411325793,09/04/23
IN00693,Nuarix Deep Clean Body Wash,Nuarix,400ml,150,PC-BW,"gluten,fish",0105485741728,31/10/18
IN00694,Brightway Sensitive Deodorant,Brightway,100ml,200,PC-DO,"soy,sesame,eggs,gluten",3598488402159,19/01/22
IN00695,Kaleo Kitchen सीरम Cleaner,Kaleo,250ml,400,HH-SC,shellfish,5534490216665,16/06/23
IN00696,Oralix Sensitive Skin Body Wash,Oralix,500ml,250,PC-BW,,9608587495113,13/01/19
IN00697,Novix Liquid Laundry Detergent,Novix,100ml,500,HH-LN,,9793164772517,15/01/20
IN00698,Qualis Vinegar Dressing,Qualis,400ml,500,FB-CN,"milk,fish,peanuts",0960035624391,30/08/21
IN00699,Gleam Laundry Capsules,Gleam,1000ml,150,HH-LN,"tree nuts,wheat,soy,fish",2342108902854,11/10/18
IN00700,Plexum Sport Deodorant,Plexum,1000ml,150,PC-DO,peanuts,2643350271607,24/12/22
IN00701,Motivo Mixed Nuts Blend,Motivo,50ml,400,FB-SN,"fish,soy,sesame",6911289812311,27/06/23
IN00702,Zenpur Oat Protein Bar,Zenpur,250ml,300,FB-SN,soy,1857481700665,28/06/22
IN00703,Vivara Anti-Dandruff तेल Shampoo,Vivara,200ml,75,PC-SH,"peanuts,soy,eggs",6704502329020,26/10/23
IN00704,Nuarix Leave-In शैम्पू Conditioner,Nuarix,400ml,50,PC-CD,,9345962622824,14/01/20
IN00705,Nexpur 24hr Roll-On Deodorant,Nexpur,50ml,400,PC-DO,peanuts,6549500507021,28/07/22
IN00706,Motivo Sensitive Skin Body Wash,Motivo,750ml,500,PC-BW,wheat,1053161177684,09/12/22
IN00707,Teraxis Smooth & Shine Conditioner,Teraxis,50ml,200,PC-CD,"shellfish,peanuts,wheat",5859177932387,16/06/19
IN00708,Polvera Leave-In Conditioner,Polvera,75ml,75,PC-CD,"peanuts,eggs,soy",3424579889427,05/09/21
IN00709,Polvera Fragrance-Free लोशन Hand Wash,Polvera,100ml,50,PC-HW,"milk,peanuts,soy,wheat",0203265097758,09/02/20
IN00710,Cladis Vinegar Dressing,Cladis,400ml,150,FB-CN,"gluten,peanuts,shellfish",1485524578713,03/11/21
IN00711,Purevex Fabric Softener,Purevex,250ml,300,HH-LN,,8213711842544,28/01/23
IN00712,Helix Aloe Hand Wash,Helix,500ml,100,PC-HW,"eggs,soy,milk",3035892988089,25/01/22
IN00713,Nuarix Laundry Powder,Nuarix,500ml,100,HH-LN,"wheat,eggs",2932896340640,16/05/22
IN00714,Velaris Laundry Capsules,Velaris,400ml,250,HH-LN,,0148439910627,12/08/19
IN00715,Krisol Kitchen स्प्रे Cleaner,Krisol,150ml,300,HH-SC,fish,6933513426194,14/09/19
IN00716,Brightway Exfoliating क्रीम Face Scrub,Brightway,1000ml,200,PC-FW,"milk,eggs",8481973741893,05/02/23
IN00717,Krisol Deep Conditioner,Krisol,250ml,200,PC-CD,,6417692743810,29/12/18
IN00718,Aevum Oat Protein Bar,Aevum,250ml,150,FB-SN,"fish,gluten,milk",1444856451019,12/06/23
IN00719,Solaris Hydrating Face सीरम Wash,Solaris,150ml,300,PC-FW,"eggs,shellfish",8996986091915,24/01/19
IN00720,Vivara सीरम Volumising Shampoo,Vivara,750ml,300,PC-SH,"milk,tree nuts,shellfish",7980660392055,09/02/19
IN00721,Luminos Intensive Moisturiser,Luminos,400ml,200,PC-MS,"tree nuts,gluten",3470574238852,02/07/22
IN00722,Solaris 48hr Spray Deodorant,Solaris,75ml,250,PC-DO,"gluten,sesame",3541165972636,20/12/20
IN00723,Zenpur Rice Cakes,Zenpur,250ml,400,FB-SN,"wheat,gluten",5013948848820,19/06/22
IN00724,Serafix Dish Liquid,Serafix,75ml,75,HH-DW,"fish,peanuts,wheat,tree nuts",5856261499153,09/07/20
IN00725,Cristalix Multi-Surface Spray,Cristalix,500ml,100,HH-SC,"milk,shellfish",3333732043098,03/06/23
IN00726,Luxara पाउडर Glass Cleaner,Luxara,500ml,150,HH-SC,"wheat,sesame,fish",9645465535851,12/11/18
IN00727,Toreva Mixed Nuts Blend,Toreva,150ml,500,FB-SN,"wheat,eggs,shellfish,peanuts",5193583749079,29/11/22
IN00728,Sovara स्प्रे Disinfectant Spray,Sovara,75ml,100,HH-SC,,8780572151493,29/10/20
IN00729,Hevara Salted Crackers,Hevara,750ml,400,FB-SN,"wheat,fish,soy",7484539862897,12/07/21
IN00730,Oralix जेल Sensitive Skin Body Wash,Oralix,250ml,75,PC-BW,,9186233922072,05/05/19
IN00731,Solven 24hr Roll-On Deodorant,Solven,300ml,300,PC-DO,"fish,shellfish,wheat",5214526471243,03/07/22
IN00732,Zenpur Oil Control Face Wash,Zenpur,1000ml,75,PC-FW,,8409080512083,21/02/18
IN00733,Motivo Nourishing Body Cleanser,Motivo,200ml,50,PC-BW,"gluten,tree nuts,eggs,shellfish",3972835129591,26/12/19
IN00734,DUMMY-Primus Kitchen स्प्रे Cleaner,Primus,100ml,400,HH-SC,,9081441529825,13/02/19
IN00735,Aevum Kitchen Cleaner,Aevum,100ml,250,HH-SC,"sesame,fish,shellfish",1815352373608,07/01/22
IN00736,Polvera Deep Clean Body Wash,Polvera,750ml,75,PC-BW,"eggs,tree nuts,fish,shellfish",8345273466668,04/12/18
IN00737,Solaris साबुन Multi-Surface Spray,Solaris,75ml,250,HH-SC,"shellfish,fish,peanuts,soy",4080314998251,16/07/18
IN00738,Oralix Liquid जेल Laundry Detergent,Oralix,200ml,300,HH-LN,tree nuts,8068828503174,31/01/20
IN00739,Purevex Brightening Face Wash,Purevex,150ml,400,PC-FW,gluten,9006314035265,24/07/20
IN00740,Vanta Sensitive Deodorant,Vanta,100ml,100,PC-DO,"soy,peanuts,fish,tree nuts",9434606664372,04/11/20
IN00741,Teraxis Dish Liquid,Teraxis,300ml,50,HH-DW,"peanuts,shellfish,milk,gluten",1127128524641,19/03/21
IN00742,Verdant Lightweight Lotion,Verdant,75ml,75,PC-MS,"soy,eggs,shellfish",3280771130626,09/12/18
IN00743,Cristalix Salted Crackers,Cristalix,300ml,250,FB-SN,"wheat,shellfish,milk",8335090254258,08/03/23
IN00744,Cladis Gentle Face Wash,Cladis,300ml,100,PC-FW,"sesame,eggs",3235707139846,22/10/19
IN00745,Toreva Smooth & स्प्रे Shine Conditioner,Toreva,50ml,75,PC-CD,,6880925502131,25/01/18
IN00746,Clarity Antibacterial Hand Wash,Clarity,50ml,300,PC-HW,"eggs,soy,milk,peanuts",8107964967379,21/10/20
IN00747,Velaris सीरम Sensitive Deodorant,Velaris,100ml,400,PC-DO,"tree nuts,soy,wheat,shellfish",2642506420760,18/07/20
IN00748,Teraxis Moisturising Hand Wash,Teraxis,250ml,150,PC-HW,"fish,gluten,shellfish",7767555628334,07/06/20
IN00749,Clarity Mixed Nuts जेल Blend,Clarity,150ml,250,FB-SN,"sesame,fish,tree nuts",4362718749609,27/03/20
IN00750,Luxara Brightening Face Wash,Luxara,100ml,300,PC-FW,"fish,wheat,shellfish,milk",3692492693265,20/07/21
IN00751,Tolvex Kitchen Cleaner,Tolvex,100ml,400,HH-SC,"gluten,sesame",0111000515538,09/09/19
IN00752,Purevex शैम्पू Brightening Face Wash,Purevex,250ml,250,PC-FW,"shellfish,gluten,tree nuts,sesame",2441822261893,06/08/22
IN00753,Luxara Smooth & Shine Conditioner,Luxara,1000ml,400,PC-CD,"soy,eggs",2710267672091,24/01/22
IN00754,Clarity Disinfectant Spray,Clarity,100ml,400,HH-SC,,7955151229462,05/09/19
IN00755,Teraxis Volumising Shampoo,Teraxis,250ml,200,PC-SH,,5970996254389,21/02/21
IN00756,Solaris Liquid Laundry Detergent,Solaris,250ml,100,HH-LN,,3447650471588,09/05/18
IN00757,Zephyr Smooth & Shine Conditioner,Zephyr,750ml,50,PC-CD,"fish,soy",7660465586650,27/06/19
IN00758,Luxara Sport Deodorant,Luxara,150ml,400,PC-DO,"peanuts,eggs",7158102131252,24/09/18
IN00759,Cristalix Smooth & Shine स्प्रे Conditioner,Cristalix,75ml,75,PC-CD,,0591297519103,23/07/19
IN00760,Kaleo Gentle Face Wash,Kaleo,75ml,75,PC-FW,,6330165837376,02/02/20
IN00761,Glicen Bathroom Cleaner,Glicen,1000ml,50,HH-SC,"wheat,sesame,milk",1234289311321,09/08/21
IN00762,Cladis Oil Control Face Wash,Cladis,1000ml,200,PC-FW,"soy,milk,shellfish",6453804421016,17/07/23
IN00763,Lumeva 24hr Roll-On Deodorant,Lumeva,300ml,75,PC-DO,"milk,eggs,tree nuts",9591945757575,14/05/21
IN00764,Novix Bathroom Cleaner,Novix,150ml,150,HH-SC,"wheat,milk,tree nuts,soy",7756777226602,26/07/19
00765,Teraxis Sensitive Deodorant,Teraxis,100ml,300,PC-DO,"milk,fish",2292310672451,21/03/20
IN00766,Cladis स्प्रे Deep Clean Body Wash,Cladis,100ml,200,PC-BW,"peanuts,soy,sesame,shellfish",9766270511578,31/03/21
IN00767,Alteva Leave-In Conditioner,Alteva,400ml,150,PC-CD,"shellfish,milk,peanuts",2549691928456,10/03/22
IN00768,Vivara Mixed Nuts Blend,Vivara,750ml,400,FB-SN,,0756335357486,27/10/21
IN00769,Nuarix Rinse Aid,Nuarix,150ml,100,HH-DW,"gluten,soy",9933797058163,31/08/19
IN00770,Helix Rinse Aid,Helix,500ml,400,HH-DW,"shellfish,soy,sesame,wheat",7634250733055,29/12/21
IN00771,Luxara Heavy पाउडर Duty Dish Soap,Luxara,100ml,200,HH-DW,"shellfish,tree nuts",9833991403885,02/03/21
IN00772,Sovara Exfoliating Face पाउडर Scrub,Sovara,50ml,200,PC-FW,"soy,wheat",4006157276820,25/12/22
IN00773,Nuvelo 24hr Roll-On Deodorant,Nuvelo,400ml,200,PC-DO,gluten,7429250105878,19/02/22
IN00774,Glicen Repair Conditioner,Glicen,300ml,500,PC-CD,,6562590459902,27/09/23
IN00775,Solaris Refreshing Shower Gel,Solaris,75ml,75,PC-BW,wheat,1823155516511,11/07/23
IN00776,Oralix Aloe Hand Wash,Oralix,500ml,300,PC-HW,"wheat,sesame,eggs",3721433080038,15/05/23
IN00777,TEST-Plexum Moisturising Body Wash,Plexum,150ml,100,PC-BW,sesame,5566084706818,14/06/18
IN00778,Vanta Hydrating Face Wash,Vanta,150ml,150,PC-FW,"shellfish,milk,tree nuts,gluten",1958263280945,24/12/20
IN00779,Primus Fabric Softener,Primus,300ml,100,HH-LN,gluten,4535461470797,28/09/23
IN00780,Kaleo Moisturising Hand Wash,Kaleo,75ml,50,PC-HW,"eggs,soy,sesame",9439457039430,25/09/23
IN00781,Zephyr Nourishing तेल Body Cleanser,Zephyr,150ml,100,PC-BW,"soy,shellfish",6576927789433,15/11/18
IN00782,Zephyr Dish Liquid,Zephyr,50ml,50,HH-DW,,4047692105336,30/09/22
IN00783,Purevex Granola Bar,Purevex,200ml,300,FB-SN,,4014247310729,28/02/18
IN00784,Glicen Hydrating Shampoo,Glicen,150ml,400,PC-SH,"sesame,peanuts,gluten,milk",9712316600768,23/03/23
00785,Zephyr Moisturising Hand Wash,Zephyr,750ml,50,PC-HW,,4473404337007,19/11/22
IN00786,Plexum स्प्रे Laundry Capsules,Plexum,50ml,200,HH-LN,"eggs,tree nuts",7782558825566,14/12/19
IN00787,Vivara Heavy Duty Dish Soap,Vivara,400ml,250,HH-DW,"wheat,shellfish",8656194255775,04/11/19
IN00788,Primus सीरम Nourishing Body Cleanser,Primus,1000ml,100,PC-BW,"tree nuts,sesame,wheat,fish",9236161880811,17/01/18
IN00789,XXX-Polvera Lightweight Lotion,Polvera,100ml,150,PC-MS,"shellfish,eggs",5586863956135,02/02/23
IN00790,Hevara Leave-In Conditioner,Hevara,50ml,500,PC-CD,,7214364381306,08/03/18
IN00791,Glova Nourishing शैम्पू Body Cleanser,Glova,150ml,100,PC-BW,,1471656094566,16/03/22
IN00792,XXX-Sovara Brightening Face Wash,Sovara,750ml,400,PC-FW,"gluten,milk,shellfish,sesame",7550476816993,08/12/21
IN00793,Luminos Hot Chilli Sauce,Luminos,300ml,50,FB-CN,"eggs,shellfish,peanuts",8113176539709,15/08/21
IN00794,Arovia Lightweight Lotion,Arovia,400ml,150,PC-MS,"fish,eggs,milk,tree nuts",2908718274967,19/07/18
IN00795,Glova Lightweight Lotion,Glova,500ml,400,PC-MS,shellfish,4204956121376,15/06/23
IN00796,Motivo क्रीम Gentle Face Wash,Motivo,1000ml,100,PC-FW,gluten,3597371122297,07/04/18
IN00797,Vivara Glass Cleaner,Vivara,300ml,50,HH-SC,"tree nuts,sesame,eggs,soy",7046861114572,02/07/22
00798,Tresol Laundry Powder,Tresol,75ml,50,HH-LN,eggs,9237858471299,20/08/22
IN00799,Vanta शैम्पू Colour Protect Shampoo,Vanta,150ml,150,PC-SH,peanuts,2605080184985,06/02/18
IN00800,Toreva Night Cream,Toreva,150ml,400,PC-MS,soy,7773126881220,20/09/23
IN00801,Velaris Deep Conditioner,Velaris,500ml,75,PC-CD,"wheat,soy,fish,shellfish",5346060560357,20/05/22
IN00802,Plexum जेल Disinfectant Spray,Plexum,100ml,400,HH-SC,"sesame,fish,wheat,eggs",9847169061814,20/08/19
IN00803,Vivara Tomato Ketchup,Vivara,200ml,300,FB-CN,"shellfish,tree nuts",4895478769896,17/07/19
IN00804,Helix Bathroom Cleaner,Helix,400ml,250,HH-SC,"sesame,eggs,peanuts,tree nuts",4449835539358,08/06/21
IN00805,Alteva Brightening Face Wash,Alteva,1000ml,300,PC-FW,"peanuts,fish",3924358853798,01/11/23
IN00806,Glicen Deep Conditioner,Glicen,200ml,150,PC-CD,"sesame,fish,gluten,wheat",5275367497854,23/08/19
IN00807,Purevex Lightweight Lotion,Purevex,200ml,75,PC-MS,"sesame,fish,milk",1347789489633,24/12/20
IN00808,Teraxis Deep फोम Clean Body Wash,Teraxis,400ml,75,PC-BW,"fish,gluten,tree nuts",1221500141881,04/01/21
IN00809,TEST-Tolvex Deep Conditioner,Tolvex,1000ml,300,PC-CD,milk,9001594463333,28/12/20
IN00810,Cristalix Fabric Softener,Cristalix,100ml,50,HH-LN,"gluten,tree nuts,soy,eggs",6389021994715,27/01/19
IN00811,Plexum Exfoliating Face साबुन Scrub,Plexum,150ml,400,PC-FW,"wheat,gluten,soy,sesame",1034699673312,02/12/18
IN00812,Orinum Foaming Hand Wash,Orinum,100ml,300,PC-HW,"fish,milk,peanuts,eggs",7685507896795,21/04/20
IN00813,Hevara 48hr Spray Deodorant,Hevara,75ml,300,PC-DO,fish,3355643436974,10/04/18
IN00814,Cristalix Vinegar सीरम Dressing,Cristalix,1000ml,75,FB-CN,"milk,fish,tree nuts",5607676164538,07/01/21
IN00815,Velaris Sport क्रीम Deodorant,Velaris,100ml,100,PC-DO,gluten,8983065031214,25/07/18
IN00816,Alteva फोम Daily Moisturiser,Alteva,200ml,400,PC-MS,peanuts,2642364281312,02/08/18
IN00817,Elaris Dishwasher Tablets,Elaris,500ml,400,HH-DW,"wheat,soy,milk",3911142817852,03/01/20
IN00818,Kaleo Smooth & साबुन Shine Conditioner,Kaleo,150ml,50,PC-CD,"wheat,peanuts",8088062207225,17/09/20
IN00819,TEST-Clarity Rinse Aid,Clarity,200ml,400,HH-DW,shellfish,2132901620471,07/12/23
IN00820,Luxara Glass Cleaner,Luxara,500ml,300,HH-SC,"shellfish,sesame,tree nuts,fish",9964862872032,28/10/18
IN00821,Frostine Rinse Aid,Frostine,75ml,300,HH-DW,"fish,peanuts,tree nuts",0573036279240,12/06/22
IN00822,Luminos Oil Control Face Wash,Luminos,150ml,400,PC-FW,"shellfish,fish",7753726032147,13/03/22
IN00823,Cryston Nourishing Body Cleanser,Cryston,300ml,300,PC-BW,,9458870715530,25/06/21
IN00824,Zephyr Laundry Powder,Zephyr,75ml,100,HH-LN,"peanuts,milk,sesame,gluten",3850765975955,13/03/21
IN00825,Alteva 24hr Roll-On Deodorant,Alteva,750ml,75,PC-DO,"shellfish,fish,milk",8981265742237,17/01/19
IN00826,Nuvelo तेल Heavy Duty Dish Soap,Nuvelo,300ml,150,HH-DW,,0402369362681,11/11/20
IN00827,Purevex Gentle क्रीम Face Wash,Purevex,100ml,50,PC-FW,"shellfish,eggs",3727117595744,16/09/21
IN00828,Alteva Mustard Sauce,Alteva,100ml,500,FB-CN,"gluten,soy",3067458476099,15/05/21
IN00829,Brightway Daily Moisturiser,Brightway,500ml,150,PC-MS,soy,7218856669545,29/11/18
IN00830,Lumeva Oil Control Face Wash,Lumeva,400ml,75,PC-FW,"milk,fish",6626705514372,08/07/23
IN00831,Aurova Aloe Hand Wash,Aurova,300ml,300,PC-HW,peanuts,3925295961119,04/12/18
IN00832,Brightway Salted Crackers,Brightway,500ml,300,FB-SN,"eggs,wheat,milk",0720245591025,22/06/21
IN00833,Vanta 24hr सीरम Roll-On Deodorant,Vanta,750ml,75,PC-DO,,9032671494988,21/10/18
IN00834,Tresol लोशन Rinse Aid,Tresol,75ml,400,HH-DW,"peanuts,wheat,eggs,soy",9340652775842,17/04/21
IN00835,Purelix Hot Chilli Sauce,Purelix,150ml,200,FB-CN,"soy,gluten",7220109121724,04/09/19
IN00836,Elaris Salted Crackers,Elaris,250ml,250,FB-SN,"soy,shellfish,fish,gluten",1894370526357,28/09/18
IN00837,Verdant Moisturising Body Wash,Verdant,300ml,100,PC-BW,"soy,fish,shellfish,peanuts",7256592024617,18/06/23
IN00838,Vanta 48hr Spray Deodorant,Vanta,100ml,150,PC-DO,"gluten,shellfish,peanuts,eggs",2600559550179,15/08/23
IN00839,Brightway Oil Control Face Wash,Brightway,250ml,500,PC-FW,"sesame,fish",8999360798486,13/02/23
IN00840,XXX-Qualis Nourishing Body Cleanser,Qualis,50ml,300,PC-BW,"eggs,shellfish,fish,soy",9935937440395,06/11/20
IN00841,Zephyr Fragrance-Free Hand Wash,Zephyr,500ml,150,PC-HW,,3736060148860,08/03/18
IN00842,Arovia Fabric साबुन Softener,Arovia,750ml,50,HH-LN,"gluten,soy,peanuts",1368528306158,02/10/20
IN00843,Solven Multi-Surface साबुन Spray,Solven,100ml,200,HH-SC,peanuts,4626325144883,08/10/18
IN00844,Glova Volumising सीरम Shampoo,Glova,50ml,150,PC-SH,"milk,eggs,shellfish,tree nuts",4217518878175,13/02/21
IN00845,Helix Anti-Dandruff Shampoo,Helix,250ml,100,PC-SH,"soy,sesame,peanuts",0911225288374,10/12/21
IN00846,DUMMY-Motivo Nourishing Body Cleanser,Motivo,300ml,75,PC-BW,"fish,soy,wheat,eggs",9791378765530,21/06/18
IN00847,Serafix क्रीम Deep Clean Body Wash,Serafix,50ml,250,PC-BW,,5560571219881,23/04/19
IN00848,Velaris Dishwasher Tablets,Velaris,400ml,500,HH-DW,"tree nuts,eggs,milk,fish",5348640104241,04/04/22
IN00849,Qualis Repair Conditioner,Qualis,300ml,75,PC-CD,"tree nuts,eggs,shellfish,wheat",4600452128992,15/02/19
IN00850,Solven शैम्पू 24hr Roll-On Deodorant,Solven,200ml,250,PC-DO,"eggs,wheat",9391304488184,02/05/21
IN00851,Solven Fabric Softener,Solven,300ml,50,HH-LN,"fish,eggs",5402119017071,19/01/22
IN00852,Solven सीरम Aloe Hand Wash,Solven,200ml,100,PC-HW,"sesame,soy,eggs,wheat",2291073228363,22/01/18
IN00853,Nuvelo Vinegar पाउडर Dressing,Nuvelo,750ml,150,FB-CN,"sesame,soy,milk",6396384526965,24/03/21
IN00854,Lumeva Night Cream,Lumeva,75ml,300,PC-MS,"gluten,shellfish",0169342929131,27/06/19
IN00855,Plexum Salted Crackers,Plexum,150ml,50,FB-SN,,6234190310616,30/10/21
IN00856,XXX-Brightway Exfoliating स्प्रे Face Scrub,Brightway,100ml,75,PC-FW,"tree nuts,fish",6847323653377,26/06/23
IN00857,TEST-Oralix Intensive Moisturiser,Oralix,200ml,50,PC-MS,"shellfish,wheat,milk",0784361424421,12/10/22
IN00858,Krisol Deep Clean Body Wash,Krisol,500ml,75,PC-BW,"shellfish,tree nuts,peanuts,sesame",3734764273727,12/03/18
IN00859,Motivo क्रीम Exfoliating Face Scrub,Motivo,150ml,500,PC-FW,"wheat,eggs,peanuts,tree nuts",5841484601919,15/09/20
IN00860,Cristalix SPF Moisturiser,Cristalix,1000ml,500,PC-MS,"gluten,sesame,wheat,tree nuts",7802058695077,03/03/20
IN00861,Glicen Deep Conditioner,Glicen,200ml,300,PC-CD,"peanuts,soy",6999516793350,07/07/18
IN00862,Velaris शैम्पू Sport Deodorant,Velaris,150ml,500,PC-DO,"shellfish,soy",6801192360378,17/08/22
IN00863,Solven Liquid स्प्रे Laundry Detergent,Solven,1000ml,500,HH-LN,"wheat,soy,sesame",3510409614977,06/05/20
IN00864,Cristalix Anti-Dandruff क्रीम Shampoo,Cristalix,750ml,75,PC-SH,,4983074820735,14/08/22
IN00865,Helix 24hr Roll-On लोशन Deodorant,Helix,500ml,150,PC-DO,"peanuts,milk,fish,tree nuts",5578201904328,05/10/19
IN00866,Glicen Gentle Face Wash,Glicen,100ml,150,PC-FW,soy,2470739201357,12/05/21
IN00867,Brightway Hot Chilli Sauce,Brightway,75ml,100,FB-CN,"fish,milk,wheat",5082611231269,21/03/19
IN00868,Nuarix Moisturising Hand Wash,Nuarix,100ml,200,PC-HW,"sesame,gluten,tree nuts,soy",2989376297451,01/12/20
IN00869,Glicen Dishwasher Tablets,Glicen,50ml,150,HH-DW,"peanuts,fish,shellfish",1912038187693,08/07/19
IN00870,Kaleo Sensitive Skin Body Wash,Kaleo,500ml,150,PC-BW,soy,0898138815883,19/01/19
IN00871,TEST-Qualis SPF Moisturiser,Qualis,500ml,100,PC-MS,milk,6732318297165,25/11/18
IN00872,Cryston पाउडर Granola Bar,Cryston,100ml,200,FB-SN,"milk,gluten",0000152911377,07/02/19
IN00873,Gleam Disinfectant Spray,Gleam,250ml,50,HH-SC,"milk,wheat,tree nuts,sesame",6184442182990,07/05/23
IN00874,Alteva Intensive Moisturiser,Alteva,75ml,100,PC-MS,peanuts,8905670867002,20/07/18
IN00875,Cristalix Nourishing Body Cleanser,Cristalix,300ml,250,PC-BW,"eggs,tree nuts",8482669136245,27/09/23
IN00876,Vivara Brightening Face Wash,Vivara,1000ml,50,PC-FW,"peanuts,wheat",9608070633695,28/02/23
IN00877,XXX-Luminos Rinse Aid,Luminos,750ml,500,HH-DW,wheat,1040164818805,07/12/20
IN00878,Gleam Mustard तेल Sauce,Gleam,100ml,500,FB-CN,"shellfish,soy,sesame",6381643212697,23/04/21
IN00879,Alteva Mixed क्रीम Nuts Blend,Alteva,750ml,200,FB-SN,"peanuts,wheat,milk",3625863144172,17/06/18
IN00880,Teraxis Fragrance-Free Hand स्प्रे Wash,Teraxis,300ml,100,PC-HW,"tree nuts,peanuts",0263558243019,09/04/23
IN00881,Purelix Fragrance-Free Hand Wash,Purelix,200ml,200,PC-HW,"gluten,sesame,milk,fish",3153888245272,10/09/18
IN00882,Vanta Mustard Sauce,Vanta,200ml,50,FB-CN,"soy,gluten",3353849516322,23/02/19
IN00883,Hevara Hydrating Shampoo,Hevara,750ml,400,PC-SH,"shellfish,eggs,milk,peanuts",3391373265309,24/07/22
IN00884,Helix Moisturising Body Wash,Helix,750ml,500,PC-BW,"tree nuts,fish,eggs",7868800230095,14/03/19
IN00885,Glova Sensitive Deodorant,Glova,500ml,100,PC-DO,"sesame,milk,soy,tree nuts",6577449160939,24/05/22
IN00886,Zenpur Whitening Deodorant,Zenpur,100ml,50,PC-DO,,4911894184331,15/06/22
IN00887,Qualis Laundry Capsules,Qualis,50ml,100,HH-LN,"soy,wheat,sesame",3998213745566,11/11/18
IN00888,Vanta Anti-Dandruff फोम Shampoo,Vanta,200ml,100,PC-SH,"sesame,fish,milk,gluten",5053766608114,12/06/19
IN00889,Vanta Antibacterial Hand फोम Wash,Vanta,150ml,50,PC-HW,"soy,tree nuts,fish,gluten",9106271531234,06/11/20
IN00890,Oralix सीरम Sport Deodorant,Oralix,300ml,500,PC-DO,"wheat,fish,eggs,soy",7682938440139,30/05/21
IN00891,Alteva Liquid Laundry Detergent,Alteva,400ml,150,HH-LN,"peanuts,soy",7882603359104,24/02/19
IN00892,Orinum Mustard पाउडर Sauce,Orinum,50ml,50,FB-CN,"tree nuts,eggs,peanuts,wheat",9207492699960,20/03/22
IN00893,Luxara शैम्पू Mustard Sauce,Luxara,1000ml,400,FB-CN,,8428596932598,26/02/19
IN00894,Arovia Daily Moisturiser,Arovia,500ml,200,PC-MS,"gluten,soy,wheat,eggs",1234266980694,05/04/18
IN00895,Brightway Laundry Capsules,Brightway,300ml,75,HH-LN,"fish,milk,shellfish",2348389359530,01/11/23
IN00896,Krisol Smooth & Shine Conditioner,Krisol,50ml,200,PC-CD,,5612996508269,09/01/22
IN00897,Sovara जेल Laundry Powder,Sovara,1000ml,200,HH-LN,,8696561308765,07/02/19
IN00898,Arovia Mayonnaise,Arovia,150ml,500,FB-CN,"gluten,tree nuts",1434682394840,16/06/18
IN00899,Velaris Refreshing Shower Gel,Velaris,150ml,50,PC-BW,,8696610168319,29/11/18
IN00900,Lumeva फोम Mayonnaise,Lumeva,250ml,50,FB-CN,,1680941491502,31/01/23
IN00901,Teraxis Moisturising Hand Wash,Teraxis,500ml,150,PC-HW,"shellfish,fish,wheat,milk",5344077794628,27/08/18
IN00902,Tresol Rice Cakes,Tresol,300ml,300,FB-SN,gluten,2508177602990,01/10/18
IN00903,Cladis Daily Moisturiser,Cladis,500ml,500,PC-MS,"eggs,soy",3373125523561,22/03/19
IN00904,Helix Disinfectant Spray,Helix,400ml,50,HH-SC,wheat,1192061363855,27/06/19
IN00905,DUMMY-Novix Glass Cleaner,Novix,750ml,250,HH-SC,"eggs,soy,sesame",7184449029501,31/07/19
IN00906,Primus Fragrance-Free Hand Wash,Primus,50ml,75,PC-HW,"peanuts,gluten,milk",3734167812776,04/10/23
IN00907,Purevex Leave-In Conditioner,Purevex,50ml,100,PC-CD,,7982134862989,25/10/21
IN00908,Glicen Rice Cakes,Glicen,1000ml,400,FB-SN,fish,3831828560530,16/01/23
IN00909,Solaris Salted Crackers,Solaris,750ml,500,FB-SN,"fish,eggs,shellfish",7067368205068,12/08/19
IN00910,Kaleo सीरम Volumising Shampoo,Kaleo,150ml,250,PC-SH,"wheat,eggs",6505871469214,12/11/23
IN00911,Purevex Mayonnaise,Purevex,750ml,100,FB-CN,"gluten,fish",7908984369980,28/03/21
IN00912,Nexpur Liquid Laundry Detergent,Nexpur,100ml,50,HH-LN,"milk,soy",8694842495982,28/09/18
IN00913,Elaris सीरम Tomato Ketchup,Elaris,250ml,400,FB-CN,"sesame,shellfish,milk,tree nuts",7152386767381,04/02/20
IN00914,Orinum Sensitive Skin Body Wash,Orinum,200ml,300,PC-BW,,9177987682992,23/11/22
IN00915,Hevara Laundry Capsules,Hevara,100ml,100,HH-LN,"sesame,soy",7085806235040,03/05/18
IN00916,Krisol पाउडर Mustard Sauce,Krisol,300ml,300,FB-CN,"tree nuts,shellfish,milk,sesame",1248255442865,02/03/23
IN00917,Serafix Heavy Duty Dish Soap,Serafix,100ml,250,HH-DW,"wheat,eggs",2894633891566,05/11/19
IN00918,Solvix तेल Daily Moisturiser,Solvix,1000ml,250,PC-MS,sesame,5725629269335,07/11/21
IN00919,Solvix Stain Remover,Solvix,250ml,75,HH-LN,sesame,1865507846853,06/03/18
IN00920,Krisol Rinse Aid,Krisol,400ml,200,HH-DW,"soy,milk",3491891179727,12/07/18
IN00921,Hevara Hydrating Face Wash,Hevara,250ml,150,PC-FW,"milk,eggs",5364154715537,16/03/19
IN00922,Vivara Oil Control Face पाउडर Wash,Vivara,750ml,150,PC-FW,"shellfish,sesame,eggs",3675009421414,25/05/18
IN00923,Cryston 48hr Spray तेल Deodorant,Cryston,300ml,500,PC-DO,,9878092704523,20/08/20
IN00924,Luxara क्रीम Stain Remover,Luxara,250ml,300,HH-LN,wheat,5866059867873,18/02/21
IN00925,Tresol Night Cream,Tresol,400ml,250,PC-MS,"tree nuts,peanuts,gluten,shellfish",9655942824910,06/12/18
IN00926,Qualis Rice Cakes,Qualis,50ml,100,FB-SN,,0024539313219,28/08/21
IN00927,Aurova 24hr पाउडर Roll-On Deodorant,Aurova,50ml,250,PC-DO,"shellfish,milk",8368214448899,19/04/22
IN00928,Lumeva Aloe Hand जेल Wash,Lumeva,400ml,100,PC-HW,"soy,fish,shellfish",7462025825434,13/10/18
IN00929,Kaleo Laundry Powder,Kaleo,500ml,75,HH-LN,soy,1239204910603,04/01/19
IN00930,Purelix Laundry Powder,Purelix,200ml,400,HH-LN,soy,8750827681723,11/01/20
IN00931,Cryston Sensitive Deodorant,Cryston,250ml,200,PC-DO,"sesame,peanuts",7262905291874,16/04/22
IN00932,Cristalix जेल Vinegar Dressing,Cristalix,75ml,300,FB-CN,,8271721733733,02/02/20
IN00933,Kaleo Nourishing Body Cleanser,Kaleo,100ml,100,PC-BW,"gluten,soy,fish,eggs",1659143882326,24/08/21
IN00934,Nuarix Mustard Sauce,Nuarix,150ml,500,FB-CN,tree nuts,8446177732641,09/10/20
IN00935,TEST-Qualis Sensitive Skin Body Wash,Qualis,200ml,200,PC-BW,"shellfish,eggs,wheat,soy",9970292712053,06/10/20
IN00936,Cryston Vinegar Dressing,Cryston,500ml,400,FB-CN,,3752988322014,06/07/19
IN00937,Glicen Sensitive पाउडर Deodorant,Glicen,50ml,500,PC-DO,wheat,0048797888975,01/12/21
IN00938,Nuarix फोम Mayonnaise,Nuarix,250ml,500,FB-CN,"wheat,soy",8600304436196,06/08/21
IN00939,Purevex Repair Shampoo,Purevex,250ml,100,PC-SH,gluten,1029295014379,09/02/21
IN00940,Serafix Vinegar Dressing,Serafix,50ml,150,FB-CN,,9671397191261,18/07/18
IN00941,Glicen Mayonnaise,Glicen,100ml,75,FB-CN,wheat,1767201911168,08/07/22
IN00942,Kaleo Volumising Shampoo,Kaleo,50ml,75,PC-SH,"milk,shellfish,wheat,tree nuts",5873393049360,07/04/22
IN00943,Novix स्प्रे 48hr Spray Deodorant,Novix,50ml,100,PC-DO,"peanuts,sesame,eggs",2421140868257,05/02/18
IN00944,Tresol Rinse Aid,Tresol,100ml,200,HH-DW,"eggs,milk",5561039952975,11/03/18
IN00945,Cryston Volumising Shampoo,Cryston,75ml,100,PC-SH,"soy,fish",5858564230419,02/10/19
IN00946,Velaris Refreshing Shower Gel,Velaris,50ml,300,PC-BW,,5927387402997,09/09/18
IN00947,Sovara Multi-Surface जेल Spray,Sovara,300ml,50,HH-SC,"soy,wheat,sesame",4815542034033,29/08/18
IN00948,Lumeva साबुन Hydrating Shampoo,Lumeva,250ml,300,PC-SH,"sesame,wheat",6491579554621,05/10/20
IN00949,Solven Intensive स्प्रे Moisturiser,Solven,100ml,200,PC-MS,"fish,milk,eggs",0801810306838,16/02/19
IN00950,Nuvelo Glass Cleaner,Nuvelo,75ml,400,HH-SC,fish,8080815712901,20/03/19
IN00951,Cryston 24hr Roll-On Deodorant,Cryston,75ml,150,PC-DO,"milk,fish,shellfish,gluten",3073510458477,14/05/21
IN00952,Kaleo Exfoliating Face सीरम Scrub,Kaleo,75ml,150,PC-FW,,0962588576691,05/11/20
IN00953,DUMMY-Aurova फोम Multi-Surface Spray,Aurova,75ml,500,HH-SC,,5339627466629,20/11/18
IN00954,Purevex Whitening Deodorant,Purevex,500ml,150,PC-DO,shellfish,0004666145907,05/10/18
IN00955,Orinum Hydrating क्रीम Shampoo,Orinum,750ml,400,PC-SH,"eggs,peanuts,milk",0493881949054,18/10/20
IN00956,Toreva Tomato Ketchup,Toreva,100ml,50,FB-CN,"gluten,sesame",0949769873138,13/03/23
IN00957,Solvix Heavy Duty Dish Soap,Solvix,75ml,300,HH-DW,"gluten,sesame,peanuts",1661237407797,26/12/20
IN00958,Kaleo Oil Control Face Wash,Kaleo,250ml,300,PC-FW,soy,8994991970140,08/11/19
IN00959,DUMMY-Luminos Moisturising Hand पाउडर Wash,Luminos,150ml,400,PC-HW,,8782116020418,09/12/18
IN00960,Solvix Brightening Face Wash,Solvix,750ml,500,PC-FW,"sesame,shellfish,wheat,milk",1708894801862,01/12/20
IN00961,Tresol Lightweight Lotion,Tresol,100ml,75,PC-MS,"tree nuts,sesame,soy",9785708200488,11/07/18
IN00962,Toreva Foaming Hand Wash,Toreva,400ml,75,PC-HW,soy,6914961128793,12/01/21
IN00963,Polvera Smooth & Shine Conditioner,Polvera,300ml,500,PC-CD,"eggs,sesame,milk",7040953141965,06/04/19
IN00964,Vanta Sensitive Deodorant,Vanta,400ml,500,PC-DO,wheat,7488356517961,15/01/20
IN00965,Aevum Daily Moisturiser,Aevum,300ml,200,PC-MS,"fish,gluten,soy,tree nuts",4960478421706,19/09/19
IN00966,Solven Fabric Softener,Solven,300ml,100,HH-LN,tree nuts,9364882089340,30/12/23
IN00967,Nuarix Aloe Hand पाउडर Wash,Nuarix,500ml,150,PC-HW,"milk,fish,wheat,shellfish",6728799160913,01/01/19
IN00968,Aurova Daily Moisturiser,Aurova,75ml,150,PC-MS,"gluten,wheat",3613376052305,08/11/20
00969,Primus Whitening Deodorant,Primus,75ml,300,PC-DO,"milk,wheat",5447241916502,02/03/20
IN00970,Nuvelo क्रीम Granola Bar,Nuvelo,50ml,300,FB-SN,"eggs,shellfish,sesame",1824989808803,30/06/22
IN00971,Brightway Disinfectant पाउडर Spray,Brightway,75ml,200,HH-SC,,7468135926641,26/09/22
IN00972,Lumeva Eco Dish Liquid,Lumeva,150ml,300,HH-DW,"sesame,shellfish,peanuts,gluten",6941559450110,07/07/19
IN00973,Solvix Oat Protein जेल Bar,Solvix,100ml,50,FB-SN,"tree nuts,soy,fish",0511716039883,06/06/22
IN00974,Toreva Exfoliating शैम्पू Face Scrub,Toreva,150ml,300,PC-FW,eggs,8945590670009,18/05/21
IN00975,Alteva Repair Conditioner,Alteva,750ml,200,PC-CD,milk,4664896676051,21/11/22
IN00976,Zephyr Night Cream,Zephyr,200ml,250,PC-MS,"tree nuts,shellfish,sesame",5809745338905,08/10/22
IN00977,Vivara Leave-In Conditioner,Vivara,200ml,300,PC-CD,"wheat,gluten,fish",5401659953009,09/10/22
IN00978,XXX-Glova Leave-In Conditioner,Glova,100ml,100,PC-CD,"wheat,shellfish",6774625916018,20/11/18
IN00979,Hevara Repair Conditioner,Hevara,75ml,75,PC-CD,"sesame,peanuts",8860080179865,25/05/23
IN00980,Luxara Rice Cakes,Luxara,100ml,150,FB-SN,,2995704726425,07/10/22
IN00981,Glicen Volumising Shampoo,Glicen,75ml,100,PC-SH,,3843753659685,16/07/18
IN00982,Zenpur क्रीम Disinfectant Spray,Zenpur,1000ml,100,HH-SC,"peanuts,sesame",2421838545408,09/05/18
IN00983,Verdant Hot Chilli Sauce,Verdant,200ml,250,FB-CN,"shellfish,tree nuts",2311232748973,14/12/18
IN00984,Arovia Glass Cleaner,Arovia,300ml,150,HH-SC,peanuts,2720388621755,21/02/18
IN00985,Oralix Vinegar Dressing,Oralix,75ml,300,FB-CN,milk,4530693588241,28/07/20
IN00986,Frostine 48hr सीरम Spray Deodorant,Frostine,50ml,50,PC-DO,,8167784816523,16/02/21
IN00987,Polvera SPF Moisturiser,Polvera,250ml,200,PC-MS,"fish,milk",8385179937817,05/03/18
00988,Cristalix Mustard Sauce,Cristalix,1000ml,75,FB-CN,sesame,7884869996987,09/10/23
IN00989,Oralix Smooth & Shine Conditioner,Oralix,200ml,250,PC-CD,"gluten,wheat,shellfish",1472463019865,31/10/20
IN00990,Tresol Repair Conditioner,Tresol,150ml,500,PC-CD,gluten,7283391218701,25/05/22
IN00991,Aurova Smooth & Shine Conditioner,Aurova,100ml,500,PC-CD,"milk,sesame,soy,eggs",2101023200182,30/04/22
IN00992,Motivo Glass Cleaner,Motivo,75ml,50,HH-SC,,8987610814352,21/04/22
IN00993,Oralix स्प्रे Anti-Dandruff Shampoo,Oralix,150ml,500,PC-SH,"tree nuts,soy",1980746823547,01/08/22
IN00994,Solvix जेल Rinse Aid,Solvix,75ml,50,HH-DW,soy,3076205459674,02/11/18
IN00995,DUMMY-Nuarix 24hr Roll-On Deodorant,Nuarix,50ml,300,PC-DO,"fish,gluten,peanuts",1106541134071,19/08/21
IN00996,Lumeva Repair Shampoo,Lumeva,750ml,200,PC-SH,"shellfish,milk,sesame,wheat",8366834826899,18/07/22
IN00997,Aevum Volumising Conditioner,Aevum,400ml,50,PC-CD,"soy,sesame,fish,peanuts",8891787915050,23/10/22
IN00998,Cryston तेल Repair Conditioner,Cryston,75ml,400,PC-CD,"milk,soy,wheat",0126578982606,24/05/21
IN00999,Zephyr Colour Protect Shampoo,Zephyr,750ml,250,PC-SH,,7558517774127,23/06/23
IN01000,Aevum Intensive Moisturiser,Aevum,100ml,75,PC-MS,,8824199626429,29/10/19
IN01001,Velaris Smooth & Shine Conditioner,Velaris,250ml,500,PC-CD,"eggs,shellfish,milk,fish",4542185457058,18/11/22
IN01002,Zephyr शैम्पू Laundry Powder,Zephyr,750ml,100,HH-LN,tree nuts,7090016356409,25/02/23
IN01003,Tresol Leave-In लोशन Conditioner,Tresol,200ml,400,PC-CD,sesame,2895400178828,22/10/19
IN01004,Hevara Granola Bar,Hevara,400ml,150,FB-SN,,2616850710587,30/08/18
IN01005,Clarity Hydrating Shampoo,Clarity,250ml,50,PC-SH,"wheat,shellfish,eggs,fish",1526105370927,28/03/20
IN01006,Cryston Moisturising लोशन Body Wash,Cryston,75ml,300,PC-BW,,4189485432981,03/04/23
IN01007,Luxara Aloe Hand Wash,Luxara,750ml,150,PC-HW,"tree nuts,wheat,peanuts",4716198273480,05/12/18
IN01008,Vanta Gentle Face Wash,Vanta,200ml,250,PC-FW,,2589632174351,29/11/22
IN01009,Krisol Lightweight Lotion,Krisol,150ml,250,PC-MS,fish,8064860673981,16/06/20
IN01010,Frostine Granola Bar,Frostine,500ml,500,FB-SN,sesame,4253646280558,06/08/18
IN01011,Nuvelo Glass Cleaner,Nuvelo,50ml,300,HH-SC,"shellfish,tree nuts",5156239209082,27/09/21
IN01012,Vanta 24hr Roll-On साबुन Deodorant,Vanta,400ml,200,PC-DO,,9131117861909,06/08/19
01013,Hevara Sport Deodorant,Hevara,400ml,300,PC-DO,,2206953541203,05/12/18
IN01014,Kaleo साबुन Mayonnaise,Kaleo,400ml,250,FB-CN,"tree nuts,milk,sesame,eggs",6015153259476,23/10/21
IN01015,Elaris Deep Clean Body Wash,Elaris,50ml,400,PC-BW,,7327980595030,27/09/18
IN01016,Cladis Moisturising पाउडर Body Wash,Cladis,200ml,150,PC-BW,"milk,soy",9104520360895,10/03/21
IN01017,Novix Hydrating Shampoo,Novix,200ml,75,PC-SH,tree nuts,9928553595204,20/01/22
IN01018,Vanta Antibacterial Hand Wash,Vanta,50ml,300,PC-HW,"gluten,milk,sesame",6968018677406,16/09/20
IN01019,Nuvelo Disinfectant Spray,Nuvelo,1000ml,100,HH-SC,soy,9449530067762,06/10/19
IN01020,Zephyr Sport Deodorant,Zephyr,150ml,100,PC-DO,"tree nuts,soy,sesame,shellfish",7365426241783,09/11/20
IN01021,Oralix Smooth & Shine लोशन Conditioner,Oralix,1000ml,100,PC-CD,"wheat,soy,sesame,gluten",5110090605308,23/08/22
IN01022,Cristalix Fabric Softener,Cristalix,50ml,100,HH-LN,,1667329045755,22/01/23
IN01023,XXX-Kaleo Whitening Deodorant,Kaleo,75ml,100,PC-DO,"gluten,fish,peanuts,eggs",6033620275583,04/02/20
IN01024,Cryston स्प्रे Anti-Dandruff Shampoo,Cryston,400ml,50,PC-SH,"wheat,milk,shellfish,sesame",1523802362194,02/12/19
IN01025,Alteva Anti-Dandruff Shampoo,Alteva,75ml,500,PC-SH,"shellfish,milk,tree nuts,peanuts",1611863855882,01/12/18
IN01026,Toreva Oat Protein Bar,Toreva,750ml,400,FB-SN,"wheat,eggs,fish",8800537893180,18/03/22
01027,Primus Dishwasher Tablets,Primus,750ml,400,HH-DW,sesame,4540182272001,29/12/19
IN01028,Lumeva Laundry पाउडर Powder,Lumeva,200ml,500,HH-LN,soy,2204144743283,26/03/19
IN01029,Vivara जेल Repair Shampoo,Vivara,750ml,150,PC-SH,,2020304232271,02/08/23
IN01030,Nuarix 48hr Spray Deodorant,Nuarix,75ml,150,PC-DO,"soy,milk",2816506463007,11/11/21
IN01031,Plexum Oat Protein Bar,Plexum,400ml,400,FB-SN,"tree nuts,fish,eggs",9832102916177,07/05/21
IN01032,Vanta Aloe Hand सीरम Wash,Vanta,100ml,500,PC-HW,eggs,0438419662296,29/11/18
IN01033,Purelix Gentle क्रीम Face Wash,Purelix,400ml,50,PC-FW,"milk,tree nuts,fish,peanuts",5667063621983,01/06/22
IN01034,Oralix Sport Deodorant,Oralix,200ml,200,PC-DO,"peanuts,milk",7663493396505,23/05/21
IN01035,Motivo Vinegar तेल Dressing,Motivo,100ml,400,FB-CN,wheat,2626114243621,08/11/21
IN01036,Nuarix सीरम Vinegar Dressing,Nuarix,250ml,200,FB-CN,eggs,8808799196230,28/06/21
IN01037,Polvera Salted Crackers,Polvera,750ml,300,FB-SN,"soy,gluten",8532472505834,10/07/20
IN01038,Serafix शैम्पू Brightening Face Wash,Serafix,50ml,150,PC-FW,,1587605457693,05/01/21
IN01039,Cryston लोशन Bathroom Cleaner,Cryston,300ml,200,HH-SC,"soy,tree nuts",3659746698612,31/10/22
IN01040,Tresol Brightening Face Wash,Tresol,75ml,100,PC-FW,"peanuts,tree nuts",0809594815263,08/08/19
IN01041,Clarity क्रीम Sport Deodorant,Clarity,300ml,300,PC-DO,"shellfish,wheat",1307423591429,26/04/22
IN01042,DUMMY-Oralix लोशन Anti-Dandruff Shampoo,Oralix,1000ml,200,PC-SH,"gluten,soy,sesame,fish",2614543079638,19/02/23
IN01043,Solvix साबुन Gentle Face Wash,Solvix,50ml,50,PC-FW,"eggs,shellfish,tree nuts,gluten",2115871845235,25/01/22
IN01044,Tolvex Mustard Sauce,Tolvex,100ml,300,FB-CN,"shellfish,peanuts,sesame,fish",7017320865236,27/12/22
IN01045,Tresol Glass Cleaner,Tresol,750ml,300,HH-SC,"tree nuts,fish,soy",3701400527810,11/04/18
IN01046,Gleam Sport Deodorant,Gleam,500ml,50,PC-DO,,0272214257314,09/10/22
IN01047,Frostine Sensitive Skin Body Wash,Frostine,150ml,75,PC-BW,fish,8172031369554,24/09/19
IN01048,Kaleo Laundry Capsules,Kaleo,50ml,100,HH-LN,"shellfish,soy,tree nuts,eggs",5953322273933,09/11/23
IN01049,Kaleo Eco Dish Liquid,Kaleo,50ml,200,HH-DW,"shellfish,soy",5323661850766,11/01/19
IN01050,Cryston Sensitive Skin Body Wash,Cryston,50ml,500,PC-BW,fish,9718236010717,01/10/19
IN01051,Zenpur Antibacterial Hand Wash,Zenpur,1000ml,500,PC-HW,sesame,8217648467351,18/12/22
IN01052,Brightway Night Cream,Brightway,150ml,150,PC-MS,wheat,2801944258926,25/01/20
IN01053,Cladis Repair Conditioner,Cladis,50ml,300,PC-CD,gluten,5350637311808,17/01/21
IN01054,Nuvelo Foaming Hand तेल Wash,Nuvelo,75ml,150,PC-HW,,7538418520139,28/04/22
IN01055,Polvera Volumising Conditioner,Polvera,50ml,500,PC-CD,"fish,soy",9756154705544,25/10/18
IN01056,Vivara Deep Conditioner,Vivara,75ml,300,PC-CD,"eggs,gluten",9556409196932,07/08/21
IN01057,Solaris Disinfectant Spray,Solaris,250ml,100,HH-SC,,7020426201976,29/01/19
IN01058,Brightway Deep Conditioner,Brightway,200ml,75,PC-CD,gluten,3696789760982,28/04/23
IN01059,Nexpur Gentle शैम्पू Face Wash,Nexpur,300ml,400,PC-FW,"soy,eggs,wheat",2760759889780,18/09/22
IN01060,Teraxis 48hr Spray Deodorant,Teraxis,150ml,200,PC-DO,eggs,9165430895235,26/05/19
IN01061,XXX-Nexpur Deep Conditioner,Nexpur,75ml,75,PC-CD,"milk,tree nuts",7644974700028,20/09/22
IN01062,Cladis स्प्रे Laundry Capsules,Cladis,200ml,200,HH-LN,"fish,shellfish,gluten,wheat",9797416365601,18/11/20
IN01063,Luminos 24hr Roll-On तेल Deodorant,Luminos,300ml,150,PC-DO,"tree nuts,soy",7309649692779,20/11/18
IN01064,Gleam Colour Protect तेल Shampoo,Gleam,250ml,100,PC-SH,"fish,soy,tree nuts,eggs",0597025512828,11/03/23
IN01065,Sovara Moisturising Hand Wash,Sovara,200ml,150,PC-HW,,5948989596549,23/08/22
IN01066,Cristalix Hot Chilli जेल Sauce,Cristalix,200ml,250,FB-CN,"peanuts,soy",4414916999390,20/09/20
IN01067,Nuvelo Granola Bar,Nuvelo,750ml,400,FB-SN,"soy,peanuts",6408822309587,17/09/22
IN01068,Glicen लोशन Smooth & Shine Conditioner,Glicen,400ml,150,PC-CD,"sesame,gluten,peanuts,milk",3210972021706,16/05/23
IN01069,Alteva Sport Deodorant,Alteva,250ml,150,PC-DO,"fish,tree nuts",5792203004491,08/11/22
IN01070,Purevex Intensive पाउडर Moisturiser,Purevex,100ml,150,PC-MS,"milk,gluten,wheat,tree nuts",5121375658964,19/02/20
IN01071,Qualis Whitening Deodorant,Qualis,1000ml,400,PC-DO,,8619931458433,28/11/20
IN01072,Cladis साबुन Granola Bar,Cladis,300ml,150,FB-SN,,1388503423625,10/07/19
IN01073,Serafix Refreshing Shower Gel,Serafix,200ml,400,PC-BW,"wheat,peanuts",6310437968687,25/04/18
IN01074,Gleam Sensitive Skin Body Wash,Gleam,250ml,100,PC-BW,"peanuts,fish,milk,eggs",1774174304354,28/08/18
IN01075,Novix Leave-In Conditioner,Novix,250ml,50,PC-CD,wheat,8946652752336,01/07/19
IN01076,Lumeva Laundry Powder,Lumeva,150ml,50,HH-LN,milk,2569133030332,04/11/20
IN01077,Orinum Foaming Hand Wash,Orinum,75ml,75,PC-HW,"shellfish,tree nuts,milk",7627995530249,25/02/22
IN01078,TEST-Helix Gentle क्रीम Face Wash,Helix,100ml,150,PC-FW,"sesame,peanuts,shellfish,eggs",3034202847191,09/03/18
IN01079,XXX-Hevara Repair Shampoo,Hevara,100ml,100,PC-SH,peanuts,0507648717753,02/12/20
IN01080,Lumeva Antibacterial Hand पाउडर Wash,Lumeva,750ml,100,PC-HW,"milk,fish",5838727258122,30/09/19
IN01081,Vanta Whitening Deodorant,Vanta,750ml,250,PC-DO,"fish,sesame,peanuts",4823733791214,17/06/19
IN01082,Oralix पाउडर Hydrating Shampoo,Oralix,75ml,500,PC-SH,"sesame,milk,soy",5869017074030,11/09/19
IN01083,Frosten 24hr Roll-On लोशन Deodorant,Frosten,750ml,200,PC-DO,"wheat,tree nuts",1712227643388,05/02/23
IN01084,Luminos Leave-In Conditioner,Luminos,250ml,200,PC-CD,wheat,1626549633081,11/03/20
IN01085,Elaris Brightening Face Wash,Elaris,200ml,400,PC-FW,,4887899504705,12/11/19
IN01086,Lumeva Nourishing Body Cleanser,Lumeva,1000ml,300,PC-BW,"tree nuts,eggs,gluten,sesame",7749266329564,13/08/20
IN01087,Orinum Night Cream,Orinum,400ml,400,PC-MS,"wheat,gluten",5920616581296,03/07/19
IN01088,Clarity Nourishing Body Cleanser,Clarity,100ml,100,PC-BW,soy,6302955963633,13/03/23
IN01089,Gleam Mayonnaise,Gleam,300ml,100,FB-CN,"peanuts,wheat,milk,soy",6154980851337,15/03/19
IN01090,Krisol Hydrating Face Wash,Krisol,50ml,50,PC-FW,"gluten,sesame",3211221215488,07/04/19
IN01091,Novix Granola Bar,Novix,100ml,300,FB-SN,"fish,sesame,shellfish,soy",4019185488066,20/06/21
IN01092,Solvix Night Cream,Solvix,50ml,50,PC-MS,"wheat,sesame,shellfish",7873585664645,02/05/19
IN01093,Glicen Heavy Duty Dish Soap,Glicen,100ml,150,HH-DW,"wheat,eggs",9262213204106,10/03/21
IN01094,Verdant Smooth & Shine जेल Conditioner,Verdant,500ml,150,PC-CD,,4789117972696,11/02/21
IN01095,Solven क्रीम Eco Dish Liquid,Solven,1000ml,100,HH-DW,"soy,eggs,milk,shellfish",3666020005325,10/10/21
IN01096,Cladis Hydrating Face Wash,Cladis,150ml,75,PC-FW,,5052438380587,25/10/19
IN01097,Nexpur Aloe Hand Wash,Nexpur,1000ml,50,PC-HW,,7686276332835,17/08/23
IN01098,Solvix Heavy Duty Dish Soap,Solvix,150ml,150,HH-DW,"fish,eggs,tree nuts",1862671368419,04/01/18
IN01099,Brightway Volumising Shampoo,Brightway,1000ml,500,PC-SH,soy,3921883527910,05/12/23
IN01100,Hevara Bathroom Cleaner,Hevara,50ml,300,HH-SC,"shellfish,fish,eggs",0659208814317,06/06/19
IN01101,Orinum Disinfectant क्रीम Spray,Orinum,300ml,75,HH-SC,"sesame,eggs,tree nuts",9698384572025,20/05/22
IN01102,Nuarix Fragrance-Free Hand Wash,Nuarix,300ml,500,PC-HW,"wheat,tree nuts,eggs",2573498992556,04/07/20
01103,Polvera Rinse Aid,Polvera,300ml,50,HH-DW,"peanuts,wheat,milk",7472966941797,12/06/22
IN01104,Luxara Multi-Surface सीरम Spray,Luxara,50ml,500,HH-SC,"shellfish,peanuts,gluten,wheat",8599464183982,23/05/21
IN01105,Cryston Repair Shampoo,Cryston,150ml,200,PC-SH,"sesame,tree nuts,soy",6988164980441,18/07/21
IN01106,Nexpur तेल Sensitive Skin Body Wash,Nexpur,1000ml,500,PC-BW,"milk,tree nuts,wheat",1026270664895,08/09/18
IN01107,Kaleo Sensitive Skin Body Wash,Kaleo,200ml,500,PC-BW,"tree nuts,sesame",1308898305740,28/08/20
IN01108,Tolvex Eco Dish Liquid,Tolvex,400ml,200,HH-DW,,8563027500035,08/07/18
IN01109,TEST-Glicen Mustard Sauce,Glicen,300ml,300,FB-CN,,9953056418491,24/02/20
IN01110,Polvera Disinfectant फोम Spray,Polvera,200ml,300,HH-SC,"gluten,milk,shellfish",0187260013657,19/05/19
IN01111,Nuvelo Refreshing Shower Gel,Nuvelo,200ml,200,PC-BW,"wheat,milk",6745686524061,04/08/19
IN01112,Toreva Deep लोशन Conditioner,Toreva,250ml,300,PC-CD,"wheat,tree nuts,fish",2221905334702,25/11/20
IN01113,Velaris Bathroom Cleaner,Velaris,300ml,200,HH-SC,"peanuts,tree nuts,sesame,gluten",3965213835078,02/12/18
IN01114,Qualis Repair Conditioner,Qualis,250ml,150,PC-CD,,2900362211732,10/08/19
IN01115,Solaris शैम्पू Hot Chilli Sauce,Solaris,100ml,300,FB-CN,"sesame,gluten",3958558522949,29/11/19
IN01116,Tresol Mustard Sauce,Tresol,250ml,75,FB-CN,"eggs,sesame,tree nuts",7591710508052,17/06/21
IN01117,Verdant Dish तेल Liquid,Verdant,400ml,400,HH-DW,"peanuts,shellfish",3535247841712,30/12/21
IN01118,Nuarix Rinse Aid,Nuarix,750ml,400,HH-DW,peanuts,4930537880331,27/05/19
IN01119,Purelix Laundry Powder,Purelix,75ml,75,HH-LN,soy,8926087882815,15/12/21
IN01120,Novix Volumising Conditioner,Novix,400ml,150,PC-CD,,4862515217467,31/08/21
IN01121,Toreva Mayonnaise,Toreva,150ml,400,FB-CN,"milk,eggs,sesame,wheat",6734467177626,17/06/22
IN01122,Frostine क्रीम Dish Liquid,Frostine,150ml,150,HH-DW,"wheat,peanuts,fish",6450999900104,21/12/23
IN01123,Qualis Eco Dish Liquid,Qualis,400ml,150,HH-DW,"milk,sesame,soy,fish",5211896844240,16/05/22
IN01124,Arovia Lightweight Lotion,Arovia,500ml,200,PC-MS,"gluten,shellfish,tree nuts,soy",2857595828193,30/07/18
IN01125,Purevex Leave-In Conditioner,Purevex,400ml,400,PC-CD,"gluten,eggs,wheat,shellfish",8839717059849,11/12/20
IN01126,Nuvelo 24hr Roll-On Deodorant,Nuvelo,150ml,300,PC-DO,"wheat,sesame,fish",8112303885689,13/04/19
IN01127,Cristalix Colour Protect Shampoo,Cristalix,750ml,400,PC-SH,"eggs,peanuts,tree nuts,sesame",0099217790552,29/08/19
IN01128,Sovara Laundry Capsules,Sovara,750ml,150,HH-LN,tree nuts,1588070532601,13/05/19
IN01129,Cristalix Colour Protect Shampoo,Cristalix,750ml,75,PC-SH,,3829742551369,23/06/18
IN01130,Nuarix Dish Liquid,Nuarix,500ml,250,HH-DW,"eggs,sesame,gluten,milk",4502437361588,26/07/23
IN01131,Krisol Exfoliating साबुन Face Scrub,Krisol,300ml,100,PC-FW,"eggs,soy,tree nuts",8969335390052,10/08/21
IN01132,Vivara Antibacterial Hand Wash,Vivara,1000ml,200,PC-HW,"soy,eggs,tree nuts",6639792551168,03/04/21
IN01133,Solvix Exfoliating Face Scrub,Solvix,750ml,50,PC-FW,sesame,3772702896669,20/01/18
IN01134,Elaris 48hr Spray Deodorant,Elaris,100ml,500,PC-DO,,6441610197539,03/10/21
IN01135,Purelix Fabric Softener,Purelix,200ml,50,HH-LN,"eggs,milk",3880273042764,04/05/20
IN01136,Primus Moisturising Hand Wash,Primus,75ml,200,PC-HW,"peanuts,shellfish",1893953096904,10/09/22
IN01137,Verdant Glass Cleaner,Verdant,1000ml,50,HH-SC,"wheat,gluten,peanuts,shellfish",8745513587274,20/05/19
IN01138,Serafix Bathroom Cleaner,Serafix,50ml,300,HH-SC,"sesame,eggs,gluten,fish",6403439881877,21/04/20
IN01139,Orinum Laundry Capsules,Orinum,1000ml,250,HH-LN,"soy,gluten,sesame,shellfish",4770413090917,30/11/21
IN01140,XXX-Teraxis Hydrating Face Wash,Teraxis,300ml,50,PC-FW,sesame,2625420412318,23/05/18
IN01141,Orinum Granola Bar,Orinum,400ml,100,FB-SN,,4410079419324,13/01/21
IN01142,Luxara 48hr Spray Deodorant,Luxara,1000ml,75,PC-DO,,9794122487092,29/04/23
IN01143,Verdant Volumising Conditioner,Verdant,750ml,300,PC-CD,wheat,2517422404326,14/09/22
IN01144,Novix तेल Hydrating Shampoo,Novix,750ml,50,PC-SH,,3468616307024,24/06/22
IN01145,XXX-Oralix Kitchen Cleaner,Oralix,100ml,50,HH-SC,,9536621953681,08/05/18
IN01146,Cryston Nourishing Body Cleanser,Cryston,400ml,250,PC-BW,,0173259007394,06/03/23
IN01147,Krisol Volumising Shampoo,Krisol,50ml,400,PC-SH,wheat,1138690871675,07/08/19
IN01148,Luminos Deep Conditioner,Luminos,200ml,250,PC-CD,"fish,eggs",7192817074435,26/07/22
IN01149,Plexum Refreshing Shower Gel,Plexum,200ml,200,PC-BW,wheat,5216025239416,05/08/19
IN01150,Frosten Salted Crackers,Frosten,200ml,200,FB-SN,"gluten,tree nuts,peanuts",9032655132769,20/11/18
IN01151,Aevum Hot Chilli Sauce,Aevum,200ml,500,FB-CN,,2455985160214,12/03/19
IN01152,Toreva Dish Liquid,Toreva,500ml,75,HH-DW,fish,8649864786860,04/06/19
IN01153,Motivo फोम Exfoliating Face Scrub,Motivo,50ml,50,PC-FW,"sesame,peanuts,gluten,soy",4083781919071,09/04/21
IN01154,Tresol Eco Dish फोम Liquid,Tresol,75ml,300,HH-DW,"milk,gluten",6983692353484,06/01/21
IN01155,Nuvelo सीरम Laundry Capsules,Nuvelo,400ml,50,HH-LN,"wheat,eggs,soy,peanuts",8654622021237,07/07/23
IN01156,Zephyr Mayonnaise,Zephyr,250ml,250,FB-CN,,3300008863469,01/02/23
IN01157,Glova Hydrating Face Wash,Glova,750ml,50,PC-FW,,8899114160098,14/01/19
IN01158,Krisol Aloe Hand Wash,Krisol,1000ml,100,PC-HW,wheat,7379897906089,11/10/21
IN01159,Helix Lightweight Lotion,Helix,500ml,300,PC-MS,"peanuts,fish,soy",0009984336112,27/09/20
IN01160,Solven Multi-Surface साबुन Spray,Solven,500ml,75,HH-SC,"eggs,sesame",5458294203402,08/10/18
IN01161,Toreva 48hr Spray Deodorant,Toreva,150ml,200,PC-DO,"fish,milk,shellfish",5699944946670,31/08/19
IN01162,Solven Salted सीरम Crackers,Solven,50ml,500,FB-SN,peanuts,0281822387948,05/01/18
IN01163,Brightway Volumising लोशन Conditioner,Brightway,50ml,500,PC-CD,"sesame,eggs",7452735364231,11/11/21
IN01164,Zephyr Multi-Surface शैम्पू Spray,Zephyr,200ml,75,HH-SC,gluten,1828518161254,18/11/21
IN01165,Elaris Dish Liquid,Elaris,1000ml,300,HH-DW,,0079230466009,16/12/18
IN01166,Cristalix Smooth & Shine Conditioner,Cristalix,500ml,100,PC-CD,"eggs,milk,gluten",2329615120483,13/03/22
IN01167,Tolvex शैम्पू Deep Clean Body Wash,Tolvex,300ml,300,PC-BW,"soy,peanuts",4604227634602,15/03/19
IN01168,Qualis Dish Liquid,Qualis,150ml,50,HH-DW,"shellfish,soy",4724358617685,24/11/19
IN01169,Krisol क्रीम Repair Conditioner,Krisol,75ml,100,PC-CD,"wheat,fish,shellfish",0866656224197,16/12/22
IN01170,Orinum Aloe Hand Wash,Orinum,500ml,200,PC-HW,"peanuts,shellfish,sesame,fish",1290350061847,13/08/23
IN01171,Frostine Heavy Duty Dish पाउडर Soap,Frostine,100ml,100,HH-DW,tree nuts,4340466821211,09/10/21
IN01172,Verdant Hot Chilli Sauce,Verdant,750ml,250,FB-CN,tree nuts,4920644111978,12/03/20
IN01173,Helix स्प्रे Stain Remover,Helix,500ml,100,HH-LN,"soy,milk,fish",3435948821887,09/02/21
IN01174,Novix Heavy Duty Dish Soap,Novix,50ml,300,HH-DW,"peanuts,milk,tree nuts",1102125434124,09/10/20
IN01175,Hevara Moisturising Body Wash,Hevara,300ml,50,PC-BW,,6037218600320,13/09/18
IN01176,Solven Mixed Nuts Blend,Solven,750ml,400,FB-SN,"gluten,milk,eggs,sesame",4003471317192,27/03/23
IN01177,Purelix Vinegar Dressing,Purelix,50ml,75,FB-CN,"wheat,tree nuts,milk",8419478550115,23/04/20
IN01178,Plexum जेल Bathroom Cleaner,Plexum,250ml,500,HH-SC,eggs,0728878072799,19/08/18
IN01179,XXX-Cryston Mixed Nuts Blend,Cryston,75ml,300,FB-SN,,6088197223994,23/04/22
IN01180,Solaris Intensive Moisturiser,Solaris,75ml,500,PC-MS,shellfish,5307681024802,09/02/22
IN01181,Primus Sensitive Deodorant,Primus,50ml,50,PC-DO,peanuts,4323622169068,16/04/22
IN01182,Cryston Fabric Softener,Cryston,200ml,300,HH-LN,milk,5169139521505,18/04/19
IN01183,Brightway लोशन Fragrance-Free Hand Wash,Brightway,300ml,75,PC-HW,,7033508424316,28/06/20
IN01184,Elaris Dishwasher Tablets,Elaris,500ml,200,HH-DW,"eggs,soy,milk,shellfish",4169105302153,19/10/18
IN01185,Glicen Foaming Hand Wash,Glicen,250ml,500,PC-HW,"peanuts,fish,soy",3953481105016,05/02/21
IN01186,Verdant सीरम Glass Cleaner,Verdant,100ml,400,HH-SC,"gluten,fish,eggs,wheat",7385512817753,08/02/19
IN01187,Frosten Leave-In Conditioner,Frosten,250ml,400,PC-CD,"eggs,tree nuts,sesame,wheat",2609723602447,18/11/22
IN01188,Arovia Granola Bar,Arovia,200ml,300,FB-SN,"fish,eggs,wheat",5171073087153,23/04/22
IN01189,Novix Intensive पाउडर Moisturiser,Novix,1000ml,150,PC-MS,"milk,soy,eggs",7543802741489,21/08/21
IN01190,TEST-Polvera Rice Cakes,Polvera,100ml,300,FB-SN,,2925468627287,16/10/23
IN01191,Orinum Daily Moisturiser,Orinum,300ml,300,PC-MS,"wheat,milk",7632713538674,07/09/22
IN01192,Zenpur Mixed Nuts Blend,Zenpur,750ml,100,FB-SN,sesame,6879060488691,15/08/20
IN01193,Nuarix Deep Conditioner,Nuarix,250ml,250,PC-CD,peanuts,0508927396157,15/01/23
IN01194,Arovia Fragrance-Free Hand फोम Wash,Arovia,50ml,250,PC-HW,tree nuts,6707897755429,23/11/22
IN01195,Hevara Colour साबुन Protect Shampoo,Hevara,50ml,150,PC-SH,"peanuts,wheat,sesame,soy",3627320222713,12/03/19
IN01196,Vivara Repair Shampoo,Vivara,1000ml,400,PC-SH,"gluten,eggs,shellfish",1620429851442,14/07/22
IN01197,Plexum Eco Dish Liquid,Plexum,50ml,250,HH-DW,eggs,6903922026988,26/02/18
IN01198,Kaleo Anti-Dandruff Shampoo,Kaleo,1000ml,300,PC-SH,"shellfish,eggs",0680177031634,31/12/22
IN01199,Solvix Nourishing Body Cleanser,Solvix,50ml,50,PC-BW,"gluten,soy",3267244693178,17/10/19
IN01200,Orinum Rinse Aid,Orinum,300ml,150,HH-DW,"milk,sesame,soy,peanuts",0654025998516,15/06/20
IN01201,Plexum तेल Oat Protein Bar,Plexum,100ml,400,FB-SN,shellfish,2812916350494,25/10/22
IN01202,Sovara Refreshing Shower Gel,Sovara,300ml,400,PC-BW,"tree nuts,wheat,shellfish",2845397499505,29/01/23
IN01203,Primus Salted Crackers,Primus,500ml,300,FB-SN,"milk,fish",7560208019295,10/07/18
IN01204,Arovia Leave-In Conditioner,Arovia,75ml,250,PC-CD,"soy,milk",4489093225334,24/04/20
IN01205,Nexpur Deep Conditioner,Nexpur,150ml,250,PC-CD,,0255501935454,17/05/18
IN01206,Frosten Exfoliating Face Scrub,Frosten,500ml,500,PC-FW,"peanuts,soy,sesame,fish",3324362962088,20/04/18
IN01207,Tolvex Whitening Deodorant,Tolvex,500ml,150,PC-DO,,2441290759656,03/07/19
IN01208,Brightway फोम Moisturising Body Wash,Brightway,150ml,400,PC-BW,"soy,eggs,shellfish",7495421062943,16/01/19
IN01209,Orinum Dishwasher Tablets,Orinum,250ml,75,HH-DW,"wheat,gluten,fish,soy",1317536264752,12/09/19
IN01210,Teraxis Vinegar Dressing,Teraxis,300ml,200,FB-CN,"eggs,wheat,milk",9617300992846,15/07/21
IN01211,Oralix Repair Conditioner,Oralix,150ml,100,PC-CD,,1535505143215,07/03/19
IN01212,Polvera Night Cream,Polvera,50ml,500,PC-MS,"shellfish,gluten,wheat",4792542218833,07/11/20
IN01213,Nuarix Mustard Sauce,Nuarix,500ml,75,FB-CN,"wheat,milk,peanuts,fish",8770676933323,28/10/22
IN01214,Zenpur 24hr Roll-On Deodorant,Zenpur,750ml,50,PC-DO,"fish,shellfish,peanuts,wheat",7846408585885,26/02/20
IN01215,Nexpur Oat Protein Bar,Nexpur,250ml,300,FB-SN,"wheat,fish,gluten",0846729254351,09/03/22
IN01216,Cladis Colour Protect Shampoo,Cladis,100ml,500,PC-SH,wheat,2501825624726,12/08/22
IN01217,Krisol Hydrating Face Wash,Krisol,200ml,100,PC-FW,,1223414992900,25/02/18
IN01218,TEST-Cladis Heavy Duty Dish Soap,Cladis,100ml,400,HH-DW,,2660450956326,01/10/18
IN01219,Gleam Bathroom Cleaner,Gleam,50ml,50,HH-SC,gluten,1019335389222,19/10/19
IN01220,Helix Intensive Moisturiser,Helix,75ml,150,PC-MS,"milk,gluten,fish",0827705646162,13/08/18
IN01221,Tresol Glass Cleaner,Tresol,300ml,200,HH-SC,sesame,5009537234617,27/12/22
IN01222,Plexum सीरम Moisturising Hand Wash,Plexum,1000ml,75,PC-HW,soy,6109441642313,13/05/22
IN01223,Elaris Sport Deodorant,Elaris,75ml,150,PC-DO,"wheat,shellfish,sesame",6857606349422,04/07/18
IN01224,Purevex स्प्रे Intensive Moisturiser,Purevex,400ml,250,PC-MS,"eggs,sesame",8701799932429,18/06/18
IN01225,Luxara Repair क्रीम Conditioner,Luxara,150ml,400,PC-CD,"peanuts,gluten",1723456538697,12/11/20
IN01226,Krisol Disinfectant Spray,Krisol,50ml,100,HH-SC,fish,5362689047239,14/10/23
IN01227,Purevex Fragrance-Free Hand तेल Wash,Purevex,1000ml,50,PC-HW,,9538557421647,18/08/20
IN01228,Aevum लोशन Whitening Deodorant,Aevum,50ml,50,PC-DO,"soy,shellfish,eggs,wheat",6047614378846,03/02/21
IN01229,Oralix Exfoliating स्प्रे Face Scrub,Oralix,300ml,300,PC-FW,,8756467263688,03/10/18
IN01230,Nuarix Sport फोम Deodorant,Nuarix,75ml,500,PC-DO,"sesame,milk",0277291084501,05/02/23
IN01231,Motivo Vinegar जेल Dressing,Motivo,50ml,200,FB-CN,tree nuts,6605033746983,03/10/20
IN01232,Cladis Gentle Face Wash,Cladis,400ml,400,PC-FW,milk,6718222667942,29/11/18
IN01233,XXX-Arovia Dish Liquid,Arovia,500ml,400,HH-DW,"sesame,fish,tree nuts,eggs",8590673963426,11/10/23
IN01234,Primus Oat Protein Bar,Primus,400ml,300,FB-SN,,5504922170483,27/09/22
IN01235,Novix Salted Crackers,Novix,300ml,400,FB-SN,,6632016290737,28/12/19
IN01236,Helix Stain Remover,Helix,1000ml,500,HH-LN,,1826533717081,29/09/22
IN01237,Verdant Lightweight पाउडर Lotion,Verdant,100ml,300,PC-MS,"peanuts,wheat,milk,eggs",9831354901450,11/09/22
IN01238,Motivo Multi-Surface Spray,Motivo,750ml,100,HH-SC,,9587305498240,08/08/20
IN01239,Tolvex Stain Remover,Tolvex,200ml,150,HH-LN,,2178167806648,27/06/20
IN01240,Qualis Tomato Ketchup,Qualis,1000ml,500,FB-CN,"milk,eggs,fish,tree nuts",4928150370179,11/08/18
IN01241,Purelix Dishwasher स्प्रे Tablets,Purelix,1000ml,200,HH-DW,,7030880817262,08/09/19
IN01242,Aevum Laundry Powder,Aevum,300ml,500,HH-LN,peanuts,4850072889593,24/01/20
IN01243,Teraxis तेल Hot Chilli Sauce,Teraxis,200ml,75,FB-CN,,6806919612761,25/05/22
IN01244,Luxara Deep तेल Conditioner,Luxara,50ml,500,PC-CD,milk,3917026344438,28/08/21
IN01245,Teraxis Heavy Duty Dish स्प्रे Soap,Teraxis,1000ml,100,HH-DW,"tree nuts,sesame",7012042425362,18/03/18
IN01246,Brightway Dish Liquid,Brightway,150ml,400,HH-DW,"soy,milk",2849760396705,25/06/19
IN01247,Motivo लोशन Night Cream,Motivo,250ml,100,PC-MS,"milk,tree nuts",5364818754032,27/06/22
IN01248,Primus Granola Bar,Primus,500ml,100,FB-SN,,5977385466231,05/06/19
IN01249,Vanta Exfoliating Face Scrub,Vanta,300ml,300,PC-FW,"gluten,sesame,fish",4912594972204,16/11/20
IN01250,Alteva Smooth & शैम्पू Shine Conditioner,Alteva,300ml,100,PC-CD,fish,9920666179968,26/12/19
IN01251,Motivo Brightening Face Wash,Motivo,750ml,100,PC-FW,,5876887779255,12/11/22
IN01252,Glova Nourishing Body Cleanser,Glova,150ml,200,PC-BW,"wheat,milk,peanuts,shellfish",3153983912260,10/02/18
IN01253,Purevex Moisturising Body Wash,Purevex,200ml,200,PC-BW,,7629143049139,15/05/21
IN01254,Aurova Hydrating सीरम Shampoo,Aurova,500ml,400,PC-SH,"wheat,sesame",7209986564220,30/04/21
IN01255,Lumeva Nourishing Body Cleanser,Lumeva,1000ml,100,PC-BW,,8235309766919,05/12/20
IN01256,Cladis Stain Remover,Cladis,100ml,500,HH-LN,,5682017530791,01/08/22
IN01257,Alteva Antibacterial Hand Wash,Alteva,300ml,250,PC-HW,"wheat,peanuts,milk",4347412531378,17/07/21
IN01258,Zephyr Antibacterial Hand Wash,Zephyr,50ml,400,PC-HW,"shellfish,soy,wheat",1750361920255,18/10/18
IN01259,Alteva Dishwasher सीरम Tablets,Alteva,400ml,150,HH-DW,shellfish,0342444748903,14/01/21
IN01260,Luminos जेल Glass Cleaner,Luminos,400ml,500,HH-SC,"wheat,soy,tree nuts",1076519170854,03/01/19
IN01261,Polvera पाउडर Kitchen Cleaner,Polvera,100ml,500,HH-SC,"tree nuts,eggs,peanuts,wheat",6340918580558,20/11/18
IN01262,Toreva Salted Crackers,Toreva,400ml,200,FB-SN,"gluten,fish",5391607700406,03/10/20
IN01263,TEST-Toreva Nourishing Body Cleanser,Toreva,200ml,75,PC-BW,"peanuts,milk,soy,gluten",8221803966207,04/09/20
IN01264,Novix साबुन Fabric Softener,Novix,500ml,300,HH-LN,"milk,shellfish",8802652951646,27/11/22
IN01265,Aurova Oat Protein Bar,Aurova,150ml,150,FB-SN,"fish,wheat",3039744088064,20/06/23
IN01266,Glicen Sensitive लोशन Skin Body Wash,Glicen,750ml,500,PC-BW,"milk,wheat,gluten",1991843113264,31/03/22
IN01267,Qualis Hydrating Shampoo,Qualis,500ml,200,PC-SH,"tree nuts,sesame,milk,wheat",2632119604725,25/08/19
IN01268,Plexum Nourishing Body Cleanser,Plexum,750ml,400,PC-BW,,7745447082310,23/12/22
IN01269,Motivo Anti-Dandruff Shampoo,Motivo,75ml,250,PC-SH,gluten,4676626235964,12/01/18
IN01270,Zephyr 48hr Spray Deodorant,Zephyr,100ml,300,PC-DO,,8402578703680,02/07/22
IN01271,Oralix साबुन Nourishing Body Cleanser,Oralix,300ml,150,PC-BW,,6636050281645,02/02/18
IN01272,Frosten Eco Dish स्प्रे Liquid,Frosten,75ml,50,HH-DW,gluten,0912030252093,10/12/20
IN01273,Nuarix 48hr Spray Deodorant,Nuarix,150ml,400,PC-DO,,9531926009866,26/06/18
IN01274,Zenpur Volumising Conditioner,Zenpur,400ml,200,PC-CD,"peanuts,gluten",9205489445385,06/01/19
IN01275,Luminos Colour Protect Shampoo,Luminos,1000ml,500,PC-SH,,8965583445667,05/10/19
IN01276,Solvix Smooth & Shine Conditioner,Solvix,250ml,100,PC-CD,,7970566036160,26/07/19
IN01277,Sovara Lightweight Lotion,Sovara,50ml,400,PC-MS,"eggs,milk,tree nuts,sesame",4726602351581,04/02/22
IN01278,Vivara सीरम Moisturising Body Wash,Vivara,150ml,50,PC-BW,,7316715605878,11/09/18
IN01279,Kaleo 48hr Spray Deodorant,Kaleo,200ml,200,PC-DO,,3395479406451,25/05/20
IN01280,Nuarix Anti-Dandruff Shampoo,Nuarix,400ml,50,PC-SH,"shellfish,eggs",9189866469365,14/09/21
IN01281,Luxara Antibacterial Hand Wash,Luxara,150ml,150,PC-HW,"gluten,shellfish",4876805702373,26/04/23
IN01282,Novix Salted Crackers,Novix,200ml,150,FB-SN,"eggs,milk",1922095673336,12/08/19
IN01283,Nuarix Oat Protein फोम Bar,Nuarix,400ml,150,FB-SN,soy,9644028253263,28/02/23
IN01284,Frosten साबुन Aloe Hand Wash,Frosten,1000ml,100,PC-HW,"wheat,shellfish",7392385202326,30/03/18
IN01285,Verdant Dish Liquid,Verdant,50ml,75,HH-DW,"gluten,soy,sesame",2844234719981,04/09/19
IN01286,Solvix Dish Liquid,Solvix,400ml,250,HH-DW,"eggs,tree nuts",4526075699919,06/04/20
IN01287,Glova Laundry Powder,Glova,50ml,50,HH-LN,"peanuts,soy,sesame",2262277773317,24/08/22
IN01288,Nuarix Oat Protein Bar,Nuarix,50ml,300,FB-SN,"peanuts,shellfish,milk",7038503605951,26/11/19
IN01289,Frostine Eco Dish Liquid,Frostine,100ml,200,HH-DW,wheat,0740274067582,16/11/19
IN01290,Purelix Foaming Hand Wash,Purelix,100ml,250,PC-HW,"milk,fish,wheat,gluten",0363856461495,09/01/23
IN01291,XXX-Aevum SPF Moisturiser,Aevum,400ml,150,PC-MS,,8399798491490,04/09/23
IN01292,Frosten Antibacterial Hand Wash,Frosten,750ml,250,PC-HW,"milk,peanuts",9326643223943,10/04/22
IN01293,Solven Volumising तेल Shampoo,Solven,100ml,500,PC-SH,"sesame,eggs,gluten,wheat",9485340012769,01/11/19
IN01294,Frosten Leave-In Conditioner,Frosten,500ml,200,PC-CD,"peanuts,wheat,sesame",5678718882239,19/01/23
IN01295,Gleam Stain Remover,Gleam,400ml,50,HH-LN,"sesame,peanuts",1680613495647,31/03/23
IN01296,Aevum Oat Protein Bar,Aevum,500ml,200,FB-SN,"soy,peanuts,sesame",7949638309723,04/04/20
IN01297,Oralix Antibacterial फोम Hand Wash,Oralix,500ml,50,PC-HW,"wheat,fish,eggs,soy",6201655578645,15/09/21
IN01298,Cladis Disinfectant तेल Spray,Cladis,250ml,250,HH-SC,"shellfish,tree nuts",1247640006873,14/10/21
IN01299,Alteva जेल Laundry Capsules,Alteva,100ml,200,HH-LN,,5166545122449,01/12/20
IN01300,Frosten तेल Colour Protect Shampoo,Frosten,750ml,400,PC-SH,"milk,wheat",3386860835707,18/09/18
IN01301,Cristalix Multi-Surface Spray,Cristalix,300ml,150,HH-SC,,9442386020509,31/12/23
IN01302,Aevum Gentle Face स्प्रे Wash,Aevum,200ml,75,PC-FW,peanuts,9096197979725,22/01/21
IN01303,Luxara 48hr Spray Deodorant,Luxara,200ml,75,PC-DO,tree nuts,6948045073563,09/07/23
IN01304,Zephyr Lightweight Lotion,Zephyr,750ml,250,PC-MS,"soy,peanuts,milk",5980260294423,01/07/18
IN01305,Zenpur Gentle Face Wash,Zenpur,500ml,100,PC-FW,"sesame,peanuts",9073420319770,14/04/23
IN01306,Sovara शैम्पू Lightweight Lotion,Sovara,400ml,250,PC-MS,"tree nuts,eggs,peanuts,milk",8648230882953,31/10/23
IN01307,Nuvelo Aloe Hand Wash,Nuvelo,75ml,300,PC-HW,soy,3260586942768,23/05/23
IN01308,Aurova Lightweight Lotion,Aurova,75ml,400,PC-MS,milk,6629315181781,13/08/23
IN01309,Arovia Repair Conditioner,Arovia,100ml,300,PC-CD,"tree nuts,peanuts",6989062327239,25/04/23
IN01310,Lumeva Repair Shampoo,Lumeva,500ml,50,PC-SH,wheat,3790065487089,23/02/21
IN01311,Frosten Glass Cleaner,Frosten,250ml,200,HH-SC,,7675539818896,12/06/18
IN01312,DUMMY-Cryston Kitchen Cleaner,Cryston,500ml,75,HH-SC,"gluten,eggs",5790894589624,17/07/22
IN01313,Primus Laundry जेल Powder,Primus,200ml,500,HH-LN,"shellfish,fish,soy,peanuts",0207612396129,15/04/19
IN01314,Luminos Vinegar Dressing,Luminos,1000ml,250,FB-CN,,8812988618205,24/06/23
IN01315,Motivo लोशन Deep Clean Body Wash,Motivo,750ml,50,PC-BW,"wheat,peanuts,tree nuts,shellfish",0792372982687,04/08/20
IN01316,Hevara Brightening Face Wash,Hevara,500ml,300,PC-FW,"gluten,shellfish",0350675789688,11/07/20
IN01317,Zenpur Brightening Face शैम्पू Wash,Zenpur,400ml,50,PC-FW,"shellfish,soy,eggs",2315550570520,19/01/19
IN01318,Lumeva Laundry Capsules,Lumeva,750ml,150,HH-LN,"peanuts,gluten,sesame,milk",4588311414700,24/02/19
IN01319,Gleam Leave-In Conditioner,Gleam,250ml,50,PC-CD,fish,8715689109778,03/01/23
IN01320,Brightway Liquid Laundry Detergent,Brightway,150ml,200,HH-LN,"tree nuts,fish",8446794036641,30/03/18
IN01321,Aurova Repair Shampoo,Aurova,100ml,250,PC-SH,"soy,shellfish,gluten",1597572927310,17/09/23
IN01322,Arovia Aloe Hand क्रीम Wash,Arovia,150ml,50,PC-HW,gluten,1585423324166,08/03/22
IN01323,Zenpur Colour Protect Shampoo,Zenpur,1000ml,200,PC-SH,"soy,fish,sesame,milk",7344674621592,01/01/22
IN01324,Gleam Fabric Softener,Gleam,75ml,400,HH-LN,"gluten,eggs",6170502218167,22/10/18
IN01325,Solven Mustard Sauce,Solven,150ml,200,FB-CN,"shellfish,fish",0948377402921,18/07/22
IN01326,Serafix Night Cream,Serafix,50ml,100,PC-MS,"tree nuts,milk,fish",2183667719664,23/08/22
IN01327,Zephyr Antibacterial तेल Hand Wash,Zephyr,100ml,250,PC-HW,"soy,peanuts,wheat",0222349980137,28/11/22
IN01328,Plexum Aloe Hand Wash,Plexum,300ml,400,PC-HW,"gluten,milk",1779152446149,18/04/21
IN01329,Nexpur Sensitive Skin Body Wash,Nexpur,150ml,150,PC-BW,"eggs,shellfish",4656426018639,29/06/23
IN01330,XXX-Aurova Volumising Conditioner,Aurova,75ml,250,PC-CD,"gluten,tree nuts,sesame",9227764149009,05/06/20
IN01331,Zephyr Fabric साबुन Softener,Zephyr,100ml,250,HH-LN,"eggs,soy",4448672288399,04/01/18
IN01332,Krisol Intensive Moisturiser,Krisol,150ml,150,PC-MS,,4546157493259,16/01/19
IN01333,Nuarix Anti-Dandruff लोशन Shampoo,Nuarix,750ml,400,PC-SH,sesame,1204095437768,07/10/22
IN01334,Serafix Colour Protect Shampoo,Serafix,50ml,500,PC-SH,"sesame,milk",0187314391519,23/09/18
IN01335,Sovara Night Cream,Sovara,400ml,500,PC-MS,"wheat,eggs,milk",7818710968564,18/05/21
IN01336,Krisol Repair Conditioner,Krisol,400ml,50,PC-CD,"milk,tree nuts,wheat",6933154230600,05/08/18
IN01337,Oralix Leave-In पाउडर Conditioner,Oralix,100ml,500,PC-CD,"tree nuts,gluten,milk",5224114206676,31/05/18
IN01338,Purevex सीरम Anti-Dandruff Shampoo,Purevex,200ml,250,PC-SH,"gluten,wheat,milk,shellfish",6633822224008,01/08/21
IN01339,XXX-Tresol Hydrating Face Wash,Tresol,100ml,100,PC-FW,,5620190113486,10/06/21
IN01340,Clarity Oil Control Face Wash,Clarity,75ml,150,PC-FW,wheat,5286132394568,06/03/21
IN01341,Aurova 48hr Spray Deodorant,Aurova,200ml,100,PC-DO,"fish,peanuts,sesame,shellfish",7602498663427,12/08/18
IN01342,Zenpur Oat Protein Bar,Zenpur,150ml,300,FB-SN,"shellfish,soy,peanuts",9852973561528,21/04/22
IN01343,Qualis Fragrance-Free Hand Wash,Qualis,750ml,75,PC-HW,"shellfish,fish",2538096641473,22/02/22
IN01344,Cladis Oil Control Face Wash,Cladis,750ml,250,PC-FW,peanuts,7466535389622,20/10/21
IN01345,Brightway Mixed Nuts Blend,Brightway,200ml,150,FB-SN,"shellfish,wheat,peanuts",1571276383542,20/05/20
IN01346,Purelix Mustard Sauce,Purelix,500ml,250,FB-CN,"fish,soy,milk,sesame",1682497939989,13/11/18
IN01347,Zenpur Antibacterial Hand Wash,Zenpur,150ml,500,PC-HW,,1683710307370,20/06/19
IN01348,Velaris Antibacterial Hand शैम्पू Wash,Velaris,100ml,50,PC-HW,,4896780826499,01/05/20
IN01349,Glova Volumising Shampoo,Glova,200ml,300,PC-SH,gluten,4762542926458,19/07/22
IN01350,Aevum Oil Control Face Wash,Aevum,75ml,400,PC-FW,gluten,9403694811265,19/04/22
IN01351,Clarity Granola Bar,Clarity,400ml,75,FB-SN,"fish,shellfish,milk,soy",8335391016128,04/12/21
IN01352,Glova Dish Liquid,Glova,300ml,150,HH-DW,"gluten,peanuts,milk,fish",1333443767346,26/12/23
IN01353,Vanta सीरम Anti-Dandruff Shampoo,Vanta,750ml,500,PC-SH,"eggs,milk",1679301481161,12/02/18
IN01354,Gleam Lightweight Lotion,Gleam,750ml,75,PC-MS,"milk,sesame",0420288661685,16/05/18
IN01355,Lumeva Salted Crackers,Lumeva,750ml,50,FB-SN,peanuts,2134854842030,31/07/21
IN01356,Sovara Gentle Face तेल Wash,Sovara,50ml,400,PC-FW,"eggs,shellfish,gluten,sesame",8601571171322,05/02/19
IN01357,Luminos Rinse Aid,Luminos,100ml,200,HH-DW,"milk,wheat,eggs",4112874527197,22/05/20
IN01358,Primus Foaming Hand Wash,Primus,250ml,400,PC-HW,"peanuts,fish,soy",9138107491610,18/03/21
IN01359,Gleam Leave-In Conditioner,Gleam,100ml,75,PC-CD,"peanuts,milk",1315350696261,30/09/18
IN01360,Verdant फोम Aloe Hand Wash,Verdant,250ml,250,PC-HW,"gluten,shellfish",2741025471793,04/02/21
IN01361,Zenpur Stain लोशन Remover,Zenpur,300ml,300,HH-LN,"peanuts,sesame,soy,milk",0519567563557,30/08/23
IN01362,Kaleo स्प्रे Night Cream,Kaleo,400ml,75,PC-MS,"wheat,fish,sesame",2565046070014,19/04/21
IN01363,Glova Mustard Sauce,Glova,150ml,50,FB-CN,"sesame,fish,wheat",4087100668909,18/01/21
IN01364,Tresol Repair Shampoo,Tresol,500ml,100,PC-SH,,7623811522320,30/08/19
IN01365,Luxara Leave-In Conditioner,Luxara,100ml,200,PC-CD,,8475283599947,11/05/18
IN01366,Helix Nourishing Body Cleanser,Helix,50ml,500,PC-BW,"shellfish,eggs",3511350535724,06/11/19
IN01367,Frosten Vinegar Dressing,Frosten,100ml,50,FB-CN,"peanuts,eggs,tree nuts",7809783028019,08/04/18
01368,Lumeva Daily Moisturiser,Lumeva,200ml,250,PC-MS,peanuts,1952814478676,24/03/21
IN01369,Luxara Mixed Nuts Blend,Luxara,50ml,100,FB-SN,,8893063578034,19/03/23
IN01370,Arovia Stain Remover,Arovia,75ml,100,HH-LN,,3974369905580,16/08/21
IN01371,Vivara Sensitive Deodorant,Vivara,750ml,200,PC-DO,,8429069690458,20/09/19
IN01372,Novix क्रीम Stain Remover,Novix,300ml,50,HH-LN,"eggs,milk,fish",5673374570162,27/07/21
IN01373,Purelix Volumising Conditioner,Purelix,75ml,150,PC-CD,"sesame,eggs,peanuts",9802530843765,21/10/19
IN01374,Cladis स्प्रे Vinegar Dressing,Cladis,200ml,200,FB-CN,"shellfish,gluten",2508423242345,30/09/23
IN01375,Nuvelo Moisturising Body क्रीम Wash,Nuvelo,75ml,400,PC-BW,peanuts,1553691585572,28/02/21
IN01376,Motivo Dish जेल Liquid,Motivo,100ml,400,HH-DW,"fish,milk,wheat,shellfish",2570333295940,09/01/22
IN01377,Helix Leave-In फोम Conditioner,Helix,250ml,500,PC-CD,sesame,6304029662992,07/01/19
IN01378,Solven Kitchen Cleaner,Solven,400ml,200,HH-SC,gluten,2204167821531,23/12/19
IN01379,Aevum Foaming Hand Wash,Aevum,150ml,400,PC-HW,,6325031392806,22/05/21
IN01380,Zephyr Fabric Softener,Zephyr,100ml,100,HH-LN,,6190193335936,28/06/23
IN01381,Helix Heavy Duty Dish पाउडर Soap,Helix,750ml,50,HH-DW,,0029561622568,24/02/21
IN01382,Purevex Rice Cakes,Purevex,500ml,250,FB-SN,"gluten,peanuts",0799230453235,06/12/18
01383,Cryston Foaming Hand लोशन Wash,Cryston,500ml,75,PC-HW,"tree nuts,fish",4743701945398,04/03/19
IN01384,Solaris Repair स्प्रे Shampoo,Solaris,300ml,300,PC-SH,"tree nuts,milk,gluten",2761209281574,14/08/18
IN01385,Glicen स्प्रे Antibacterial Hand Wash,Glicen,750ml,50,PC-HW,wheat,3116787067635,05/10/21
IN01386,Brightway Oil Control Face Wash,Brightway,150ml,400,PC-FW,,8592126848564,22/06/20
IN01387,Helix फोम Multi-Surface Spray,Helix,200ml,100,HH-SC,"peanuts,soy,milk,shellfish",0375398923133,10/08/19
IN01388,Zenpur Intensive Moisturiser,Zenpur,750ml,500,PC-MS,"fish,tree nuts,sesame,wheat",7841783765914,28/10/21
IN01389,Tresol Hydrating Face Wash,Tresol,50ml,75,PC-FW,,4065266426731,19/02/22
IN01390,Solaris Volumising Shampoo,Solaris,100ml,200,PC-SH,"tree nuts,soy",3756569764873,26/09/23
IN01391,Sovara Lightweight लोशन Lotion,Sovara,100ml,100,PC-MS,"gluten,peanuts",5104625069291,12/09/22
IN01392,Novix Sensitive Deodorant,Novix,250ml,75,PC-DO,milk,6276729350977,01/06/20
IN01393,Tresol SPF Moisturiser,Tresol,75ml,100,PC-MS,"eggs,peanuts,fish,shellfish",5022347780457,12/07/23
IN01394,Cryston Oat Protein Bar,Cryston,100ml,250,FB-SN,sesame,8407033982143,29/01/23
01395,Arovia Laundry Powder,Arovia,150ml,150,HH-LN,"wheat,milk,peanuts",5167670636320,01/11/23
IN01396,Zephyr Moisturising Hand Wash,Zephyr,75ml,75,PC-HW,wheat,0084842648330,20/05/20
IN01397,Solvix Foaming Hand लोशन Wash,Solvix,750ml,300,PC-HW,,8289671360541,17/03/21
IN01398,Tresol Aloe Hand Wash,Tresol,50ml,500,PC-HW,"fish,peanuts",9013249519357,24/07/18
IN01399,Purevex Tomato Ketchup,Purevex,75ml,250,FB-CN,"fish,eggs",7580803889048,11/11/20
IN01400,Oralix Tomato क्रीम Ketchup,Oralix,200ml,50,FB-CN,"soy,eggs",5668513538141,11/10/23
IN01401,Velaris शैम्पू Mayonnaise,Velaris,200ml,400,FB-CN,"tree nuts,sesame",0309016856473,27/03/19
IN01402,Luxara Glass Cleaner,Luxara,200ml,50,HH-SC,,9027169883719,21/11/22
IN01403,Vivara जेल Hydrating Shampoo,Vivara,500ml,300,PC-SH,"sesame,fish,eggs",1997675983327,23/08/22
IN01404,Vanta पाउडर Repair Shampoo,Vanta,250ml,50,PC-SH,"sesame,soy",5345819565728,22/02/22
IN01405,Cristalix Brightening Face पाउडर Wash,Cristalix,150ml,500,PC-FW,"shellfish,milk",2662177580150,01/01/21
IN01406,Luxara Foaming Hand Wash,Luxara,400ml,150,PC-HW,,3028532727667,28/06/20
IN01407,Purevex SPF जेल Moisturiser,Purevex,1000ml,250,PC-MS,,2528546130879,20/02/20
IN01408,Clarity Sensitive Skin Body Wash,Clarity,400ml,100,PC-BW,,7382777711840,29/07/19
IN01409,Nuarix 48hr Spray Deodorant,Nuarix,400ml,500,PC-DO,"soy,milk,sesame",0712102423440,26/06/23
IN01410,Zenpur Gentle Face शैम्पू Wash,Zenpur,1000ml,400,PC-FW,"milk,shellfish",1997165965666,08/02/23
IN01411,Vanta लोशन Fragrance-Free Hand Wash,Vanta,750ml,300,PC-HW,"soy,gluten,peanuts,fish",4009522426530,23/02/23
IN01412,Nuarix जेल Dishwasher Tablets,Nuarix,100ml,100,HH-DW,,9143907054736,22/09/22
IN01413,Qualis Moisturising Body Wash,Qualis,400ml,75,PC-BW,,5010162600807,06/07/19
IN01414,Luxara Fragrance-Free Hand Wash,Luxara,750ml,150,PC-HW,"shellfish,tree nuts",9783354883574,01/01/19
IN01415,Solven Dishwasher Tablets,Solven,200ml,300,HH-DW,"gluten,eggs,peanuts",6386643203171,23/07/19
IN01416,Sovara Hot Chilli Sauce,Sovara,250ml,100,FB-CN,"wheat,peanuts,fish,sesame",5492724000209,22/05/22
01417,Helix Tomato Ketchup,Helix,200ml,300,FB-CN,,5190854327165,11/04/20
IN01418,Gleam Salted Crackers,Gleam,150ml,150,FB-SN,"fish,soy",6930100090899,19/08/20
IN01419,Orinum Colour Protect Shampoo,Orinum,500ml,75,PC-SH,,4802835415891,07/01/20
IN01420,Lumeva Dish Liquid,Lumeva,150ml,50,HH-DW,"soy,shellfish",6613662808125,16/07/19
IN01421,Alteva Hot स्प्रे Chilli Sauce,Alteva,75ml,250,FB-CN,"peanuts,shellfish,gluten,fish",7053110583300,08/11/22
IN01422,Aevum Kitchen लोशन Cleaner,Aevum,400ml,500,HH-SC,"wheat,eggs",8914269376504,02/03/19
IN01423,Sovara Foaming Hand क्रीम Wash,Sovara,400ml,75,PC-HW,"shellfish,gluten,fish,sesame",2883636885016,13/06/22
IN01424,Cryston तेल Mayonnaise,Cryston,300ml,100,FB-CN,"wheat,gluten,fish,soy",6788093761650,24/11/19
IN01425,Gleam Smooth & Shine Conditioner,Gleam,750ml,500,PC-CD,"milk,shellfish,peanuts,sesame",9359812559772,20/03/23
IN01426,XXX-Toreva Volumising Conditioner,Toreva,750ml,400,PC-CD,"peanuts,milk,soy",8580501417160,12/09/21
IN01427,Frosten Disinfectant Spray,Frosten,150ml,75,HH-SC,gluten,5651887114868,11/06/18
IN01428,Arovia Nourishing Body Cleanser,Arovia,50ml,50,PC-BW,"wheat,peanuts,sesame,shellfish",2878757030292,14/03/20
01429,Solven Moisturising Body Wash,Solven,100ml,250,PC-BW,,1860742906959,04/09/19
IN01430,XXX-Plexum लोशन Leave-In Conditioner,Plexum,150ml,300,PC-CD,"soy,eggs,milk,gluten",2007302426628,29/11/20
IN01431,Orinum Oat साबुन Protein Bar,Orinum,250ml,150,FB-SN,"peanuts,milk,tree nuts",7144695674061,13/07/23
IN01432,Gleam Brightening Face जेल Wash,Gleam,200ml,200,PC-FW,"soy,peanuts",5146688658340,07/09/23
IN01433,Luxara Brightening Face Wash,Luxara,150ml,250,PC-FW,"fish,wheat,gluten,shellfish",7366485320778,03/02/22
IN01434,Zephyr Laundry Capsules,Zephyr,500ml,200,HH-LN,wheat,6983443695801,29/12/21
IN01435,Toreva Nourishing Body तेल Cleanser,Toreva,50ml,250,PC-BW,,9284672007340,07/12/19
IN01436,Clarity Dishwasher Tablets,Clarity,50ml,400,HH-DW,"soy,shellfish,wheat",9545038016254,09/12/21
IN01437,Vanta Anti-Dandruff Shampoo,Vanta,1000ml,100,PC-SH,,4502814353120,16/03/23
IN01438,Arovia Rinse Aid,Arovia,1000ml,150,HH-DW,shellfish,9531112359041,15/11/19
IN01439,Kaleo Fragrance-Free Hand Wash,Kaleo,400ml,200,PC-HW,sesame,6625108573832,04/12/21
IN01440,Qualis Sport शैम्पू Deodorant,Qualis,75ml,200,PC-DO,"milk,eggs,soy",5117455537069,10/07/19
IN01441,Novix स्प्रे Kitchen Cleaner,Novix,75ml,300,HH-SC,"soy,gluten,shellfish",4612157562643,20/02/19
IN01442,Luminos Volumising Conditioner,Luminos,500ml,200,PC-CD,"eggs,sesame,shellfish,soy",2099069319633,24/03/18
IN01443,Aevum Hydrating Face Wash,Aevum,250ml,75,PC-FW,"shellfish,milk,peanuts",5059982267319,11/12/19
IN01444,Plexum Brightening Face तेल Wash,Plexum,500ml,500,PC-FW,"milk,peanuts,tree nuts,fish",1420259364507,16/08/19
IN01445,Glicen Laundry Powder,Glicen,150ml,75,HH-LN,peanuts,2755767299119,18/09/21
IN01446,Luminos Lightweight Lotion,Luminos,200ml,200,PC-MS,eggs,8343695310293,05/06/23
IN01447,Solvix Multi-Surface शैम्पू Spray,Solvix,1000ml,75,HH-SC,"milk,fish",2917926517322,17/09/23
IN01448,Brightway Repair Shampoo,Brightway,1000ml,75,PC-SH,,8739221983695,06/11/18
IN01449,Aurova Sensitive Deodorant,Aurova,1000ml,400,PC-DO,"soy,shellfish,eggs,fish",5298770745992,28/11/18
IN01450,Oralix 48hr Spray पाउडर Deodorant,Oralix,200ml,200,PC-DO,"milk,gluten",2026838789038,22/06/21
IN01451,Oralix Mustard लोशन Sauce,Oralix,100ml,250,FB-CN,"fish,shellfish,gluten,milk",3040934675414,22/08/19
IN01452,Novix Exfoliating Face Scrub,Novix,500ml,75,PC-FW,"shellfish,soy,peanuts,milk",1382721051332,24/02/21
IN01453,Solven Antibacterial Hand Wash,Solven,500ml,200,PC-HW,wheat,0138825320833,11/11/18
IN01454,Alteva Hot Chilli Sauce,Alteva,75ml,300,FB-CN,fish,0389173690783,08/06/21
IN01455,Sovara Hot Chilli Sauce,Sovara,400ml,100,FB-CN,,0052141070718,12/11/22
IN01456,Luxara साबुन Brightening Face Wash,Luxara,250ml,50,PC-FW,"gluten,tree nuts,eggs,shellfish",3708511919442,21/01/22
IN01457,Purelix SPF Moisturiser,Purelix,750ml,400,PC-MS,gluten,6556192767138,04/12/22
IN01458,Nuarix Multi-Surface पाउडर Spray,Nuarix,1000ml,500,HH-SC,"fish,wheat,gluten,eggs",9561266783058,28/01/22
IN01459,Cryston Kitchen Cleaner,Cryston,75ml,150,HH-SC,"sesame,shellfish,peanuts,fish",0223461446624,18/07/23
IN01460,Glicen जेल Moisturising Hand Wash,Glicen,150ml,50,PC-HW,"eggs,gluten",7614215248312,14/06/22
IN01461,Aurova शैम्पू Laundry Capsules,Aurova,300ml,200,HH-LN,"milk,peanuts,fish",5689698703681,05/08/20
IN01462,Nuvelo Moisturising Body Wash,Nuvelo,500ml,150,PC-BW,"gluten,soy,fish",3159229127061,12/09/21
IN01463,Nuvelo Dishwasher Tablets,Nuvelo,75ml,50,HH-DW,"milk,fish",2911872282471,24/05/19
IN01464,Luminos Laundry Powder,Luminos,75ml,500,HH-LN,,7960757898493,09/05/23
IN01465,Lumeva Lightweight Lotion,Lumeva,400ml,50,PC-MS,"wheat,gluten",1711486565813,30/12/23
IN01466,Zephyr Tomato Ketchup,Zephyr,300ml,75,FB-CN,"soy,tree nuts,fish",3163129755729,25/08/22
IN01467,TEST-Aevum Repair Shampoo,Aevum,200ml,300,PC-SH,shellfish,8811938999067,13/12/23
IN01468,Glova Deep Conditioner,Glova,150ml,50,PC-CD,"eggs,fish,shellfish",5321633613173,29/11/23
IN01469,Frosten Sport Deodorant,Frosten,50ml,50,PC-DO,"gluten,milk",3729545858354,21/09/22
IN01470,Frosten Hydrating Face Wash,Frosten,500ml,75,PC-FW,shellfish,4392255174190,25/01/20
IN01471,Purevex Whitening Deodorant,Purevex,1000ml,200,PC-DO,"fish,wheat,eggs",2360186399458,23/11/20
IN01472,Glicen Volumising Shampoo,Glicen,500ml,200,PC-SH,"soy,eggs",5630930796855,08/07/18
IN01473,Sovara Vinegar Dressing,Sovara,1000ml,200,FB-CN,"gluten,sesame",7240899217735,08/09/21
IN01474,Purelix Tomato Ketchup,Purelix,300ml,500,FB-CN,soy,1339736707211,16/05/23
IN01475,Hevara Mayonnaise,Hevara,200ml,50,FB-CN,peanuts,2224198306326,19/08/20
IN01476,Frostine फोम Fragrance-Free Hand Wash,Frostine,50ml,75,PC-HW,"eggs,peanuts,sesame,wheat",2484202435095,14/06/21
IN01477,Zenpur Glass Cleaner,Zenpur,75ml,75,HH-SC,"fish,eggs,tree nuts,soy",4099414753981,24/09/18
IN01478,Vanta Exfoliating Face Scrub,Vanta,250ml,200,PC-FW,peanuts,5190826110351,20/04/22
IN01479,Nuvelo Whitening Deodorant,Nuvelo,100ml,100,PC-DO,,2376669692299,22/11/21
IN01480,Novix Oil तेल Control Face Wash,Novix,300ml,75,PC-FW,"peanuts,eggs,sesame,tree nuts",8390934242402,31/03/22
IN01481,Primus Moisturising Hand Wash,Primus,150ml,200,PC-HW,"soy,gluten,peanuts",8893343751867,22/11/22
IN01482,Glicen Rinse Aid,Glicen,50ml,500,HH-DW,"tree nuts,peanuts,wheat",4382692855073,06/01/21
IN01483,Luminos शैम्पू Brightening Face Wash,Luminos,750ml,250,PC-FW,sesame,8959470396965,06/03/21
IN01484,Toreva 48hr Spray Deodorant,Toreva,750ml,75,PC-DO,"wheat,tree nuts",4718830099540,13/07/19
IN01485,Cryston Stain Remover,Cryston,150ml,200,HH-LN,"gluten,fish",6866798994709,01/08/22
IN01486,Cryston Salted पाउडर Crackers,Cryston,1000ml,50,FB-SN,"gluten,milk,eggs",4971103847150,26/05/22
IN01487,Purelix Bathroom जेल Cleaner,Purelix,300ml,250,HH-SC,,5188601674495,11/01/20
IN01488,Nuarix Brightening Face Wash,Nuarix,150ml,250,PC-FW,"fish,sesame,tree nuts,milk",4505669375408,10/07/19
IN01489,Kaleo Granola Bar,Kaleo,500ml,300,FB-SN,,7892571402504,12/09/20
IN01490,Hevara शैम्पू Fabric Softener,Hevara,400ml,300,HH-LN,fish,4816384936806,28/04/22
IN01491,Primus Brightening Face Wash,Primus,250ml,150,PC-FW,,1012789695192,03/05/20
IN01492,Gleam Nourishing Body Cleanser,Gleam,500ml,250,PC-BW,shellfish,7586703656209,06/03/20
IN01493,Aurova Rice Cakes,Aurova,200ml,200,FB-SN,"soy,peanuts",6896331812337,27/02/22
IN01494,Helix Glass लोशन Cleaner,Helix,400ml,50,HH-SC,"soy,eggs,shellfish",4457762626362,26/12/22
IN01495,Nuarix Fabric क्रीम Softener,Nuarix,50ml,500,HH-LN,"sesame,shellfish,gluten,wheat",7594434852951,19/02/20
IN01496,Verdant Glass Cleaner,Verdant,50ml,150,HH-SC,"sesame,milk,fish,soy",8740420767511,16/06/21
IN01497,Zenpur सीरम Heavy Duty Dish Soap,Zenpur,150ml,200,HH-DW,,1573309900092,11/02/21
IN01498,Purelix Salted Crackers,Purelix,250ml,300,FB-SN,"sesame,wheat",3445385653521,31/03/20
IN01499,Purelix Mayonnaise,Purelix,300ml,50,FB-CN,,0470911034959,23/09/22
IN01500,Aevum Hydrating Shampoo,Aevum,750ml,500,PC-SH,"gluten,fish,tree nuts,milk",1815837466146,09/06/21
IN01501,Sovara Glass Cleaner,Sovara,75ml,500,HH-SC,"sesame,shellfish,milk",4796668290520,19/02/22
IN01502,Aevum साबुन Fragrance-Free Hand Wash,Aevum,750ml,250,PC-HW,,8914233029276,28/09/22
IN01503,Toreva Daily Moisturiser,Toreva,200ml,400,PC-MS,gluten,8622140513183,11/05/22
IN01504,Frostine पाउडर Antibacterial Hand Wash,Frostine,400ml,200,PC-HW,"soy,gluten,eggs",4785247442030,02/09/21
IN01505,Elaris लोशन Rinse Aid,Elaris,75ml,50,HH-DW,soy,8735186647740,27/01/19
IN01506,Aurova Gentle Face Wash,Aurova,250ml,75,PC-FW,"soy,milk,wheat,shellfish",8534658153983,02/02/22
IN01507,Nuarix फोम Mayonnaise,Nuarix,75ml,400,FB-CN,"gluten,tree nuts,sesame,peanuts",9098412865585,30/03/19
IN01508,Zenpur शैम्पू Foaming Hand Wash,Zenpur,750ml,100,PC-HW,sesame,3193489180039,23/12/23
IN01509,DUMMY-Motivo Anti-Dandruff क्रीम Shampoo,Motivo,150ml,200,PC-SH,gluten,2421959730912,12/12/19
IN01510,Toreva Colour तेल Protect Shampoo,Toreva,100ml,400,PC-SH,peanuts,1146133155534,10/08/18
IN01511,Plexum Anti-Dandruff क्रीम Shampoo,Plexum,50ml,150,PC-SH,,4407781109650,26/05/21
IN01512,Toreva स्प्रे Mustard Sauce,Toreva,400ml,300,FB-CN,"soy,peanuts,tree nuts",4182991269942,29/10/21
IN01513,Purelix Deep Conditioner,Purelix,200ml,75,PC-CD,"eggs,milk,fish,sesame",6691008224211,15/07/22
IN01514,Purelix Laundry जेल Powder,Purelix,500ml,100,HH-LN,eggs,7562699620837,14/01/21
IN01515,Hevara Disinfectant Spray,Hevara,75ml,50,HH-SC,,5932572287037,09/10/19
01516,Vanta Deep Conditioner,Vanta,1000ml,400,PC-CD,"sesame,tree nuts",9724387129512,24/04/21
01517,Hevara 48hr Spray Deodorant,Hevara,50ml,250,PC-DO,"milk,wheat,fish,gluten",6048022406541,09/05/23
IN01518,Cladis Intensive Moisturiser,Cladis,750ml,250,PC-MS,,9041898566439,25/05/18
IN01519,Qualis Repair Shampoo,Qualis,1000ml,250,PC-SH,"wheat,soy,shellfish",8887656993137,14/05/22
IN01520,Purelix Tomato Ketchup,Purelix,1000ml,100,FB-CN,gluten,0113860479470,23/11/18
IN01521,Zephyr Eco Dish Liquid,Zephyr,150ml,500,HH-DW,,3514895382945,15/06/21
IN01522,Hevara Colour Protect Shampoo,Hevara,75ml,200,PC-SH,"gluten,milk,tree nuts",3472839516736,19/08/18
IN01523,Glicen पाउडर Rinse Aid,Glicen,150ml,100,HH-DW,"shellfish,milk,peanuts",8868656292581,31/01/20
IN01524,Nexpur Smooth & Shine Conditioner,Nexpur,500ml,50,PC-CD,,8323530688565,05/05/21
IN01525,Solaris लोशन Hot Chilli Sauce,Solaris,300ml,400,FB-CN,"milk,fish,peanuts,wheat",8374495975214,04/08/20
IN01526,Helix जेल 48hr Spray Deodorant,Helix,400ml,250,PC-DO,"tree nuts,wheat",8974874114861,03/10/19
IN01527,Toreva Foaming Hand Wash,Toreva,75ml,75,PC-HW,,5349655156416,10/07/22
IN01528,TEST-Aevum Disinfectant Spray,Aevum,300ml,150,HH-SC,,0935820163010,02/09/21
IN01529,Gleam Heavy Duty Dish क्रीम Soap,Gleam,1000ml,100,HH-DW,peanuts,2284834927667,19/07/18
IN01530,Arovia Eco Dish Liquid,Arovia,200ml,300,HH-DW,,1804033480155,16/06/20
IN01531,Vivara Kitchen Cleaner,Vivara,500ml,300,HH-SC,"shellfish,eggs,tree nuts",5446053926099,27/11/22
IN01532,Tolvex Bathroom Cleaner,Tolvex,300ml,100,HH-SC,"wheat,milk,tree nuts",3649911928569,26/12/22
IN01533,Primus Mixed Nuts क्रीम Blend,Primus,250ml,50,FB-SN,eggs,5538307755828,01/01/19
IN01534,Kaleo फोम Volumising Conditioner,Kaleo,300ml,200,PC-CD,gluten,5678446078904,23/05/23
IN01535,Polvera 24hr Roll-On Deodorant,Polvera,750ml,75,PC-DO,"sesame,eggs,shellfish,soy",5512944149257,23/04/20
IN01536,Sovara Tomato Ketchup,Sovara,200ml,500,FB-CN,sesame,3859747765652,31/05/18
IN01537,Vivara Multi-Surface Spray,Vivara,250ml,200,HH-SC,"peanuts,soy,gluten,eggs",6877156922098,24/12/20
IN01538,Solaris Dish Liquid,Solaris,300ml,150,HH-DW,"eggs,tree nuts",3597710011541,09/03/23
IN01539,Arovia पाउडर Kitchen Cleaner,Arovia,200ml,200,HH-SC,eggs,4872255785645,02/03/19
IN01540,Nuvelo Brightening Face Wash,Nuvelo,1000ml,400,PC-FW,"eggs,fish",8557395232858,08/03/22
IN01541,Luminos Whitening Deodorant,Luminos,1000ml,250,PC-DO,"gluten,peanuts,shellfish",5816602841362,18/11/19
IN01542,TEST-Tolvex Oil Control सीरम Face Wash,Tolvex,1000ml,200,PC-FW,"milk,peanuts,gluten",7146971479735,06/04/21
IN01543,Zenpur Colour फोम Protect Shampoo,Zenpur,250ml,250,PC-SH,,8374560170391,10/05/22
IN01544,Purevex शैम्पू Hydrating Shampoo,Purevex,400ml,250,PC-SH,"milk,gluten,eggs,soy",0679490786925,07/12/23
IN01545,Solvix Sport Deodorant,Solvix,75ml,300,PC-DO,eggs,5938967635360,17/06/23
IN01546,Solvix Brightening शैम्पू Face Wash,Solvix,250ml,500,PC-FW,"fish,milk,shellfish,sesame",7228834133517,05/03/20
IN01547,Purevex Dish जेल Liquid,Purevex,200ml,150,HH-DW,,9742749366351,20/05/23
IN01548,Purelix Oat Protein Bar,Purelix,400ml,75,FB-SN,"sesame,milk",3007356582607,05/10/23
IN01549,Kaleo Repair Conditioner,Kaleo,1000ml,300,PC-CD,shellfish,9412886691127,11/06/19
IN01550,Purevex Oil Control Face Wash,Purevex,200ml,100,PC-FW,"wheat,fish",1197892594652,24/01/23
IN01551,Motivo SPF Moisturiser,Motivo,250ml,150,PC-MS,tree nuts,5441181851367,18/01/23
IN01552,Luminos Hydrating Face फोम Wash,Luminos,1000ml,250,PC-FW,milk,3881937684184,18/02/21
IN01553,Verdant Multi-Surface Spray,Verdant,300ml,100,HH-SC,milk,1483335401121,20/12/22
IN01554,Aurova Smooth & Shine Conditioner,Aurova,300ml,50,PC-CD,milk,8764770906765,21/03/19
IN01555,Arovia Laundry क्रीम Powder,Arovia,400ml,300,HH-LN,gluten,5076716217204,28/02/21
IN01556,Alteva Stain Remover,Alteva,300ml,500,HH-LN,,4186930326451,29/06/22
IN01557,Sovara Lightweight Lotion,Sovara,400ml,200,PC-MS,,9916053906491,16/05/18
IN01558,Gleam Heavy Duty Dish Soap,Gleam,50ml,150,HH-DW,"wheat,tree nuts",1970181589139,15/06/22
IN01559,Frosten Laundry Powder,Frosten,300ml,400,HH-LN,,7421531936256,05/12/19
IN01560,Tresol Antibacterial Hand Wash,Tresol,100ml,75,PC-HW,"gluten,milk,shellfish",5480293358388,05/05/21
IN01561,Teraxis Hydrating Face फोम Wash,Teraxis,75ml,50,PC-FW,"tree nuts,shellfish,soy",5174546935104,30/10/19
IN01562,Frostine Salted Crackers,Frostine,50ml,75,FB-SN,sesame,3319558979902,22/06/20
IN01563,Cryston Whitening Deodorant,Cryston,75ml,400,PC-DO,"eggs,shellfish,milk",3056870941247,14/04/22
IN01564,Helix Nourishing Body Cleanser,Helix,300ml,200,PC-BW,"soy,sesame,tree nuts,eggs",3768418767768,06/09/18
IN01565,Nuvelo Deep Clean Body Wash,Nuvelo,150ml,200,PC-BW,"gluten,shellfish",3173033249672,27/09/21
IN01566,Qualis Bathroom Cleaner,Qualis,75ml,50,HH-SC,"sesame,peanuts",8094731815608,28/10/21
IN01567,Velaris Night Cream,Velaris,50ml,400,PC-MS,"gluten,tree nuts,peanuts,fish",7611107976476,22/01/22
IN01568,Purelix SPF Moisturiser,Purelix,250ml,400,PC-MS,sesame,9722693485407,12/04/20
IN01569,Aevum Dish Liquid,Aevum,500ml,200,HH-DW,"sesame,tree nuts,fish",0669926138268,06/05/23
IN01570,Arovia Sensitive Skin साबुन Body Wash,Arovia,400ml,400,PC-BW,"shellfish,tree nuts,gluten",0399626377925,24/12/22
IN01571,Oralix Hydrating Shampoo,Oralix,400ml,150,PC-SH,"eggs,wheat",8962206824328,07/08/20
IN01572,Oralix Oil Control Face Wash,Oralix,100ml,150,PC-FW,"gluten,soy,peanuts,wheat",6060694306950,19/06/19
IN01573,Orinum Brightening Face Wash,Orinum,500ml,300,PC-FW,"wheat,peanuts",1285370064480,09/10/21
IN01574,Velaris Lightweight Lotion,Velaris,250ml,150,PC-MS,,1980425542806,20/08/21
IN01575,Purelix Exfoliating Face Scrub,Purelix,200ml,100,PC-FW,"tree nuts,milk",7868878602039,17/06/19
IN01576,Cristalix तेल Deep Conditioner,Cristalix,75ml,400,PC-CD,,1958663992875,19/11/23
IN01577,Alteva Kitchen Cleaner,Alteva,400ml,150,HH-SC,,4249562917968,22/06/21
IN01578,Sovara Daily Moisturiser,Sovara,50ml,150,PC-MS,"shellfish,peanuts,eggs,gluten",8880700510281,21/06/23
IN01579,Solvix जेल SPF Moisturiser,Solvix,75ml,100,PC-MS,,2201754541643,11/12/23
IN01580,Tresol Disinfectant Spray,Tresol,1000ml,75,HH-SC,,4662750152697,07/01/23
IN01581,Nexpur लोशन SPF Moisturiser,Nexpur,50ml,150,PC-MS,"milk,shellfish,tree nuts",4833095872384,04/06/20
IN01582,Hevara Aloe Hand Wash,Hevara,1000ml,50,PC-HW,"milk,eggs,peanuts",5792326714857,11/08/23
IN01583,Lumeva Salted Crackers,Lumeva,1000ml,400,FB-SN,,1501967972090,13/06/19
IN01584,Clarity 24hr Roll-On Deodorant,Clarity,100ml,50,PC-DO,,8285233297041,20/03/20
IN01585,Qualis साबुन Disinfectant Spray,Qualis,500ml,100,HH-SC,"eggs,tree nuts,sesame,wheat",1163971492072,01/10/21
IN01586,Nuarix Bathroom Cleaner,Nuarix,75ml,200,HH-SC,peanuts,8739626259180,31/08/20
IN01587,Kaleo Salted Crackers,Kaleo,200ml,400,FB-SN,"soy,fish,shellfish",7244343549786,23/07/23
IN01588,Motivo Smooth साबुन & Shine Conditioner,Motivo,250ml,400,PC-CD,,5643802990343,28/12/23
IN01589,Gleam क्रीम Tomato Ketchup,Gleam,200ml,100,FB-CN,"shellfish,fish",0009409165730,12/05/23
IN01590,Elaris Moisturising Hand Wash,Elaris,100ml,300,PC-HW,"wheat,gluten,tree nuts",4920369309148,29/08/18
IN01591,Brightway Anti-Dandruff Shampoo,Brightway,400ml,150,PC-SH,,1722641475694,22/02/18
IN01592,Alteva Moisturising Body तेल Wash,Alteva,200ml,100,PC-BW,"soy,gluten,tree nuts,peanuts",8474229835965,29/08/22
IN01593,Velaris Rice Cakes,Velaris,75ml,250,FB-SN,gluten,0226247365003,10/04/20
IN01594,Clarity Smooth & Shine Conditioner,Clarity,50ml,50,PC-CD,,6476144278737,23/08/21
IN01595,Polvera सीरम Sport Deodorant,Polvera,50ml,200,PC-DO,soy,1697920675495,09/07/20
IN01596,Frostine Dishwasher Tablets,Frostine,150ml,300,HH-DW,"milk,peanuts,tree nuts,fish",3925287835732,13/10/20
IN01597,Plexum तेल Liquid Laundry Detergent,Plexum,150ml,50,HH-LN,"soy,peanuts,tree nuts",3302364122471,04/11/20
IN01598,Novix Sensitive Skin Body Wash,Novix,250ml,150,PC-BW,"wheat,milk,soy",3505160232515,27/04/18
IN01599,Vivara Multi-Surface सीरम Spray,Vivara,250ml,250,HH-SC,"shellfish,milk,peanuts,tree nuts",0422456411993,03/10/19
IN01600,Helix Sport Deodorant,Helix,100ml,250,PC-DO,sesame,0781913505348,06/11/20
IN01601,Hevara Colour Protect Shampoo,Hevara,400ml,75,PC-SH,wheat,5716632824635,13/03/18
IN01602,Tolvex Antibacterial Hand Wash,Tolvex,300ml,100,PC-HW,gluten,8563520076150,20/06/18
IN01603,Oralix Night Cream,Oralix,250ml,500,PC-MS,"sesame,tree nuts,fish",9771433608095,05/06/18
IN01604,Helix Hydrating Shampoo,Helix,200ml,300,PC-SH,,0392788881897,28/04/20
IN01605,Cladis Nourishing फोम Body Cleanser,Cladis,1000ml,75,PC-BW,"soy,sesame,eggs",6878518569050,25/05/18
IN01606,Motivo Vinegar Dressing,Motivo,250ml,300,FB-CN,"sesame,wheat,fish,soy",2800727208141,07/01/23
IN01607,Cryston Leave-In Conditioner,Cryston,150ml,250,PC-CD,"peanuts,milk,shellfish",8308306978996,01/03/22
IN01608,Zenpur Anti-Dandruff Shampoo,Zenpur,200ml,500,PC-SH,fish,7146749066884,08/09/22
IN01609,Purevex Bathroom Cleaner,Purevex,500ml,250,HH-SC,"eggs,gluten,fish",4560595634319,26/08/23
IN01610,Aurova Deep Clean तेल Body Wash,Aurova,750ml,100,PC-BW,,0258565337776,18/09/20
IN01611,Solven सीरम Refreshing Shower Gel,Solven,300ml,400,PC-BW,"shellfish,eggs,wheat,fish",6154872012402,22/07/19
IN01612,Qualis Sport सीरम Deodorant,Qualis,250ml,50,PC-DO,,5490809983973,03/07/22
IN01613,Cristalix Hot Chilli क्रीम Sauce,Cristalix,500ml,500,FB-CN,"wheat,peanuts,fish",1630343830003,22/11/18
IN01614,Toreva Night Cream,Toreva,100ml,200,PC-MS,"soy,milk,shellfish,tree nuts",4179965466285,27/07/23
IN01615,Zenpur Mixed Nuts Blend,Zenpur,75ml,500,FB-SN,"fish,wheat,sesame,shellfish",2756002230232,21/03/21
IN01616,Motivo Nourishing जेल Body Cleanser,Motivo,400ml,400,PC-BW,,2515890418289,19/02/18
IN01617,Purelix 24hr Roll-On Deodorant,Purelix,300ml,300,PC-DO,,8123927884477,18/05/18
IN01618,Motivo Eco Dish Liquid,Motivo,150ml,300,HH-DW,,5276958444202,16/08/19
IN01619,Nuarix Repair Conditioner,Nuarix,500ml,100,PC-CD,"sesame,gluten",6313737145031,29/10/18
IN01620,Vanta Colour Protect Shampoo,Vanta,100ml,300,PC-SH,"gluten,eggs,peanuts",1939606104715,16/08/23
IN01621,Solven Dish Liquid,Solven,750ml,100,HH-DW,"fish,wheat",4768834103415,24/02/21
IN01622,Krisol Volumising Shampoo,Krisol,75ml,500,PC-SH,,1814051325178,10/01/18
IN01623,Orinum SPF Moisturiser,Orinum,50ml,500,PC-MS,"fish,milk",9406714878316,31/03/18
IN01624,Verdant Gentle Face Wash,Verdant,250ml,300,PC-FW,"tree nuts,shellfish",2275794074034,29/05/20
IN01625,Verdant Bathroom Cleaner,Verdant,750ml,500,HH-SC,"milk,soy,sesame",9136941264100,28/04/22
IN01626,Nexpur Refreshing Shower Gel,Nexpur,300ml,400,PC-BW,"soy,eggs",8057631010894,22/07/22
IN01627,Elaris Mustard सीरम Sauce,Elaris,300ml,75,FB-CN,tree nuts,3606400474860,16/03/23
IN01628,Luxara Rinse Aid,Luxara,300ml,500,HH-DW,"peanuts,sesame,gluten,shellfish",1703610077019,26/12/22
IN01629,Gleam Kitchen Cleaner,Gleam,400ml,250,HH-SC,"peanuts,soy,sesame,fish",0781117196007,12/02/21
IN01630,Nexpur Dish Liquid,Nexpur,75ml,200,HH-DW,"peanuts,eggs",5596743338494,26/07/22
IN01631,Vivara Granola Bar,Vivara,100ml,150,FB-SN,"eggs,shellfish,milk,fish",3353004999267,14/07/22
IN01632,Glicen 48hr Spray Deodorant,Glicen,300ml,75,PC-DO,"shellfish,gluten,soy,milk",7394624872383,30/11/21
IN01633,Qualis Laundry Capsules,Qualis,1000ml,150,HH-LN,"wheat,shellfish,fish,peanuts",7141349317961,09/12/22
IN01634,Zephyr Deep Clean Body Wash,Zephyr,250ml,250,PC-BW,"eggs,shellfish,soy,fish",5792116250695,09/02/20
IN01635,Cladis Sport Deodorant,Cladis,200ml,300,PC-DO,gluten,8970145570398,30/08/20
IN01636,DUMMY-Velaris Night Cream,Velaris,75ml,500,PC-MS,"fish,wheat,tree nuts",5290509260004,25/11/18
IN01637,Helix Hydrating Shampoo,Helix,250ml,300,PC-SH,,6197384498128,26/12/18
IN01638,Oralix Gentle Face Wash,Oralix,1000ml,500,PC-FW,"wheat,soy,peanuts,tree nuts",6990867233106,16/12/20
01639,Alteva Mustard Sauce,Alteva,75ml,400,FB-CN,"soy,fish,tree nuts",5619221882200,10/08/22
IN01640,Alteva Gentle लोशन Face Wash,Alteva,300ml,200,PC-FW,,7613023641698,04/09/20
IN01641,Serafix पाउडर Aloe Hand Wash,Serafix,250ml,75,PC-HW,"shellfish,fish,peanuts",0323919325287,04/09/19
IN01642,Cryston Hot Chilli जेल Sauce,Cryston,75ml,100,FB-CN,"tree nuts,wheat,sesame",9499952252963,19/11/20
IN01643,Solvix पाउडर SPF Moisturiser,Solvix,500ml,200,PC-MS,fish,8681114330645,10/04/18
IN01644,Luminos Eco Dish Liquid,Luminos,250ml,500,HH-DW,"shellfish,eggs,tree nuts",5590627879028,30/12/21
01645,Nuarix Dish Liquid,Nuarix,100ml,50,HH-DW,"fish,soy",7216266032355,15/09/23
IN01646,Novix Daily Moisturiser,Novix,50ml,100,PC-MS,"tree nuts,gluten,shellfish,soy",3793957955192,22/08/19
IN01647,Nuvelo Intensive Moisturiser,Nuvelo,1000ml,75,PC-MS,,1736703862568,12/03/23
IN01648,Solven Antibacterial क्रीम Hand Wash,Solven,100ml,250,PC-HW,"peanuts,wheat,soy,eggs",0080563082927,01/11/20
IN01649,Tresol तेल Vinegar Dressing,Tresol,500ml,400,FB-CN,wheat,1078831273657,05/04/21
IN01650,Brightway Fabric लोशन Softener,Brightway,100ml,50,HH-LN,"wheat,milk,eggs",9708428741628,01/07/23
IN01651,Krisol Heavy Duty Dish तेल Soap,Krisol,150ml,300,HH-DW,"eggs,wheat",9555100510818,28/05/21
IN01652,Arovia Oat Protein साबुन Bar,Arovia,200ml,100,FB-SN,fish,2300360722351,06/06/18
IN01653,Plexum Smooth स्प्रे & Shine Conditioner,Plexum,50ml,150,PC-CD,"wheat,peanuts",3753916928094,04/04/19
01654,Plexum Foaming लोशन Hand Wash,Plexum,75ml,300,PC-HW,"gluten,fish,shellfish",4033045441060,12/02/19
IN01655,Verdant Foaming Hand Wash,Verdant,750ml,400,PC-HW,,0844580151765,11/05/21
IN01656,Purelix Smooth & Shine Conditioner,Purelix,100ml,500,PC-CD,,9241150509697,30/08/22
IN01657,Glova Volumising Shampoo,Glova,250ml,100,PC-SH,"tree nuts,wheat",3228058837745,20/08/20
IN01658,TEST-Tolvex Sport Deodorant,Tolvex,50ml,200,PC-DO,"fish,wheat,tree nuts",3950111525589,19/11/22
IN01659,DUMMY-Orinum Volumising Conditioner,Orinum,500ml,500,PC-CD,"wheat,fish,milk,eggs",1748903045887,29/01/18
IN01660,Velaris Oat लोशन Protein Bar,Velaris,75ml,500,FB-SN,"eggs,peanuts,wheat",2935545920552,25/07/22
IN01661,Orinum Bathroom फोम Cleaner,Orinum,400ml,75,HH-SC,,3798304576273,21/10/20
IN01662,Helix 24hr Roll-On Deodorant,Helix,300ml,50,PC-DO,"gluten,tree nuts,shellfish,milk",1522133689604,01/02/18
IN01663,Nuvelo Laundry Powder,Nuvelo,400ml,300,HH-LN,,2898993074614,24/04/19
IN01664,Glicen Mixed Nuts Blend,Glicen,750ml,400,FB-SN,"gluten,wheat,shellfish,milk",5603387885281,06/02/22
IN01665,Lumeva Oat सीरम Protein Bar,Lumeva,500ml,300,FB-SN,"eggs,sesame,peanuts,fish",3976309007378,11/03/21
IN01666,Lumeva Eco फोम Dish Liquid,Lumeva,1000ml,200,HH-DW,"tree nuts,shellfish",4441076926263,07/11/21
IN01667,Frostine लोशन Night Cream,Frostine,400ml,250,PC-MS,"eggs,fish,milk,sesame",4359839859072,24/10/22
IN01668,Toreva Whitening Deodorant,Toreva,400ml,500,PC-DO,shellfish,5681678434073,12/05/20
IN01669,Gleam Deep Clean Body Wash,Gleam,1000ml,75,PC-BW,"shellfish,fish,eggs",3500788369223,21/02/20
IN01670,Toreva Hydrating Face Wash,Toreva,200ml,50,PC-FW,soy,6999528502315,21/07/19
IN01671,Toreva Hot Chilli जेल Sauce,Toreva,150ml,100,FB-CN,"soy,tree nuts,sesame",1497249032234,02/01/21
IN01672,Purevex Glass Cleaner,Purevex,200ml,300,HH-SC,"tree nuts,milk,soy,gluten",5555702006171,27/10/20
IN01673,Purelix क्रीम Volumising Shampoo,Purelix,200ml,200,PC-SH,"gluten,peanuts",7612189391270,28/02/18
IN01674,Luminos Fragrance-Free Hand Wash,Luminos,400ml,300,PC-HW,,2228305644684,15/12/21
IN01675,Verdant Gentle Face Wash,Verdant,250ml,250,PC-FW,"tree nuts,gluten",0263560777892,30/06/21
IN01676,Gleam Oil Control Face Wash,Gleam,100ml,400,PC-FW,"tree nuts,gluten",6008236962691,13/03/18
IN01677,Brightway Leave-In Conditioner,Brightway,50ml,400,PC-CD,"tree nuts,milk",6179067015129,08/06/18
IN01678,Frosten Refreshing Shower Gel,Frosten,150ml,200,PC-BW,"gluten,milk",7697216218331,05/08/20
IN01679,Tolvex Dish Liquid,Tolvex,750ml,100,HH-DW,"fish,wheat,eggs,milk",5307122600824,19/08/19
IN01680,Gleam Laundry Powder,Gleam,400ml,400,HH-LN,"wheat,shellfish",0549857887285,19/08/19
IN01681,Serafix Deep Clean Body Wash,Serafix,100ml,100,PC-BW,"milk,eggs,wheat,soy",9804466589526,13/01/21
IN01682,Zephyr Glass Cleaner,Zephyr,750ml,300,HH-SC,,6472452573786,23/03/23
IN01683,Velaris Granola Bar,Velaris,400ml,500,FB-SN,"peanuts,milk,shellfish,sesame",9465777061295,07/10/23
IN01684,Cryston Stain Remover,Cryston,100ml,500,HH-LN,"wheat,fish",8092826164174,20/04/18
IN01685,Serafix Nourishing Body Cleanser,Serafix,400ml,75,PC-BW,"fish,milk,tree nuts,soy",6880316647953,20/09/18
IN01686,Frosten तेल Volumising Conditioner,Frosten,500ml,150,PC-CD,,2428535416017,17/12/18
IN01687,Solvix Eco Dish Liquid,Solvix,200ml,500,HH-DW,,8701708671524,11/06/18
IN01688,Gleam Glass Cleaner,Gleam,75ml,50,HH-SC,"peanuts,milk,gluten",3368957967249,16/08/22
IN01689,Toreva Hydrating Shampoo,Toreva,75ml,75,PC-SH,"wheat,peanuts,sesame,shellfish",9007017850209,05/03/22
IN01690,Zenpur Refreshing Shower साबुन Gel,Zenpur,1000ml,200,PC-BW,"shellfish,wheat,soy,tree nuts",9201029759974,06/01/21
IN01691,Solvix Hot Chilli पाउडर Sauce,Solvix,1000ml,250,FB-CN,gluten,6597442526945,10/11/19
IN01692,Helix Nourishing Body तेल Cleanser,Helix,300ml,200,PC-BW,,5374051337930,25/12/22
IN01693,Tolvex Foaming Hand Wash,Tolvex,750ml,400,PC-HW,"sesame,eggs,fish",0855717490589,06/05/21
IN01694,Alteva Heavy Duty शैम्पू Dish Soap,Alteva,500ml,75,HH-DW,"peanuts,milk",8035862405740,23/12/20
IN01695,Clarity 24hr Roll-On Deodorant,Clarity,750ml,500,PC-DO,"soy,wheat,peanuts",5352791111089,04/03/22
IN01696,Novix Salted Crackers,Novix,200ml,300,FB-SN,"sesame,gluten,tree nuts",9321359618304,03/02/23
IN01697,Gleam Mixed Nuts Blend,Gleam,200ml,500,FB-SN,,0226425972054,21/09/21
IN01698,Nexpur Lightweight जेल Lotion,Nexpur,750ml,500,PC-MS,"sesame,eggs,wheat",1474984746046,16/12/19
IN01699,Cryston Dishwasher Tablets,Cryston,75ml,400,HH-DW,"peanuts,shellfish,wheat,milk",4617275804521,12/01/20
IN01700,Sovara Foaming Hand Wash,Sovara,750ml,500,PC-HW,"gluten,shellfish,sesame,soy",5445847413401,19/04/19
IN01701,Glicen Dishwasher Tablets,Glicen,750ml,150,HH-DW,"milk,tree nuts,fish",2751934638903,31/03/19
IN01702,Alteva Repair Conditioner,Alteva,200ml,200,PC-CD,"gluten,shellfish,wheat",5611568622303,22/03/23
IN01703,Qualis Deep स्प्रे Clean Body Wash,Qualis,750ml,200,PC-BW,"milk,tree nuts,soy,gluten",6022743303723,09/07/23
IN01704,Purelix जेल Colour Protect Shampoo,Purelix,1000ml,100,PC-SH,"peanuts,shellfish",5631121380785,01/02/20
IN01705,Novix Laundry Capsules,Novix,50ml,300,HH-LN,"eggs,peanuts,shellfish",5985866356544,24/11/18
IN01706,Nexpur Liquid Laundry लोशन Detergent,Nexpur,1000ml,500,HH-LN,"wheat,tree nuts,gluten,milk",2886690594696,25/11/23
01707,Novix Night पाउडर Cream,Novix,500ml,100,PC-MS,"peanuts,shellfish,milk,wheat",2031329887124,08/05/20
IN01708,Luminos Mixed Nuts Blend,Luminos,150ml,300,FB-SN,"sesame,soy,tree nuts,eggs",2778626852720,08/12/23
IN01709,Luminos Glass सीरम Cleaner,Luminos,150ml,100,HH-SC,,8778347106281,21/07/20
IN01710,Teraxis Brightening Face Wash,Teraxis,1000ml,250,PC-FW,"shellfish,soy",5623277004530,23/10/21
IN01711,Hevara Fabric Softener,Hevara,750ml,400,HH-LN,milk,2732285704240,21/06/18
IN01712,Qualis Mixed Nuts Blend,Qualis,250ml,250,FB-SN,"fish,sesame",9397704116788,11/10/18
IN01713,Purelix Whitening Deodorant,Purelix,1000ml,200,PC-DO,"shellfish,soy,fish",5690448467333,07/02/20
IN01714,Lumeva Mixed Nuts Blend,Lumeva,75ml,100,FB-SN,"sesame,tree nuts",5877006239452,16/02/21
IN01715,Nuvelo Volumising Conditioner,Nuvelo,50ml,400,PC-CD,"milk,sesame,tree nuts",3012033980133,29/08/23
IN01716,Krisol Multi-Surface Spray,Krisol,300ml,100,HH-SC,"soy,gluten,tree nuts,sesame",8905810801538,26/04/20
IN01717,Serafix Bathroom Cleaner,Serafix,250ml,300,HH-SC,"milk,wheat,shellfish",7287156596950,11/03/23
IN01718,Polvera Oat पाउडर Protein Bar,Polvera,200ml,250,FB-SN,"tree nuts,gluten,sesame",5055362917140,07/10/23
IN01719,Purevex Sport शैम्पू Deodorant,Purevex,500ml,150,PC-DO,,5207882165116,28/01/20
IN01720,Vivara साबुन Anti-Dandruff Shampoo,Vivara,400ml,200,PC-SH,"tree nuts,wheat",0302769473089,03/08/19
IN01721,Serafix Daily Moisturiser,Serafix,250ml,150,PC-MS,"shellfish,peanuts,soy",2440293634090,23/10/20
IN01722,Hevara Volumising Shampoo,Hevara,75ml,500,PC-SH,,5257959900478,01/11/20
IN01723,Gleam Volumising Shampoo,Gleam,150ml,100,PC-SH,"peanuts,fish",0189113434855,22/04/23
01724,Aurova Volumising Shampoo,Aurova,750ml,300,PC-SH,shellfish,6861273421121,17/04/18
IN01725,Helix Smooth & तेल Shine Conditioner,Helix,150ml,500,PC-CD,,3014948029891,27/07/18
IN01726,Gleam Stain Remover,Gleam,500ml,75,HH-LN,"fish,gluten,peanuts,sesame",5231919908216,07/06/20
IN01727,Cladis Brightening Face Wash,Cladis,500ml,150,PC-FW,,7236670417104,10/06/20
IN01728,Clarity Oat Protein Bar,Clarity,75ml,75,FB-SN,"shellfish,peanuts,milk,wheat",0133203449564,24/04/18
IN01729,Verdant क्रीम Multi-Surface Spray,Verdant,500ml,400,HH-SC,"tree nuts,milk,shellfish",7525723163168,17/04/18
IN01730,Gleam Exfoliating लोशन Face Scrub,Gleam,500ml,75,PC-FW,,0570399630664,06/03/23
IN01731,Zenpur Moisturising Body Wash,Zenpur,750ml,200,PC-BW,"gluten,fish,sesame",9323370071588,06/02/18
IN01732,Solaris Sensitive Skin तेल Body Wash,Solaris,75ml,200,PC-BW,,8633234306581,04/07/23
IN01733,Nuarix SPF Moisturiser,Nuarix,500ml,500,PC-MS,"soy,wheat,gluten,shellfish",5909722858256,15/10/21
IN01734,Zenpur Granola सीरम Bar,Zenpur,250ml,75,FB-SN,gluten,1960348236785,24/04/20
IN01735,Serafix शैम्पू Laundry Capsules,Serafix,300ml,150,HH-LN,soy,8004364758463,21/09/22
IN01736,Sovara Lightweight Lotion,Sovara,400ml,200,PC-MS,,6371206317556,22/11/19
IN01737,Velaris Heavy Duty Dish फोम Soap,Velaris,300ml,50,HH-DW,,4584081144151,05/12/22
IN01738,Glova Smooth & Shine Conditioner,Glova,200ml,150,PC-CD,"eggs,gluten,fish",8611460361185,13/11/19
IN01739,Qualis Antibacterial Hand Wash,Qualis,250ml,250,PC-HW,"fish,tree nuts",4268368437715,29/12/20
IN01740,Elaris शैम्पू Refreshing Shower Gel,Elaris,1000ml,200,PC-BW,"peanuts,tree nuts",9566003011968,18/07/19
IN01741,Arovia Volumising सीरम Conditioner,Arovia,100ml,150,PC-CD,"fish,shellfish,peanuts,tree nuts",2173683850953,22/01/23
IN01742,Serafix Sensitive Skin Body Wash,Serafix,200ml,50,PC-BW,"gluten,eggs,fish,tree nuts",5081136403489,28/10/20
IN01743,Serafix Fabric Softener,Serafix,400ml,400,HH-LN,,0627959514299,26/12/21
IN01744,Lumeva SPF Moisturiser,Lumeva,300ml,300,PC-MS,"tree nuts,peanuts,wheat,fish",1756275280010,27/08/22
IN01745,Gleam Salted Crackers,Gleam,400ml,150,FB-SN,"peanuts,shellfish",9459235163836,27/10/19
IN01746,Glicen Fragrance-Free Hand Wash,Glicen,500ml,400,PC-HW,,0017078129458,11/01/23
IN01747,Tolvex Antibacterial जेल Hand Wash,Tolvex,150ml,50,PC-HW,,8414235528338,03/06/23
IN01748,Velaris Smooth & Shine Conditioner,Velaris,250ml,300,PC-CD,"gluten,sesame,eggs",3026564771153,22/10/23
IN01749,Glicen Laundry Powder,Glicen,75ml,500,HH-LN,peanuts,1079116114641,08/11/20
IN01750,Solven Antibacterial Hand Wash,Solven,750ml,500,PC-HW,milk,9754247388520,14/09/20
IN01751,Elaris Glass जेल Cleaner,Elaris,500ml,400,HH-SC,"milk,gluten,shellfish",8812532512188,07/05/18
IN01752,Krisol Laundry Powder,Krisol,100ml,300,HH-LN,"gluten,milk,fish",6602865383959,25/02/23
IN01753,Frostine Repair Shampoo,Frostine,300ml,500,PC-SH,eggs,0037090703788,06/09/18
IN01754,Krisol Stain Remover,Krisol,300ml,300,HH-LN,"soy,wheat,milk,gluten",0983484926748,09/12/22
IN01755,Lumeva Moisturising Hand Wash,Lumeva,300ml,250,PC-HW,,7445657267650,05/02/21
IN01756,Primus Colour Protect Shampoo,Primus,100ml,500,PC-SH,,7947795003454,27/06/19
IN01757,Kaleo Deep Conditioner,Kaleo,300ml,100,PC-CD,"gluten,soy,milk",3264525733097,16/05/18
IN01758,Arovia Bathroom Cleaner,Arovia,50ml,300,HH-SC,tree nuts,1685224767510,28/05/19
IN01759,Serafix Whitening Deodorant,Serafix,400ml,50,PC-DO,,5366933276338,22/11/20
IN01760,Novix Leave-In Conditioner,Novix,250ml,300,PC-CD,sesame,3723722593106,12/08/20
IN01761,Arovia Exfoliating Face Scrub,Arovia,50ml,50,PC-FW,"gluten,peanuts,wheat,tree nuts",3403704333318,09/10/23
IN01762,Nuvelo Hydrating Face Wash,Nuvelo,250ml,300,PC-FW,,2578047371981,03/03/22
IN01763,Velaris Tomato Ketchup,Velaris,300ml,300,FB-CN,gluten,5442157837927,18/11/22
IN01764,Toreva साबुन Daily Moisturiser,Toreva,150ml,100,PC-MS,"soy,fish,tree nuts",9342883903971,04/04/23
IN01765,Aurova Vinegar Dressing,Aurova,1000ml,150,FB-CN,,5032198596558,27/11/18
IN01766,Tresol Tomato Ketchup,Tresol,250ml,50,FB-CN,"fish,gluten,sesame",0673476714995,19/12/23
IN01767,Brightway Moisturising Hand सीरम Wash,Brightway,500ml,250,PC-HW,"eggs,milk,soy,peanuts",5242762215598,29/06/22
IN01768,Elaris Exfoliating Face Scrub,Elaris,150ml,300,PC-FW,gluten,9495940389550,17/03/21
IN01769,Sovara Fragrance-Free Hand Wash,Sovara,1000ml,250,PC-HW,eggs,7087300210271,15/04/20
IN01770,Plexum Foaming Hand Wash,Plexum,1000ml,100,PC-HW,"fish,shellfish",3223487493913,12/10/22
IN01771,Zephyr Hot Chilli तेल Sauce,Zephyr,75ml,75,FB-CN,,9048866073265,21/06/21
IN01772,Arovia Intensive Moisturiser,Arovia,500ml,150,PC-MS,"sesame,tree nuts,gluten",4176090937161,13/04/21
IN01773,Teraxis Granola Bar,Teraxis,500ml,75,FB-SN,,4573466944738,15/08/20
IN01774,Arovia Laundry Capsules,Arovia,500ml,50,HH-LN,"wheat,sesame",9056651837848,15/01/23
IN01775,Frosten Multi-Surface Spray,Frosten,500ml,500,HH-SC,"soy,shellfish,peanuts,eggs",4509685938067,09/10/19
IN01776,Oralix तेल Granola Bar,Oralix,100ml,150,FB-SN,,8996469243435,07/01/22
IN01777,Cladis Lightweight पाउडर Lotion,Cladis,750ml,250,PC-MS,eggs,2156038710881,04/07/18
IN01778,Frostine Brightening Face Wash,Frostine,300ml,200,PC-FW,"fish,milk,peanuts",9037647476913,02/12/18
IN01779,Kaleo Antibacterial Hand Wash,Kaleo,100ml,75,PC-HW,"milk,soy",9655868190045,18/05/19
IN01780,Aevum लोशन Whitening Deodorant,Aevum,150ml,150,PC-DO,tree nuts,2866013855000,17/11/19
IN01781,Velaris Rinse Aid,Velaris,150ml,500,HH-DW,,1012457181583,13/08/18
IN01782,Aevum Antibacterial Hand Wash,Aevum,200ml,75,PC-HW,fish,5055191939689,30/11/22
IN01783,Sovara तेल Colour Protect Shampoo,Sovara,1000ml,400,PC-SH,,7080492932853,12/03/18
01784,Aevum Multi-Surface Spray,Aevum,300ml,75,HH-SC,gluten,3321349522099,22/12/20
IN01785,Aurova Moisturising Body Wash,Aurova,400ml,75,PC-BW,"shellfish,tree nuts,sesame",6274806611263,22/06/19
IN01786,Gleam Salted Crackers,Gleam,150ml,50,FB-SN,"gluten,tree nuts,eggs",6571211860188,02/12/18
IN01787,Polvera Volumising Shampoo,Polvera,1000ml,150,PC-SH,"gluten,soy,sesame,milk",2559879206238,17/04/19
IN01788,Aevum SPF Moisturiser,Aevum,300ml,500,PC-MS,,6196804505217,24/09/18
IN01789,Aurova Deep Conditioner,Aurova,300ml,50,PC-CD,"eggs,fish,peanuts,sesame",1804460819719,17/11/20
IN01790,Cristalix Sensitive Skin Body जेल Wash,Cristalix,200ml,300,PC-BW,"tree nuts,peanuts,sesame,shellfish",5060958062746,26/10/21
IN01791,Aevum Foaming Hand Wash,Aevum,500ml,150,PC-HW,"sesame,tree nuts,milk,soy",4294142904951,04/02/23
IN01792,Sovara Hot Chilli Sauce,Sovara,100ml,250,FB-CN,sesame,4766919530163,16/03/21
IN01793,Alteva Kitchen स्प्रे Cleaner,Alteva,1000ml,300,HH-SC,,7468590262971,09/05/22
IN01794,Krisol स्प्रे Hydrating Shampoo,Krisol,300ml,300,PC-SH,sesame,6603498246895,19/08/22
IN01795,Glova Multi-Surface Spray,Glova,300ml,250,HH-SC,,4021572312526,25/01/21
IN01796,Qualis जेल Leave-In Conditioner,Qualis,100ml,250,PC-CD,"milk,gluten,tree nuts",8949617215051,08/09/19
IN01797,Glicen Nourishing Body Cleanser,Glicen,150ml,250,PC-BW,eggs,3184560599345,04/09/19
IN01798,Tresol Oil Control Face Wash,Tresol,75ml,50,PC-FW,"eggs,wheat,peanuts,sesame",3141408783434,23/03/23
IN01799,Krisol Disinfectant Spray,Krisol,500ml,100,HH-SC,"milk,wheat",1168231379988,27/11/18
IN01800,Gleam Liquid Laundry Detergent,Gleam,50ml,50,HH-LN,"fish,wheat,peanuts,eggs",6578963558776,02/03/21
IN01801,Purelix 48hr Spray क्रीम Deodorant,Purelix,150ml,200,PC-DO,"sesame,gluten,wheat,eggs",7254422535111,24/03/23
IN01802,Krisol Stain Remover,Krisol,100ml,500,HH-LN,,5034553882870,13/10/19
IN01803,Orinum Nourishing Body Cleanser,Orinum,300ml,400,PC-BW,"fish,gluten,milk",8288745871204,20/04/23
IN01804,Purevex 48hr Spray Deodorant,Purevex,1000ml,150,PC-DO,gluten,1526210741445,19/06/20
IN01805,Zephyr Moisturising Body Wash,Zephyr,300ml,75,PC-BW,"peanuts,tree nuts",2996457443317,16/05/23
IN01806,Solvix Hydrating Shampoo,Solvix,250ml,150,PC-SH,soy,4972969701006,23/04/20
IN01807,Plexum क्रीम Mustard Sauce,Plexum,200ml,200,FB-CN,"gluten,shellfish,tree nuts,sesame",8586188817866,08/08/18
IN01808,Glova Mixed Nuts Blend,Glova,250ml,100,FB-SN,"gluten,peanuts,soy",7638274903319,19/10/19
IN01809,Plexum Leave-In Conditioner,Plexum,750ml,250,PC-CD,"sesame,milk",7047314836874,22/06/21
IN01810,Glicen Glass साबुन Cleaner,Glicen,400ml,200,HH-SC,,7036665600760,25/07/19
IN01811,Brightway Smooth & Shine Conditioner,Brightway,75ml,100,PC-CD,"wheat,eggs,soy,fish",8682784726431,23/04/20
IN01812,Frostine Gentle Face पाउडर Wash,Frostine,250ml,300,PC-FW,"wheat,milk,fish,soy",6048531234437,24/10/21
IN01813,Frosten Fabric Softener,Frosten,500ml,75,HH-LN,,8465124210636,31/03/23
IN01814,Velaris स्प्रे Liquid Laundry Detergent,Velaris,50ml,200,HH-LN,"soy,fish,peanuts,tree nuts",8116595585944,15/11/19
IN01815,DUMMY-Cristalix Colour शैम्पू Protect Shampoo,Cristalix,400ml,150,PC-SH,,3636597276763,30/10/23
IN01816,Solaris Glass Cleaner,Solaris,250ml,150,HH-SC,"sesame,fish",1341749195381,07/04/18
IN01817,Frostine Stain Remover,Frostine,100ml,300,HH-LN,"wheat,soy,sesame",9907615001112,06/07/20
IN01818,Qualis सीरम Dish Liquid,Qualis,200ml,500,HH-DW,,4423647921495,22/02/18
IN01819,Glicen जेल Hydrating Shampoo,Glicen,500ml,300,PC-SH,,6479049915738,13/12/23
IN01820,Motivo Tomato Ketchup,Motivo,400ml,300,FB-CN,"soy,fish,shellfish",2096102372648,05/07/20
IN01821,Oralix Mayonnaise,Oralix,250ml,500,FB-CN,"gluten,shellfish,wheat",4597155793278,28/03/23
IN01822,Glova Moisturising Body Wash,Glova,1000ml,250,PC-BW,"gluten,eggs",7732609685687,17/09/22
IN01823,Krisol तेल Hydrating Shampoo,Krisol,500ml,250,PC-SH,"shellfish,soy,tree nuts,peanuts",6794336447021,17/04/22
IN01824,Solaris Oil Control Face Wash,Solaris,300ml,400,PC-FW,"tree nuts,fish,peanuts",5876694947151,19/12/21
IN01825,Nuvelo शैम्पू Mayonnaise,Nuvelo,400ml,200,FB-CN,"milk,wheat",4053772908483,20/06/22
IN01826,Gleam 48hr Spray Deodorant,Gleam,750ml,200,PC-DO,"milk,soy",7548078053830,24/03/20
IN01827,Vivara पाउडर Oat Protein Bar,Vivara,300ml,150,FB-SN,gluten,1369648040731,22/02/23
IN01828,Nuvelo Gentle Face Wash,Nuvelo,75ml,250,PC-FW,,6324051026586,01/08/20
IN01829,Teraxis Laundry शैम्पू Capsules,Teraxis,750ml,300,HH-LN,soy,4674646603329,13/06/23
IN01830,Lumeva Hydrating Face Wash,Lumeva,400ml,200,PC-FW,,5920941010270,22/11/22
IN01831,Novix Deep स्प्रे Clean Body Wash,Novix,75ml,250,PC-BW,,6484977973835,24/08/20
IN01832,Helix पाउडर Deep Clean Body Wash,Helix,200ml,200,PC-BW,tree nuts,7547893505265,10/05/18
IN01833,Luminos Volumising Conditioner,Luminos,300ml,500,PC-CD,"tree nuts,fish,shellfish",0718129236131,26/03/19
IN01834,Solaris Leave-In Conditioner,Solaris,400ml,200,PC-CD,"gluten,sesame",4133768705804,28/06/23
IN01835,Krisol Dish Liquid,Krisol,50ml,300,HH-DW,"eggs,milk",6407078384782,06/01/21
IN01836,Zephyr Laundry पाउडर Powder,Zephyr,150ml,200,HH-LN,"tree nuts,shellfish,soy,sesame",5404492728094,10/02/18
IN01837,Orinum Gentle Face Wash,Orinum,500ml,500,PC-FW,fish,4316785984449,20/06/18
IN01838,Polvera Stain Remover,Polvera,750ml,250,HH-LN,"soy,milk,gluten,eggs",0756052699012,21/01/22
IN01839,Gleam Leave-In लोशन Conditioner,Gleam,50ml,100,PC-CD,"gluten,fish,sesame,eggs",3092356540306,08/12/22
IN01840,Glova Eco Dish Liquid,Glova,250ml,200,HH-DW,,2732012953187,29/08/21
IN01841,Elaris Moisturising Body Wash,Elaris,100ml,150,PC-BW,,8206820481094,30/08/20
IN01842,Frostine Nourishing Body Cleanser,Frostine,500ml,200,PC-BW,"soy,sesame,tree nuts",7797398245535,26/11/23
IN01843,Helix Anti-Dandruff Shampoo,Helix,500ml,100,PC-SH,"wheat,soy,gluten",6429518525579,12/09/22
IN01844,Polvera Stain Remover,Polvera,75ml,250,HH-LN,"gluten,milk",3081969544870,07/05/22
IN01845,Zephyr Anti-Dandruff Shampoo,Zephyr,200ml,500,PC-SH,"peanuts,eggs,tree nuts,shellfish",0892446403503,23/12/22
IN01846,Vivara Aloe Hand Wash,Vivara,250ml,250,PC-HW,"soy,tree nuts,sesame,peanuts",8108227754774,28/07/23
IN01847,Vivara Bathroom Cleaner,Vivara,750ml,100,HH-SC,"peanuts,eggs",2387249379790,07/06/18
IN01848,Oralix लोशन Deep Clean Body Wash,Oralix,200ml,250,PC-BW,"gluten,peanuts",8496741662393,28/10/21
IN01849,Glova Foaming जेल Hand Wash,Glova,100ml,250,PC-HW,"gluten,soy",5027674906419,27/09/19
IN01850,Brightway Volumising स्प्रे Conditioner,Brightway,1000ml,400,PC-CD,"tree nuts,soy,eggs",4513417005453,09/10/21
IN01851,Elaris Laundry Powder,Elaris,250ml,250,HH-LN,"tree nuts,gluten,fish,shellfish",2168335766805,29/12/21
IN01852,Tolvex पाउडर Nourishing Body Cleanser,Tolvex,750ml,75,PC-BW,,8604317155785,08/08/21
IN01853,Teraxis Deep Conditioner,Teraxis,750ml,400,PC-CD,"soy,gluten,fish,peanuts",6093160898888,05/12/21
IN01854,Helix Tomato Ketchup,Helix,50ml,250,FB-CN,"sesame,soy",9111532026404,16/05/18
IN01855,Solvix Dishwasher Tablets,Solvix,1000ml,150,HH-DW,gluten,6379020388783,26/11/19
IN01856,Luxara Tomato Ketchup,Luxara,500ml,150,FB-CN,"peanuts,gluten,shellfish,sesame",1676634208342,01/10/23
IN01857,Kaleo Salted Crackers,Kaleo,200ml,100,FB-SN,"fish,peanuts,shellfish",4264404783273,14/11/22
IN01858,Orinum Moisturising Hand Wash,Orinum,750ml,250,PC-HW,"eggs,sesame,shellfish,soy",4499246871448,22/04/22
IN01859,Clarity Dishwasher Tablets,Clarity,750ml,250,HH-DW,eggs,5566423940262,15/02/18
IN01860,Motivo Stain साबुन Remover,Motivo,200ml,300,HH-LN,"fish,sesame,eggs",1822923246872,17/07/19
IN01861,Plexum Deep सीरम Conditioner,Plexum,400ml,150,PC-CD,shellfish,8406138674854,24/07/23
01862,Oralix Laundry Powder,Oralix,200ml,250,HH-LN,"gluten,fish",5765786800552,02/10/18
IN01863,Cladis Mixed Nuts Blend,Cladis,1000ml,400,FB-SN,"peanuts,gluten,sesame",3632705614656,01/03/20
IN01864,Kaleo SPF Moisturiser,Kaleo,50ml,50,PC-MS,"wheat,eggs",8674715203517,15/01/19
IN01865,Zenpur Eco Dish Liquid,Zenpur,1000ml,50,HH-DW,"fish,tree nuts",1335850814323,01/02/20
IN01866,Primus Oat Protein Bar,Primus,400ml,300,FB-SN,"soy,wheat,shellfish",9042338106086,14/11/18
IN01867,DUMMY-Vanta Rice Cakes,Vanta,50ml,250,FB-SN,wheat,9184574965994,27/03/18
IN01868,Velaris साबुन 48hr Spray Deodorant,Velaris,50ml,100,PC-DO,"gluten,fish",1143583040779,09/02/22
IN01869,Vanta Volumising Shampoo,Vanta,300ml,75,PC-SH,,9221689745377,28/03/19
IN01870,Cristalix Intensive Moisturiser,Cristalix,100ml,50,PC-MS,"soy,eggs",9274312666563,27/06/18
01871,Serafix Leave-In Conditioner,Serafix,300ml,75,PC-CD,"tree nuts,gluten,milk",6247555267203,18/09/20
IN01872,Tolvex Foaming Hand Wash,Tolvex,50ml,100,PC-HW,"tree nuts,eggs,milk",0568706905710,18/10/18
IN01873,Nuarix Deep Conditioner,Nuarix,500ml,75,PC-CD,"shellfish,soy,wheat",3539330548496,02/08/21
IN01874,XXX-Qualis Repair Shampoo,Qualis,400ml,50,PC-SH,"gluten,peanuts,soy",2183024264684,01/10/21
IN01875,Tolvex Mustard Sauce,Tolvex,75ml,50,FB-CN,milk,4115488051096,25/06/20
IN01876,Cladis Brightening Face Wash,Cladis,250ml,150,PC-FW,fish,3305754370094,28/02/21
IN01877,TEST-Arovia साबुन Repair Shampoo,Arovia,200ml,150,PC-SH,"shellfish,milk,wheat",1704701259284,06/07/20
IN01878,Tolvex Hydrating Face Wash,Tolvex,400ml,75,PC-FW,"sesame,gluten",8176975059175,27/08/20
IN01879,Cristalix Oat Protein Bar,Cristalix,50ml,75,FB-SN,,5591698331798,17/05/20
IN01880,Gleam Fragrance-Free Hand Wash,Gleam,400ml,50,PC-HW,"gluten,peanuts,sesame,milk",6545259357078,15/04/22
IN01881,Clarity 24hr Roll-On Deodorant,Clarity,200ml,300,PC-DO,milk,7856227192607,12/06/19
IN01882,Tolvex Hot Chilli Sauce,Tolvex,75ml,75,FB-CN,"fish,sesame,milk,tree nuts",1093609194903,03/10/18
IN01883,Oralix तेल Hot Chilli Sauce,Oralix,50ml,150,FB-CN,shellfish,6280587777012,10/02/21
IN01884,Cryston Vinegar Dressing,Cryston,100ml,300,FB-CN,"wheat,eggs,sesame,peanuts",5696460773599,22/01/22
IN01885,Solvix Aloe Hand Wash,Solvix,75ml,100,PC-HW,milk,5135639748926,11/12/21
IN01886,Solaris Moisturising Body Wash,Solaris,250ml,75,PC-BW,"shellfish,peanuts,fish",7358182177489,15/01/23
IN01887,Orinum Intensive Moisturiser,Orinum,750ml,150,PC-MS,,8438356999716,28/12/19
IN01888,Arovia 48hr Spray Deodorant,Arovia,50ml,75,PC-DO,"soy,milk,fish,wheat",6912671919694,14/02/20
IN01889,Cristalix Brightening Face Wash,Cristalix,1000ml,50,PC-FW,eggs,3878305682873,12/03/22
IN01890,Qualis Oil Control Face Wash,Qualis,250ml,100,PC-FW,"wheat,milk,gluten",9487478112823,10/07/22
IN01891,Serafix Eco Dish पाउडर Liquid,Serafix,200ml,250,HH-DW,,7392229317780,03/11/22
IN01892,Cristalix क्रीम 24hr Roll-On Deodorant,Cristalix,750ml,200,PC-DO,"tree nuts,milk,gluten",5777917431245,17/05/20
IN01893,Aurova SPF Moisturiser,Aurova,250ml,150,PC-MS,"eggs,gluten,tree nuts,soy",5092720948033,08/04/22
IN01894,Orinum Rinse सीरम Aid,Orinum,1000ml,250,HH-DW,"wheat,peanuts,soy",3916867088556,09/03/18
IN01895,Krisol Aloe Hand Wash,Krisol,200ml,150,PC-HW,"peanuts,gluten,eggs,milk",1042797493541,08/09/19
IN01896,Solven Hydrating लोशन Shampoo,Solven,500ml,75,PC-SH,"sesame,fish,eggs,shellfish",2935753848112,01/01/19
IN01897,Vanta Sensitive Deodorant,Vanta,150ml,200,PC-DO,"tree nuts,fish,milk",1642624554621,14/01/18
IN01898,Plexum Deep जेल Conditioner,Plexum,250ml,200,PC-CD,"gluten,wheat,sesame",3940717343465,18/04/22
IN01899,Qualis Sensitive Skin Body Wash,Qualis,200ml,400,PC-BW,,0603981079517,22/05/22
IN01900,Tresol Brightening Face Wash,Tresol,75ml,200,PC-FW,,2022417561682,20/06/18
IN01901,Sovara शैम्पू Rinse Aid,Sovara,200ml,75,HH-DW,"tree nuts,peanuts,eggs,shellfish",3366502859155,01/11/22
IN01902,Luxara क्रीम Granola Bar,Luxara,75ml,400,FB-SN,"eggs,tree nuts,shellfish,peanuts",2905249221910,25/02/19
IN01903,Nexpur Mustard Sauce,Nexpur,750ml,200,FB-CN,"eggs,peanuts,gluten,wheat",0138569939148,21/11/19
IN01904,Brightway Fragrance-Free Hand Wash,Brightway,50ml,75,PC-HW,milk,1740209844690,24/08/23
IN01905,Cladis Stain Remover,Cladis,300ml,250,HH-LN,"peanuts,sesame,eggs,tree nuts",8272913675916,02/09/22
IN01906,Nuarix SPF Moisturiser,Nuarix,1000ml,75,PC-MS,"soy,wheat",1801130852311,11/01/22
IN01907,Arovia Aloe Hand जेल Wash,Arovia,100ml,150,PC-HW,"wheat,sesame",4022462671327,11/02/18
IN01908,Cristalix Repair Conditioner,Cristalix,200ml,100,PC-CD,sesame,6707760429396,15/07/23
IN01909,Hevara Hot Chilli Sauce,Hevara,300ml,400,FB-CN,"milk,sesame",7721075240032,14/06/20
IN01910,Vivara Salted Crackers,Vivara,75ml,50,FB-SN,"shellfish,wheat,peanuts,fish",7254265416899,29/04/20
IN01911,Solaris Dishwasher Tablets,Solaris,300ml,150,HH-DW,"sesame,tree nuts,wheat,eggs",8182893632789,13/10/22
IN01912,Velaris Liquid Laundry Detergent,Velaris,50ml,200,HH-LN,soy,5731899593117,13/10/22
IN01913,Frosten Vinegar Dressing,Frosten,100ml,75,FB-CN,tree nuts,3470507077503,03/05/21
IN01914,Polvera Rinse Aid,Polvera,750ml,300,HH-DW,tree nuts,7686621380597,08/01/22
IN01915,Arovia Colour Protect Shampoo,Arovia,200ml,500,PC-SH,"tree nuts,peanuts",2259551330595,03/10/18
IN01916,Solven Sport Deodorant,Solven,750ml,300,PC-DO,tree nuts,1109674513638,05/07/22
IN01917,Zephyr Whitening Deodorant,Zephyr,250ml,50,PC-DO,"eggs,shellfish",3722342678705,24/03/20
IN01918,Aurova फोम Mayonnaise,Aurova,1000ml,500,FB-CN,,2817189935478,04/08/21
IN01919,Purevex Deep Conditioner,Purevex,100ml,400,PC-CD,"gluten,fish",3731149331089,26/08/23
IN01920,Cristalix Moisturising Hand Wash,Cristalix,50ml,300,PC-HW,"gluten,peanuts",0038180364858,15/01/19
IN01921,Vanta Tomato Ketchup,Vanta,100ml,75,FB-CN,,4081702846161,12/04/23
IN01922,Gleam Laundry Capsules,Gleam,1000ml,150,HH-LN,eggs,4999703204340,23/07/23
IN01923,Glicen साबुन Night Cream,Glicen,150ml,200,PC-MS,"wheat,eggs",0651004601047,29/03/19
IN01924,Cristalix Gentle Face Wash,Cristalix,250ml,250,PC-FW,"shellfish,peanuts",2072239567218,27/06/23
IN01925,Hevara Antibacterial Hand Wash,Hevara,500ml,500,PC-HW,"sesame,shellfish,gluten,soy",6775138771231,11/12/18
IN01926,Plexum Stain Remover,Plexum,750ml,400,HH-LN,milk,4873045194555,16/08/23
IN01927,Helix Aloe Hand Wash,Helix,1000ml,400,PC-HW,peanuts,1880796403150,08/06/23
IN01928,Qualis Whitening Deodorant,Qualis,750ml,150,PC-DO,"eggs,sesame,tree nuts,gluten",6205449339276,29/11/18
IN01929,Toreva Vinegar Dressing,Toreva,200ml,50,FB-CN,"soy,sesame,tree nuts",6702071537846,01/02/20
IN01930,Zenpur Nourishing तेल Body Cleanser,Zenpur,1000ml,250,PC-BW,"soy,tree nuts",4407896778888,06/11/19
IN01931,Solven Mayonnaise,Solven,50ml,50,FB-CN,"wheat,milk,peanuts",0947112461759,08/07/23
IN01932,Nuvelo स्प्रे Liquid Laundry Detergent,Nuvelo,75ml,50,HH-LN,"sesame,fish",6718644262442,01/08/23
IN01933,Clarity जेल Nourishing Body Cleanser,Clarity,500ml,300,PC-BW,"eggs,gluten,milk",1877033257041,18/04/21
01934,Cryston Gentle Face Wash,Cryston,150ml,100,PC-FW,"fish,gluten",8997490304386,19/02/19
IN01935,Lumeva Glass Cleaner,Lumeva,750ml,500,HH-SC,"gluten,wheat,peanuts,soy",9247048113014,27/09/23
IN01936,Cristalix Fragrance-Free स्प्रे Hand Wash,Cristalix,100ml,150,PC-HW,,4565181275914,29/04/23
IN01937,Cristalix Moisturising Body तेल Wash,Cristalix,200ml,150,PC-BW,,5674053625128,21/04/20
IN01938,Qualis Hydrating Shampoo,Qualis,200ml,75,PC-SH,,1902060713694,15/04/20
IN01939,Vivara Moisturising शैम्पू Body Wash,Vivara,100ml,100,PC-BW,,4426735384257,05/10/22
IN01940,Purelix Hydrating Shampoo,Purelix,75ml,250,PC-SH,"gluten,peanuts,sesame,tree nuts",2618455375826,03/07/22
IN01941,Glicen स्प्रे Laundry Powder,Glicen,1000ml,250,HH-LN,,8149940232354,26/02/22
IN01942,Zenpur Dishwasher सीरम Tablets,Zenpur,500ml,50,HH-DW,tree nuts,2880507507817,22/01/23
IN01943,XXX-Verdant Brightening Face Wash,Verdant,200ml,100,PC-FW,"wheat,peanuts",7777444964931,19/05/18
IN01944,Elaris Intensive Moisturiser,Elaris,50ml,50,PC-MS,"milk,fish,wheat",6486275537795,22/07/20
IN01945,Gleam Fabric Softener,Gleam,200ml,300,HH-LN,,9121040725454,22/03/20
IN01946,Vanta शैम्पू Heavy Duty Dish Soap,Vanta,75ml,300,HH-DW,,9932470792622,16/01/22
IN01947,Hevara Tomato पाउडर Ketchup,Hevara,400ml,200,FB-CN,eggs,6032503943984,16/12/23
IN01948,Brightway लोशन SPF Moisturiser,Brightway,400ml,500,PC-MS,"tree nuts,wheat,soy,shellfish",1794964549598,21/12/21
01949,Glova Disinfectant Spray,Glova,100ml,400,HH-SC,eggs,7427183224024,23/05/20
IN01950,Cladis Dishwasher Tablets,Cladis,1000ml,100,HH-DW,"sesame,shellfish,tree nuts,milk",6404046551122,28/03/22
IN01951,Helix Hydrating Face Wash,Helix,75ml,50,PC-FW,"milk,wheat",2892074595289,07/07/19
IN01952,Solaris तेल Glass Cleaner,Solaris,400ml,200,HH-SC,soy,9354337327837,10/09/22
IN01953,Kaleo Oat Protein Bar,Kaleo,75ml,250,FB-SN,,0026077214348,08/11/23
IN01954,Polvera Aloe Hand Wash,Polvera,300ml,250,PC-HW,shellfish,1557310520890,07/03/20
IN01955,Cryston Colour Protect Shampoo,Cryston,150ml,50,PC-SH,,3377312973412,29/06/21
IN01956,Oralix Fabric Softener,Oralix,100ml,400,HH-LN,"gluten,milk",8268009072202,11/05/23
IN01957,Krisol Volumising फोम Shampoo,Krisol,75ml,500,PC-SH,"peanuts,tree nuts,wheat,eggs",9596023315999,15/10/23
IN01958,Zenpur Rice Cakes,Zenpur,75ml,400,FB-SN,"shellfish,milk",3230888060941,02/10/18
IN01959,Zephyr Bathroom Cleaner,Zephyr,100ml,200,HH-SC,,3007886758756,27/10/21
IN01960,Qualis Vinegar Dressing,Qualis,50ml,250,FB-CN,"eggs,peanuts,tree nuts,milk",4972366946277,31/12/19
IN01961,Qualis Laundry जेल Capsules,Qualis,75ml,500,HH-LN,,4204384504628,11/03/19
IN01962,Verdant शैम्पू Glass Cleaner,Verdant,1000ml,150,HH-SC,"gluten,soy",9416674078862,24/09/23
IN01963,Novix Granola साबुन Bar,Novix,250ml,400,FB-SN,"gluten,eggs",1066726418795,25/08/20
IN01964,XXX-Orinum Vinegar Dressing,Orinum,500ml,250,FB-CN,shellfish,7012493164599,07/11/23
IN01965,Cristalix Repair Conditioner,Cristalix,400ml,500,PC-CD,,4704079365188,06/01/23
IN01966,Frosten Sensitive Deodorant,Frosten,100ml,300,PC-DO,"wheat,milk,soy,tree nuts",2735712567210,25/09/19
IN01967,Luminos Gentle Face Wash,Luminos,500ml,250,PC-FW,"sesame,tree nuts,eggs",5324256600988,04/01/18
IN01968,Novix Sensitive Deodorant,Novix,150ml,300,PC-DO,"milk,soy,gluten,eggs",4136532985686,29/12/20
IN01969,Orinum Eco Dish Liquid,Orinum,400ml,50,HH-DW,"milk,fish,gluten",0746143370043,21/11/18
IN01970,Frostine Rice Cakes,Frostine,200ml,150,FB-SN,"sesame,shellfish,eggs",6387621577406,24/08/21
IN01971,Primus SPF Moisturiser,Primus,300ml,300,PC-MS,,8248741427850,15/08/20
IN01972,Verdant Tomato Ketchup,Verdant,75ml,500,FB-CN,"shellfish,wheat,fish,eggs",4921223399824,18/05/19
IN01973,Luminos Whitening Deodorant,Luminos,50ml,400,PC-DO,,3204484567715,28/01/22
IN01974,Glova Mustard Sauce,Glova,400ml,300,FB-CN,"milk,peanuts,tree nuts",6893911645767,07/07/23
IN01975,Krisol Hot Chilli Sauce,Krisol,300ml,250,FB-CN,"fish,gluten,sesame",4760852085292,20/11/22
IN01976,Toreva SPF Moisturiser,Toreva,100ml,75,PC-MS,"sesame,gluten",9988782988727,02/04/23
IN01977,Tolvex Sport Deodorant,Tolvex,200ml,100,PC-DO,milk,6185069298736,26/11/23
IN01978,TEST-Vanta Fragrance-Free Hand Wash,Vanta,50ml,300,PC-HW,"wheat,peanuts,fish",6390321430315,17/02/20
IN01979,Cristalix Dishwasher Tablets,Cristalix,50ml,75,HH-DW,,1840654885580,03/08/23
IN01980,Tresol Sport Deodorant,Tresol,200ml,250,PC-DO,gluten,6151436974572,14/11/23
IN01981,Purevex Brightening Face स्प्रे Wash,Purevex,400ml,500,PC-FW,sesame,7135566963384,26/12/21
IN01982,Sovara Oat Protein Bar,Sovara,1000ml,200,FB-SN,,7825601999163,13/06/19
IN01983,Aevum फोम Intensive Moisturiser,Aevum,200ml,400,PC-MS,"wheat,soy,fish",8426851797364,26/05/23
IN01984,Oralix Eco Dish Liquid,Oralix,75ml,50,HH-DW,shellfish,1909520387211,11/06/19
IN01985,Teraxis Anti-Dandruff Shampoo,Teraxis,75ml,50,PC-SH,"tree nuts,fish",2446220165668,08/06/20
IN01986,Aevum Mayonnaise,Aevum,150ml,250,FB-CN,,8243262538146,01/03/18
IN01987,Gleam Gentle स्प्रे Face Wash,Gleam,400ml,250,PC-FW,"gluten,sesame",4142024843501,22/06/23
IN01988,Zephyr तेल SPF Moisturiser,Zephyr,750ml,150,PC-MS,wheat,8099970244042,08/04/20
IN01989,Lumeva Hydrating Shampoo,Lumeva,50ml,400,PC-SH,"eggs,sesame,wheat",3532773765543,11/12/22
IN01990,Orinum Antibacterial Hand Wash,Orinum,100ml,400,PC-HW,"shellfish,soy",5548147126665,10/03/19
IN01991,Frosten तेल 48hr Spray Deodorant,Frosten,150ml,100,PC-DO,"peanuts,wheat,shellfish,tree nuts",0215013433909,24/11/22
IN01992,Lumeva Volumising Conditioner,Lumeva,500ml,250,PC-CD,"wheat,peanuts,shellfish,soy",3391299037196,26/03/19
IN01993,Zenpur सीरम Volumising Conditioner,Zenpur,750ml,150,PC-CD,"tree nuts,gluten,shellfish,sesame",1421162206595,30/12/18
IN01994,Hevara Moisturising Body Wash,Hevara,200ml,200,PC-BW,fish,4364443296915,01/11/20
IN01995,Nuarix Leave-In Conditioner,Nuarix,50ml,50,PC-CD,"wheat,gluten,shellfish",6835278087859,30/05/23
IN01996,Aevum Hydrating Shampoo,Aevum,150ml,150,PC-SH,"milk,gluten,fish",0900632586777,16/09/21
IN01997,Vivara Intensive Moisturiser,Vivara,500ml,300,PC-MS,,7284703446331,23/01/20
IN01998,Motivo साबुन Granola Bar,Motivo,250ml,300,FB-SN,"peanuts,eggs,tree nuts,wheat",6351757351858,20/03/19
IN01999,Cladis Rice Cakes,Cladis,750ml,300,FB-SN,"gluten,tree nuts",9656003375228,07/06/22
IN02000,Alteva Granola Bar,Alteva,200ml,100,FB-SN,,0922251455791,17/02/22
IN02001,Cryston Mixed Nuts Blend,Cryston,1000ml,100,FB-SN,shellfish,6604142643022,17/04/23
IN02002,Purevex Sensitive Skin Body Wash,Purevex,150ml,400,PC-BW,wheat,9821093524393,18/09/19
IN02003,Teraxis Smooth & Shine Conditioner,Teraxis,250ml,50,PC-CD,,4962840769539,11/08/18
IN02004,Novix Laundry Capsules,Novix,150ml,200,HH-LN,"fish,shellfish,milk",0782446666940,28/06/20
IN02005,Solvix Antibacterial Hand Wash,Solvix,750ml,200,PC-HW,sesame,6825085592561,08/11/19
IN02006,Kaleo Heavy Duty Dish Soap,Kaleo,300ml,300,HH-DW,"wheat,soy,gluten,shellfish",7273468927049,30/03/23
IN02007,Arovia Leave-In Conditioner,Arovia,1000ml,150,PC-CD,"milk,shellfish",6610514961809,31/03/22
IN02008,Nexpur Laundry Capsules,Nexpur,500ml,500,HH-LN,"sesame,gluten,shellfish",9244940395180,16/10/22
IN02009,Purelix Rinse Aid,Purelix,75ml,150,HH-DW,"peanuts,milk",8833183801698,20/02/20
IN02010,Purelix Intensive शैम्पू Moisturiser,Purelix,750ml,75,PC-MS,"gluten,wheat,fish",7793980122017,29/04/22
IN02011,Primus Gentle Face Wash,Primus,250ml,100,PC-FW,,0239152313366,07/06/20
IN02012,Elaris साबुन Tomato Ketchup,Elaris,50ml,500,FB-CN,eggs,2702318967201,06/04/19
IN02013,Zenpur Smooth & Shine Conditioner,Zenpur,750ml,50,PC-CD,"shellfish,eggs,wheat,fish",7756900019170,21/03/22
IN02014,Krisol 48hr Spray Deodorant,Krisol,100ml,200,PC-DO,"sesame,soy",4387151547469,18/04/19
IN02015,Teraxis Repair Shampoo,Teraxis,50ml,500,PC-SH,"milk,wheat,shellfish",2820400938080,07/04/20
IN02016,Gleam पाउडर Lightweight Lotion,Gleam,75ml,100,PC-MS,wheat,1600593241836,23/07/19
IN02017,Kaleo Mustard Sauce,Kaleo,400ml,300,FB-CN,tree nuts,2021311679547,10/11/19
IN02018,Nexpur Laundry Powder,Nexpur,300ml,400,HH-LN,,1167811678626,29/01/18
IN02019,Solven Repair Conditioner,Solven,250ml,150,PC-CD,"fish,peanuts,wheat,soy",7302209941751,04/05/20
IN02020,Elaris Tomato Ketchup,Elaris,1000ml,50,FB-CN,"soy,eggs",9841050755080,28/11/20
IN02021,Nexpur Fabric Softener,Nexpur,500ml,200,HH-LN,"shellfish,gluten,milk",3784679700832,08/04/18
IN02022,Cladis Hot Chilli Sauce,Cladis,200ml,200,FB-CN,,5835501727270,19/12/22
IN02023,Luxara Oil Control Face Wash,Luxara,100ml,50,PC-FW,,8320511213402,16/10/22
IN02024,Novix Exfoliating Face Scrub,Novix,50ml,75,PC-FW,,2406511747119,03/03/23
IN02025,Nuvelo Deep Clean Body Wash,Nuvelo,500ml,250,PC-BW,,3124079044813,06/10/20
IN02026,Glova Stain Remover,Glova,750ml,50,HH-LN,,1456767761958,14/06/19
IN02027,TEST-Cladis Lightweight Lotion,Cladis,50ml,75,PC-MS,"milk,wheat,eggs",7645177022382,18/01/18
IN02028,Plexum SPF Moisturiser,Plexum,200ml,400,PC-MS,"wheat,shellfish,sesame,tree nuts",2532095928481,27/04/23
IN02029,Hevara Brightening Face Wash,Hevara,500ml,400,PC-FW,shellfish,2993357024097,21/09/20
IN02030,Cladis Eco Dish Liquid,Cladis,1000ml,300,HH-DW,gluten,8464844273983,10/08/20
IN02031,Solvix Sensitive Deodorant,Solvix,250ml,100,PC-DO,gluten,1886762273536,19/08/20
IN02032,Motivo Daily शैम्पू Moisturiser,Motivo,1000ml,100,PC-MS,,1663340142152,20/06/22
IN02033,Verdant सीरम Mixed Nuts Blend,Verdant,250ml,100,FB-SN,"soy,fish,wheat",8862335704440,30/01/22
IN02034,Tolvex क्रीम 24hr Roll-On Deodorant,Tolvex,1000ml,200,PC-DO,peanuts,4211175494495,23/09/21
IN02035,Nexpur Bathroom Cleaner,Nexpur,75ml,500,HH-SC,"peanuts,wheat,gluten,soy",3815129116474,13/12/19
IN02036,Elaris Intensive Moisturiser,Elaris,100ml,500,PC-MS,"wheat,peanuts,shellfish",3539987591531,09/01/18
IN02037,Toreva सीरम Deep Clean Body Wash,Toreva,75ml,200,PC-BW,"eggs,sesame",3479230578240,21/08/21
IN02038,Purevex Mixed Nuts Blend,Purevex,50ml,500,FB-SN,"eggs,shellfish",2464378624301,18/10/18
IN02039,Zephyr Intensive Moisturiser,Zephyr,300ml,300,PC-MS,"fish,eggs,milk,soy",9637491218792,01/06/18
IN02040,Zephyr Fragrance-Free Hand Wash,Zephyr,300ml,75,PC-HW,"shellfish,eggs",5901125023163,30/06/18
IN02041,Krisol Nourishing स्प्रे Body Cleanser,Krisol,50ml,100,PC-BW,"wheat,sesame,fish",8321208614984,24/04/21
IN02042,Vanta साबुन Repair Conditioner,Vanta,400ml,300,PC-CD,"gluten,shellfish,peanuts",2001414424602,03/05/23
IN02043,Nexpur Exfoliating Face Scrub,Nexpur,150ml,500,PC-FW,"eggs,tree nuts,sesame",2859947576370,26/08/23
IN02044,Plexum Smooth & Shine Conditioner,Plexum,50ml,250,PC-CD,"shellfish,gluten",9798367607413,15/06/18
IN02045,Aurova Whitening Deodorant,Aurova,750ml,200,PC-DO,"eggs,tree nuts,milk,fish",4390356028589,06/08/22
IN02046,Sovara Heavy पाउडर Duty Dish Soap,Sovara,50ml,300,HH-DW,tree nuts,4760751210184,06/04/21
IN02047,Nexpur Volumising Conditioner,Nexpur,1000ml,100,PC-CD,"peanuts,gluten,eggs",8024594085931,10/08/21
IN02048,Cristalix Fragrance-Free Hand Wash,Cristalix,250ml,100,PC-HW,"soy,shellfish",7950765573741,15/12/21
IN02049,Qualis Mixed Nuts Blend,Qualis,75ml,100,FB-SN,tree nuts,8467901752278,19/12/19
IN02050,Clarity Rinse Aid,Clarity,1000ml,300,HH-DW,"wheat,soy",9674999020380,22/10/21
IN02051,Orinum Daily स्प्रे Moisturiser,Orinum,50ml,50,PC-MS,"peanuts,eggs,tree nuts,gluten",1242695753857,11/10/18
IN02052,Solvix Mixed शैम्पू Nuts Blend,Solvix,750ml,400,FB-SN,"soy,tree nuts,wheat",9461426204082,21/12/21
02053,Cladis Deep Conditioner,Cladis,150ml,150,PC-CD,"fish,eggs",1897873728266,01/12/21
IN02054,Polvera Dishwasher Tablets,Polvera,150ml,500,HH-DW,,4191716033300,29/08/23
IN02055,Elaris Sport Deodorant,Elaris,75ml,500,PC-DO,"soy,fish",6020931378805,11/10/19
IN02056,Vanta Tomato Ketchup,Vanta,750ml,150,FB-CN,"shellfish,fish,gluten",7773657645544,17/09/21
IN02057,Aurova Dish Liquid,Aurova,200ml,500,HH-DW,,9543511026936,14/07/21
IN02058,Cristalix 48hr Spray Deodorant,Cristalix,50ml,500,PC-DO,"wheat,soy,sesame,eggs",1351485507027,23/03/22
IN02059,Sovara पाउडर Daily Moisturiser,Sovara,100ml,300,PC-MS,,6741514487621,16/03/19
IN02060,Luxara Fragrance-Free Hand Wash,Luxara,150ml,200,PC-HW,shellfish,9730294069575,23/11/19
IN02061,Polvera 48hr Spray Deodorant,Polvera,50ml,100,PC-DO,tree nuts,8937712582840,14/12/23
IN02062,Helix Stain Remover,Helix,750ml,200,HH-LN,"tree nuts,eggs,fish,gluten",5991945644648,09/08/21
IN02063,Frosten Leave-In Conditioner,Frosten,50ml,50,PC-CD,"eggs,tree nuts",2428678554706,11/10/18
IN02064,Velaris Stain फोम Remover,Velaris,400ml,250,HH-LN,,1467093672504,10/06/19
IN02065,Oralix Liquid Laundry Detergent,Oralix,200ml,75,HH-LN,"shellfish,milk,gluten",3460316134078,07/06/19
IN02066,Motivo Tomato Ketchup,Motivo,200ml,250,FB-CN,"tree nuts,wheat,shellfish",5428328678513,25/12/21
IN02067,Sovara तेल Tomato Ketchup,Sovara,300ml,500,FB-CN,"eggs,tree nuts,sesame,shellfish",7155661668946,26/06/18
IN02068,Purelix Dishwasher क्रीम Tablets,Purelix,150ml,300,HH-DW,"fish,milk",5955161133959,29/08/22
IN02069,TEST-Tresol Oil जेल Control Face Wash,Tresol,200ml,250,PC-FW,,8256961921263,22/01/23
IN02070,Luxara Granola Bar,Luxara,300ml,400,FB-SN,"peanuts,sesame,shellfish,gluten",8963196305279,28/07/18
IN02071,Motivo Night सीरम Cream,Motivo,750ml,100,PC-MS,"milk,gluten,tree nuts",9164230127461,10/02/18
IN02072,Motivo Repair Shampoo,Motivo,150ml,75,PC-SH,"eggs,sesame,fish,gluten",7085536062237,19/02/18
IN02073,Zenpur साबुन Moisturising Hand Wash,Zenpur,300ml,400,PC-HW,tree nuts,7756942984108,05/05/21
IN02074,Aurova Moisturising Body Wash,Aurova,100ml,400,PC-BW,milk,3248274635239,30/10/21
IN02075,Glova Antibacterial Hand Wash,Glova,500ml,500,PC-HW,milk,3806958621857,29/03/20
IN02076,Hevara Tomato Ketchup,Hevara,75ml,75,FB-CN,sesame,1779036666366,29/05/21
IN02077,Primus Kitchen तेल Cleaner,Primus,75ml,150,HH-SC,fish,5984503379021,13/02/21
IN02078,Solaris Refreshing Shower Gel,Solaris,250ml,150,PC-BW,"soy,eggs",3245275671952,14/07/18
IN02079,Oralix Mixed फोम Nuts Blend,Oralix,250ml,300,FB-SN,"shellfish,sesame,milk,soy",1265249489187,27/12/21
IN02080,Primus Smooth स्प्रे & Shine Conditioner,Primus,150ml,500,PC-CD,"wheat,milk,eggs,gluten",1497776491368,14/12/18
IN02081,Orinum Fragrance-Free Hand Wash,Orinum,300ml,250,PC-HW,sesame,2261954902941,15/12/20
IN02082,Serafix Rinse Aid,Serafix,1000ml,200,HH-DW,"shellfish,gluten",6613886550091,06/01/19
IN02083,Aevum Granola Bar,Aevum,250ml,300,FB-SN,"sesame,soy,wheat",3959360194126,26/02/23
IN02084,Motivo Deep Clean Body Wash,Motivo,75ml,500,PC-BW,"soy,fish",0878072020338,15/02/19
IN02085,Zephyr Volumising स्प्रे Shampoo,Zephyr,750ml,300,PC-SH,"shellfish,fish,soy",7203734483658,19/09/22
IN02086,Cryston Multi-Surface Spray,Cryston,1000ml,75,HH-SC,"milk,tree nuts,fish,sesame",5743967705469,20/01/23
IN02087,Cristalix Hydrating Face Wash,Cristalix,75ml,300,PC-FW,"gluten,milk",9546887305889,23/10/22
IN02088,Oralix Liquid Laundry Detergent,Oralix,100ml,250,HH-LN,eggs,2926625478001,04/09/21
IN02089,Frostine लोशन Liquid Laundry Detergent,Frostine,50ml,75,HH-LN,"fish,eggs",5970001900737,28/10/23
IN02090,Verdant Fabric Softener,Verdant,300ml,400,HH-LN,peanuts,7436939089411,12/05/20
IN02091,Alteva Colour Protect Shampoo,Alteva,250ml,300,PC-SH,"eggs,sesame,soy",2130542842511,01/03/19
IN02092,DUMMY-Gleam Colour Protect Shampoo,Gleam,50ml,150,PC-SH,"gluten,peanuts",0942941259799,29/05/18
IN02093,Krisol Mixed शैम्पू Nuts Blend,Krisol,100ml,150,FB-SN,"sesame,shellfish,fish,soy",6606289513404,20/05/20
IN02094,Velaris साबुन Eco Dish Liquid,Velaris,500ml,150,HH-DW,"shellfish,peanuts,sesame,tree nuts",3081836329395,08/01/23
IN02095,Kaleo Salted Crackers,Kaleo,300ml,300,FB-SN,sesame,2071548185137,03/07/20
IN02096,Velaris स्प्रे Hydrating Shampoo,Velaris,500ml,300,PC-SH,,5776771928892,07/07/19
IN02097,Oralix Refreshing Shower Gel,Oralix,100ml,500,PC-BW,"tree nuts,shellfish,peanuts",0589230360677,26/06/23
IN02098,Glova Laundry Capsules,Glova,750ml,100,HH-LN,"gluten,shellfish",2655713649671,25/11/20
IN02099,Solven तेल Granola Bar,Solven,200ml,250,FB-SN,shellfish,5257448825268,18/07/18
IN02100,Alteva Salted सीरम Crackers,Alteva,250ml,75,FB-SN,,1567338515761,20/03/21
IN02101,Solaris Rice Cakes,Solaris,50ml,250,FB-SN,,6809838319346,13/11/22
IN02102,Kaleo 24hr सीरम Roll-On Deodorant,Kaleo,400ml,250,PC-DO,"fish,milk,soy,tree nuts",4563338923497,12/01/22
IN02103,Arovia Repair Conditioner,Arovia,250ml,400,PC-CD,,5155782638806,09/04/20
IN02104,Solvix Repair सीरम Conditioner,Solvix,100ml,400,PC-CD,,6186286974762,07/01/20
IN02105,Luminos क्रीम Exfoliating Face Scrub,Luminos,150ml,500,PC-FW,soy,8726819319226,23/02/21
IN02106,Nuarix Volumising Shampoo,Nuarix,150ml,100,PC-SH,"milk,fish,wheat,shellfish",3941854554189,04/11/19
IN02107,Alteva Whitening Deodorant,Alteva,150ml,75,PC-DO,"milk,gluten",3563032826736,29/08/21
IN02108,Lumeva Mustard लोशन Sauce,Lumeva,50ml,200,FB-CN,"gluten,sesame,fish",5716896213251,02/09/18
IN02109,Kaleo Laundry लोशन Capsules,Kaleo,500ml,300,HH-LN,"tree nuts,fish,peanuts,gluten",3476088230924,20/01/22
IN02110,Kaleo Laundry Capsules,Kaleo,500ml,200,HH-LN,"shellfish,soy,fish",3163308460178,08/10/19
IN02111,Brightway Rice Cakes,Brightway,500ml,50,FB-SN,soy,6490847491163,08/09/20
IN02112,Solvix जेल Night Cream,Solvix,50ml,150,PC-MS,,0166366228455,27/07/21
IN02113,Elaris Daily Moisturiser,Elaris,50ml,500,PC-MS,"shellfish,fish",2295110848613,30/05/18
IN02114,Tolvex Foaming Hand Wash,Tolvex,50ml,50,PC-HW,"tree nuts,eggs,peanuts",0469017495382,10/03/19
IN02115,Tresol Rice Cakes,Tresol,200ml,200,FB-SN,,0667884573213,30/10/22
IN02116,Kaleo 24hr Roll-On पाउडर Deodorant,Kaleo,1000ml,200,PC-DO,soy,8935440711075,04/12/19
IN02117,Vivara तेल Eco Dish Liquid,Vivara,50ml,100,HH-DW,milk,5066714853337,15/05/19
IN02118,Verdant Multi-Surface Spray,Verdant,400ml,250,HH-SC,"peanuts,eggs",2982492202880,23/10/18
IN02119,Oralix 48hr Spray Deodorant,Oralix,500ml,250,PC-DO,eggs,7680126962500,03/09/21
IN02120,Tolvex Deep Clean Body तेल Wash,Tolvex,150ml,100,PC-BW,"gluten,eggs",3943032502746,16/06/22
IN02121,Luxara Leave-In Conditioner,Luxara,150ml,500,PC-CD,"peanuts,milk",3765439994289,30/12/21
IN02122,Luminos Oat Protein Bar,Luminos,150ml,150,FB-SN,,8641486329081,31/07/21
IN02123,Oralix Nourishing Body Cleanser,Oralix,200ml,500,PC-BW,"eggs,tree nuts,milk",5182377210901,03/06/23
IN02124,Verdant SPF तेल Moisturiser,Verdant,400ml,150,PC-MS,"eggs,gluten,shellfish,milk",7400345688483,11/06/22
IN02125,Krisol Sensitive Deodorant,Krisol,150ml,400,PC-DO,"peanuts,fish",6607236604749,01/03/19
IN02126,Luxara Deep Conditioner,Luxara,75ml,500,PC-CD,,3689382528943,20/01/18
IN02127,Frosten Night Cream,Frosten,150ml,250,PC-MS,,6026957752667,01/04/21
IN02128,Aurova Liquid क्रीम Laundry Detergent,Aurova,1000ml,75,HH-LN,"soy,fish,shellfish",8175248135370,28/04/22
IN02129,Lumeva फोम Night Cream,Lumeva,500ml,150,PC-MS,"soy,milk,gluten,peanuts",5395260885326,01/04/23
IN02130,Hevara Brightening Face Wash,Hevara,50ml,75,PC-FW,,4997475473773,01/06/18
IN02131,Lumeva Lightweight क्रीम Lotion,Lumeva,50ml,300,PC-MS,"sesame,eggs,peanuts",5659773961039,24/10/20
IN02132,Velaris Nourishing Body Cleanser,Velaris,150ml,300,PC-BW,"gluten,eggs,milk,peanuts",0417569430726,03/03/19
IN02133,Polvera Vinegar Dressing,Polvera,500ml,400,FB-CN,"eggs,fish,gluten",6587236341106,16/12/20
IN02134,Orinum Fabric Softener,Orinum,500ml,300,HH-LN,"eggs,wheat,fish",5728182912786,28/12/23
IN02135,Gleam Fabric Softener,Gleam,100ml,200,HH-LN,"gluten,eggs,fish,milk",8415855373049,28/05/20
IN02136,Aurova Glass शैम्पू Cleaner,Aurova,75ml,500,HH-SC,,7071694481447,10/01/18
IN02137,Tolvex Moisturising Body Wash,Tolvex,200ml,50,PC-BW,"tree nuts,fish,milk",2310640797290,11/08/22
IN02138,Kaleo Laundry Powder,Kaleo,500ml,500,HH-LN,"peanuts,wheat",7344979925197,22/05/23
IN02139,Purelix Mixed Nuts Blend,Purelix,300ml,250,FB-SN,"shellfish,tree nuts",8783710539252,14/08/18
IN02140,Cryston जेल Foaming Hand Wash,Cryston,75ml,500,PC-HW,"soy,fish",0174304025608,11/07/18
IN02141,Serafix Daily Moisturiser,Serafix,75ml,300,PC-MS,"shellfish,gluten,tree nuts",2707127971760,22/05/20
IN02142,Zephyr Granola Bar,Zephyr,300ml,200,FB-SN,shellfish,2990438817678,17/06/22
IN02143,Orinum Leave-In Conditioner,Orinum,50ml,100,PC-CD,"peanuts,soy",1639158464724,06/10/21
IN02144,Elaris Antibacterial Hand Wash,Elaris,300ml,400,PC-HW,"wheat,milk,soy,shellfish",9061550261342,01/05/18
IN02145,Velaris Oat Protein Bar,Velaris,150ml,75,FB-SN,wheat,0667665405320,11/02/21
IN02146,Nuarix Deep Conditioner,Nuarix,300ml,200,PC-CD,tree nuts,3286178058136,29/10/23
IN02147,Orinum Nourishing Body फोम Cleanser,Orinum,150ml,100,PC-BW,,3678864555263,28/03/19
IN02148,Luminos 24hr Roll-On जेल Deodorant,Luminos,400ml,50,PC-DO,"tree nuts,shellfish",0529508687440,15/01/19
IN02149,Qualis Leave-In Conditioner,Qualis,1000ml,500,PC-CD,"fish,wheat,tree nuts,peanuts",6926356006258,17/11/21
IN02150,Helix Anti-Dandruff Shampoo,Helix,400ml,400,PC-SH,"eggs,soy",7849531273445,01/10/21
IN02151,Polvera Liquid Laundry Detergent,Polvera,75ml,400,HH-LN,"wheat,eggs,soy",4616461526537,12/09/19
IN02152,Solvix Leave-In जेल Conditioner,Solvix,200ml,400,PC-CD,,8101481297193,21/01/21
IN02153,Aevum Sensitive Skin Body Wash,Aevum,1000ml,200,PC-BW,shellfish,4812681793005,05/11/23
IN02154,Primus Nourishing Body Cleanser,Primus,500ml,50,PC-BW,"sesame,milk",8140334050813,17/07/18
IN02155,Hevara जेल Sensitive Deodorant,Hevara,150ml,250,PC-DO,"fish,milk,wheat,sesame",3116694602127,05/04/21
IN02156,Sovara Foaming Hand Wash,Sovara,200ml,100,PC-HW,"eggs,wheat,tree nuts,peanuts",8362074988496,07/08/21
IN02157,Kaleo Dish Liquid,Kaleo,300ml,50,HH-DW,"wheat,milk,soy,eggs",1465657166575,30/09/23
IN02158,Aurova फोम Tomato Ketchup,Aurova,50ml,200,FB-CN,"gluten,tree nuts,milk,wheat",3896416450860,14/08/19
IN02159,Toreva Oat तेल Protein Bar,Toreva,150ml,100,FB-SN,soy,0724876412612,10/06/20
IN02160,Vivara Vinegar Dressing,Vivara,250ml,400,FB-CN,"tree nuts,sesame",6180583934085,17/06/20
IN02161,Teraxis Sport Deodorant,Teraxis,200ml,100,PC-DO,"sesame,gluten,tree nuts",9881920696563,14/03/20
IN02162,Polvera Repair Conditioner,Polvera,750ml,300,PC-CD,shellfish,6223683127534,07/11/20
IN02163,Aurova Colour Protect Shampoo,Aurova,750ml,250,PC-SH,"shellfish,sesame",0228017710624,28/04/21
IN02164,Tresol 24hr Roll-On Deodorant,Tresol,300ml,200,PC-DO,"shellfish,soy",5341439103234,22/05/19
02165,Polvera Laundry क्रीम Capsules,Polvera,300ml,400,HH-LN,"milk,fish,sesame,tree nuts",7477201104081,01/08/20
IN02166,Cristalix Fabric Softener,Cristalix,400ml,500,HH-LN,fish,0187779533424,30/06/19
IN02167,Frosten 48hr Spray Deodorant,Frosten,150ml,100,PC-DO,peanuts,2577727745753,16/07/18
IN02168,Polvera Deep Conditioner,Polvera,500ml,500,PC-CD,"wheat,eggs",1484603638393,11/06/22
IN02169,TEST-Solaris Oat Protein Bar,Solaris,500ml,500,FB-SN,"wheat,milk",4759835894778,18/08/18
IN02170,Nuarix Aloe Hand क्रीम Wash,Nuarix,150ml,100,PC-HW,"tree nuts,soy,wheat,gluten",0254616794673,27/01/23
IN02171,Alteva Liquid सीरम Laundry Detergent,Alteva,750ml,500,HH-LN,"soy,fish,eggs",3959459211857,30/11/22
IN02172,Teraxis Leave-In Conditioner,Teraxis,250ml,50,PC-CD,"shellfish,milk,soy,wheat",9473779626381,02/04/22
IN02173,Arovia Sport Deodorant,Arovia,750ml,400,PC-DO,"gluten,eggs,shellfish",8220081001426,29/08/23
IN02174,Aevum Foaming Hand तेल Wash,Aevum,50ml,300,PC-HW,tree nuts,1575951490969,29/12/22
IN02175,Polvera Hydrating लोशन Shampoo,Polvera,500ml,50,PC-SH,,4587242274964,01/10/22
IN02176,Lumeva 48hr Spray Deodorant,Lumeva,200ml,500,PC-DO,milk,5171972512343,22/04/20
IN02177,Plexum Brightening Face Wash,Plexum,300ml,400,PC-FW,"shellfish,gluten",7734265875037,13/10/18
IN02178,Hevara Nourishing Body Cleanser,Hevara,1000ml,400,PC-BW,"eggs,peanuts,milk,soy",7128061990740,04/06/22
IN02179,Aevum Foaming Hand फोम Wash,Aevum,400ml,200,PC-HW,"wheat,eggs,shellfish",1243566830325,27/11/21
IN02180,Clarity Exfoliating Face Scrub,Clarity,250ml,100,PC-FW,"tree nuts,sesame",7673507810729,11/11/23
IN02181,Gleam Mixed Nuts Blend,Gleam,750ml,200,FB-SN,"fish,peanuts,gluten",1261499363192,06/06/22
IN02182,Qualis Volumising स्प्रे Conditioner,Qualis,300ml,200,PC-CD,"soy,milk",9519566300635,17/05/22
IN02183,Oralix Deep Conditioner,Oralix,250ml,75,PC-CD,"peanuts,milk,shellfish",8704811353738,30/08/22
IN02184,Velaris 48hr Spray Deodorant,Velaris,1000ml,100,PC-DO,"tree nuts,sesame,fish,soy",7705548990716,17/01/20
IN02185,Aevum Oat Protein Bar,Aevum,300ml,75,FB-SN,"peanuts,sesame",2700293313266,18/09/23
IN02186,Velaris फोम Dishwasher Tablets,Velaris,200ml,300,HH-DW,,2136884157719,09/07/19
IN02187,Purevex Oat Protein Bar,Purevex,500ml,200,FB-SN,tree nuts,1956176558922,28/09/19
IN02188,Vivara Brightening साबुन Face Wash,Vivara,100ml,500,PC-FW,"sesame,shellfish",0630228293351,12/08/19
IN02189,Alteva Laundry Capsules,Alteva,750ml,400,HH-LN,"eggs,soy,milk,fish",5359647268478,25/12/20
IN02190,Solvix Fragrance-Free Hand Wash,Solvix,250ml,250,PC-HW,,7283101850887,21/07/18
IN02191,Toreva Laundry Capsules,Toreva,300ml,200,HH-LN,"milk,tree nuts",8105801088676,08/07/23
IN02192,Solaris SPF Moisturiser,Solaris,300ml,75,PC-MS,"soy,shellfish,fish,gluten",3646533347747,31/07/22
IN02193,Velaris Oil Control Face Wash,Velaris,750ml,100,PC-FW,fish,2819150237437,05/08/23
IN02194,Toreva Brightening Face Wash,Toreva,50ml,250,PC-FW,eggs,9405047260973,16/10/22
IN02195,Purevex फोम Smooth & Shine Conditioner,Purevex,200ml,250,PC-CD,milk,6098591981741,09/06/23
IN02196,Motivo साबुन Mixed Nuts Blend,Motivo,300ml,250,FB-SN,gluten,7885874895579,23/04/19
IN02197,TEST-Teraxis तेल Gentle Face Wash,Teraxis,750ml,500,PC-FW,"peanuts,gluten",9616395257472,07/05/23
IN02198,Cristalix Bathroom जेल Cleaner,Cristalix,400ml,100,HH-SC,,2384877561917,28/10/23
IN02199,Vivara Bathroom Cleaner,Vivara,400ml,500,HH-SC,wheat,2900059054512,30/11/22
IN02200,Toreva स्प्रे Exfoliating Face Scrub,Toreva,500ml,250,PC-FW,"milk,tree nuts",9193442462718,06/07/19
IN02201,Plexum Hydrating Face Wash,Plexum,150ml,50,PC-FW,"tree nuts,soy,sesame",5359759809620,26/08/23
IN02202,Aevum Deep Conditioner,Aevum,300ml,50,PC-CD,"shellfish,sesame,gluten,fish",5788273763093,05/04/23
IN02203,Frosten Kitchen Cleaner,Frosten,1000ml,500,HH-SC,fish,6609797855004,12/04/21
IN02204,Polvera SPF Moisturiser,Polvera,50ml,400,PC-MS,gluten,6290107932265,27/12/21
IN02205,Alteva Volumising Conditioner,Alteva,100ml,250,PC-CD,"fish,soy",0594156711779,01/08/21
IN02206,Luxara Hydrating Face Wash,Luxara,400ml,100,PC-FW,"tree nuts,sesame",1987088407558,01/04/20
IN02207,Zephyr Oat तेल Protein Bar,Zephyr,250ml,150,FB-SN,"tree nuts,shellfish,wheat",6839507051307,02/08/22
IN02208,Orinum Heavy Duty सीरम Dish Soap,Orinum,100ml,75,HH-DW,sesame,1568387027854,08/07/20
IN02209,Luxara Disinfectant Spray,Luxara,100ml,75,HH-SC,"gluten,wheat",4137173063900,08/12/23
IN02210,Aurova Whitening Deodorant,Aurova,50ml,300,PC-DO,"peanuts,sesame,soy,fish",6816723866564,08/07/18
IN02211,Velaris पाउडर Foaming Hand Wash,Velaris,250ml,250,PC-HW,"tree nuts,shellfish,soy,gluten",5410577250404,03/01/20
IN02212,Gleam Whitening Deodorant,Gleam,750ml,500,PC-DO,"eggs,milk,tree nuts,fish",5872357845727,10/07/18
IN02213,Brightway फोम Liquid Laundry Detergent,Brightway,200ml,75,HH-LN,,4150749316606,13/11/23
IN02214,Sovara Tomato Ketchup,Sovara,1000ml,75,FB-CN,,5566134047502,22/06/18
IN02215,Qualis Nourishing Body Cleanser,Qualis,500ml,200,PC-BW,,8922706990640,14/06/21
IN02216,Qualis Dishwasher तेल Tablets,Qualis,300ml,250,HH-DW,"milk,soy,fish,eggs",8364722455817,08/06/23
IN02217,Glicen Sensitive Skin Body फोम Wash,Glicen,150ml,150,PC-BW,"eggs,peanuts",2449663900049,02/01/22
IN02218,Hevara Hydrating Face Wash,Hevara,500ml,50,PC-FW,"sesame,gluten",6725140961700,19/08/23
IN02219,Purevex Kitchen क्रीम Cleaner,Purevex,400ml,50,HH-SC,"sesame,eggs,fish,soy",8813038469129,28/01/19
IN02220,Solven 24hr Roll-On Deodorant,Solven,300ml,200,PC-DO,"peanuts,fish",6257312536121,13/12/22
IN02221,Primus Aloe Hand Wash,Primus,400ml,300,PC-HW,wheat,9579474508097,02/09/23
IN02222,Glova Heavy Duty Dish Soap,Glova,400ml,150,HH-DW,eggs,5716042614475,25/12/18
IN02223,Vanta Fragrance-Free Hand क्रीम Wash,Vanta,200ml,200,PC-HW,,5264458296940,20/02/22
IN02224,Polvera Daily Moisturiser,Polvera,1000ml,75,PC-MS,shellfish,8049876209386,27/02/20
IN02225,Aevum Kitchen Cleaner,Aevum,300ml,250,HH-SC,peanuts,2760741464407,29/11/19
IN02226,Serafix Antibacterial Hand Wash,Serafix,250ml,150,PC-HW,"wheat,tree nuts",5561832621382,13/11/20
IN02227,Zenpur Anti-Dandruff Shampoo,Zenpur,75ml,50,PC-SH,"tree nuts,peanuts,wheat,fish",5275056880844,23/11/23
IN02228,Orinum Deep Conditioner,Orinum,100ml,400,PC-CD,,2633402937810,13/10/20
IN02229,Velaris Volumising Conditioner,Velaris,100ml,400,PC-CD,soy,2627767469581,15/09/23
IN02230,XXX-Teraxis Colour Protect Shampoo,Teraxis,200ml,300,PC-SH,"shellfish,gluten,peanuts,sesame",2944993136750,21/07/23
IN02231,Purelix Volumising Conditioner,Purelix,500ml,200,PC-CD,"milk,tree nuts,soy,shellfish",6783203161313,05/06/23
IN02232,Zephyr Disinfectant Spray,Zephyr,250ml,150,HH-SC,"peanuts,milk",8833315180165,08/07/22
IN02233,Zephyr Lightweight Lotion,Zephyr,100ml,150,PC-MS,"wheat,sesame,milk",1938895311545,14/09/20
IN02234,Novix Heavy Duty Dish Soap,Novix,75ml,250,HH-DW,"soy,peanuts,eggs",5910660862366,17/12/21
IN02235,Cladis Nourishing Body Cleanser,Cladis,50ml,100,PC-BW,"wheat,gluten,peanuts",7892251826132,13/10/21
IN02236,Tresol Deep क्रीम Clean Body Wash,Tresol,75ml,50,PC-BW,"peanuts,milk,eggs,wheat",7997062981091,11/05/23
IN02237,Kaleo Mustard Sauce,Kaleo,300ml,500,FB-CN,"fish,tree nuts,milk",8368168214076,14/07/20
IN02238,Oralix Kitchen साबुन Cleaner,Oralix,500ml,400,HH-SC,,4390390920054,22/05/22
IN02239,Vanta Volumising Conditioner,Vanta,400ml,50,PC-CD,peanuts,7485798889212,04/08/20
IN02240,Plexum Volumising Conditioner,Plexum,500ml,75,PC-CD,"wheat,gluten",9322972540140,16/10/20
IN02241,Solaris Fabric तेल Softener,Solaris,250ml,200,HH-LN,eggs,8864594780074,13/12/19
IN02242,Krisol Granola पाउडर Bar,Krisol,300ml,150,FB-SN,"fish,sesame,soy",7555045838758,08/06/18
IN02243,Tolvex क्रीम Deep Clean Body Wash,Tolvex,400ml,50,PC-BW,"gluten,milk,soy,sesame",7211359804338,26/08/20
IN02244,Solvix Anti-Dandruff Shampoo,Solvix,300ml,300,PC-SH,"milk,eggs",0146019335204,16/11/22
IN02245,Motivo Leave-In Conditioner,Motivo,50ml,150,PC-CD,,6426633161408,02/10/19
IN02246,Zephyr Gentle Face Wash,Zephyr,75ml,400,PC-FW,,7199457405193,22/01/22
IN02247,Purevex Sensitive Skin Body Wash,Purevex,750ml,50,PC-BW,,5673526359515,17/04/23
IN02248,Vivara Moisturising Hand Wash,Vivara,100ml,200,PC-HW,,3022867106654,01/10/22
IN02249,Elaris Refreshing Shower Gel,Elaris,750ml,100,PC-BW,tree nuts,7774149057173,12/10/21
IN02250,Tresol Oil Control Face Wash,Tresol,400ml,400,PC-FW,"wheat,fish",1587898916839,09/02/19
IN02251,Toreva Multi-Surface Spray,Toreva,75ml,75,HH-SC,,4241248454675,07/06/20
02252,Orinum Volumising तेल Shampoo,Orinum,75ml,400,PC-SH,"eggs,milk",6695450857034,07/11/20
IN02253,Gleam Moisturising Body Wash,Gleam,75ml,400,PC-BW,"eggs,shellfish,milk",6130112738318,10/11/23
IN02254,Cryston Tomato Ketchup,Cryston,100ml,50,FB-CN,tree nuts,7965640019153,05/04/21
IN02255,Glicen तेल Volumising Conditioner,Glicen,50ml,400,PC-CD,"wheat,peanuts,eggs,milk",6434241147547,10/06/22
IN02256,Nuvelo Moisturising Hand Wash,Nuvelo,500ml,100,PC-HW,soy,0642116846037,25/10/23
IN02257,Solven Rinse Aid,Solven,1000ml,250,HH-DW,"wheat,soy,peanuts,tree nuts",6652174645330,08/02/19
IN02258,Frosten Fragrance-Free जेल Hand Wash,Frosten,250ml,50,PC-HW,"milk,tree nuts,peanuts",1137134631073,06/07/18
IN02259,Novix Hot Chilli Sauce,Novix,300ml,250,FB-CN,"fish,milk,eggs",8830415447471,11/09/20
IN02260,Nuarix सीरम Brightening Face Wash,Nuarix,150ml,250,PC-FW,"shellfish,soy,fish,gluten",9701685253170,02/08/21
IN02261,Zephyr Nourishing Body Cleanser,Zephyr,750ml,150,PC-BW,"milk,eggs,sesame",8596897409528,29/03/18
IN02262,Vanta Sport Deodorant,Vanta,750ml,250,PC-DO,"gluten,wheat,eggs",8472668063994,06/12/19
IN02263,Sovara Daily Moisturiser,Sovara,1000ml,75,PC-MS,,9540627890888,09/08/18
IN02264,Serafix Aloe Hand जेल Wash,Serafix,75ml,75,PC-HW,eggs,7959282233121,10/09/21
IN02265,Solaris Foaming Hand Wash,Solaris,100ml,250,PC-HW,,3856162714135,17/02/21
IN02266,Gleam Volumising Conditioner,Gleam,400ml,150,PC-CD,soy,5737421420944,29/01/20
IN02267,Aevum साबुन Deep Clean Body Wash,Aevum,150ml,400,PC-BW,"eggs,tree nuts",8719942505925,13/09/21
02268,Arovia Gentle Face Wash,Arovia,750ml,250,PC-FW,"sesame,shellfish",7993642737959,02/02/23
IN02269,Alteva Leave-In Conditioner,Alteva,1000ml,75,PC-CD,"eggs,wheat,sesame",1351113301072,06/09/21
IN02270,Krisol Brightening Face Wash,Krisol,1000ml,50,PC-FW,peanuts,6948412322232,28/11/19
IN02271,Velaris Sensitive क्रीम Skin Body Wash,Velaris,150ml,500,PC-BW,"shellfish,milk",9439137085870,28/10/23
IN02272,Lumeva Exfoliating Face स्प्रे Scrub,Lumeva,100ml,75,PC-FW,eggs,6822608099378,04/10/18
IN02273,Lumeva 24hr Roll-On Deodorant,Lumeva,150ml,75,PC-DO,"sesame,peanuts,gluten",9883803747386,21/05/19
IN02274,Aurova Volumising Shampoo,Aurova,400ml,50,PC-SH,"gluten,peanuts",6245540770059,10/08/20
IN02275,Gleam पाउडर Sport Deodorant,Gleam,500ml,500,PC-DO,soy,4811808293855,26/08/18
IN02276,Nuvelo Smooth & Shine Conditioner,Nuvelo,400ml,400,PC-CD,"sesame,wheat,tree nuts,peanuts",7537156415332,17/05/18
IN02277,Motivo Multi-Surface Spray,Motivo,300ml,300,HH-SC,"milk,fish,soy",3119161195535,15/04/18
IN02278,Solaris Dishwasher Tablets,Solaris,150ml,75,HH-DW,peanuts,0377917037932,23/04/18
IN02279,Novix Antibacterial Hand Wash,Novix,750ml,100,PC-HW,,0458207216241,13/01/23
IN02280,Tresol Granola साबुन Bar,Tresol,200ml,300,FB-SN,"peanuts,shellfish,soy,eggs",5506529905369,12/12/22
IN02281,Tresol Dish Liquid,Tresol,50ml,400,HH-DW,milk,9578903550812,25/08/22
IN02282,Nuvelo Fabric Softener,Nuvelo,250ml,300,HH-LN,"shellfish,sesame",1744205405152,27/08/21
IN02283,Nuvelo Foaming Hand Wash,Nuvelo,50ml,100,PC-HW,tree nuts,1675993001342,18/11/18
IN02284,Zenpur Daily Moisturiser,Zenpur,1000ml,500,PC-MS,,6709144654844,23/01/18
IN02285,Vanta Moisturising Body पाउडर Wash,Vanta,200ml,50,PC-BW,,4645497683488,11/12/22
IN02286,Vivara पाउडर 48hr Spray Deodorant,Vivara,300ml,50,PC-DO,"sesame,wheat",4662576013806,12/04/23
IN02287,Tolvex Rinse Aid,Tolvex,75ml,75,HH-DW,"eggs,wheat,gluten,fish",6525081595909,16/06/21
IN02288,Qualis Gentle Face Wash,Qualis,50ml,400,PC-FW,,7416477631037,03/10/19
IN02289,Glova स्प्रे Mixed Nuts Blend,Glova,750ml,400,FB-SN,"shellfish,milk,wheat",5461684446969,04/03/21
IN02290,Aevum Whitening Deodorant,Aevum,100ml,200,PC-DO,"eggs,sesame",3281137244797,06/10/19
IN02291,Tolvex Heavy Duty Dish Soap,Tolvex,250ml,75,HH-DW,"peanuts,sesame",9400946584632,26/09/19
IN02292,Luxara Mustard Sauce,Luxara,500ml,400,FB-CN,"milk,shellfish,soy,sesame",6764973780539,28/01/21
IN02293,Glova Repair Conditioner,Glova,750ml,75,PC-CD,"shellfish,eggs,fish,sesame",8974767666095,01/12/18
IN02294,Aevum Dish Liquid,Aevum,150ml,250,HH-DW,fish,4259931769708,15/12/23
IN02295,Krisol Sensitive Deodorant,Krisol,400ml,250,PC-DO,,6396704477717,17/01/21
IN02296,Orinum Nourishing Body Cleanser,Orinum,400ml,50,PC-BW,tree nuts,0155449409980,06/08/21
IN02297,DUMMY-Tresol Bathroom Cleaner,Tresol,250ml,300,HH-SC,shellfish,4484555766332,17/10/21
IN02298,Kaleo Granola Bar,Kaleo,50ml,250,FB-SN,,9530727728273,13/05/22
IN02299,Solvix Rinse Aid,Solvix,500ml,500,HH-DW,"milk,sesame,peanuts",2660366980279,18/11/22
IN02300,Verdant फोम Mustard Sauce,Verdant,500ml,100,FB-CN,"peanuts,soy,tree nuts,milk",0796165377780,14/11/20
IN02301,Solaris Repair Conditioner,Solaris,75ml,300,PC-CD,"gluten,eggs",9163695072590,22/12/19
IN02302,Solven 24hr Roll-On Deodorant,Solven,300ml,75,PC-DO,"fish,shellfish",8079823070080,17/09/18
IN02303,Krisol Oil Control Face Wash,Krisol,200ml,50,PC-FW,soy,7432692494189,16/01/18
IN02304,Solvix Repair Shampoo,Solvix,750ml,250,PC-SH,"gluten,eggs,sesame,tree nuts",2946403118288,08/03/23
IN02305,Verdant Dish Liquid,Verdant,300ml,250,HH-DW,"tree nuts,eggs,sesame,gluten",2033905966698,05/11/20
IN02306,Clarity Leave-In Conditioner,Clarity,200ml,150,PC-CD,"soy,shellfish,tree nuts,fish",4288463773488,22/08/21
IN02307,Zephyr Refreshing Shower लोशन Gel,Zephyr,100ml,400,PC-BW,"wheat,eggs,shellfish",9316250553267,22/12/22
IN02308,Brightway Eco Dish Liquid,Brightway,200ml,200,HH-DW,"soy,shellfish,wheat,gluten",8779388949127,27/11/23
IN02309,Nexpur Foaming Hand Wash,Nexpur,500ml,400,PC-HW,"peanuts,shellfish,fish",9104076296969,08/07/21
IN02310,Solven Repair Conditioner,Solven,250ml,400,PC-CD,eggs,8020404107190,10/10/18
02311,Arovia Smooth क्रीम & Shine Conditioner,Arovia,200ml,150,PC-CD,shellfish,0265781496354,25/07/21
IN02312,Frosten Moisturising Body जेल Wash,Frosten,150ml,250,PC-BW,eggs,1015845673134,09/05/23
IN02313,Glicen Moisturising Body Wash,Glicen,75ml,400,PC-BW,"gluten,soy",1756073021730,31/01/23
IN02314,Aevum Oil Control Face Wash,Aevum,400ml,50,PC-FW,,0149262189228,05/12/20
IN02315,Purelix क्रीम Moisturising Body Wash,Purelix,75ml,150,PC-BW,"fish,tree nuts,peanuts,gluten",9660251435801,07/02/21
IN02316,Purevex Multi-Surface Spray,Purevex,500ml,50,HH-SC,,4501531195969,27/08/18
IN02317,Cladis Volumising Conditioner,Cladis,750ml,150,PC-CD,"shellfish,gluten",9660548562579,04/12/21
02318,Nexpur Nourishing Body लोशन Cleanser,Nexpur,100ml,200,PC-BW,"peanuts,milk,fish",9486175418276,06/08/23
IN02319,Frostine Hydrating Shampoo,Frostine,500ml,500,PC-SH,,6058019755705,29/11/19
IN02320,Tolvex Foaming Hand Wash,Tolvex,500ml,300,PC-HW,"milk,peanuts",4414429426703,12/12/23
IN02321,Nuarix Liquid Laundry Detergent,Nuarix,250ml,50,HH-LN,,5137862684972,26/06/18
IN02322,Verdant तेल Night Cream,Verdant,75ml,300,PC-MS,"sesame,eggs,peanuts,gluten",0768170068144,19/06/20
IN02323,Clarity Fragrance-Free तेल Hand Wash,Clarity,400ml,100,PC-HW,gluten,7661054171509,30/04/18
IN02324,Zephyr Glass Cleaner,Zephyr,75ml,400,HH-SC,"gluten,eggs,shellfish",0077842845571,25/11/22
IN02325,Teraxis शैम्पू Colour Protect Shampoo,Teraxis,300ml,400,PC-SH,"milk,fish,sesame",7219228349140,20/04/20
IN02326,Brightway Sensitive Skin Body तेल Wash,Brightway,75ml,250,PC-BW,shellfish,2597833674082,23/02/19
IN02327,Zenpur Deep शैम्पू Conditioner,Zenpur,750ml,200,PC-CD,"shellfish,fish",9880122562089,04/06/20
IN02328,Tolvex Antibacterial Hand Wash,Tolvex,50ml,500,PC-HW,soy,0162063703554,11/12/21
IN02329,Toreva Dish फोम Liquid,Toreva,75ml,300,HH-DW,"fish,eggs,gluten",6296586360254,24/09/20
IN02330,Solaris Aloe Hand Wash,Solaris,150ml,100,PC-HW,,9225450806946,17/03/18
IN02331,Luxara Heavy Duty पाउडर Dish Soap,Luxara,400ml,150,HH-DW,"shellfish,eggs,soy,tree nuts",4100066584844,13/09/20
IN02332,Plexum Oat Protein Bar,Plexum,50ml,50,FB-SN,"fish,milk",3560897064938,11/04/23
IN02333,Zephyr Whitening Deodorant,Zephyr,200ml,200,PC-DO,"gluten,milk,tree nuts",8304702789020,09/02/23
IN02334,Vivara Fragrance-Free Hand Wash,Vivara,75ml,150,PC-HW,,0501985754730,12/09/23
IN02335,Elaris Sensitive Skin Body Wash,Elaris,100ml,400,PC-BW,"gluten,sesame,milk",2828507255321,23/02/18
IN02336,Novix 48hr Spray Deodorant,Novix,250ml,75,PC-DO,"tree nuts,milk",1352471178870,16/11/21
IN02337,Glova Nourishing Body Cleanser,Glova,150ml,75,PC-BW,"peanuts,eggs,milk,wheat",1412007404511,18/09/21
IN02338,DUMMY-Aevum Aloe Hand Wash,Aevum,150ml,150,PC-HW,shellfish,6926899473876,11/04/20
IN02339,Brightway Sensitive Skin Body Wash,Brightway,1000ml,250,PC-BW,soy,9060563607123,20/05/21
IN02340,Velaris Volumising Shampoo,Velaris,150ml,200,PC-SH,"eggs,wheat,tree nuts,peanuts",1936694364366,04/12/21
IN02341,Helix Mayonnaise,Helix,1000ml,200,FB-CN,"gluten,peanuts",5681508951466,11/08/20
IN02342,Novix Tomato Ketchup,Novix,400ml,500,FB-CN,"shellfish,fish,soy,eggs",0230423338835,01/03/19
IN02343,XXX-Motivo Vinegar शैम्पू Dressing,Motivo,50ml,100,FB-CN,"milk,wheat",7040043866686,26/05/21
IN02344,Solaris Multi-Surface Spray,Solaris,1000ml,100,HH-SC,"milk,wheat,shellfish",5789663680532,12/06/23
IN02345,Oralix Hydrating Face Wash,Oralix,500ml,500,PC-FW,soy,3097019982479,10/08/23
IN02346,Vivara Deep Clean Body Wash,Vivara,75ml,500,PC-BW,"wheat,eggs,milk",9863678281680,06/05/22
IN02347,Motivo पाउडर Moisturising Body Wash,Motivo,300ml,500,PC-BW,"eggs,wheat,shellfish,peanuts",0425284658066,04/11/18
IN02348,Aevum Hot Chilli Sauce,Aevum,100ml,100,FB-CN,"eggs,shellfish",9703108083487,18/01/18
IN02349,TEST-Zenpur Eco शैम्पू Dish Liquid,Zenpur,200ml,200,HH-DW,"shellfish,sesame,milk,fish",4833465867262,03/09/18
IN02350,Aurova Deep Conditioner,Aurova,75ml,500,PC-CD,,6664059974305,16/12/23
IN02351,Zephyr Disinfectant Spray,Zephyr,150ml,400,HH-SC,"wheat,tree nuts,soy,shellfish",1268870415570,08/02/19
IN02352,Serafix Exfoliating Face Scrub,Serafix,75ml,200,PC-FW,eggs,7562479944337,01/04/19
IN02353,Nexpur Disinfectant Spray,Nexpur,400ml,150,HH-SC,,5976620840782,28/01/21
IN02354,Verdant Rice Cakes,Verdant,50ml,75,FB-SN,"shellfish,gluten",4662199785654,28/05/19
IN02355,Polvera Sport साबुन Deodorant,Polvera,200ml,100,PC-DO,"tree nuts,sesame",6672929907223,17/09/22
IN02356,Nuvelo Disinfectant Spray,Nuvelo,50ml,300,HH-SC,,1541382738680,23/11/23
IN02357,Lumeva Oil Control Face Wash,Lumeva,100ml,150,PC-FW,"gluten,sesame,fish,eggs",2546862966101,17/07/20
IN02358,Vivara Sensitive Deodorant,Vivara,400ml,200,PC-DO,"milk,sesame,peanuts,eggs",7149262735060,09/05/18
IN02359,Brightway Moisturising Body Wash,Brightway,300ml,300,PC-BW,"fish,milk",9614909100917,27/10/22
IN02360,Polvera Fragrance-Free Hand Wash,Polvera,750ml,250,PC-HW,"tree nuts,peanuts",3001784627428,18/01/18
IN02361,Kaleo Mustard Sauce,Kaleo,100ml,250,FB-CN,"gluten,sesame,shellfish,tree nuts",3073216656917,07/07/18
02362,Oralix Rice Cakes,Oralix,1000ml,500,FB-SN,"eggs,gluten,shellfish",1340250064223,21/02/23
IN02363,Cristalix Fragrance-Free Hand Wash,Cristalix,200ml,200,PC-HW,"tree nuts,wheat,fish",5053477411607,05/10/19
IN02364,Nuarix Fabric Softener,Nuarix,750ml,250,HH-LN,sesame,8755987592049,13/10/18
IN02365,Toreva Mustard Sauce,Toreva,100ml,500,FB-CN,soy,0164303297748,22/04/21
IN02366,Plexum Mustard Sauce,Plexum,150ml,100,FB-CN,"peanuts,tree nuts,shellfish,gluten",6740477246498,24/05/23
IN02367,Aurova Smooth & Shine Conditioner,Aurova,1000ml,200,PC-CD,,9067100997846,09/04/21
IN02368,Primus Smooth & Shine पाउडर Conditioner,Primus,100ml,150,PC-CD,,6421282658590,09/04/23
IN02369,Elaris स्प्रे Refreshing Shower Gel,Elaris,500ml,75,PC-BW,,5579991584349,07/12/21
IN02370,Glova Fragrance-Free Hand Wash,Glova,1000ml,100,PC-HW,peanuts,3440708063131,08/09/21
IN02371,Cristalix Rinse Aid,Cristalix,250ml,400,HH-DW,"peanuts,tree nuts,milk,sesame",7312821112644,16/09/19
IN02372,Helix Colour Protect जेल Shampoo,Helix,250ml,200,PC-SH,"shellfish,sesame",8937707050705,28/02/22
IN02373,Teraxis Tomato Ketchup,Teraxis,300ml,100,FB-CN,"soy,wheat,shellfish",6243265720793,22/11/23
IN02374,Tolvex Nourishing Body Cleanser,Tolvex,400ml,50,PC-BW,"sesame,soy,shellfish",9877523999637,12/05/22
IN02375,Alteva Dish Liquid,Alteva,200ml,250,HH-DW,"peanuts,eggs",9838579282623,15/03/18
IN02376,Zenpur Repair Shampoo,Zenpur,75ml,250,PC-SH,"gluten,tree nuts,wheat,soy",4787155333172,21/07/20
IN02377,Gleam Volumising Shampoo,Gleam,200ml,400,PC-SH,"soy,fish",9617650210003,04/12/19
IN02378,Sovara Disinfectant Spray,Sovara,200ml,250,HH-SC,"shellfish,milk,sesame,wheat",1253806319053,02/06/20
IN02379,Aevum Glass Cleaner,Aevum,150ml,100,HH-SC,"shellfish,wheat,gluten,sesame",6226897531159,01/11/19
02380,Krisol Mustard स्प्रे Sauce,Krisol,150ml,500,FB-CN,"wheat,milk,shellfish",5793144494198,19/03/22
IN02381,Toreva Mustard Sauce,Toreva,1000ml,300,FB-CN,peanuts,3840927715734,23/08/22
IN02382,Zephyr Fabric Softener,Zephyr,1000ml,400,HH-LN,,5182511031867,30/01/23
IN02383,Velaris Deep Conditioner,Velaris,250ml,75,PC-CD,"peanuts,tree nuts",6619667601501,12/01/21
IN02384,Zephyr Brightening Face तेल Wash,Zephyr,75ml,50,PC-FW,"milk,wheat,gluten,shellfish",5576475665730,25/07/19
IN02385,Velaris Heavy Duty तेल Dish Soap,Velaris,200ml,75,HH-DW,,5068590233098,01/05/21
IN02386,Glova Moisturising शैम्पू Hand Wash,Glova,200ml,400,PC-HW,,6165373053429,01/01/18
IN02387,Purevex Disinfectant Spray,Purevex,1000ml,300,HH-SC,gluten,3096150710668,14/05/19
IN02388,Oralix Aloe Hand Wash,Oralix,150ml,300,PC-HW,"milk,tree nuts,gluten",4117977963194,13/03/21
IN02389,Vanta Foaming Hand Wash,Vanta,750ml,300,PC-HW,,8749612298307,03/10/23
IN02390,Novix Hot Chilli Sauce,Novix,500ml,200,FB-CN,"shellfish,sesame,wheat",4375968686273,04/11/20
IN02391,Nuarix Laundry सीरम Powder,Nuarix,150ml,50,HH-LN,,9715475950132,04/06/20
IN02392,Brightway Foaming Hand Wash,Brightway,1000ml,75,PC-HW,,5678140828249,20/07/22
IN02393,Gleam Lightweight Lotion,Gleam,75ml,150,PC-MS,"eggs,fish,tree nuts",0942315963789,18/12/18
IN02394,Gleam Gentle Face शैम्पू Wash,Gleam,750ml,75,PC-FW,"eggs,sesame",1369004790461,04/06/21
IN02395,Verdant जेल Lightweight Lotion,Verdant,50ml,250,PC-MS,"eggs,tree nuts,gluten,peanuts",3942789119269,31/12/23
IN02396,Luminos Dish Liquid,Luminos,750ml,500,HH-DW,"milk,fish,eggs",4416661177290,13/02/21
IN02397,Purelix Deep सीरम Conditioner,Purelix,400ml,50,PC-CD,"milk,tree nuts,sesame,peanuts",2404977957240,28/01/18
02398,Oralix Refreshing Shower Gel,Oralix,150ml,75,PC-BW,"eggs,sesame",6175989622490,29/05/21
IN02399,Purelix Hot Chilli Sauce,Purelix,200ml,75,FB-CN,,5199010263347,03/07/19
IN02400,Krisol Volumising Conditioner,Krisol,400ml,400,PC-CD,,8594268239552,17/12/20
IN02401,Verdant Brightening Face Wash,Verdant,500ml,100,PC-FW,,3801155769418,27/02/22
IN02402,Lumeva Volumising Shampoo,Lumeva,500ml,250,PC-SH,"soy,wheat",3750839731756,15/11/19
IN02403,Solvix 48hr क्रीम Spray Deodorant,Solvix,150ml,100,PC-DO,"soy,peanuts",2139579656283,27/01/18
IN02404,Plexum Kitchen Cleaner,Plexum,250ml,50,HH-SC,,6455804829403,04/05/23
IN02405,Nexpur Vinegar Dressing,Nexpur,500ml,300,FB-CN,tree nuts,5872937062582,12/03/23
IN02406,Motivo Mixed Nuts Blend,Motivo,50ml,500,FB-SN,,5582262316754,24/03/18
IN02407,Vivara Hydrating Shampoo,Vivara,150ml,100,PC-SH,"milk,soy,peanuts",1477568863719,26/08/20
IN02408,Frosten Disinfectant Spray,Frosten,500ml,400,HH-SC,,8053828981220,02/07/20
IN02409,Motivo Vinegar Dressing,Motivo,250ml,400,FB-CN,"soy,shellfish",6445125622203,21/04/20
IN02410,Verdant जेल Intensive Moisturiser,Verdant,1000ml,200,PC-MS,gluten,9613807186061,09/04/20
IN02411,Verdant Eco जेल Dish Liquid,Verdant,250ml,75,HH-DW,,6838292162984,28/03/22
IN02412,Nuarix Nourishing Body लोशन Cleanser,Nuarix,100ml,400,PC-BW,"tree nuts,shellfish,eggs,fish",0363056956258,22/05/18
IN02413,Motivo शैम्पू Vinegar Dressing,Motivo,750ml,200,FB-CN,,2352888990880,27/10/23
IN02414,Alteva Antibacterial Hand Wash,Alteva,75ml,75,PC-HW,,7149236036803,11/09/23
IN02415,Luxara Mustard साबुन Sauce,Luxara,1000ml,500,FB-CN,"peanuts,gluten",3721326776383,05/07/20
IN02416,Purevex Colour स्प्रे Protect Shampoo,Purevex,1000ml,500,PC-SH,,4384309797561,01/10/23
IN02417,Kaleo Granola Bar,Kaleo,75ml,500,FB-SN,,8018747291317,19/05/19
IN02418,Zenpur Volumising Conditioner,Zenpur,750ml,400,PC-CD,"fish,milk",3023121781709,17/06/21
IN02419,Tresol Leave-In पाउडर Conditioner,Tresol,400ml,250,PC-CD,"sesame,gluten,eggs,fish",1859206304165,10/11/21
IN02420,TEST-Nexpur Volumising Conditioner,Nexpur,300ml,75,PC-CD,"gluten,eggs,milk,peanuts",5310017925131,14/06/22
IN02421,Brightway Mayonnaise,Brightway,150ml,500,FB-CN,"fish,wheat,peanuts,gluten",1370209819406,03/11/18
IN02422,Lumeva Intensive Moisturiser,Lumeva,300ml,75,PC-MS,fish,0772720450983,30/01/18
IN02423,Nuarix Moisturising सीरम Hand Wash,Nuarix,1000ml,250,PC-HW,soy,3501626251045,19/01/21
IN02424,Solaris Antibacterial Hand Wash,Solaris,150ml,50,PC-HW,"eggs,tree nuts",1332096730929,16/04/21
IN02425,Frostine Deep Clean Body Wash,Frostine,75ml,150,PC-BW,"gluten,fish",6533903638574,12/02/21
IN02426,Aevum Oil Control लोशन Face Wash,Aevum,75ml,250,PC-FW,"milk,gluten,sesame,fish",8416267501464,29/10/23
IN02427,Nuvelo Gentle तेल Face Wash,Nuvelo,300ml,250,PC-FW,,0394558464200,05/02/19
IN02428,Krisol Liquid लोशन Laundry Detergent,Krisol,1000ml,50,HH-LN,soy,2016519889065,06/03/18
IN02429,Solaris जेल Dish Liquid,Solaris,250ml,50,HH-DW,"tree nuts,eggs,wheat",6775046162282,08/03/21
IN02430,Solvix Hydrating Face Wash,Solvix,300ml,250,PC-FW,"sesame,gluten,shellfish",2020487103658,20/07/20
IN02431,Motivo Intensive Moisturiser,Motivo,200ml,75,PC-MS,"peanuts,wheat",7197453145952,25/12/21
IN02432,Oralix Sensitive Skin Body Wash,Oralix,50ml,100,PC-BW,"milk,fish,tree nuts,wheat",7356427294366,16/01/19
IN02433,Luminos Sensitive Skin Body Wash,Luminos,750ml,500,PC-BW,peanuts,5081464702360,25/01/18
IN02434,Glova साबुन Bathroom Cleaner,Glova,400ml,50,HH-SC,"milk,wheat,sesame",5255313417624,04/02/20
IN02435,Clarity Liquid Laundry Detergent,Clarity,250ml,200,HH-LN,,7540163790583,03/01/21
IN02436,Luxara Laundry जेल Powder,Luxara,75ml,400,HH-LN,gluten,3396910829655,13/11/22
IN02437,Oralix Volumising Shampoo,Oralix,300ml,200,PC-SH,"peanuts,fish,shellfish",6478562508458,26/08/18
IN02438,Gleam जेल Salted Crackers,Gleam,200ml,150,FB-SN,"gluten,wheat,tree nuts,soy",0992861028555,15/03/19
IN02439,Alteva Night क्रीम Cream,Alteva,1000ml,100,PC-MS,"tree nuts,wheat",0328659181988,25/05/18
IN02440,Alteva 48hr Spray Deodorant,Alteva,150ml,50,PC-DO,"soy,milk",6730830388408,05/03/19
IN02441,Teraxis Rice Cakes,Teraxis,400ml,400,FB-SN,"gluten,wheat,eggs",9105071970953,10/06/23
IN02442,Zenpur SPF शैम्पू Moisturiser,Zenpur,200ml,50,PC-MS,"gluten,eggs,peanuts",3876738431556,20/08/22
IN02443,Aevum Glass Cleaner,Aevum,250ml,400,HH-SC,"wheat,fish,gluten,tree nuts",6327324370393,19/11/18
IN02444,Toreva Dish तेल Liquid,Toreva,300ml,300,HH-DW,,1343076832984,24/12/22
IN02445,Helix Aloe Hand Wash,Helix,1000ml,300,PC-HW,,5191702423633,14/12/22
IN02446,Cryston Night सीरम Cream,Cryston,150ml,500,PC-MS,"fish,shellfish",1318434135717,27/11/22
IN02447,Brightway Oat Protein Bar,Brightway,300ml,75,FB-SN,,1476207347870,26/07/20
IN02448,Frostine साबुन Granola Bar,Frostine,75ml,200,FB-SN,"tree nuts,fish",4731168859266,07/07/22
IN02449,Teraxis Exfoliating जेल Face Scrub,Teraxis,50ml,50,PC-FW,"sesame,peanuts,soy,gluten",3014857816568,10/02/18
IN02450,Oralix Stain Remover,Oralix,1000ml,200,HH-LN,,8902446288269,26/09/18
IN02451,Verdant Kitchen Cleaner,Verdant,300ml,50,HH-SC,"shellfish,soy,fish,gluten",3149318137224,05/04/20
IN02452,Frostine Liquid Laundry Detergent,Frostine,250ml,50,HH-LN,milk,8349116476494,28/01/20
IN02453,Serafix Rice जेल Cakes,Serafix,500ml,300,FB-SN,"eggs,soy,sesame,tree nuts",7227818155392,30/01/20
IN02454,Novix साबुन Whitening Deodorant,Novix,150ml,50,PC-DO,eggs,3671603384179,05/11/23
IN02455,Zephyr शैम्पू Glass Cleaner,Zephyr,100ml,500,HH-SC,"peanuts,milk,shellfish",2648810503915,06/09/22
IN02456,Purevex Disinfectant Spray,Purevex,100ml,500,HH-SC,"soy,shellfish,gluten,peanuts",8593082278143,10/10/22
IN02457,Cristalix Rinse Aid,Cristalix,750ml,250,HH-DW,fish,9823207248614,17/12/18
IN02458,Solvix Sensitive Deodorant,Solvix,100ml,150,PC-DO,,6780194670145,14/11/18
IN02459,Zephyr Smooth & Shine Conditioner,Zephyr,200ml,200,PC-CD,"eggs,wheat,milk",8362487485629,26/05/20
IN02460,Gleam Disinfectant Spray,Gleam,500ml,300,HH-SC,,7327760639510,10/09/20
IN02461,Clarity Aloe Hand Wash,Clarity,750ml,50,PC-HW,"tree nuts,shellfish,peanuts",1698436633757,02/09/22
IN02462,XXX-Nuvelo Colour Protect स्प्रे Shampoo,Nuvelo,250ml,150,PC-SH,"shellfish,gluten",7785929458363,29/10/18
IN02463,Nuarix Stain Remover,Nuarix,150ml,400,HH-LN,"peanuts,sesame",9239604244508,18/01/20
IN02464,Solaris Sensitive फोम Deodorant,Solaris,1000ml,50,PC-DO,eggs,7829598816106,17/08/20
IN02465,Aurova Glass पाउडर Cleaner,Aurova,100ml,200,HH-SC,,3804374126987,09/02/18
IN02466,Toreva लोशन Laundry Capsules,Toreva,250ml,75,HH-LN,,8619970783930,24/11/18
IN02467,Lumeva Oil Control Face Wash,Lumeva,200ml,50,PC-FW,shellfish,5942501657558,01/08/21
IN02468,Alteva फोम Bathroom Cleaner,Alteva,300ml,150,HH-SC,sesame,1070560557381,08/03/21
IN02469,Clarity Hydrating Shampoo,Clarity,300ml,50,PC-SH,,6616153176604,05/11/19
IN02470,Nuarix SPF Moisturiser,Nuarix,250ml,300,PC-MS,"shellfish,eggs,sesame,wheat",3369757554608,24/04/22
IN02471,Nuvelo Laundry Powder,Nuvelo,100ml,300,HH-LN,,5338824996960,25/03/22
IN02472,Novix क्रीम Salted Crackers,Novix,1000ml,75,FB-SN,"shellfish,tree nuts,milk,wheat",1403634874518,20/07/19
IN02473,Glova Rice Cakes,Glova,750ml,150,FB-SN,"gluten,milk,wheat",2930944312137,30/01/21
IN02474,Qualis Granola Bar,Qualis,400ml,50,FB-SN,,7256687230633,13/09/22
IN02475,Alteva Sensitive Deodorant,Alteva,150ml,400,PC-DO,,5104136777678,19/01/22
IN02476,Tolvex Dishwasher Tablets,Tolvex,100ml,100,HH-DW,"gluten,fish",7371967557917,26/06/19
IN02477,Frostine Sensitive Skin तेल Body Wash,Frostine,250ml,200,PC-BW,,2894438826978,12/07/22
IN02478,Glova Rinse Aid,Glova,150ml,300,HH-DW,"shellfish,peanuts,fish",8996908786394,19/11/18
IN02479,Novix साबुन Daily Moisturiser,Novix,150ml,250,PC-MS,"milk,peanuts,gluten,tree nuts",4447427072542,21/01/21
IN02480,Velaris 48hr Spray Deodorant,Velaris,500ml,300,PC-DO,,0954728740758,06/01/19
IN02481,Lumeva Dishwasher शैम्पू Tablets,Lumeva,75ml,200,HH-DW,"fish,sesame,tree nuts,soy",8280356899103,05/03/22
IN02482,Velaris Laundry Capsules,Velaris,400ml,50,HH-LN,"tree nuts,milk,eggs",3993925679741,04/06/22
IN02483,Krisol Gentle Face क्रीम Wash,Krisol,400ml,400,PC-FW,,8626678616330,26/05/22
IN02484,Glova Hydrating Face Wash,Glova,150ml,50,PC-FW,wheat,6249864094662,09/02/22
IN02485,Solaris Lightweight Lotion,Solaris,400ml,50,PC-MS,"soy,fish",4434954121768,29/11/19
IN02486,Gleam Sensitive Skin Body Wash,Gleam,50ml,75,PC-BW,sesame,9348280092058,05/10/20
IN02487,Luminos Fragrance-Free स्प्रे Hand Wash,Luminos,200ml,250,PC-HW,"sesame,fish,gluten",9001923315241,01/03/18
IN02488,Toreva Daily तेल Moisturiser,Toreva,1000ml,400,PC-MS,"gluten,wheat,peanuts,fish",2768612779339,15/07/20
IN02489,Sovara Brightening Face तेल Wash,Sovara,750ml,200,PC-FW,milk,1844576616291,30/01/22
IN02490,Elaris Deep क्रीम Clean Body Wash,Elaris,75ml,50,PC-BW,eggs,8417326523465,22/02/22
IN02491,Elaris Granola Bar,Elaris,300ml,75,FB-SN,milk,3846726440198,03/10/23
IN02492,Hevara जेल Dishwasher Tablets,Hevara,500ml,75,HH-DW,"soy,tree nuts",3542562860786,13/12/18
02493,Elaris Hydrating Face Wash,Elaris,400ml,250,PC-FW,,3407491850584,22/07/19
IN02494,Oralix Mustard Sauce,Oralix,250ml,250,FB-CN,"fish,tree nuts",1206906119597,04/02/23
IN02495,Brightway Exfoliating Face Scrub,Brightway,250ml,150,PC-FW,,3158464394429,09/03/18
IN02496,Verdant Granola Bar,Verdant,1000ml,50,FB-SN,,9231950787302,02/11/21
IN02497,Frosten Mayonnaise,Frosten,50ml,50,FB-CN,peanuts,3292620555566,28/08/19
IN02498,Aevum लोशन Fabric Softener,Aevum,400ml,250,HH-LN,"tree nuts,shellfish,soy",3939943109518,29/08/23
IN02499,Krisol Fabric Softener,Krisol,400ml,500,HH-LN,"sesame,wheat,milk",9572839783016,06/11/22
IN02500,Arovia Whitening शैम्पू Deodorant,Arovia,1000ml,500,PC-DO,"fish,milk",7456256703272,12/02/19
IN02501,Orinum Stain Remover,Orinum,250ml,500,HH-LN,"tree nuts,milk,sesame",2075204690744,02/05/20
IN02502,Teraxis Dish Liquid,Teraxis,300ml,200,HH-DW,"peanuts,shellfish,sesame,eggs",9202444073195,05/06/23
IN02503,Gleam Colour Protect Shampoo,Gleam,750ml,50,PC-SH,,1203672916948,29/05/19
IN02504,Teraxis Antibacterial स्प्रे Hand Wash,Teraxis,300ml,300,PC-HW,"peanuts,shellfish,eggs",0793527565205,12/10/20
IN02505,Zephyr Volumising Shampoo,Zephyr,1000ml,50,PC-SH,,6183215290078,24/04/21
IN02506,Motivo Repair जेल Shampoo,Motivo,200ml,150,PC-SH,,8604283167232,20/06/19
IN02507,Tolvex Intensive Moisturiser,Tolvex,200ml,200,PC-MS,"eggs,milk,fish",0606737788923,24/10/18
IN02508,Novix Daily लोशन Moisturiser,Novix,75ml,50,PC-MS,,7290847980112,12/02/23
IN02509,Arovia Nourishing Body Cleanser,Arovia,300ml,200,PC-BW,"fish,tree nuts,sesame",7579033675941,27/06/23
IN02510,Luminos शैम्पू Dish Liquid,Luminos,750ml,150,HH-DW,"sesame,peanuts,fish",5230804533434,12/04/18
IN02511,Novix Lightweight Lotion,Novix,100ml,50,PC-MS,"milk,gluten,sesame",2675547539641,02/01/19
IN02512,Alteva Moisturising Hand Wash,Alteva,100ml,250,PC-HW,,1723035821721,10/05/22
IN02513,Luminos Oil Control Face Wash,Luminos,500ml,50,PC-FW,"sesame,milk",8861125804438,04/09/18
IN02514,Solvix Fragrance-Free Hand Wash,Solvix,400ml,400,PC-HW,eggs,1271681098177,30/08/22
IN02515,Vivara Moisturising Hand जेल Wash,Vivara,100ml,75,PC-HW,"wheat,fish",7371107068686,10/11/22
IN02516,Tolvex पाउडर Intensive Moisturiser,Tolvex,200ml,75,PC-MS,"shellfish,soy",5946895374251,08/12/19
IN02517,Orinum Sensitive फोम Deodorant,Orinum,300ml,500,PC-DO,"gluten,shellfish,sesame,fish",3951660323701,13/02/19
IN02518,Lumeva Daily Moisturiser,Lumeva,250ml,50,PC-MS,"eggs,tree nuts,gluten",9963230477251,11/09/22
IN02519,Vivara Hydrating तेल Shampoo,Vivara,1000ml,250,PC-SH,soy,8416290628817,07/08/21
IN02520,XXX-Cladis Rice Cakes,Cladis,50ml,150,FB-SN,,9805183434939,27/07/22
IN02521,Sovara Brightening Face Wash,Sovara,500ml,50,PC-FW,"shellfish,gluten,soy,wheat",7244167621873,03/04/21
IN02522,Lumeva Gentle Face Wash,Lumeva,300ml,200,PC-FW,"peanuts,wheat,soy",2683487092959,03/03/19
IN02523,Luxara Moisturising जेल Hand Wash,Luxara,750ml,50,PC-HW,"peanuts,tree nuts,gluten,shellfish",2627733125817,20/06/19
IN02524,Cryston Vinegar Dressing,Cryston,300ml,300,FB-CN,peanuts,0419744765227,27/05/21
IN02525,Cladis साबुन Aloe Hand Wash,Cladis,500ml,250,PC-HW,wheat,6921751713527,01/05/21
IN02526,Gleam Sport जेल Deodorant,Gleam,400ml,50,PC-DO,"milk,gluten",5745807664875,22/10/23
IN02527,Plexum Daily Moisturiser,Plexum,500ml,150,PC-MS,,2760783359488,24/12/19
IN02528,Verdant क्रीम Mayonnaise,Verdant,250ml,100,FB-CN,"sesame,gluten",1603534176549,27/07/22
IN02529,Solven Anti-Dandruff Shampoo,Solven,75ml,75,PC-SH,,1473912983584,22/10/20
IN02530,TEST-Hevara सीरम Lightweight Lotion,Hevara,50ml,75,PC-MS,shellfish,7127715685391,19/01/18
IN02531,Solvix Dish Liquid,Solvix,400ml,200,HH-DW,"shellfish,peanuts",0803089229061,06/12/20
IN02532,Lumeva Colour Protect Shampoo,Lumeva,300ml,250,PC-SH,"peanuts,milk,wheat,tree nuts",9376452658726,20/11/23
IN02533,Cristalix Refreshing क्रीम Shower Gel,Cristalix,500ml,300,PC-BW,"fish,wheat",6008059801887,26/09/23
IN02534,Nuarix Moisturising Body Wash,Nuarix,150ml,50,PC-BW,,5378286872204,20/02/20
IN02535,Purevex Deep Clean Body Wash,Purevex,50ml,500,PC-BW,,6922397662156,07/01/21
02536,Nuarix Anti-Dandruff Shampoo,Nuarix,75ml,500,PC-SH,,7027292942866,06/06/20
IN02537,Arovia Whitening Deodorant,Arovia,150ml,200,PC-DO,"wheat,fish,soy,peanuts",9874955910926,29/07/20
IN02538,Vivara Brightening Face तेल Wash,Vivara,500ml,500,PC-FW,"shellfish,wheat",8346389161904,05/12/21
IN02539,Solaris जेल Whitening Deodorant,Solaris,250ml,150,PC-DO,,2961499094162,01/04/23
IN02540,Teraxis Rinse Aid,Teraxis,1000ml,100,HH-DW,,2798914548111,11/05/19
IN02541,Primus Kitchen Cleaner,Primus,200ml,250,HH-SC,"peanuts,sesame,shellfish,wheat",9400926288659,01/04/18
IN02542,Luminos Kitchen Cleaner,Luminos,50ml,500,HH-SC,,5701974357521,12/06/19
02543,Nuarix क्रीम Sport Deodorant,Nuarix,250ml,300,PC-DO,"milk,sesame,peanuts,soy",9001581236247,06/02/20
IN02544,Gleam Lightweight Lotion,Gleam,1000ml,200,PC-MS,"milk,gluten,wheat",5190672446093,12/01/22
IN02545,Nexpur Glass Cleaner,Nexpur,200ml,500,HH-SC,"shellfish,peanuts,gluten",6308357289098,23/01/19
IN02546,Vanta Tomato स्प्रे Ketchup,Vanta,300ml,150,FB-CN,"shellfish,peanuts",1804202230598,07/05/23
IN02547,Cristalix तेल Sensitive Deodorant,Cristalix,150ml,300,PC-DO,"wheat,sesame,shellfish,soy",5755525868561,14/01/22
IN02548,Krisol Deep Clean Body क्रीम Wash,Krisol,300ml,200,PC-BW,"shellfish,sesame,wheat,tree nuts",6487130002557,05/12/20
IN02549,Qualis Fragrance-Free Hand Wash,Qualis,150ml,150,PC-HW,"shellfish,sesame",5294844704148,04/03/22
IN02550,Polvera Nourishing Body Cleanser,Polvera,300ml,150,PC-BW,shellfish,0695118196136,31/12/23
IN02551,Vivara Hot Chilli Sauce,Vivara,1000ml,250,FB-CN,"gluten,peanuts",2298133241997,01/03/23
IN02552,Helix Multi-Surface Spray,Helix,500ml,50,HH-SC,,6774360489099,30/10/23
IN02553,Brightway Whitening पाउडर Deodorant,Brightway,400ml,75,PC-DO,"soy,fish",9474934768892,19/05/20
IN02554,XXX-Purelix Oat Protein Bar,Purelix,75ml,300,FB-SN,,8776458084313,24/08/22
IN02555,Nexpur Mustard Sauce,Nexpur,75ml,400,FB-CN,"milk,gluten,tree nuts,eggs",1260557402842,08/10/21
IN02556,Novix Rinse फोम Aid,Novix,400ml,300,HH-DW,fish,2681307837315,01/11/23
IN02557,Zenpur Mixed Nuts Blend,Zenpur,750ml,200,FB-SN,,2345923258021,29/03/21
IN02558,Solaris Sport Deodorant,Solaris,75ml,75,PC-DO,"wheat,shellfish,peanuts",3514928632702,23/09/19
IN02559,Cryston Gentle Face Wash,Cryston,200ml,50,PC-FW,sesame,1060763443345,28/08/22
IN02560,Gleam Refreshing Shower सीरम Gel,Gleam,300ml,150,PC-BW,tree nuts,6416298702528,23/01/19
IN02561,Nuvelo 24hr Roll-On Deodorant,Nuvelo,1000ml,150,PC-DO,"eggs,shellfish",2368504485265,30/07/18
IN02562,Glicen Mayonnaise,Glicen,150ml,250,FB-CN,"shellfish,wheat",2405530611395,11/03/18
IN02563,Vivara Nourishing Body Cleanser,Vivara,1000ml,500,PC-BW,"wheat,shellfish,tree nuts,fish",2340870568339,01/10/21
IN02564,Cladis फोम Sport Deodorant,Cladis,150ml,500,PC-DO,"gluten,sesame",1828439974865,23/06/18
IN02565,Hevara Nourishing शैम्पू Body Cleanser,Hevara,250ml,400,PC-BW,soy,8079266094049,28/10/20
IN02566,Luminos Bathroom लोशन Cleaner,Luminos,75ml,400,HH-SC,"milk,tree nuts",6655899065865,29/07/23
IN02567,Nexpur Mixed Nuts Blend,Nexpur,150ml,100,FB-SN,,4300631910690,07/04/23
IN02568,Motivo Volumising Shampoo,Motivo,150ml,250,PC-SH,"eggs,gluten,peanuts,tree nuts",2028612232860,10/05/19
IN02569,XXX-Hevara Daily Moisturiser,Hevara,100ml,200,PC-MS,"peanuts,wheat",2492243023201,03/03/18
IN02570,Serafix Moisturising Body Wash,Serafix,100ml,400,PC-BW,"gluten,wheat,sesame,shellfish",3509791353298,14/08/21
IN02571,Teraxis Antibacterial Hand Wash,Teraxis,400ml,300,PC-HW,gluten,4846764089778,26/01/22
IN02572,Purevex Exfoliating Face Scrub,Purevex,200ml,50,PC-FW,"soy,milk,shellfish,sesame",9063360273157,29/09/22
IN02573,Purelix Kitchen Cleaner,Purelix,75ml,400,HH-SC,fish,2924598977736,17/01/20
IN02574,Serafix जेल Granola Bar,Serafix,500ml,100,FB-SN,,4629222283389,05/12/18
IN02575,Toreva शैम्पू Hydrating Face Wash,Toreva,100ml,100,PC-FW,tree nuts,9062709401442,01/11/18
IN02576,Qualis पाउडर Repair Conditioner,Qualis,100ml,100,PC-CD,"wheat,peanuts,tree nuts,soy",7089393504626,14/02/20
IN02577,XXX-Nuvelo तेल Exfoliating Face Scrub,Nuvelo,75ml,250,PC-FW,tree nuts,8338789591900,26/10/21
IN02578,Frosten Gentle Face Wash,Frosten,1000ml,200,PC-FW,"sesame,shellfish",5950825723231,27/02/18
IN02579,Zephyr Deep Clean Body Wash,Zephyr,500ml,300,PC-BW,,8694846747520,06/02/19
IN02580,Cristalix लोशन Lightweight Lotion,Cristalix,250ml,300,PC-MS,"milk,sesame",6922702525411,29/03/19
IN02581,Krisol Salted Crackers,Krisol,250ml,250,FB-SN,"wheat,peanuts,eggs",2667680940590,06/07/22
IN02582,XXX-Vanta Intensive फोम Moisturiser,Vanta,150ml,150,PC-MS,"peanuts,wheat,gluten",5320654326147,22/06/20
IN02583,Nuarix Daily Moisturiser,Nuarix,1000ml,150,PC-MS,"eggs,tree nuts,wheat",4310915683097,04/02/22
IN02584,Tolvex साबुन Gentle Face Wash,Tolvex,100ml,100,PC-FW,"wheat,fish",4974787067647,28/02/21
IN02585,Purelix Smooth सीरम & Shine Conditioner,Purelix,1000ml,150,PC-CD,,7078101012447,16/11/23
IN02586,Cladis फोम Nourishing Body Cleanser,Cladis,750ml,200,PC-BW,eggs,1874900449103,10/09/18
IN02587,Nuarix Kitchen Cleaner,Nuarix,150ml,75,HH-SC,"gluten,wheat",0499306404122,28/10/18
IN02588,Vanta Deep Clean पाउडर Body Wash,Vanta,1000ml,200,PC-BW,"milk,shellfish,eggs,peanuts",0550315887853,09/06/18
IN02589,Zephyr Foaming Hand Wash,Zephyr,300ml,400,PC-HW,"milk,shellfish",1483515609514,24/12/20
IN02590,Cryston Mixed Nuts Blend,Cryston,400ml,50,FB-SN,eggs,5386115111622,13/04/23
IN02591,Aurova जेल Anti-Dandruff Shampoo,Aurova,250ml,150,PC-SH,"eggs,milk",6165047255319,28/05/18
IN02592,Solaris Kitchen Cleaner,Solaris,75ml,100,HH-SC,milk,7250845240885,25/11/22
IN02593,Tolvex Salted Crackers,Tolvex,750ml,300,FB-SN,"wheat,tree nuts,soy,fish",3601099931915,06/01/21
02594,Aevum Moisturising Body Wash,Aevum,750ml,500,PC-BW,,2971922887414,05/10/21
IN02595,Verdant Oat Protein Bar,Verdant,750ml,100,FB-SN,"peanuts,soy",4502664273869,01/06/22
IN02596,Luxara लोशन Fragrance-Free Hand Wash,Luxara,75ml,75,PC-HW,,5129272430676,13/04/23
IN02597,Alteva Disinfectant Spray,Alteva,150ml,300,HH-SC,"shellfish,sesame,eggs",0708240893511,15/06/20
IN02598,Zenpur Gentle Face Wash,Zenpur,400ml,100,PC-FW,,8236616201728,25/08/21
IN02599,Solvix लोशन Salted Crackers,Solvix,100ml,300,FB-SN,"milk,sesame,fish",9611084039094,10/01/20
IN02600,Cladis Hot Chilli Sauce,Cladis,400ml,150,FB-CN,"milk,sesame,fish",3339950666767,05/02/18
IN02601,Zenpur Granola Bar,Zenpur,50ml,500,FB-SN,,0509083069251,16/07/18
IN02602,Krisol लोशन Oat Protein Bar,Krisol,500ml,50,FB-SN,"tree nuts,fish",4419941243616,27/05/22
IN02603,Zephyr साबुन Nourishing Body Cleanser,Zephyr,100ml,50,PC-BW,"fish,eggs,sesame",8149836784905,28/08/20
IN02604,Orinum Deep लोशन Conditioner,Orinum,400ml,200,PC-CD,"eggs,gluten,shellfish,soy",7550043753157,31/12/22
IN02605,Kaleo 48hr Spray Deodorant,Kaleo,750ml,250,PC-DO,,8386039036749,25/10/22
IN02606,Cladis Bathroom Cleaner,Cladis,400ml,250,HH-SC,tree nuts,1534743927083,05/03/19
IN02607,Cryston Deep Conditioner,Cryston,500ml,50,PC-CD,,3781010320827,07/09/20
IN02608,Arovia Daily सीरम Moisturiser,Arovia,300ml,50,PC-MS,"gluten,milk,shellfish,wheat",7885166190764,03/12/20
IN02609,Aevum SPF Moisturiser,Aevum,50ml,200,PC-MS,"fish,soy",4616222772616,18/03/18
IN02610,Arovia लोशन Sport Deodorant,Arovia,1000ml,50,PC-DO,fish,0284655921891,22/07/21
IN02611,Primus Aloe Hand Wash,Primus,300ml,200,PC-HW,"gluten,soy,sesame,tree nuts",9745391802383,19/04/21
IN02612,Purelix Laundry Capsules,Purelix,75ml,200,HH-LN,fish,3736090857534,01/04/23
IN02613,Orinum Rinse Aid,Orinum,300ml,150,HH-DW,,8342900249274,01/11/21
IN02614,Elaris Leave-In Conditioner,Elaris,300ml,75,PC-CD,"eggs,wheat",1676089601064,16/10/22
IN02615,Lumeva Whitening Deodorant,Lumeva,400ml,500,PC-DO,peanuts,2565829385403,16/05/21
IN02616,Teraxis Granola Bar,Teraxis,250ml,50,FB-SN,gluten,8638346690818,20/11/20
02617,Alteva Lightweight Lotion,Alteva,300ml,50,PC-MS,gluten,6532831530707,25/03/23
IN02618,Lumeva Dish साबुन Liquid,Lumeva,50ml,200,HH-DW,"shellfish,sesame,fish,milk",1508334512989,03/09/19
IN02619,Zenpur Rinse Aid,Zenpur,200ml,75,HH-DW,"soy,gluten,shellfish,peanuts",8147425074383,29/06/19
IN02620,Aevum Refreshing फोम Shower Gel,Aevum,250ml,50,PC-BW,,7867755005352,07/06/23
IN02621,Hevara Hot Chilli Sauce,Hevara,50ml,150,FB-CN,"shellfish,soy,sesame",6142474151636,06/09/19
IN02622,Sovara Rinse Aid,Sovara,300ml,75,HH-DW,"sesame,wheat",4364851782758,23/07/23
IN02623,Oralix Kitchen Cleaner,Oralix,300ml,75,HH-SC,"fish,milk",1741964000925,03/09/21
IN02624,Serafix Aloe Hand Wash,Serafix,1000ml,250,PC-HW,"fish,wheat,shellfish,peanuts",3877765402342,14/04/23
IN02625,Zenpur Anti-Dandruff Shampoo,Zenpur,75ml,150,PC-SH,"peanuts,milk,wheat",8265652936752,11/05/22
IN02626,TEST-Vivara Volumising Conditioner,Vivara,200ml,250,PC-CD,"milk,soy",4989397595534,24/06/22
IN02627,Teraxis Mustard Sauce,Teraxis,100ml,100,FB-CN,,9470544765832,15/02/18
IN02628,Glicen Colour Protect Shampoo,Glicen,1000ml,400,PC-SH,"gluten,wheat,shellfish",0438852871583,13/08/20
IN02629,Plexum लोशन SPF Moisturiser,Plexum,50ml,100,PC-MS,"gluten,shellfish,soy,peanuts",5442402948040,04/10/22
IN02630,Motivo Stain Remover,Motivo,1000ml,500,HH-LN,"milk,sesame,shellfish,soy",3427247711570,12/02/23
02631,Novix Exfoliating Face Scrub,Novix,75ml,250,PC-FW,"eggs,fish,wheat",1736713873141,24/03/18
IN02632,Purevex Mixed Nuts स्प्रे Blend,Purevex,750ml,75,FB-SN,"fish,gluten,eggs",6246988967629,08/11/18
IN02633,Kaleo क्रीम Laundry Powder,Kaleo,200ml,400,HH-LN,"wheat,gluten,peanuts,soy",6867071671485,11/01/22
IN02634,Brightway क्रीम Disinfectant Spray,Brightway,250ml,400,HH-SC,"tree nuts,wheat,soy,sesame",2980093413735,25/10/20
IN02635,Tresol Sport Deodorant,Tresol,200ml,400,PC-DO,,1558221819516,27/12/22
IN02636,Zephyr Colour Protect Shampoo,Zephyr,400ml,50,PC-SH,"shellfish,gluten,fish",9313164538335,28/06/22
IN02637,Zenpur साबुन Night Cream,Zenpur,250ml,50,PC-MS,tree nuts,3321012546759,10/10/18
IN02638,Frosten Lightweight Lotion,Frosten,1000ml,250,PC-MS,"shellfish,gluten,milk,eggs",1705682583207,02/10/18
02639,Qualis Night Cream,Qualis,200ml,250,PC-MS,"soy,fish,shellfish",9883686364441,11/09/23
02640,Polvera Hydrating Shampoo,Polvera,300ml,150,PC-SH,fish,7392060429420,29/07/19
02641,Lumeva Hydrating Shampoo,Lumeva,100ml,200,PC-SH,"peanuts,soy,tree nuts",0697820993874,05/07/19
IN02642,Tresol Hydrating Shampoo,Tresol,50ml,150,PC-SH,"wheat,sesame,soy,peanuts",9015059547612,16/11/22
02643,Glicen Liquid Laundry Detergent,Glicen,1000ml,300,HH-LN,"milk,soy,gluten,wheat",0054680131431,11/09/20
IN02644,Zenpur जेल Antibacterial Hand Wash,Zenpur,400ml,200,PC-HW,wheat,1115495992910,26/04/23
IN02645,Aevum Dish Liquid,Aevum,300ml,50,HH-DW,"eggs,soy,fish,wheat",1765920594839,18/06/22
IN02646,Luminos तेल Sensitive Skin Body Wash,Luminos,75ml,300,PC-BW,"milk,eggs,sesame,wheat",3609643945340,12/07/23
IN02647,Oralix Oil Control Face Wash,Oralix,50ml,300,PC-FW,"gluten,soy,fish",1535305325620,16/06/21
IN02648,Novix Vinegar Dressing,Novix,500ml,500,FB-CN,,4970464855514,15/07/22
IN02649,Nexpur Dishwasher फोम Tablets,Nexpur,200ml,50,HH-DW,"shellfish,peanuts",1193539103898,29/10/18
IN02650,Arovia Rice सीरम Cakes,Arovia,300ml,400,FB-SN,"milk,tree nuts,wheat",1858680439424,27/02/18
IN02651,Solvix Sensitive Skin साबुन Body Wash,Solvix,1000ml,500,PC-BW,"wheat,tree nuts,sesame,soy",8398037037734,05/12/18
IN02652,Vivara Deep Conditioner,Vivara,500ml,500,PC-CD,"gluten,peanuts,tree nuts",3074878134096,30/11/21
IN02653,Nuvelo Salted Crackers,Nuvelo,50ml,250,FB-SN,,1813617000481,05/01/22
IN02654,Glicen जेल Daily Moisturiser,Glicen,100ml,150,PC-MS,"sesame,eggs",0945255396259,19/01/22
IN02655,Nuvelo Antibacterial Hand Wash,Nuvelo,200ml,75,PC-HW,gluten,8701093215297,13/11/20
IN02656,Sovara Repair Shampoo,Sovara,75ml,75,PC-SH,,4832409652612,24/06/19
IN02657,Purelix Repair Shampoo,Purelix,750ml,200,PC-SH,"eggs,milk,sesame,shellfish",1233016796554,18/05/22
IN02658,Cristalix Hot Chilli Sauce,Cristalix,100ml,150,FB-CN,"soy,fish,peanuts,milk",4344622807491,17/08/18
IN02659,XXX-Primus 48hr Spray Deodorant,Primus,1000ml,50,PC-DO,"gluten,tree nuts",0942816836254,31/12/22
IN02660,Helix Kitchen Cleaner,Helix,50ml,500,HH-SC,"wheat,shellfish,peanuts",1059157981556,08/10/21
IN02661,Frostine लोशन Colour Protect Shampoo,Frostine,750ml,250,PC-SH,"wheat,fish",4352217328429,19/12/20
IN02662,Gleam साबुन Laundry Capsules,Gleam,1000ml,100,HH-LN,"sesame,milk,wheat,gluten",2917265134204,03/07/21
IN02663,Solaris स्प्रे Mustard Sauce,Solaris,500ml,75,FB-CN,eggs,4562530302413,18/06/20
IN02664,Glova Moisturising Body Wash,Glova,75ml,150,PC-BW,,4644214377808,01/03/22
IN02665,Tresol Whitening Deodorant,Tresol,100ml,400,PC-DO,"milk,wheat,fish",0497697998725,10/12/21
IN02666,Sovara तेल Aloe Hand Wash,Sovara,1000ml,200,PC-HW,,1350764996729,06/01/23
IN02667,Serafix Rice Cakes,Serafix,150ml,300,FB-SN,"milk,gluten,shellfish,sesame",1947505220115,13/08/19
02668,Glicen Multi-Surface Spray,Glicen,200ml,100,HH-SC,tree nuts,9332381433162,01/11/18
IN02669,Tolvex लोशन Foaming Hand Wash,Tolvex,750ml,400,PC-HW,"peanuts,fish",9707119895114,28/04/19
IN02670,Novix Sensitive Deodorant,Novix,400ml,100,PC-DO,gluten,0371558602641,18/06/19
IN02671,Kaleo Exfoliating Face Scrub,Kaleo,200ml,250,PC-FW,"sesame,peanuts,fish,tree nuts",9371478750805,02/01/22
IN02672,Teraxis Hot Chilli शैम्पू Sauce,Teraxis,75ml,75,FB-CN,"sesame,peanuts,gluten",4002748942440,04/08/20
IN02673,Aurova Disinfectant Spray,Aurova,300ml,300,HH-SC,"milk,peanuts,sesame",8671188161825,30/06/23
IN02674,Gleam पाउडर Rice Cakes,Gleam,150ml,200,FB-SN,"shellfish,peanuts,fish",7845273318819,25/07/21
IN02675,Toreva Foaming Hand Wash,Toreva,200ml,75,PC-HW,tree nuts,4557970790777,15/08/18
IN02676,Qualis SPF Moisturiser,Qualis,150ml,50,PC-MS,milk,1731412725920,21/03/19
IN02677,Clarity Mayonnaise,Clarity,1000ml,500,FB-CN,"fish,shellfish",2405552517743,19/12/23
IN02678,Toreva Sensitive Deodorant,Toreva,100ml,300,PC-DO,"wheat,peanuts",3742822022040,26/10/18
IN02679,Elaris क्रीम Deep Clean Body Wash,Elaris,750ml,300,PC-BW,,7265201487606,12/08/22
IN02680,Orinum Kitchen Cleaner,Orinum,100ml,250,HH-SC,,0932195693203,14/03/22
IN02681,Sovara Salted Crackers,Sovara,250ml,50,FB-SN,"gluten,fish,eggs",5884452364942,23/10/18
IN02682,Vanta Hydrating Shampoo,Vanta,1000ml,100,PC-SH,,8967604062327,31/01/19
IN02683,Nuarix 24hr Roll-On सीरम Deodorant,Nuarix,400ml,250,PC-DO,,9679296058654,17/08/20
IN02684,Solvix Anti-Dandruff Shampoo,Solvix,150ml,200,PC-SH,wheat,0704310772229,27/03/23
IN02685,Aevum Lightweight Lotion,Aevum,250ml,500,PC-MS,"soy,fish,shellfish,wheat",2860176787383,15/10/23
IN02686,Solven Moisturising Body Wash,Solven,75ml,150,PC-BW,,5292383522377,16/07/23
IN02687,Nuvelo 24hr तेल Roll-On Deodorant,Nuvelo,200ml,500,PC-DO,,6324489684600,15/02/21
IN02688,Purelix फोम Volumising Shampoo,Purelix,75ml,300,PC-SH,"tree nuts,peanuts",2793399702140,10/04/22
IN02689,Lumeva लोशन Repair Shampoo,Lumeva,50ml,200,PC-SH,"fish,eggs,milk",2965441904370,20/03/23
IN02690,Lumeva Refreshing Shower Gel,Lumeva,1000ml,300,PC-BW,"milk,tree nuts,gluten",3562372464561,09/02/18
IN02691,Krisol Lightweight साबुन Lotion,Krisol,250ml,75,PC-MS,,9906563226790,19/10/18
IN02692,Solaris Hydrating Shampoo,Solaris,500ml,250,PC-SH,,2592729169420,21/08/19
IN02693,Brightway Smooth & Shine Conditioner,Brightway,250ml,150,PC-CD,"peanuts,eggs,shellfish,wheat",7617657224586,02/11/23
IN02694,Sovara Exfoliating Face Scrub,Sovara,50ml,400,PC-FW,"sesame,soy,gluten,tree nuts",4083378361597,18/01/20
IN02695,Alteva Foaming पाउडर Hand Wash,Alteva,300ml,300,PC-HW,"milk,sesame,gluten,soy",9565300022752,25/02/18
IN02696,Nuarix Dishwasher Tablets,Nuarix,300ml,50,HH-DW,"shellfish,milk",9280337142135,19/04/23
IN02697,Kaleo शैम्पू Intensive Moisturiser,Kaleo,400ml,150,PC-MS,"wheat,gluten,fish,tree nuts",8949542762934,06/10/20
IN02698,Primus Aloe Hand Wash,Primus,150ml,100,PC-HW,"milk,shellfish",2819598161806,05/09/23
IN02699,Novix स्प्रे Sensitive Skin Body Wash,Novix,500ml,50,PC-BW,"milk,soy",3627244522753,26/11/20
IN02700,Solaris Volumising स्प्रे Conditioner,Solaris,150ml,100,PC-CD,"wheat,gluten,sesame",1553250169939,01/02/20
IN02701,TEST-Verdant Heavy पाउडर Duty Dish Soap,Verdant,250ml,75,HH-DW,,6516086249515,09/07/20
IN02702,Sovara Hydrating Face Wash,Sovara,300ml,50,PC-FW,"shellfish,tree nuts",2966471181328,16/01/18
IN02703,Serafix Kitchen Cleaner,Serafix,750ml,75,HH-SC,"eggs,sesame,peanuts,soy",5506369851673,19/09/22
IN02704,Zenpur Mustard Sauce,Zenpur,750ml,75,FB-CN,"fish,gluten,shellfish,soy",0223644995147,18/08/20
IN02705,Tolvex Multi-Surface Spray,Tolvex,200ml,150,HH-SC,"wheat,peanuts",9162631777445,29/08/19
IN02706,Solven Leave-In क्रीम Conditioner,Solven,100ml,200,PC-CD,eggs,9738190347315,02/02/23
IN02707,Vanta 24hr Roll-On Deodorant,Vanta,1000ml,100,PC-DO,"tree nuts,sesame,soy,gluten",8508332710458,28/04/20
IN02708,Helix Granola तेल Bar,Helix,150ml,250,FB-SN,"soy,peanuts,gluten",1719163354712,08/01/22
IN02709,Cristalix Night Cream,Cristalix,1000ml,500,PC-MS,tree nuts,4176892206823,09/11/20
IN02710,Nuarix Whitening Deodorant,Nuarix,50ml,100,PC-DO,"peanuts,tree nuts,shellfish,milk",8691981625492,11/03/20
02711,Toreva Anti-Dandruff शैम्पू Shampoo,Toreva,150ml,300,PC-SH,"eggs,soy",3861367461616,25/10/22
IN02712,Nuvelo Nourishing Body Cleanser,Nuvelo,150ml,150,PC-BW,"milk,shellfish,soy",6712747069533,16/11/18
02713,Cryston Deep Conditioner,Cryston,500ml,200,PC-CD,,6972967204187,28/10/22
IN02714,Serafix Smooth & Shine Conditioner,Serafix,75ml,75,PC-CD,"shellfish,sesame,gluten",5864740192556,07/10/20
IN02715,Qualis Repair स्प्रे Shampoo,Qualis,250ml,50,PC-SH,"fish,eggs",6143840397269,07/05/23
IN02716,Zenpur सीरम Sport Deodorant,Zenpur,400ml,300,PC-DO,"milk,peanuts,eggs,wheat",2509563603850,12/08/21
IN02717,Krisol Smooth & Shine Conditioner,Krisol,500ml,100,PC-CD,eggs,3299678343589,03/02/22
IN02718,Solven Eco Dish Liquid,Solven,750ml,400,HH-DW,"fish,soy,tree nuts",8692254376363,18/07/22
IN02719,Solaris Smooth & Shine Conditioner,Solaris,75ml,75,PC-CD,"eggs,fish,tree nuts",3595539450695,06/11/23
IN02720,Primus Rinse Aid,Primus,1000ml,100,HH-DW,"peanuts,sesame,fish,eggs",0997285541796,17/04/20
IN02721,Frostine Oat Protein Bar,Frostine,150ml,75,FB-SN,"gluten,eggs",4215440967622,29/06/21
IN02722,Vivara Smooth & Shine Conditioner,Vivara,400ml,200,PC-CD,,4052770354766,07/04/22
IN02723,Orinum Gentle Face Wash,Orinum,1000ml,400,PC-FW,"gluten,shellfish,tree nuts,milk",0906519407234,22/02/21
02724,Vivara Antibacterial Hand Wash,Vivara,50ml,200,PC-HW,,1708292209253,27/12/18
IN02725,Lumeva Mixed Nuts Blend,Lumeva,50ml,50,FB-SN,eggs,5011474729903,24/11/21
IN02726,DUMMY-Tresol Sport Deodorant,Tresol,150ml,400,PC-DO,"soy,milk,peanuts,shellfish",7574568442631,12/03/20
IN02727,Arovia Oil Control Face Wash,Arovia,1000ml,500,PC-FW,"peanuts,fish,tree nuts,milk",9034830824131,18/06/18
IN02728,Oralix Repair Shampoo,Oralix,300ml,200,PC-SH,"gluten,milk",3593417733434,23/06/18
IN02729,Glova Rice Cakes,Glova,500ml,100,FB-SN,,8216063923183,21/03/22
IN02730,Glova Disinfectant Spray,Glova,1000ml,75,HH-SC,,8023883697022,28/12/21
IN02731,Toreva Disinfectant स्प्रे Spray,Toreva,150ml,250,HH-SC,"peanuts,gluten,eggs",1935472863992,26/05/22
IN02732,Luminos स्प्रे Repair Conditioner,Luminos,1000ml,100,PC-CD,sesame,4920317591458,11/02/18
IN02733,Aevum Dish Liquid,Aevum,1000ml,50,HH-DW,gluten,5728693953919,11/04/18
02734,Plexum Foaming Hand Wash,Plexum,150ml,150,PC-HW,"wheat,shellfish,fish,gluten",3480249668990,03/12/19
IN02735,Vivara Hydrating क्रीम Face Wash,Vivara,500ml,250,PC-FW,"wheat,milk",1015444847929,17/01/18
IN02736,Oralix Bathroom Cleaner,Oralix,250ml,75,HH-SC,"shellfish,milk,soy,tree nuts",2217759902549,10/12/23
IN02737,Purevex Hydrating Face Wash,Purevex,50ml,150,PC-FW,milk,4103728102974,07/12/19
IN02738,Orinum Rinse Aid,Orinum,250ml,250,HH-DW,,2637007963304,11/01/20
IN02739,Solven Repair Conditioner,Solven,400ml,300,PC-CD,"fish,sesame,wheat",1274621334595,24/11/21
IN02740,Teraxis Laundry Powder,Teraxis,750ml,250,HH-LN,,1929590994416,07/05/21
IN02741,Aurova Bathroom Cleaner,Aurova,400ml,300,HH-SC,shellfish,8256485864763,07/09/22
IN02742,Polvera Rinse Aid,Polvera,250ml,400,HH-DW,"milk,tree nuts,eggs",8650679964510,12/02/19
IN02743,Gleam Whitening Deodorant,Gleam,50ml,250,PC-DO,"wheat,tree nuts,fish,peanuts",7042646979503,12/07/18
IN02744,Purelix सीरम Intensive Moisturiser,Purelix,50ml,300,PC-MS,sesame,2850416275022,24/04/18
IN02745,Nexpur Vinegar Dressing,Nexpur,100ml,250,FB-CN,eggs,2380294462769,24/09/20
IN02746,Elaris 24hr Roll-On Deodorant,Elaris,500ml,400,PC-DO,"gluten,shellfish",1512954589382,06/07/21
IN02747,Qualis Oil Control Face Wash,Qualis,500ml,200,PC-FW,"gluten,eggs,fish,peanuts",5359522875128,29/01/18
IN02748,DUMMY-Purevex स्प्रे Dish Liquid,Purevex,500ml,75,HH-DW,"peanuts,shellfish,soy",1114963360985,30/01/19
IN02749,Polvera Nourishing Body Cleanser,Polvera,50ml,200,PC-BW,"gluten,fish",1974005975832,08/12/20
IN02750,Zenpur Mustard Sauce,Zenpur,750ml,200,FB-CN,eggs,0420841828654,16/01/21
IN02751,Cryston Dish Liquid,Cryston,500ml,400,HH-DW,tree nuts,5054151909373,23/02/22
IN02752,Zephyr Glass Cleaner,Zephyr,400ml,300,HH-SC,,6169413512846,19/04/20
IN02753,Toreva स्प्रे Aloe Hand Wash,Toreva,250ml,250,PC-HW,"wheat,shellfish,sesame,tree nuts",0699226915696,28/10/20
IN02754,Sovara Dish Liquid,Sovara,50ml,500,HH-DW,shellfish,6100235120949,05/02/22
IN02755,Frosten Heavy Duty Dish Soap,Frosten,75ml,250,HH-DW,"soy,peanuts,sesame",3856337598492,15/12/18
IN02756,Tolvex Hydrating Face Wash,Tolvex,400ml,500,PC-FW,"milk,eggs,sesame",1133795233144,21/08/20
IN02757,Helix Repair Conditioner,Helix,1000ml,400,PC-CD,,7127879633870,17/06/18
02758,Serafix शैम्पू Liquid Laundry Detergent,Serafix,1000ml,100,HH-LN,milk,8220448435192,04/07/23
IN02759,Solven साबुन Stain Remover,Solven,300ml,200,HH-LN,"tree nuts,shellfish,eggs,fish",0425990028429,30/06/19
IN02760,Solaris Daily Moisturiser,Solaris,50ml,75,PC-MS,"soy,eggs,gluten,shellfish",7434030579251,08/01/19
IN02761,Plexum Kitchen Cleaner,Plexum,150ml,250,HH-SC,"eggs,soy,fish,peanuts",2201529796858,24/03/21
IN02762,Helix Moisturising लोशन Hand Wash,Helix,75ml,300,PC-HW,"milk,gluten,fish",2082124076640,15/10/21
IN02763,Motivo Mayonnaise,Motivo,100ml,100,FB-CN,,3501134496891,29/08/21
IN02764,Tresol Sensitive Skin Body क्रीम Wash,Tresol,750ml,75,PC-BW,"peanuts,sesame,gluten,wheat",4949725472043,28/06/23
IN02765,Tresol SPF Moisturiser,Tresol,1000ml,75,PC-MS,"tree nuts,fish,soy",9490465144448,19/09/22
IN02766,Solaris Granola Bar,Solaris,200ml,500,FB-SN,,4525288864657,12/03/18
02767,Plexum Stain Remover,Plexum,50ml,200,HH-LN,eggs,7842139136990,07/08/23
IN02768,Alteva फोम Sport Deodorant,Alteva,150ml,150,PC-DO,"shellfish,gluten,wheat",7154224125032,29/11/23
IN02769,Nuvelo Mayonnaise,Nuvelo,75ml,100,FB-CN,"shellfish,wheat",2372074197534,10/05/23
IN02770,Sovara Moisturising Body Wash,Sovara,150ml,100,PC-BW,gluten,9887733521085,30/10/21
IN02771,Teraxis Laundry Powder,Teraxis,400ml,250,HH-LN,"sesame,wheat",6321894510883,20/11/21
02772,Hevara Stain Remover,Hevara,750ml,500,HH-LN,,8119942817835,14/03/21
IN02773,Purelix Deep Conditioner,Purelix,200ml,150,PC-CD,,5534334971972,07/06/19
IN02774,Nuvelo Tomato सीरम Ketchup,Nuvelo,50ml,150,FB-CN,peanuts,2430091731633,26/06/20
IN02775,Gleam Repair Conditioner,Gleam,150ml,50,PC-CD,"shellfish,wheat,peanuts,sesame",7839071212578,04/11/22
IN02776,Oralix Dish Liquid,Oralix,100ml,200,HH-DW,,9827244952077,22/04/22
IN02777,Teraxis सीरम Eco Dish Liquid,Teraxis,75ml,250,HH-DW,sesame,3119778951661,07/01/22
IN02778,Novix Moisturising Body स्प्रे Wash,Novix,50ml,50,PC-BW,"peanuts,gluten",0277601231625,22/10/21
IN02779,Helix Bathroom स्प्रे Cleaner,Helix,50ml,50,HH-SC,,3668574397383,11/01/21
IN02780,Tolvex Multi-Surface Spray,Tolvex,500ml,200,HH-SC,"sesame,eggs",6302129182365,04/03/20
IN02781,Qualis Kitchen क्रीम Cleaner,Qualis,75ml,75,HH-SC,"gluten,peanuts",8031026237059,01/06/18
IN02782,Solvix Foaming Hand Wash,Solvix,200ml,500,PC-HW,tree nuts,2292546547639,11/11/18
IN02783,Helix Aloe Hand Wash,Helix,200ml,250,PC-HW,"gluten,milk",3653542372462,04/10/22
IN02784,Tolvex Glass Cleaner,Tolvex,100ml,100,HH-SC,"soy,shellfish,milk,eggs",7479045522427,27/06/18
IN02785,Sovara Whitening Deodorant,Sovara,200ml,100,PC-DO,"peanuts,shellfish",8064371960341,27/09/23
IN02786,Plexum Heavy Duty Dish Soap,Plexum,75ml,75,HH-DW,"milk,eggs,tree nuts",6539952115424,10/11/20
IN02787,Zenpur Moisturising Body Wash,Zenpur,50ml,200,PC-BW,shellfish,9086808835854,13/12/21
IN02788,Sovara Laundry Powder,Sovara,200ml,250,HH-LN,"sesame,shellfish",5979974254298,25/08/18
IN02789,Aurova Granola लोशन Bar,Aurova,300ml,500,FB-SN,shellfish,5684978507867,26/05/23
IN02790,Plexum क्रीम Repair Conditioner,Plexum,50ml,500,PC-CD,,5808678945112,30/06/20
02791,Elaris शैम्पू Mayonnaise,Elaris,300ml,400,FB-CN,,9992752371006,25/08/19
IN02792,Vivara Oat Protein Bar,Vivara,750ml,300,FB-SN,tree nuts,1875705320932,22/03/22
IN02793,Solvix Volumising Shampoo,Solvix,1000ml,50,PC-SH,,4464197294103,15/05/20
IN02794,Toreva Foaming Hand Wash,Toreva,500ml,50,PC-HW,"gluten,soy,wheat",8940117130370,25/04/18
IN02795,Solven Heavy Duty Dish Soap,Solven,500ml,200,HH-DW,"shellfish,milk,gluten",7373169275927,02/07/23
IN02796,Oralix Intensive Moisturiser,Oralix,75ml,50,PC-MS,,6977400970186,01/06/20
IN02797,Teraxis Repair तेल Conditioner,Teraxis,1000ml,300,PC-CD,"eggs,sesame,milk",6108537007005,15/02/19
IN02798,Krisol सीरम Refreshing Shower Gel,Krisol,100ml,100,PC-BW,,2683905101188,07/10/18
IN02799,Clarity Rice Cakes,Clarity,150ml,200,FB-SN,"sesame,milk,shellfish,peanuts",6987101494119,10/10/22
IN02800,Luxara Oil Control Face साबुन Wash,Luxara,100ml,100,PC-FW,,4295861672114,09/06/23
IN02801,Toreva Refreshing Shower स्प्रे Gel,Toreva,200ml,200,PC-BW,"fish,tree nuts,sesame,milk",2421825480576,15/11/21
IN02802,Zephyr Rinse Aid,Zephyr,100ml,200,HH-DW,peanuts,2633523175481,19/12/22
IN02803,Solvix Multi-Surface Spray,Solvix,150ml,100,HH-SC,,2061392031865,16/01/23
IN02804,Nuvelo Foaming Hand Wash,Nuvelo,200ml,500,PC-HW,wheat,8780739004969,01/08/20
02805,Motivo Sensitive Skin Body Wash,Motivo,300ml,300,PC-BW,"fish,wheat,gluten",0296499104712,27/08/22
IN02806,Toreva Lightweight Lotion,Toreva,200ml,250,PC-MS,"peanuts,gluten,fish,wheat",7713715342787,17/05/20
IN02807,Alteva सीरम Mayonnaise,Alteva,400ml,150,FB-CN,wheat,7665484274946,21/10/22
IN02808,Qualis Granola Bar,Qualis,1000ml,200,FB-SN,,3002143665945,10/01/22
IN02809,Luxara Hydrating Face Wash,Luxara,100ml,150,PC-FW,soy,4533566822893,29/08/22
IN02810,Polvera जेल Sensitive Deodorant,Polvera,250ml,200,PC-DO,"wheat,milk,soy,fish",9801337619153,15/02/23
IN02811,Solven फोम Multi-Surface Spray,Solven,200ml,75,HH-SC,,1581623153940,20/10/19
IN02812,Glova Liquid Laundry Detergent,Glova,250ml,500,HH-LN,"fish,tree nuts,milk",9163975057927,10/05/19
IN02813,Vanta 24hr Roll-On पाउडर Deodorant,Vanta,1000ml,500,PC-DO,,0094430027737,21/07/19
IN02814,Qualis Deep Clean सीरम Body Wash,Qualis,300ml,200,PC-BW,shellfish,6380826326763,16/07/20
IN02815,Helix Salted Crackers,Helix,200ml,150,FB-SN,,0753987141425,04/11/22
IN02816,Tresol Granola Bar,Tresol,750ml,150,FB-SN,"wheat,shellfish,peanuts,soy",6461438381675,15/05/21
IN02817,Nuarix Mixed Nuts स्प्रे Blend,Nuarix,500ml,250,FB-SN,"milk,tree nuts",8474389475285,07/06/23
IN02818,XXX-Qualis Repair साबुन Conditioner,Qualis,750ml,400,PC-CD,"sesame,gluten,wheat,eggs",4554042100144,25/06/22
IN02819,Krisol Hydrating Shampoo,Krisol,400ml,400,PC-SH,"tree nuts,peanuts,gluten,eggs",9057986626923,30/05/20
IN02820,Qualis Hydrating Face तेल Wash,Qualis,150ml,50,PC-FW,,2553952563775,12/06/20
IN02821,Zenpur Volumising जेल Shampoo,Zenpur,100ml,200,PC-SH,"sesame,shellfish",0131117517331,03/02/22
IN02822,Purelix क्रीम Laundry Powder,Purelix,100ml,200,HH-LN,"wheat,eggs,tree nuts,milk",5694438787173,08/10/18
IN02823,Solvix Brightening Face Wash,Solvix,750ml,150,PC-FW,"sesame,eggs",0548256273965,23/02/21
02824,Glova Oil Control Face Wash,Glova,300ml,75,PC-FW,milk,9928687842779,15/09/21
IN02825,Plexum Anti-Dandruff Shampoo,Plexum,300ml,400,PC-SH,milk,9750669912855,10/06/22
IN02826,Clarity Fabric Softener,Clarity,200ml,200,HH-LN,,6493311156858,02/07/21
IN02827,Motivo Refreshing Shower Gel,Motivo,100ml,75,PC-BW,"milk,fish,gluten,tree nuts",3632351852297,31/12/18
IN02828,Cladis Fragrance-Free Hand Wash,Cladis,75ml,150,PC-HW,,7398714845448,25/03/20
IN02829,Cryston Moisturising Body Wash,Cryston,1000ml,200,PC-BW,"shellfish,gluten",7414651831631,01/04/20
IN02830,Plexum Repair Conditioner,Plexum,150ml,300,PC-CD,milk,5757866070252,06/04/18
IN02831,Sovara Glass Cleaner,Sovara,300ml,50,HH-SC,"gluten,tree nuts,milk",8526106896559,06/05/20
IN02832,Krisol Volumising Conditioner,Krisol,200ml,400,PC-CD,"eggs,peanuts",1240439684832,27/07/21
IN02833,Oralix Heavy Duty Dish Soap,Oralix,50ml,50,HH-DW,,8208716388197,01/06/20
IN02834,Teraxis Oat Protein Bar,Teraxis,1000ml,100,FB-SN,"eggs,gluten,soy",8198792165013,20/11/23
IN02835,Tolvex Repair Shampoo,Tolvex,250ml,400,PC-SH,"milk,eggs,gluten",8675226249155,12/06/19
IN02836,Lumeva साबुन Vinegar Dressing,Lumeva,150ml,100,FB-CN,"eggs,fish,sesame,wheat",1773131974937,19/04/19
IN02837,XXX-Tresol Brightening Face पाउडर Wash,Tresol,400ml,300,PC-FW,tree nuts,5937651182562,03/10/22
IN02838,Glova सीरम Mustard Sauce,Glova,300ml,150,FB-CN,"eggs,shellfish,wheat,soy",1548362813412,17/08/20
IN02839,XXX-Serafix 24hr Roll-On Deodorant,Serafix,150ml,200,PC-DO,"milk,shellfish,peanuts",9687574465445,07/08/19
IN02840,Solaris Colour Protect Shampoo,Solaris,150ml,500,PC-SH,eggs,2558877405032,24/09/18
IN02841,Aurova 24hr Roll-On Deodorant,Aurova,200ml,300,PC-DO,"milk,sesame",6569963874478,09/07/23
IN02842,Frostine Volumising Shampoo,Frostine,75ml,100,PC-SH,"soy,sesame",3410657299769,16/04/22
IN02843,Krisol Sensitive Deodorant,Krisol,100ml,50,PC-DO,"shellfish,milk,soy",9336777441083,28/10/20
IN02844,Velaris Hydrating Face Wash,Velaris,75ml,75,PC-FW,"wheat,milk,sesame,eggs",4093582717325,06/08/18
IN02845,Polvera Gentle तेल Face Wash,Polvera,50ml,300,PC-FW,"fish,peanuts,gluten",5184788797880,29/09/23
IN02846,Primus SPF Moisturiser,Primus,1000ml,400,PC-MS,"peanuts,shellfish,milk",1491794619063,26/12/19
IN02847,Zenpur Hydrating Face तेल Wash,Zenpur,75ml,50,PC-FW,"soy,wheat,shellfish,tree nuts",8668689984206,27/03/18
IN02848,Motivo Oil Control Face जेल Wash,Motivo,250ml,50,PC-FW,milk,5241142076514,02/07/20
IN02849,Kaleo Brightening Face Wash,Kaleo,750ml,200,PC-FW,"tree nuts,shellfish,fish,milk",3961084929700,17/05/21
IN02850,Alteva 48hr Spray सीरम Deodorant,Alteva,300ml,500,PC-DO,"fish,eggs,wheat",9767621354561,07/10/18
IN02851,Glova Night Cream,Glova,250ml,150,PC-MS,"soy,peanuts,tree nuts,eggs",1200859040021,19/02/21
02852,Vanta Repair Shampoo,Vanta,150ml,300,PC-SH,"wheat,soy",7331342414716,01/10/23
IN02853,Cladis Heavy Duty Dish Soap,Cladis,100ml,75,HH-DW,"shellfish,peanuts,wheat",9210172748216,27/10/21
IN02854,Arovia Repair Shampoo,Arovia,250ml,50,PC-SH,"gluten,fish,soy",1324049619658,13/01/19
IN02855,Cladis Heavy Duty Dish Soap,Cladis,100ml,400,HH-DW,,4570658686230,15/12/22
IN02856,Nuarix Fabric Softener,Nuarix,400ml,400,HH-LN,,7121999391764,14/05/23
IN02857,Teraxis Deep Clean Body Wash,Teraxis,50ml,50,PC-BW,wheat,7962445278433,01/01/18
IN02858,Plexum जेल Salted Crackers,Plexum,750ml,500,FB-SN,"sesame,milk,fish",4659491868499,25/09/23
IN02859,Aevum Bathroom Cleaner,Aevum,150ml,100,HH-SC,,3922686870371,12/02/22
IN02860,Novix Sensitive लोशन Deodorant,Novix,250ml,200,PC-DO,"shellfish,fish",5309246430813,30/06/20
IN02861,Kaleo Leave-In फोम Conditioner,Kaleo,250ml,400,PC-CD,tree nuts,1226643509451,23/02/22
IN02862,Plexum Rice Cakes,Plexum,75ml,200,FB-SN,"wheat,fish,sesame,eggs",2477603828078,15/10/18
IN02863,Brightway सीरम Moisturising Body Wash,Brightway,200ml,250,PC-BW,"sesame,fish,peanuts,milk",7939969793391,11/04/20
IN02864,Serafix Hydrating Face Wash,Serafix,150ml,500,PC-FW,"fish,sesame,soy",8689825817387,12/11/22
IN02865,Motivo Liquid Laundry Detergent,Motivo,250ml,100,HH-LN,soy,5079937873525,12/04/19
IN02866,XXX-Alteva Eco Dish Liquid,Alteva,50ml,300,HH-DW,"peanuts,fish,milk,tree nuts",3342995086728,24/09/19
IN02867,Kaleo Foaming तेल Hand Wash,Kaleo,500ml,75,PC-HW,,7677786739719,23/12/23
IN02868,Vanta Colour Protect शैम्पू Shampoo,Vanta,250ml,400,PC-SH,"fish,sesame",9933053740627,15/11/20
IN02869,Glova Volumising Conditioner,Glova,50ml,150,PC-CD,wheat,4877365188492,31/03/19
02870,Purelix Eco Dish Liquid,Purelix,300ml,75,HH-DW,wheat,9406357247630,27/11/21
IN02871,Cladis Kitchen Cleaner,Cladis,1000ml,500,HH-SC,"milk,gluten",7284385800995,24/09/23
IN02872,Solvix Foaming Hand Wash,Solvix,750ml,100,PC-HW,"tree nuts,milk",5149048735972,15/03/22
IN02873,Elaris Night Cream,Elaris,250ml,150,PC-MS,"peanuts,fish,eggs",0779977222264,13/06/21
IN02874,Krisol Antibacterial Hand Wash,Krisol,250ml,150,PC-HW,milk,0270275076974,25/11/22
IN02875,Cristalix Oat Protein Bar,Cristalix,500ml,50,FB-SN,"eggs,peanuts",5386901681209,02/08/23
IN02876,Oralix 24hr Roll-On Deodorant,Oralix,50ml,300,PC-DO,"gluten,eggs,tree nuts,wheat",8593922445568,19/10/21
IN02877,Kaleo Leave-In Conditioner,Kaleo,100ml,75,PC-CD,"sesame,peanuts",4139995176998,26/03/20
IN02878,Cristalix Gentle क्रीम Face Wash,Cristalix,500ml,75,PC-FW,"fish,tree nuts",9070569510631,12/08/22
IN02879,Tresol Hydrating Shampoo,Tresol,500ml,400,PC-SH,sesame,1173069938214,02/02/21
IN02880,Novix 48hr Spray Deodorant,Novix,400ml,500,PC-DO,"gluten,fish,wheat,peanuts",9302840521853,13/07/18
IN02881,Oralix Sensitive Deodorant,Oralix,500ml,150,PC-DO,,9126048589657,15/12/20
IN02882,Purevex Eco Dish Liquid,Purevex,500ml,200,HH-DW,"milk,soy",8654719270548,22/09/23
IN02883,Alteva Bathroom Cleaner,Alteva,400ml,50,HH-SC,"fish,gluten",2300560944614,17/01/22
IN02884,Tresol Moisturising Body Wash,Tresol,1000ml,150,PC-BW,"milk,fish",6566050590853,07/03/22
IN02885,Sovara Rice जेल Cakes,Sovara,250ml,400,FB-SN,"gluten,soy,shellfish,peanuts",3919474372995,20/06/18
IN02886,Toreva Mixed Nuts Blend,Toreva,100ml,75,FB-SN,"fish,milk,eggs,sesame",2764714243211,17/02/19
IN02887,Oralix Colour Protect Shampoo,Oralix,100ml,300,PC-SH,"wheat,soy,shellfish",7381330983144,24/02/22
IN02888,Solaris Leave-In Conditioner,Solaris,500ml,50,PC-CD,peanuts,6332874256561,28/05/22
IN02889,Vanta Aloe Hand Wash,Vanta,1000ml,250,PC-HW,"milk,gluten,sesame,tree nuts",5895381575019,10/07/21
IN02890,Solvix पाउडर Night Cream,Solvix,500ml,250,PC-MS,"sesame,eggs,milk",7794914881512,23/04/21
IN02891,Purelix Intensive Moisturiser,Purelix,75ml,250,PC-MS,"eggs,shellfish",1006562666882,22/01/22
IN02892,Polvera फोम SPF Moisturiser,Polvera,250ml,150,PC-MS,"soy,shellfish,sesame",6659959902343,27/02/21
IN02893,Luxara Leave-In Conditioner,Luxara,75ml,300,PC-CD,wheat,6648491861461,19/10/19
IN02894,XXX-Plexum Stain Remover,Plexum,300ml,150,HH-LN,"sesame,milk",5331513135619,24/03/19
IN02895,XXX-Nexpur Multi-Surface Spray,Nexpur,400ml,500,HH-SC,"shellfish,soy",4479372239176,07/04/22
IN02896,Nuarix Colour Protect Shampoo,Nuarix,300ml,500,PC-SH,wheat,5885843135745,03/03/18
IN02897,Frostine Laundry Capsules,Frostine,400ml,200,HH-LN,,7397296175653,05/12/22
IN02898,Clarity Disinfectant Spray,Clarity,50ml,300,HH-SC,,8344251180954,03/12/20
IN02899,Purevex फोम Sport Deodorant,Purevex,750ml,100,PC-DO,"eggs,tree nuts",2863484016176,16/07/18
IN02900,Verdant Hot Chilli Sauce,Verdant,750ml,75,FB-CN,"peanuts,tree nuts",3375201569142,19/11/22
IN02901,Motivo सीरम Tomato Ketchup,Motivo,1000ml,200,FB-CN,,5733768409130,30/12/20
IN02902,Primus Repair क्रीम Shampoo,Primus,75ml,50,PC-SH,"shellfish,wheat,sesame",5714514951493,11/01/22
IN02903,Arovia लोशन Whitening Deodorant,Arovia,150ml,500,PC-DO,"soy,fish,milk",7296618084386,26/10/23
IN02904,Novix Repair Shampoo,Novix,200ml,500,PC-SH,shellfish,2309907046448,26/10/21
IN02905,Luminos Refreshing Shower Gel,Luminos,1000ml,50,PC-BW,"milk,peanuts,tree nuts",1990818733001,28/12/19
IN02906,Cristalix Glass Cleaner,Cristalix,100ml,400,HH-SC,wheat,3736950432604,21/09/21
IN02907,Verdant Dish Liquid,Verdant,400ml,150,HH-DW,"soy,tree nuts",2265493053973,17/02/20
IN02908,Solven SPF Moisturiser,Solven,150ml,250,PC-MS,"gluten,fish,peanuts,eggs",6060098972744,15/02/18
IN02909,DUMMY-Helix Granola Bar,Helix,200ml,150,FB-SN,,6411991365643,22/07/18
IN02910,Nuarix Mayonnaise,Nuarix,250ml,200,FB-CN,fish,0062892238435,14/01/22
IN02911,Lumeva Disinfectant Spray,Lumeva,150ml,500,HH-SC,"tree nuts,peanuts,gluten,sesame",9225174752949,29/12/22
IN02912,Cladis Bathroom Cleaner,Cladis,250ml,250,HH-SC,,2889563836763,01/10/22
IN02913,Oralix Sensitive Deodorant,Oralix,150ml,75,PC-DO,,1221338753423,29/10/18
IN02914,Tolvex SPF जेल Moisturiser,Tolvex,500ml,150,PC-MS,"peanuts,tree nuts",7498839683823,22/01/22
IN02915,Elaris Repair Conditioner,Elaris,150ml,50,PC-CD,"soy,tree nuts,gluten,fish",5215173466064,22/12/23
IN02916,Teraxis Oat Protein Bar,Teraxis,750ml,100,FB-SN,"shellfish,eggs",5756108010308,27/10/19
IN02917,Hevara सीरम Deep Conditioner,Hevara,100ml,150,PC-CD,"tree nuts,gluten,eggs,shellfish",1698323285410,08/12/20
IN02918,Purelix सीरम Leave-In Conditioner,Purelix,150ml,100,PC-CD,"wheat,eggs,peanuts",4537150451964,24/06/23
IN02919,Solaris Laundry Capsules,Solaris,500ml,500,HH-LN,,1159132684233,18/12/19
IN02920,Serafix स्प्रे Rice Cakes,Serafix,250ml,250,FB-SN,"fish,milk",3369310571974,10/10/20
IN02921,Hevara Leave-In Conditioner,Hevara,500ml,75,PC-CD,"peanuts,tree nuts",5278762602359,26/10/22
IN02922,Solvix Daily Moisturiser,Solvix,750ml,150,PC-MS,,9998689195074,24/11/22
IN02923,Cladis Disinfectant Spray,Cladis,750ml,150,HH-SC,"eggs,gluten,peanuts,shellfish",7461231900249,08/01/19
IN02924,Glova पाउडर Sport Deodorant,Glova,400ml,250,PC-DO,"fish,soy,shellfish,eggs",5332702899664,15/11/22
IN02925,Novix Laundry Capsules,Novix,250ml,500,HH-LN,"soy,eggs",1621065149474,26/04/20
IN02926,Glicen Heavy Duty Dish Soap,Glicen,250ml,200,HH-DW,eggs,0557710302752,25/08/22
IN02927,Teraxis Sensitive Skin Body Wash,Teraxis,500ml,250,PC-BW,"fish,shellfish,soy,wheat",8434231494529,20/02/19
IN02928,Hevara Repair Conditioner,Hevara,500ml,300,PC-CD,,6209818040992,18/04/19
IN02929,Frostine 24hr Roll-On Deodorant,Frostine,75ml,200,PC-DO,,5085013474296,03/07/22
IN02930,Verdant क्रीम Exfoliating Face Scrub,Verdant,75ml,100,PC-FW,fish,4725439245391,18/06/22
IN02931,Tresol शैम्पू Nourishing Body Cleanser,Tresol,200ml,50,PC-BW,"eggs,shellfish,peanuts,tree nuts",4253968527683,26/12/19
IN02932,Solven Sensitive Skin Body Wash,Solven,500ml,500,PC-BW,,2246614280973,07/01/18
IN02933,Aevum Deep Conditioner,Aevum,400ml,50,PC-CD,"fish,soy,tree nuts,gluten",1591175331703,09/07/19
IN02934,Aurova Mustard Sauce,Aurova,150ml,400,FB-CN,"shellfish,milk,fish,sesame",4377587253713,10/07/23
IN02935,Solvix Deep Conditioner,Solvix,75ml,250,PC-CD,soy,3003256964741,03/10/18
IN02936,Purevex Oil जेल Control Face Wash,Purevex,75ml,250,PC-FW,,9683948422663,19/03/20
02937,Frostine पाउडर Anti-Dandruff Shampoo,Frostine,150ml,50,PC-SH,"gluten,milk,soy,tree nuts",4913156536674,27/12/18
IN02938,Frostine Exfoliating Face Scrub,Frostine,300ml,150,PC-FW,"eggs,peanuts",5228232534857,05/02/20
IN02939,Orinum Oat Protein Bar,Orinum,750ml,150,FB-SN,"gluten,fish",5775833521972,01/01/18
IN02940,Elaris Hot Chilli Sauce,Elaris,50ml,300,FB-CN,"eggs,wheat",3154024478301,28/01/23
IN02941,Solven 24hr साबुन Roll-On Deodorant,Solven,300ml,150,PC-DO,shellfish,0349141052692,14/06/22
IN02942,Frostine Exfoliating Face Scrub,Frostine,100ml,400,PC-FW,eggs,2645436768797,11/11/22
IN02943,Motivo तेल Bathroom Cleaner,Motivo,400ml,100,HH-SC,"gluten,sesame,fish",3013332798825,23/01/19
IN02944,Nexpur Multi-Surface Spray,Nexpur,1000ml,300,HH-SC,"eggs,fish,gluten",4949185147567,20/05/19
IN02945,Aurova Antibacterial Hand Wash,Aurova,500ml,200,PC-HW,"tree nuts,wheat,fish,milk",6822879561413,14/02/18
02946,Motivo Heavy Duty Dish Soap,Motivo,75ml,250,HH-DW,"wheat,soy,gluten,tree nuts",5789088506905,23/02/20
IN02947,Elaris Refreshing Shower Gel,Elaris,400ml,75,PC-BW,,2027302385954,03/02/19
IN02948,Frosten Mixed Nuts Blend,Frosten,1000ml,100,FB-SN,,7223033582333,11/01/22
IN02949,Nuarix Hydrating Shampoo,Nuarix,75ml,150,PC-SH,"gluten,shellfish,sesame,fish",3879278767826,04/10/20
IN02950,Teraxis Antibacterial Hand Wash,Teraxis,500ml,200,PC-HW,wheat,9665144486571,14/01/21
IN02951,Cladis Gentle Face सीरम Wash,Cladis,100ml,50,PC-FW,"sesame,eggs,peanuts",8499198720296,07/10/23
IN02952,Aurova Hydrating Shampoo,Aurova,50ml,50,PC-SH,"peanuts,soy,sesame,gluten",1419811796337,28/03/18
IN02953,Zephyr Mustard Sauce,Zephyr,400ml,200,FB-CN,"tree nuts,milk,peanuts,wheat",3271929802847,16/12/20
IN02954,DUMMY-Helix Repair Shampoo,Helix,1000ml,300,PC-SH,"soy,fish,wheat,shellfish",0885163238138,01/07/23
IN02955,Velaris Nourishing Body Cleanser,Velaris,1000ml,200,PC-BW,,0376226594150,11/06/19
IN02956,Aurova Whitening Deodorant,Aurova,500ml,250,PC-DO,,6357811644669,12/08/23
IN02957,Solven Intensive Moisturiser,Solven,150ml,100,PC-MS,"milk,eggs,gluten,sesame",9158511858113,06/08/18
IN02958,Motivo Anti-Dandruff Shampoo,Motivo,50ml,100,PC-SH,tree nuts,3596828901409,11/04/19
IN02959,Qualis Leave-In Conditioner,Qualis,300ml,150,PC-CD,,6766027168928,13/03/23
IN02960,Luxara Stain Remover,Luxara,200ml,400,HH-LN,"shellfish,eggs,sesame,fish",9383477051043,27/04/23
IN02961,Teraxis Gentle Face Wash,Teraxis,500ml,50,PC-FW,sesame,2131148241432,27/03/18
IN02962,Frostine SPF Moisturiser,Frostine,300ml,400,PC-MS,"gluten,peanuts,wheat,fish",5963490019769,25/11/23
IN02963,Plexum Oat Protein Bar,Plexum,150ml,200,FB-SN,"milk,gluten",4195113030764,18/05/22
IN02964,Zephyr Repair Shampoo,Zephyr,300ml,75,PC-SH,"fish,sesame,peanuts",6482098728488,18/10/18
IN02965,Novix फोम Liquid Laundry Detergent,Novix,300ml,300,HH-LN,"wheat,soy,peanuts,gluten",4055724772135,07/08/22
IN02966,Brightway Exfoliating Face Scrub,Brightway,50ml,75,PC-FW,"milk,peanuts,sesame",1723190170665,29/11/23
IN02967,Orinum Moisturising Hand Wash,Orinum,100ml,75,PC-HW,"tree nuts,sesame,soy,fish",5840470571267,25/07/21
IN02968,Motivo Fragrance-Free साबुन Hand Wash,Motivo,200ml,75,PC-HW,"tree nuts,fish,sesame",6715711120704,05/03/19
02969,Nuarix Liquid Laundry Detergent,Nuarix,250ml,500,HH-LN,"soy,tree nuts,fish,gluten",9262552576155,26/04/18
IN02970,Serafix Mixed Nuts Blend,Serafix,250ml,500,FB-SN,"sesame,milk",8618683043423,22/10/19
IN02971,Polvera Eco Dish Liquid,Polvera,400ml,500,HH-DW,"soy,wheat",1013398930902,23/02/21
IN02972,Cristalix सीरम Moisturising Body Wash,Cristalix,400ml,300,PC-BW,"sesame,peanuts",9014056502570,24/06/23
IN02973,Vanta Sensitive Skin Body Wash,Vanta,750ml,250,PC-BW,"milk,wheat,shellfish,tree nuts",9904636919914,16/10/23
IN02974,Purelix Hydrating Face Wash,Purelix,200ml,500,PC-FW,"soy,fish,wheat,gluten",9616367717751,29/01/20
IN02975,Hevara Heavy Duty Dish Soap,Hevara,1000ml,200,HH-DW,fish,9154897881417,21/07/19
IN02976,Nexpur शैम्पू SPF Moisturiser,Nexpur,400ml,400,PC-MS,,5087550562443,29/12/23
IN02977,Tolvex Colour Protect Shampoo,Tolvex,500ml,500,PC-SH,"shellfish,sesame,tree nuts",0139193870746,27/11/18
IN02978,Luminos Night Cream,Luminos,75ml,150,PC-MS,"gluten,sesame",4382814046242,29/04/23
IN02979,Solvix स्प्रे Laundry Capsules,Solvix,150ml,250,HH-LN,"wheat,soy,fish",2733089034540,23/06/21
IN02980,Elaris Aloe Hand Wash,Elaris,150ml,100,PC-HW,,0954968617735,23/08/18
IN02981,Zephyr Disinfectant Spray,Zephyr,750ml,75,HH-SC,"gluten,sesame,peanuts,soy",7617099511039,09/12/21
IN02982,Toreva Moisturising Hand Wash,Toreva,400ml,300,PC-HW,eggs,0902805795504,09/04/18
IN02983,Frostine Nourishing Body शैम्पू Cleanser,Frostine,200ml,75,PC-BW,"fish,gluten",3057275622021,11/04/19
IN02984,Novix Bathroom Cleaner,Novix,750ml,100,HH-SC,"soy,milk,tree nuts,eggs",7013760720326,17/02/21
IN02985,Serafix Stain Remover,Serafix,100ml,150,HH-LN,"shellfish,tree nuts,fish",7794668532418,17/04/21
IN02986,Brightway Fabric Softener,Brightway,300ml,500,HH-LN,,7574658578561,10/05/21
IN02987,Arovia 24hr Roll-On Deodorant,Arovia,750ml,100,PC-DO,"wheat,shellfish",9346829851654,15/08/19
IN02988,Solaris Smooth & Shine Conditioner,Solaris,150ml,250,PC-CD,,1877863414485,14/05/23
IN02989,Orinum Hot Chilli Sauce,Orinum,200ml,400,FB-CN,"soy,shellfish,eggs",0318872779604,06/08/22
IN02990,Primus Vinegar Dressing,Primus,500ml,300,FB-CN,"peanuts,wheat,milk",5057846221637,08/12/20
IN02991,Helix Fragrance-Free Hand Wash,Helix,500ml,300,PC-HW,"eggs,tree nuts",3121413829877,12/07/18
IN02992,Polvera Laundry Capsules,Polvera,500ml,300,HH-LN,"eggs,peanuts",6601705939677,01/06/18
IN02993,Vivara Anti-Dandruff लोशन Shampoo,Vivara,100ml,100,PC-SH,"peanuts,eggs,wheat",4655295787356,15/04/19
IN02994,Cristalix Aloe Hand Wash,Cristalix,100ml,50,PC-HW,wheat,7113180021499,27/10/23
IN02995,Glicen Moisturising Body लोशन Wash,Glicen,500ml,200,PC-BW,"tree nuts,gluten,sesame",7734328239134,06/06/19
IN02996,XXX-Luxara Tomato Ketchup,Luxara,1000ml,150,FB-CN,"fish,peanuts,soy",5980846987329,31/01/23
IN02997,Nuvelo Whitening Deodorant,Nuvelo,250ml,300,PC-DO,shellfish,1370244698455,30/04/18
IN02998,Motivo Dish Liquid,Motivo,300ml,50,HH-DW,"peanuts,shellfish,soy,milk",6264658899872,28/12/19
IN02999,Krisol शैम्पू SPF Moisturiser,Krisol,200ml,300,PC-MS,eggs,2842092749393,01/07/18
IN03000,Helix Eco Dish Liquid,Helix,1000ml,75,HH-DW,wheat,0215128513688,16/02/21
IN03001,Elaris Nourishing Body स्प्रे Cleanser,Elaris,75ml,300,PC-BW,"wheat,soy",7008777519001,22/04/20
IN03002,Glicen Leave-In Conditioner,Glicen,300ml,50,PC-CD,"soy,peanuts,shellfish",8432674846431,14/11/18
IN03003,Tresol Refreshing Shower Gel,Tresol,150ml,150,PC-BW,"tree nuts,peanuts,soy,shellfish",6730585821960,11/02/21
IN03004,Lumeva Whitening Deodorant,Lumeva,300ml,500,PC-DO,wheat,4312125588988,11/03/20
IN03005,Nexpur तेल Oat Protein Bar,Nexpur,150ml,50,FB-SN,"sesame,eggs,peanuts",1257067077929,14/05/21
IN03006,Frostine SPF Moisturiser,Frostine,400ml,250,PC-MS,"shellfish,eggs,sesame,gluten",1568731024263,26/04/21
IN03007,Glicen Whitening Deodorant,Glicen,300ml,150,PC-DO,"peanuts,fish,gluten,wheat",8310903585873,08/07/19
IN03008,Solvix Moisturising Hand Wash,Solvix,100ml,400,PC-HW,"milk,wheat",7192642102389,03/12/22
IN03009,Luxara Smooth & Shine स्प्रे Conditioner,Luxara,50ml,400,PC-CD,fish,6497069599011,16/07/22
IN03010,Plexum Mustard क्रीम Sauce,Plexum,1000ml,150,FB-CN,"sesame,soy,shellfish",3950211187007,17/01/18
IN03011,Tresol Sensitive Skin Body स्प्रे Wash,Tresol,100ml,100,PC-BW,"gluten,eggs,peanuts",5322089395606,08/12/23
IN03012,Luminos Eco Dish Liquid,Luminos,200ml,300,HH-DW,"eggs,shellfish,gluten",0147824759919,14/05/19
IN03013,Clarity Kitchen Cleaner,Clarity,50ml,300,HH-SC,"tree nuts,milk,fish",8885760273169,23/03/18
IN03014,Oralix Brightening पाउडर Face Wash,Oralix,100ml,200,PC-FW,"milk,fish",3270524169454,02/11/22
IN03015,Novix Intensive Moisturiser,Novix,300ml,300,PC-MS,"fish,peanuts,gluten",9142840000138,22/12/22
IN03016,Orinum Night Cream,Orinum,500ml,200,PC-MS,"eggs,milk,shellfish",3823225833768,05/11/19
IN03017,Aurova Mayonnaise,Aurova,150ml,200,FB-CN,"milk,eggs",5417765786615,23/06/18
IN03018,Vanta Salted Crackers,Vanta,50ml,250,FB-SN,"eggs,gluten,fish,sesame",4793933489146,18/08/18
IN03019,Frosten Volumising Conditioner,Frosten,1000ml,300,PC-CD,eggs,5558008757570,07/09/21
IN03020,Glova Volumising Shampoo,Glova,500ml,150,PC-SH,"wheat,soy,shellfish,milk",8444685013818,28/09/20
IN03021,Hevara Fabric Softener,Hevara,1000ml,200,HH-LN,,8429326457015,09/04/23
IN03022,Plexum Kitchen Cleaner,Plexum,400ml,50,HH-SC,,0653605497128,22/04/23
IN03023,Helix Dishwasher स्प्रे Tablets,Helix,1000ml,50,HH-DW,"wheat,fish,gluten,tree nuts",7756999060411,02/09/23
IN03024,Motivo Aloe Hand Wash,Motivo,50ml,250,PC-HW,"fish,eggs,sesame",8289210758648,17/06/20
IN03025,Cristalix Whitening Deodorant,Cristalix,50ml,400,PC-DO,"soy,gluten",6314928969184,14/07/22
IN03026,Toreva Repair Shampoo,Toreva,1000ml,300,PC-SH,"fish,soy,peanuts,wheat",4964220699252,06/11/21
IN03027,Oralix Laundry Powder,Oralix,50ml,150,HH-LN,"sesame,milk",8756344910889,26/11/21
IN03028,Luxara स्प्रे Brightening Face Wash,Luxara,500ml,150,PC-FW,,9272778340799,09/02/20
IN03029,Helix Smooth & पाउडर Shine Conditioner,Helix,500ml,75,PC-CD,"shellfish,eggs,gluten",7110340207366,28/09/18
IN03030,Toreva Bathroom Cleaner,Toreva,400ml,200,HH-SC,,7918480000010,21/07/20
IN03031,Solvix Gentle Face Wash,Solvix,1000ml,100,PC-FW,,4890401139210,26/12/21
IN03032,Glicen Vinegar Dressing,Glicen,75ml,100,FB-CN,"shellfish,wheat,peanuts",4376456184684,09/02/19
IN03033,Tolvex पाउडर Whitening Deodorant,Tolvex,150ml,150,PC-DO,"tree nuts,shellfish,peanuts",7091487192909,24/09/23
IN03034,Alteva Oil Control Face Wash,Alteva,100ml,300,PC-FW,"fish,eggs",9789681266691,30/04/19
IN03035,Clarity Aloe Hand Wash,Clarity,100ml,400,PC-HW,"milk,sesame,fish",6574865977592,16/03/23
IN03036,TEST-Velaris Glass पाउडर Cleaner,Velaris,150ml,500,HH-SC,,0750682337337,05/09/20
IN03037,Arovia Intensive Moisturiser,Arovia,200ml,75,PC-MS,fish,7886570738542,08/07/22
IN03038,XXX-Brightway Nourishing स्प्रे Body Cleanser,Brightway,75ml,400,PC-BW,wheat,1330587892880,03/03/18
IN03039,Frosten सीरम Leave-In Conditioner,Frosten,1000ml,250,PC-CD,"shellfish,fish",9308883707995,08/10/18
IN03040,Glicen Oat Protein Bar,Glicen,50ml,300,FB-SN,soy,1543449197478,13/01/18
IN03041,DUMMY-Elaris Vinegar Dressing,Elaris,500ml,300,FB-CN,"eggs,gluten,shellfish",2498596343652,12/07/18
IN03042,Solven Rinse Aid,Solven,300ml,100,HH-DW,"shellfish,wheat,peanuts",0896287013211,05/03/22
IN03043,Orinum Foaming Hand Wash,Orinum,50ml,75,PC-HW,"eggs,sesame,shellfish,milk",7104599920718,14/10/23
IN03044,Polvera Eco Dish Liquid,Polvera,50ml,100,HH-DW,eggs,3189605034614,04/01/19
IN03045,Elaris Kitchen सीरम Cleaner,Elaris,75ml,400,HH-SC,"eggs,peanuts",6554512335593,04/11/18
IN03046,Tolvex Fragrance-Free Hand Wash,Tolvex,750ml,75,PC-HW,"fish,gluten",3036338648659,20/03/18
IN03047,XXX-Elaris Deep Clean Body Wash,Elaris,200ml,150,PC-BW,"wheat,tree nuts",0191653647060,18/11/22
IN03048,Teraxis Heavy Duty Dish Soap,Teraxis,1000ml,400,HH-DW,"sesame,eggs,soy",4145244864912,19/07/21
IN03049,Luminos Brightening Face Wash,Luminos,750ml,50,PC-FW,"soy,tree nuts",1840639294659,07/02/19
IN03050,TEST-Cryston Oil Control Face Wash,Cryston,75ml,50,PC-FW,,4991264384707,06/02/19
IN03051,Gleam Dishwasher Tablets,Gleam,50ml,250,HH-DW,,9163392362598,20/06/20
IN03052,Sovara Smooth & Shine Conditioner,Sovara,250ml,400,PC-CD,,1924912830069,11/12/19
IN03053,Glova Hydrating Face Wash,Glova,500ml,150,PC-FW,"wheat,peanuts,tree nuts,milk",6791776196076,16/12/18
IN03054,Brightway Repair Shampoo,Brightway,750ml,100,PC-SH,soy,5913353153567,18/11/19
IN03055,Cryston Oat Protein Bar,Cryston,100ml,200,FB-SN,"milk,peanuts",0941477168285,11/12/19
IN03056,Gleam Colour Protect Shampoo,Gleam,100ml,200,PC-SH,"fish,sesame",2163629703863,12/03/21
IN03057,TEST-Plexum Hot शैम्पू Chilli Sauce,Plexum,100ml,100,FB-CN,wheat,2426378368128,26/10/21
IN03058,Elaris Daily Moisturiser,Elaris,250ml,100,PC-MS,"shellfish,sesame,peanuts,soy",5904474176436,23/01/21
IN03059,Zephyr Daily Moisturiser,Zephyr,250ml,400,PC-MS,"peanuts,milk,fish,tree nuts",5253293244483,08/08/20
IN03060,Glova SPF Moisturiser,Glova,750ml,250,PC-MS,"milk,sesame",9775472815704,19/10/22
IN03061,Zenpur Moisturising Hand Wash,Zenpur,50ml,75,PC-HW,"wheat,gluten,milk",4377149487242,23/10/23
IN03062,Tresol Lightweight Lotion,Tresol,300ml,75,PC-MS,"wheat,sesame",3056820808200,26/04/23
IN03063,Zephyr Vinegar Dressing,Zephyr,750ml,500,FB-CN,"wheat,gluten,milk,peanuts",2521094235478,02/12/18
IN03064,Glicen Gentle Face Wash,Glicen,100ml,400,PC-FW,"wheat,milk,gluten,shellfish",1002279825796,01/10/23
IN03065,Qualis Laundry Powder,Qualis,750ml,200,HH-LN,wheat,6032240807709,21/02/18
IN03066,Arovia Exfoliating Face Scrub,Arovia,500ml,75,PC-FW,"eggs,tree nuts,milk",6852460888957,25/10/19
IN03067,Novix सीरम Tomato Ketchup,Novix,250ml,75,FB-CN,"eggs,wheat",2866009997493,23/02/21
IN03068,Arovia Hydrating Shampoo,Arovia,400ml,75,PC-SH,"gluten,milk",3648737259017,21/08/19
IN03069,Clarity Whitening Deodorant,Clarity,300ml,500,PC-DO,"sesame,soy",4329786715424,23/10/21
IN03070,Aevum Vinegar Dressing,Aevum,250ml,400,FB-CN,,9477007191030,10/02/22
03071,Cladis Oil Control Face Wash,Cladis,150ml,250,PC-FW,"wheat,eggs,shellfish,sesame",3405155886634,28/03/19
IN03072,Polvera Mustard Sauce,Polvera,150ml,500,FB-CN,"milk,fish,eggs",1542118895943,15/04/19
IN03073,Glicen Dishwasher Tablets,Glicen,300ml,250,HH-DW,"tree nuts,eggs,shellfish,sesame",3666481431374,16/12/20
IN03074,Nuarix Moisturising Body Wash,Nuarix,75ml,500,PC-BW,,1106382244328,24/04/22
IN03075,Clarity Sport Deodorant,Clarity,250ml,75,PC-DO,"gluten,sesame,eggs,tree nuts",9785517915436,30/06/22
IN03076,Vanta Eco Dish Liquid,Vanta,1000ml,150,HH-DW,"tree nuts,peanuts",8930494080917,18/05/18
IN03077,Frosten Deep Clean Body Wash,Frosten,250ml,300,PC-BW,"sesame,eggs,soy,gluten",3167926640301,05/01/23
IN03078,Qualis 24hr Roll-On Deodorant,Qualis,750ml,50,PC-DO,"peanuts,milk,eggs",0671091796518,14/03/18
IN03079,Nexpur Whitening Deodorant,Nexpur,50ml,500,PC-DO,"tree nuts,soy,shellfish",4945583931852,16/11/22
IN03080,Verdant Fragrance-Free Hand Wash,Verdant,750ml,150,PC-HW,"shellfish,sesame",1268881078634,22/12/19
IN03081,Aevum Moisturising Body साबुन Wash,Aevum,400ml,50,PC-BW,milk,7817623255884,12/04/19
IN03082,Gleam Colour Protect Shampoo,Gleam,75ml,100,PC-SH,"shellfish,fish,eggs",5180784424676,16/11/22
03083,Oralix Salted Crackers,Oralix,200ml,100,FB-SN,"gluten,shellfish",6571254458472,16/12/21
IN03084,Cladis Colour Protect Shampoo,Cladis,75ml,200,PC-SH,"gluten,milk,eggs,fish",4090544496250,16/08/19
IN03085,Zenpur Repair Shampoo,Zenpur,150ml,500,PC-SH,"shellfish,soy,milk,sesame",6667524420314,06/08/21
IN03086,Frosten Disinfectant Spray,Frosten,400ml,50,HH-SC,"tree nuts,sesame,eggs",1245077836353,24/06/18
03087,Purelix Vinegar Dressing,Purelix,500ml,50,FB-CN,,9227166239353,09/01/20
IN03088,Helix Antibacterial Hand Wash,Helix,400ml,400,PC-HW,fish,5581326135423,28/01/23
IN03089,Polvera Moisturising क्रीम Body Wash,Polvera,500ml,100,PC-BW,soy,2002530467405,31/01/23
IN03090,Arovia Colour Protect Shampoo,Arovia,250ml,150,PC-SH,eggs,1564835628758,02/03/20
IN03091,Arovia Tomato Ketchup,Arovia,500ml,200,FB-CN,"soy,gluten,fish,wheat",9215296458713,30/03/22
IN03092,Gleam Moisturising Hand Wash,Gleam,750ml,150,PC-HW,,3221688070186,01/10/19
03093,Qualis तेल Anti-Dandruff Shampoo,Qualis,400ml,200,PC-SH,,2512188334016,06/04/23
IN03094,Frosten Dish Liquid,Frosten,200ml,200,HH-DW,"tree nuts,shellfish",6696253671179,19/05/19
IN03095,Vanta Mixed साबुन Nuts Blend,Vanta,150ml,200,FB-SN,"shellfish,peanuts",1756592300224,13/04/21
IN03096,Plexum क्रीम Leave-In Conditioner,Plexum,400ml,75,PC-CD,"fish,peanuts,soy",3351999721115,21/07/21
IN03097,DUMMY-Nexpur Smooth जेल & Shine Conditioner,Nexpur,400ml,50,PC-CD,"gluten,soy,milk,sesame",7642011731011,14/06/18
IN03098,Luminos Dish Liquid,Luminos,1000ml,200,HH-DW,"milk,gluten,tree nuts",2049566865102,31/03/20
IN03099,Zenpur Stain Remover,Zenpur,150ml,400,HH-LN,wheat,7839290253246,02/01/21
IN03100,Novix Stain Remover,Novix,50ml,400,HH-LN,"sesame,peanuts",7765439592894,14/02/19
IN03101,Cristalix Intensive Moisturiser,Cristalix,75ml,100,PC-MS,"tree nuts,soy",4749116084783,09/05/19
IN03102,Brightway लोशन Laundry Powder,Brightway,100ml,150,HH-LN,"peanuts,gluten",4748485694456,26/11/18
IN03103,Kaleo Granola Bar,Kaleo,75ml,250,FB-SN,"wheat,eggs,peanuts",2607133914389,16/06/19
IN03104,Elaris Glass Cleaner,Elaris,1000ml,300,HH-SC,,2395545259135,14/12/22
IN03105,Purelix Deep Conditioner,Purelix,400ml,400,PC-CD,milk,9780399346866,22/10/19
IN03106,Qualis Deep Clean Body Wash,Qualis,150ml,75,PC-BW,"eggs,soy,wheat,peanuts",9183507398489,11/08/21
IN03107,Vivara 24hr Roll-On Deodorant,Vivara,50ml,300,PC-DO,"eggs,tree nuts,gluten,sesame",1462785662177,28/05/22
IN03108,Hevara Volumising साबुन Conditioner,Hevara,100ml,200,PC-CD,sesame,1445651499756,13/04/20
IN03109,Purevex Tomato Ketchup,Purevex,200ml,200,FB-CN,"soy,gluten,peanuts",5545012221982,22/08/23
IN03110,Solven Lightweight Lotion,Solven,150ml,75,PC-MS,tree nuts,5930898930927,30/01/20
IN03111,Nexpur पाउडर Deep Conditioner,Nexpur,200ml,75,PC-CD,"fish,gluten,shellfish",0683828266744,05/09/18
IN03112,Polvera Tomato Ketchup,Polvera,50ml,400,FB-CN,"soy,tree nuts,peanuts",9625959012136,31/01/22
IN03113,Oralix 48hr Spray Deodorant,Oralix,75ml,100,PC-DO,"soy,peanuts",3646693706750,16/11/22
IN03114,Luminos SPF Moisturiser,Luminos,150ml,75,PC-MS,"sesame,wheat",2119457205550,19/07/20
IN03115,Cladis Deep Conditioner,Cladis,1000ml,500,PC-CD,"tree nuts,gluten",0269450583604,10/03/23
IN03116,Luxara Leave-In Conditioner,Luxara,500ml,200,PC-CD,"gluten,soy,wheat,fish",8866898010659,08/01/20
IN03117,Elaris Fabric Softener,Elaris,200ml,150,HH-LN,,5236141637071,26/10/19
IN03118,Hevara Bathroom Cleaner,Hevara,100ml,50,HH-SC,,5029407993970,25/04/23
IN03119,Primus Oat Protein Bar,Primus,75ml,50,FB-SN,"sesame,tree nuts",9159054248782,03/03/21
IN03120,Frostine Tomato जेल Ketchup,Frostine,75ml,200,FB-CN,"eggs,peanuts,milk",8877951569922,03/07/19
IN03121,Gleam Dish जेल Liquid,Gleam,150ml,400,HH-DW,"milk,eggs,fish,peanuts",8404763309943,13/04/23
IN03122,Solven Vinegar Dressing,Solven,200ml,75,FB-CN,"gluten,wheat",8427677416538,27/12/22
IN03123,Tolvex Intensive Moisturiser,Tolvex,300ml,400,PC-MS,"tree nuts,fish,soy,gluten",7164361116855,02/03/22
IN03124,Purevex Repair Conditioner,Purevex,400ml,75,PC-CD,"sesame,shellfish,peanuts",7825634325106,18/05/19
IN03125,Nexpur Hydrating Shampoo,Nexpur,1000ml,500,PC-SH,"soy,eggs,peanuts,shellfish",1410112017473,23/11/20
IN03126,Helix Oat Protein क्रीम Bar,Helix,250ml,400,FB-SN,"fish,eggs,peanuts,sesame",3802124582472,05/02/18
IN03127,Tolvex Liquid Laundry Detergent,Tolvex,400ml,50,HH-LN,"wheat,shellfish,tree nuts,soy",4364254247021,01/05/22
IN03128,Teraxis Dish Liquid,Teraxis,250ml,200,HH-DW,"fish,gluten,wheat",0729722318704,15/09/23
IN03129,Aurova Moisturising स्प्रे Hand Wash,Aurova,200ml,200,PC-HW,"soy,shellfish",5082903856989,08/07/18
IN03130,Frostine Smooth & Shine Conditioner,Frostine,200ml,50,PC-CD,shellfish,8362684941478,15/08/18
IN03131,Cryston SPF Moisturiser,Cryston,250ml,75,PC-MS,"soy,shellfish",9260608238200,08/03/18
IN03132,Aevum शैम्पू Refreshing Shower Gel,Aevum,400ml,500,PC-BW,,6782465530929,04/09/19
IN03133,Glova Leave-In Conditioner,Glova,100ml,500,PC-CD,"shellfish,soy,milk",5832232723441,21/07/19
IN03134,Arovia Daily Moisturiser,Arovia,300ml,50,PC-MS,"soy,sesame,eggs,wheat",8994822332284,18/05/21
IN03135,DUMMY-Glova Foaming Hand Wash,Glova,750ml,400,PC-HW,,0818632133757,02/01/20
IN03136,Zenpur शैम्पू Anti-Dandruff Shampoo,Zenpur,1000ml,250,PC-SH,"peanuts,shellfish",2270048997442,09/11/19
IN03137,Lumeva Repair Conditioner,Lumeva,1000ml,400,PC-CD,milk,3748508374328,26/07/18
IN03138,XXX-Polvera Deep Clean Body Wash,Polvera,50ml,500,PC-BW,milk,7736675859874,16/06/23
IN03139,Cryston लोशन Anti-Dandruff Shampoo,Cryston,150ml,150,PC-SH,tree nuts,3837902389400,30/08/21
IN03140,Glicen Aloe Hand लोशन Wash,Glicen,200ml,400,PC-HW,"eggs,wheat,shellfish",8120796248096,17/12/21
IN03141,Verdant शैम्पू Leave-In Conditioner,Verdant,1000ml,100,PC-CD,"tree nuts,fish,eggs",7372017011755,14/09/21
IN03142,Cryston Sensitive पाउडर Deodorant,Cryston,400ml,200,PC-DO,"soy,tree nuts,eggs",0674449989075,25/05/19
IN03143,Solaris Rice Cakes,Solaris,1000ml,400,FB-SN,"sesame,milk,soy,gluten",2492300833415,25/12/23
IN03144,Arovia Multi-Surface Spray,Arovia,250ml,250,HH-SC,,3930380354318,18/10/20
IN03145,Solven Kitchen स्प्रे Cleaner,Solven,100ml,250,HH-SC,,4888198759971,24/07/20
IN03146,Gleam Leave-In Conditioner,Gleam,750ml,100,PC-CD,"sesame,milk,wheat",8398639106203,06/02/21
IN03147,Luxara Foaming Hand पाउडर Wash,Luxara,300ml,150,PC-HW,,3816919486708,31/03/23
IN03148,Nuarix शैम्पू Hot Chilli Sauce,Nuarix,750ml,500,FB-CN,"peanuts,gluten,sesame",9118510154272,19/12/19
IN03149,Cryston फोम Sport Deodorant,Cryston,150ml,50,PC-DO,,8087258423029,23/10/19
IN03150,Kaleo सीरम Hot Chilli Sauce,Kaleo,400ml,250,FB-CN,eggs,5272311434163,21/04/22
IN03151,Nexpur Hydrating Face Wash,Nexpur,300ml,400,PC-FW,"tree nuts,shellfish,wheat",7771984605347,03/06/22
IN03152,Teraxis Granola Bar,Teraxis,400ml,200,FB-SN,fish,9683486987167,04/04/21
IN03153,Lumeva Moisturising Hand Wash,Lumeva,100ml,75,PC-HW,"shellfish,soy,fish",0539081100076,13/04/23
IN03154,Glova Laundry Powder,Glova,500ml,100,HH-LN,"soy,shellfish,peanuts",1987032250810,25/03/20
IN03155,Solvix Hydrating Face क्रीम Wash,Solvix,100ml,100,PC-FW,"peanuts,gluten,tree nuts",4544727879243,03/03/21
IN03156,Purevex Glass Cleaner,Purevex,400ml,200,HH-SC,,6686799420614,14/06/20
IN03157,Aevum Glass Cleaner,Aevum,500ml,100,HH-SC,shellfish,6182593087874,30/04/18
IN03158,Kaleo Dish पाउडर Liquid,Kaleo,500ml,75,HH-DW,eggs,2635815671022,12/05/22
03159,Hevara Leave-In Conditioner,Hevara,250ml,75,PC-CD,"soy,gluten,tree nuts,sesame",2844372828408,11/02/19
IN03160,Nuarix Repair जेल Conditioner,Nuarix,100ml,50,PC-CD,,4320918281244,27/05/23
03161,Polvera Heavy Duty Dish Soap,Polvera,300ml,300,HH-DW,"sesame,soy,milk",3172940993753,26/11/18
IN03162,Purelix Exfoliating Face Scrub,Purelix,1000ml,500,PC-FW,"sesame,eggs",4196799184512,21/09/19
IN03163,Glicen Sensitive Skin Body Wash,Glicen,200ml,300,PC-BW,"soy,sesame",5194056845939,29/10/20
IN03164,Oralix जेल Moisturising Body Wash,Oralix,400ml,250,PC-BW,sesame,7997225750229,09/10/21
IN03165,Hevara लोशन Dishwasher Tablets,Hevara,75ml,100,HH-DW,shellfish,2544955030791,23/07/21
IN03166,Qualis Laundry Powder,Qualis,200ml,300,HH-LN,"shellfish,wheat,soy",9677839075168,05/04/20
IN03167,Cladis Liquid Laundry Detergent,Cladis,300ml,100,HH-LN,"shellfish,peanuts,milk",9907372291764,28/01/21
IN03168,Aurova Liquid Laundry Detergent,Aurova,300ml,75,HH-LN,"tree nuts,peanuts",4029195650582,24/02/21
IN03169,Purevex Fabric Softener,Purevex,1000ml,200,HH-LN,"wheat,gluten,soy,fish",5602293511741,25/09/23
IN03170,Serafix Hot Chilli Sauce,Serafix,300ml,150,FB-CN,"milk,tree nuts,peanuts,soy",0704351759319,28/11/22
IN03171,Purevex Volumising Conditioner,Purevex,50ml,500,PC-CD,"tree nuts,fish",3147961265080,16/06/23
IN03172,Primus Sport Deodorant,Primus,250ml,150,PC-DO,"gluten,shellfish,eggs",6680965119883,30/12/22
IN03173,Hevara SPF Moisturiser,Hevara,400ml,150,PC-MS,eggs,7785457477065,12/06/18
IN03174,Tolvex शैम्पू Fabric Softener,Tolvex,250ml,500,HH-LN,"soy,peanuts,tree nuts,fish",6432754115657,08/09/19
IN03175,Oralix Glass Cleaner,Oralix,75ml,250,HH-SC,"wheat,fish,sesame",9981805279208,04/07/18
IN03176,Verdant जेल Fabric Softener,Verdant,300ml,150,HH-LN,,6460664932378,03/10/21
IN03177,Aurova Whitening Deodorant,Aurova,500ml,500,PC-DO,soy,3149325485929,17/08/23
IN03178,Tolvex Mayonnaise,Tolvex,50ml,300,FB-CN,"fish,tree nuts,soy",4797109002818,01/01/18
IN03179,Aurova Moisturising Body Wash,Aurova,100ml,300,PC-BW,"fish,eggs,shellfish",8088644991627,18/07/23
IN03180,Arovia Rice Cakes,Arovia,300ml,250,FB-SN,,2942501229154,04/04/20
IN03181,Cryston 48hr Spray Deodorant,Cryston,250ml,100,PC-DO,"eggs,shellfish,fish",6162429338011,18/07/18
IN03182,Glova Multi-Surface Spray,Glova,400ml,400,HH-SC,"peanuts,fish",0834864917507,10/02/23
IN03183,Solven Laundry Powder,Solven,100ml,150,HH-LN,eggs,5349762174105,25/06/20
IN03184,Solven Bathroom Cleaner,Solven,200ml,75,HH-SC,"peanuts,sesame,fish",6898239732786,30/05/22
IN03185,Alteva Refreshing Shower Gel,Alteva,200ml,300,PC-BW,tree nuts,5501219914997,26/11/21
IN03186,Serafix Repair जेल Conditioner,Serafix,250ml,250,PC-CD,milk,1965497059445,17/01/22
IN03187,Clarity Vinegar Dressing,Clarity,75ml,200,FB-CN,"wheat,eggs",0203887071365,01/04/18
IN03188,Purevex Night Cream,Purevex,100ml,75,PC-MS,,0468797521007,26/11/23
IN03189,Sovara Lightweight Lotion,Sovara,250ml,200,PC-MS,,5686222905443,23/01/19
IN03190,Luminos Multi-Surface Spray,Luminos,250ml,300,HH-SC,"soy,wheat,gluten",6907064872359,19/11/23
IN03191,Luxara शैम्पू Mixed Nuts Blend,Luxara,1000ml,250,FB-SN,,7520477004835,30/01/18
IN03192,Cladis साबुन Hot Chilli Sauce,Cladis,100ml,400,FB-CN,wheat,5538274383260,23/10/19
IN03193,Oralix Repair Conditioner,Oralix,300ml,150,PC-CD,"sesame,soy",7323014646754,03/05/18
03194,Oralix Hydrating Face Wash,Oralix,750ml,250,PC-FW,"eggs,sesame",5203971010442,05/06/20
IN03195,Vivara Gentle Face सीरम Wash,Vivara,50ml,500,PC-FW,,9934096008767,26/08/23
IN03196,Cladis Lightweight Lotion,Cladis,250ml,250,PC-MS,"peanuts,wheat,sesame,shellfish",2776857556448,03/08/19
IN03197,Solaris Dishwasher साबुन Tablets,Solaris,400ml,250,HH-DW,,1932526749424,06/02/20
IN03198,Sovara Deep Conditioner,Sovara,300ml,50,PC-CD,"tree nuts,wheat,soy,peanuts",1498714203579,05/08/23
IN03199,Plexum Disinfectant Spray,Plexum,75ml,100,HH-SC,"milk,peanuts",9386362317552,15/04/20
IN03200,Serafix Exfoliating Face Scrub,Serafix,1000ml,200,PC-FW,"shellfish,fish,soy",0658582765468,05/10/18
IN03201,Clarity Whitening Deodorant,Clarity,400ml,150,PC-DO,,3785814429830,31/07/22
IN03202,Purelix Laundry स्प्रे Capsules,Purelix,75ml,50,HH-LN,"tree nuts,milk,gluten",6115551074982,18/05/19
IN03203,Cladis Stain Remover,Cladis,750ml,300,HH-LN,,1588901718723,12/02/23
IN03204,Glicen Moisturising Body Wash,Glicen,100ml,300,PC-BW,"soy,eggs,tree nuts,fish",6242060511698,27/05/23
IN03205,Zephyr Aloe Hand Wash,Zephyr,250ml,200,PC-HW,tree nuts,2682194719029,09/10/20
IN03206,Hevara Volumising Conditioner,Hevara,75ml,50,PC-CD,"soy,wheat,tree nuts",7592123034893,09/09/18
IN03207,Hevara Sensitive Deodorant,Hevara,200ml,150,PC-DO,,7210463118676,08/03/18
IN03208,Clarity Tomato Ketchup,Clarity,500ml,400,FB-CN,"soy,tree nuts,milk,sesame",5445931813124,10/01/22
IN03209,Zephyr Intensive फोम Moisturiser,Zephyr,750ml,400,PC-MS,peanuts,1350540764719,25/04/22
IN03210,Teraxis Mixed Nuts शैम्पू Blend,Teraxis,750ml,200,FB-SN,fish,8131453948075,02/07/19
IN03211,Krisol Deep Clean Body Wash,Krisol,500ml,200,PC-BW,"sesame,peanuts",5840222776025,28/01/19
IN03212,Sovara Liquid Laundry Detergent,Sovara,300ml,400,HH-LN,tree nuts,2793444519068,08/12/22
IN03213,Gleam क्रीम Bathroom Cleaner,Gleam,100ml,75,HH-SC,,8306344371083,15/11/20
IN03214,Orinum Repair स्प्रे Conditioner,Orinum,250ml,200,PC-CD,soy,7353497248688,19/09/23
IN03215,Nexpur फोम Mayonnaise,Nexpur,100ml,250,FB-CN,tree nuts,0227746903383,09/11/20
IN03216,Plexum Multi-Surface Spray,Plexum,400ml,50,HH-SC,"sesame,shellfish",7522212004025,29/05/20
IN03217,Tresol Mustard पाउडर Sauce,Tresol,50ml,150,FB-CN,sesame,7384535002153,12/08/22
IN03218,Serafix Hydrating Face Wash,Serafix,300ml,300,PC-FW,"gluten,peanuts,soy",6586949199783,08/08/21
IN03219,Plexum Salted Crackers,Plexum,1000ml,200,FB-SN,"tree nuts,gluten",3296773759420,06/05/20
IN03220,Gleam Colour Protect Shampoo,Gleam,500ml,500,PC-SH,"eggs,fish,sesame",6334280911546,06/04/19
IN03221,Kaleo Aloe Hand पाउडर Wash,Kaleo,200ml,400,PC-HW,"milk,tree nuts,peanuts",9114065476517,14/01/20
03222,Solvix Foaming Hand Wash,Solvix,1000ml,200,PC-HW,"milk,shellfish,tree nuts,fish",3513834562936,24/06/20
IN03223,Toreva Lightweight Lotion,Toreva,300ml,250,PC-MS,,5822309476059,15/10/22
IN03224,Tolvex साबुन Glass Cleaner,Tolvex,250ml,300,HH-SC,,2498334414675,24/04/22
IN03225,Primus Dishwasher साबुन Tablets,Primus,750ml,100,HH-DW,"wheat,eggs",4937352908318,25/11/18
IN03226,Nuarix लोशन Rice Cakes,Nuarix,1000ml,500,FB-SN,"shellfish,peanuts,sesame",7868732071810,02/02/19
IN03227,Verdant Aloe Hand Wash,Verdant,200ml,75,PC-HW,"wheat,fish,shellfish,tree nuts",1870153987409,07/12/21
IN03228,Clarity Daily Moisturiser,Clarity,75ml,200,PC-MS,"sesame,tree nuts,eggs,fish",1742614227402,30/04/21
IN03229,Nexpur 24hr Roll-On Deodorant,Nexpur,100ml,500,PC-DO,"sesame,soy",7081035743189,23/04/19
IN03230,Frostine Moisturising Body Wash,Frostine,1000ml,100,PC-BW,"fish,milk",1285499726313,03/10/21
IN03231,Purevex Sensitive Skin Body Wash,Purevex,50ml,500,PC-BW,"fish,shellfish,milk",4295790354068,14/01/21
IN03232,Nexpur Smooth & Shine Conditioner,Nexpur,150ml,250,PC-CD,"sesame,peanuts,shellfish,soy",9186484121231,27/02/21
IN03233,Vanta Heavy Duty Dish Soap,Vanta,250ml,150,HH-DW,"milk,fish,wheat",7235264361137,24/10/23
IN03234,Oralix Laundry Capsules,Oralix,250ml,400,HH-LN,,6298475487004,30/10/22
IN03235,Glova Intensive तेल Moisturiser,Glova,200ml,300,PC-MS,"gluten,peanuts,soy,fish",8560166858676,06/12/22
IN03236,Qualis Stain Remover,Qualis,150ml,100,HH-LN,"gluten,shellfish",5393036199936,31/05/19
IN03237,Cristalix Antibacterial Hand Wash,Cristalix,500ml,300,PC-HW,,5742368378036,26/01/23
IN03238,Purevex Repair Shampoo,Purevex,500ml,300,PC-SH,"sesame,gluten",0746120465458,28/03/22
IN03239,Motivo Sensitive Deodorant,Motivo,150ml,300,PC-DO,fish,3813922230427,01/02/19
IN03240,Solaris लोशन Refreshing Shower Gel,Solaris,750ml,500,PC-BW,milk,4879370123352,07/01/23
IN03241,Tolvex तेल Oat Protein Bar,Tolvex,150ml,400,FB-SN,"tree nuts,milk,eggs",2929929201337,24/12/22
IN03242,Toreva Nourishing Body फोम Cleanser,Toreva,400ml,200,PC-BW,,8507491139285,05/07/19
IN03243,Frosten Exfoliating Face Scrub,Frosten,300ml,200,PC-FW,"soy,sesame,wheat,fish",6831380033838,21/08/20
IN03244,Tolvex क्रीम Foaming Hand Wash,Tolvex,150ml,300,PC-HW,,4047619456152,18/03/19
IN03245,Gleam Liquid Laundry Detergent,Gleam,75ml,50,HH-LN,"gluten,peanuts,wheat",9223197895896,11/05/20
IN03246,XXX-Vanta जेल Mayonnaise,Vanta,75ml,50,FB-CN,"gluten,sesame,eggs,milk",7232274783010,19/06/21
IN03247,Zephyr Daily Moisturiser,Zephyr,500ml,500,PC-MS,peanuts,4425374249415,25/07/23
IN03248,Luxara Fabric Softener,Luxara,200ml,400,HH-LN,"milk,wheat,soy",9283109157191,19/01/19
IN03249,Gleam Nourishing Body Cleanser,Gleam,150ml,400,PC-BW,"wheat,soy,peanuts,milk",0242505963101,23/03/22
IN03250,XXX-Luxara Volumising Conditioner,Luxara,200ml,200,PC-CD,,8776896176878,05/02/20
IN03251,Tresol Heavy Duty Dish Soap,Tresol,50ml,200,HH-DW,gluten,7581014100823,10/11/21
IN03252,Aurova Dishwasher Tablets,Aurova,50ml,300,HH-DW,"eggs,gluten",7682515288000,23/06/21
IN03253,Luminos Heavy Duty Dish Soap,Luminos,250ml,200,HH-DW,"gluten,milk,tree nuts",0849517042048,18/05/23
IN03254,Alteva Gentle Face Wash,Alteva,400ml,500,PC-FW,"shellfish,tree nuts,wheat,soy",3228441333588,12/08/18
IN03255,Oralix Deep Conditioner,Oralix,150ml,400,PC-CD,"milk,gluten,wheat",3358235062742,05/12/18
IN03256,Velaris Granola जेल Bar,Velaris,50ml,500,FB-SN,"soy,wheat,fish,shellfish",0416143543494,05/04/19
IN03257,Clarity Oat Protein Bar,Clarity,100ml,200,FB-SN,"tree nuts,shellfish",4643330403057,30/11/18
IN03258,Vivara Liquid Laundry Detergent,Vivara,1000ml,500,HH-LN,"soy,tree nuts",0629258099491,16/09/18
IN03259,Arovia Rinse Aid,Arovia,150ml,400,HH-DW,soy,3129386556851,31/08/18
IN03260,Zephyr स्प्रे Leave-In Conditioner,Zephyr,1000ml,500,PC-CD,shellfish,5384792795135,25/01/20
IN03261,TEST-Cladis लोशन Granola Bar,Cladis,250ml,75,FB-SN,"soy,tree nuts,eggs,wheat",6120140798347,16/03/18
IN03262,Orinum Deep Clean Body Wash,Orinum,75ml,300,PC-BW,,1083173499634,19/12/19
IN03263,Vivara Anti-Dandruff Shampoo,Vivara,150ml,150,PC-SH,"shellfish,tree nuts,soy,milk",7528612240001,06/07/19
03264,Serafix Whitening Deodorant,Serafix,400ml,250,PC-DO,"eggs,sesame,soy,wheat",0022874089752,23/06/23
IN03265,Glicen Oat Protein Bar,Glicen,200ml,100,FB-SN,tree nuts,1802642149289,23/09/23
IN03266,Motivo Daily Moisturiser,Motivo,150ml,200,PC-MS,"shellfish,gluten",9279693920556,26/11/18
IN03267,TEST-Zephyr Sensitive Deodorant,Zephyr,200ml,250,PC-DO,soy,0434948159887,09/08/19
IN03268,Alteva Rice Cakes,Alteva,400ml,200,FB-SN,"soy,gluten",7314029030089,12/03/19
IN03269,Plexum Tomato लोशन Ketchup,Plexum,750ml,75,FB-CN,,1407559786215,02/09/22
IN03270,Primus Brightening Face Wash,Primus,200ml,200,PC-FW,milk,5344755082382,19/08/19
IN03271,Luxara Stain Remover,Luxara,75ml,300,HH-LN,,3719588073272,15/05/19
IN03272,DUMMY-Plexum Intensive Moisturiser,Plexum,250ml,250,PC-MS,"wheat,sesame",4686387203232,22/11/23
IN03273,Krisol Oil Control Face Wash,Krisol,100ml,400,PC-FW,,4943274026559,18/08/21
IN03274,Verdant Dishwasher Tablets,Verdant,250ml,500,HH-DW,,2331081854809,27/08/21
IN03275,Verdant Salted Crackers,Verdant,150ml,500,FB-SN,"wheat,shellfish,soy,sesame",4909944718131,14/08/19
IN03276,Purelix क्रीम Daily Moisturiser,Purelix,100ml,75,PC-MS,"fish,eggs",3354733702555,22/11/21
IN03277,Serafix Rice Cakes,Serafix,200ml,500,FB-SN,,4157718074925,13/08/19
03278,Lumeva Mayonnaise,Lumeva,300ml,300,FB-CN,"wheat,sesame",5141908274577,01/02/21
IN03279,Zenpur Sensitive लोशन Deodorant,Zenpur,750ml,100,PC-DO,"milk,shellfish",6337364353713,11/01/20
IN03280,Cladis Anti-Dandruff Shampoo,Cladis,150ml,50,PC-SH,"milk,gluten,tree nuts",8304286323108,27/12/19
IN03281,Nuarix शैम्पू Fragrance-Free Hand Wash,Nuarix,250ml,400,PC-HW,"shellfish,peanuts",4936673521602,02/11/23
IN03282,Vanta Brightening Face Wash,Vanta,100ml,500,PC-FW,"tree nuts,gluten",3934964793531,08/10/21
IN03283,Solven पाउडर Moisturising Hand Wash,Solven,250ml,200,PC-HW,fish,2671889267013,04/05/20
IN03284,XXX-Frosten Antibacterial Hand Wash,Frosten,75ml,300,PC-HW,"shellfish,soy,wheat",2177594144774,01/01/20
03285,Qualis Nourishing Body Cleanser,Qualis,150ml,150,PC-BW,"fish,shellfish,eggs",6276243960638,08/06/18
IN03286,Frosten Deep Clean Body Wash,Frosten,500ml,100,PC-BW,soy,8917873563926,01/11/18
IN03287,Cryston Colour Protect Shampoo,Cryston,500ml,75,PC-SH,"wheat,fish,shellfish",7351059734464,14/11/23
IN03288,Vanta क्रीम 24hr Roll-On Deodorant,Vanta,750ml,200,PC-DO,"gluten,peanuts,shellfish",9293616629081,28/12/22
IN03289,Clarity Dishwasher Tablets,Clarity,300ml,500,HH-DW,"soy,fish,shellfish",7639663527369,16/02/18
IN03290,Vivara Deep Clean Body Wash,Vivara,250ml,50,PC-BW,"milk,sesame",4138389011754,04/09/19
IN03291,Zephyr Laundry फोम Powder,Zephyr,1000ml,400,HH-LN,"milk,shellfish,sesame,fish",9886182561666,04/12/20
IN03292,Luxara Refreshing तेल Shower Gel,Luxara,1000ml,50,PC-BW,sesame,0222446616519,22/04/23
IN03293,Luxara Granola Bar,Luxara,300ml,300,FB-SN,"wheat,fish,tree nuts",7043883392384,21/12/20
IN03294,Clarity Sensitive Skin जेल Body Wash,Clarity,75ml,100,PC-BW,"gluten,eggs,shellfish",6498577427353,08/12/20
IN03295,Luminos Deep Clean Body Wash,Luminos,250ml,200,PC-BW,"wheat,milk,gluten",6465296794714,15/08/23
IN03296,Nuarix Dish Liquid,Nuarix,300ml,300,HH-DW,"milk,shellfish,soy,tree nuts",1001797766000,03/01/20
IN03297,Luminos Deep Conditioner,Luminos,1000ml,150,PC-CD,"peanuts,wheat,soy",8223552209413,08/11/19
IN03298,Gleam शैम्पू SPF Moisturiser,Gleam,300ml,100,PC-MS,,2025409411392,08/07/22
IN03299,Zenpur Sport Deodorant,Zenpur,100ml,250,PC-DO,"eggs,shellfish",6569836495090,25/12/19
IN03300,Primus Moisturising Hand Wash,Primus,750ml,400,PC-HW,"shellfish,wheat",0314306143287,12/08/23
IN03301,Clarity Whitening Deodorant,Clarity,750ml,200,PC-DO,"milk,gluten,fish",9981892371045,27/05/21
IN03302,TEST-Solaris Dish Liquid,Solaris,75ml,75,HH-DW,fish,4689068878583,16/04/18
IN03303,Solven Hydrating Face क्रीम Wash,Solven,100ml,400,PC-FW,"gluten,milk,tree nuts",3875189534298,24/01/23
IN03304,Plexum Tomato Ketchup,Plexum,750ml,400,FB-CN,"soy,gluten,milk",0414326944106,17/12/20
IN03305,Brightway Leave-In Conditioner,Brightway,50ml,50,PC-CD,"fish,tree nuts,gluten,eggs",3348781934211,18/09/18
IN03306,Gleam क्रीम Intensive Moisturiser,Gleam,200ml,300,PC-MS,"tree nuts,shellfish,soy",2514156173122,20/02/21
IN03307,Glova Oil शैम्पू Control Face Wash,Glova,750ml,400,PC-FW,"wheat,peanuts,shellfish,fish",6174035300566,03/11/23
IN03308,Orinum Daily क्रीम Moisturiser,Orinum,100ml,400,PC-MS,peanuts,0697541326302,26/02/19
IN03309,Luxara शैम्पू 24hr Roll-On Deodorant,Luxara,1000ml,100,PC-DO,gluten,8309221337042,11/08/21
IN03310,Aurova Salted Crackers,Aurova,1000ml,500,FB-SN,"milk,shellfish,wheat",9430628734512,21/07/19
IN03311,TEST-Glova Rinse Aid,Glova,750ml,400,HH-DW,sesame,5586793160275,03/10/23
IN03312,Glicen Moisturising Hand Wash,Glicen,200ml,500,PC-HW,"fish,tree nuts,gluten",1280695521106,18/09/21
IN03313,Cladis Gentle Face सीरम Wash,Cladis,75ml,250,PC-FW,"fish,shellfish,tree nuts",9713411292889,02/10/18
IN03314,Nexpur Nourishing Body Cleanser,Nexpur,150ml,500,PC-BW,"wheat,peanuts",7965545085543,22/10/23
IN03315,DUMMY-Primus स्प्रे Whitening Deodorant,Primus,1000ml,50,PC-DO,"gluten,milk,peanuts",3987888999497,01/06/21
IN03316,Cladis Daily Moisturiser,Cladis,50ml,100,PC-MS,"milk,shellfish",9405219899024,04/01/18
IN03317,Solaris Glass पाउडर Cleaner,Solaris,150ml,50,HH-SC,"sesame,eggs,tree nuts,gluten",0293336770529,14/07/23
03318,Zenpur शैम्पू Dishwasher Tablets,Zenpur,150ml,500,HH-DW,"eggs,wheat",7913253325888,17/09/23
IN03319,Frostine Daily Moisturiser,Frostine,75ml,300,PC-MS,shellfish,4221211544480,06/12/21
IN03320,Solvix Refreshing Shower Gel,Solvix,200ml,300,PC-BW,,0168107137798,29/06/23
IN03321,Lumeva Gentle Face Wash,Lumeva,1000ml,250,PC-FW,,4607372040328,07/05/21
IN03322,Frostine Nourishing Body Cleanser,Frostine,50ml,75,PC-BW,eggs,7856343614557,14/05/18
IN03323,Aevum Volumising Shampoo,Aevum,50ml,200,PC-SH,eggs,2868667756467,17/08/23
IN03324,Motivo Mayonnaise,Motivo,150ml,150,FB-CN,milk,9481685319990,07/01/18
IN03325,Velaris Oat Protein Bar,Velaris,50ml,75,FB-SN,"fish,eggs",8702739246781,05/08/20
IN03326,Nuarix Anti-Dandruff Shampoo,Nuarix,300ml,200,PC-SH,tree nuts,0882324396966,03/06/21
IN03327,Solvix Rice क्रीम Cakes,Solvix,400ml,150,FB-SN,soy,7249292133246,22/01/18
IN03328,Alteva Antibacterial Hand Wash,Alteva,300ml,200,PC-HW,"milk,tree nuts,fish",9274505695820,16/04/22
IN03329,Tolvex Repair Shampoo,Tolvex,750ml,75,PC-SH,peanuts,3812580256213,18/12/22
03330,Sovara सीरम Intensive Moisturiser,Sovara,50ml,200,PC-MS,"milk,peanuts",2414265626161,13/08/18
IN03331,Frostine Intensive Moisturiser,Frostine,150ml,50,PC-MS,,7247660531397,23/05/23
IN03332,Cryston Laundry Powder,Cryston,200ml,400,HH-LN,"fish,soy,shellfish",7724242784124,07/07/23
IN03333,Arovia Hot Chilli Sauce,Arovia,75ml,100,FB-CN,"wheat,fish,eggs,shellfish",4998779994810,30/06/21
IN03334,Purelix Salted सीरम Crackers,Purelix,500ml,75,FB-SN,shellfish,5610408673253,05/11/23
IN03335,Nuvelo Aloe Hand Wash,Nuvelo,500ml,75,PC-HW,,6247165693867,22/07/21
IN03336,DUMMY-Luminos Volumising Shampoo,Luminos,250ml,200,PC-SH,,5280786477011,18/09/22
IN03337,Tresol Heavy Duty Dish Soap,Tresol,50ml,100,HH-DW,soy,6270653813782,17/09/21
IN03338,Serafix Moisturising Hand Wash,Serafix,250ml,200,PC-HW,tree nuts,1290458963852,30/01/22
IN03339,TEST-Oralix Repair Conditioner,Oralix,250ml,50,PC-CD,,4510666058803,17/07/21
IN03340,Gleam जेल Dishwasher Tablets,Gleam,200ml,150,HH-DW,"sesame,eggs,tree nuts,peanuts",8322570211689,19/05/22
IN03341,Nexpur Antibacterial Hand Wash,Nexpur,500ml,100,PC-HW,"eggs,peanuts,fish,wheat",6917815483611,10/10/18
IN03342,Luxara 48hr Spray Deodorant,Luxara,150ml,150,PC-DO,"fish,peanuts,sesame",9347430342678,03/01/21
03343,Sovara Sensitive Deodorant,Sovara,75ml,75,PC-DO,"tree nuts,fish",8160964057877,19/10/22
IN03344,Krisol Antibacterial Hand Wash,Krisol,75ml,400,PC-HW,"wheat,fish,eggs,sesame",4730748027972,03/07/19
IN03345,Zephyr Kitchen Cleaner,Zephyr,75ml,300,HH-SC,"gluten,peanuts,fish,shellfish",5217456589880,27/12/20
IN03346,Sovara सीरम Hydrating Face Wash,Sovara,500ml,200,PC-FW,"soy,sesame",0684145795573,17/03/20
IN03347,Qualis फोम Liquid Laundry Detergent,Qualis,1000ml,300,HH-LN,"gluten,shellfish,wheat",8156130232766,02/06/20
IN03348,Cladis Dish लोशन Liquid,Cladis,1000ml,200,HH-DW,"shellfish,soy,gluten,sesame",8765964718171,30/12/21
IN03349,Vanta Brightening स्प्रे Face Wash,Vanta,750ml,300,PC-FW,"tree nuts,shellfish,soy,sesame",9975117563445,28/08/18
IN03350,Brightway Antibacterial Hand Wash,Brightway,75ml,50,PC-HW,"eggs,fish,wheat,soy",9696727833222,03/04/22
IN03351,Serafix Exfoliating Face Scrub,Serafix,75ml,300,PC-FW,"wheat,peanuts,soy,shellfish",9812006789725,25/09/22
IN03352,Vivara Multi-Surface जेल Spray,Vivara,300ml,75,HH-SC,"shellfish,milk",1298394541646,03/05/22
IN03353,Solvix Deep Clean Body Wash,Solvix,75ml,250,PC-BW,,0665285300452,14/03/22
IN03354,Cladis Disinfectant Spray,Cladis,500ml,250,HH-SC,"wheat,gluten,sesame,fish",2006597741447,10/07/19
IN03355,Helix Tomato Ketchup,Helix,500ml,50,FB-CN,peanuts,2068721704667,21/11/23
IN03356,Polvera Multi-Surface Spray,Polvera,1000ml,500,HH-SC,,7962116712303,22/12/20
IN03357,XXX-Primus Fragrance-Free Hand Wash,Primus,150ml,300,PC-HW,"gluten,sesame",0166581366222,20/09/19
IN03358,Motivo Sensitive Skin Body Wash,Motivo,75ml,50,PC-BW,eggs,3050963994783,06/03/20
IN03359,Luxara Lightweight Lotion,Luxara,75ml,200,PC-MS,"milk,sesame,wheat",4740794344411,29/03/23
IN03360,Sovara Sensitive Deodorant,Sovara,300ml,75,PC-DO,"fish,wheat,eggs,shellfish",2392950197618,13/06/18
IN03361,Solven Oil Control Face Wash,Solven,300ml,250,PC-FW,"milk,sesame,shellfish,eggs",6705119388301,17/03/18
IN03362,Teraxis SPF Moisturiser,Teraxis,500ml,75,PC-MS,"shellfish,wheat,eggs",9304201859056,18/10/19
03363,Glova Kitchen लोशन Cleaner,Glova,75ml,500,HH-SC,"fish,tree nuts,gluten",7224128650388,02/07/21
03364,Solven Hydrating Shampoo,Solven,1000ml,250,PC-SH,"gluten,wheat,sesame,eggs",4924440661590,26/12/19
IN03365,Tresol Mixed Nuts Blend,Tresol,50ml,400,FB-SN,"peanuts,sesame,fish",1838255914327,01/11/18
IN03366,Nexpur Repair Shampoo,Nexpur,200ml,250,PC-SH,"milk,tree nuts,eggs",8208086178084,19/07/23
IN03367,Qualis Volumising Shampoo,Qualis,150ml,500,PC-SH,"shellfish,soy",2420570365954,05/02/20
IN03368,Luminos Sensitive Deodorant,Luminos,400ml,100,PC-DO,"gluten,wheat,milk",4699811721370,29/07/18
IN03369,Glicen Volumising Conditioner,Glicen,75ml,300,PC-CD,"eggs,fish,shellfish",2702241026211,09/03/18
IN03370,Zephyr सीरम Laundry Powder,Zephyr,500ml,150,HH-LN,milk,9143193841539,06/01/19
IN03371,Hevara लोशन Tomato Ketchup,Hevara,500ml,100,FB-CN,milk,7313972988720,08/12/23
IN03372,Purevex लोशन Glass Cleaner,Purevex,150ml,50,HH-SC,"wheat,soy",8768090077969,27/02/21
IN03373,TEST-Cryston Volumising Conditioner,Cryston,50ml,400,PC-CD,"tree nuts,wheat,gluten,eggs",9913854131749,22/10/20
IN03374,Nuarix Fabric Softener,Nuarix,75ml,250,HH-LN,"peanuts,wheat",3344025885516,08/02/18
IN03375,Aevum Stain साबुन Remover,Aevum,100ml,75,HH-LN,"eggs,milk,shellfish",4853159964602,12/01/23
IN03376,Qualis Mayonnaise,Qualis,200ml,400,FB-CN,"shellfish,tree nuts,soy",8817683532474,17/11/23
IN03377,Zephyr Hydrating Shampoo,Zephyr,1000ml,75,PC-SH,"wheat,eggs,shellfish",4469316815160,23/03/21
IN03378,Hevara Dish पाउडर Liquid,Hevara,750ml,50,HH-DW,"milk,peanuts,sesame",5196492306616,26/02/18
IN03379,Gleam Repair Shampoo,Gleam,200ml,500,PC-SH,"wheat,tree nuts",2467193064734,11/04/18
IN03380,Zenpur Laundry Capsules,Zenpur,150ml,250,HH-LN,"gluten,sesame,soy,eggs",4359513331696,07/03/22
IN03381,Tresol Night फोम Cream,Tresol,150ml,100,PC-MS,"fish,soy",5516978837777,09/10/19
IN03382,Plexum Nourishing Body जेल Cleanser,Plexum,750ml,400,PC-BW,,8884271696566,28/02/21
IN03383,Glicen Sport Deodorant,Glicen,150ml,100,PC-DO,"peanuts,milk,soy,wheat",7696454406685,13/05/21
IN03384,Aurova Repair Conditioner,Aurova,100ml,500,PC-CD,fish,9308011872137,14/02/20
IN03385,Nexpur Salted Crackers,Nexpur,50ml,50,FB-SN,"fish,tree nuts",7238616018611,19/03/19
IN03386,Solvix Exfoliating Face Scrub,Solvix,200ml,50,PC-FW,"gluten,tree nuts,milk",5184047735035,11/05/19
IN03387,Frostine Stain Remover,Frostine,750ml,400,HH-LN,"eggs,fish",3228556336603,23/01/20
IN03388,Brightway Brightening Face Wash,Brightway,75ml,400,PC-FW,"wheat,eggs,sesame,fish",8289130510272,18/12/18
IN03389,Zenpur Dish Liquid,Zenpur,1000ml,500,HH-DW,,4796056233092,12/11/20
IN03390,Tolvex Disinfectant Spray,Tolvex,400ml,300,HH-SC,"sesame,tree nuts,peanuts,eggs",4645829546375,30/04/20
IN03391,Zephyr Oil Control Face Wash,Zephyr,50ml,150,PC-FW,,4716623425309,11/05/19
IN03392,Teraxis Smooth & स्प्रे Shine Conditioner,Teraxis,75ml,200,PC-CD,,0112952078188,21/07/23
IN03393,TEST-Solven Granola तेल Bar,Solven,200ml,300,FB-SN,"fish,gluten",3707043737517,11/11/20
IN03394,Cristalix Brightening Face Wash,Cristalix,250ml,250,PC-FW,"fish,wheat",2284766009745,06/01/18
IN03395,Gleam Dish Liquid,Gleam,100ml,300,HH-DW,,9358151418597,02/05/21
IN03396,Frostine Moisturising Body Wash,Frostine,500ml,300,PC-BW,"fish,milk",8469544956976,09/03/23
IN03397,Sovara Sport Deodorant,Sovara,75ml,100,PC-DO,peanuts,0015229040157,15/04/18
IN03398,DUMMY-Nexpur Glass Cleaner,Nexpur,750ml,200,HH-SC,milk,1217220943423,07/02/20
IN03399,Tresol Sensitive Skin Body Wash,Tresol,200ml,75,PC-BW,"sesame,tree nuts,shellfish,soy",8734137230734,15/07/21
IN03400,Teraxis Multi-Surface जेल Spray,Teraxis,150ml,300,HH-SC,,8774978953522,07/08/21
IN03401,Cristalix Fabric Softener,Cristalix,250ml,250,HH-LN,"gluten,tree nuts,eggs,wheat",4143604387248,21/08/20
IN03402,Primus Sensitive Skin Body जेल Wash,Primus,200ml,500,PC-BW,"milk,fish,peanuts",1442509693373,21/09/21
IN03403,Clarity Rice फोम Cakes,Clarity,1000ml,50,FB-SN,,5508806395849,23/09/21
IN03404,Zephyr शैम्पू SPF Moisturiser,Zephyr,1000ml,250,PC-MS,gluten,6537047680987,21/12/21
IN03405,Cristalix Aloe Hand Wash,Cristalix,250ml,50,PC-HW,"eggs,sesame",3440275547010,04/02/21
IN03406,Qualis Smooth & Shine Conditioner,Qualis,50ml,150,PC-CD,fish,9368340211045,17/11/21
IN03407,Alteva Lightweight लोशन Lotion,Alteva,50ml,200,PC-MS,"milk,fish,tree nuts",3493096663490,25/05/19
IN03408,Oralix Foaming Hand Wash,Oralix,250ml,250,PC-HW,"shellfish,soy,milk",4554362331938,30/10/18
IN03409,Solvix स्प्रे Mixed Nuts Blend,Solvix,75ml,50,FB-SN,"eggs,gluten,milk,sesame",8773800778982,21/01/19
IN03410,Luxara Heavy Duty Dish तेल Soap,Luxara,400ml,50,HH-DW,"fish,gluten,peanuts",3316509833818,07/01/20
IN03411,Elaris स्प्रे Kitchen Cleaner,Elaris,750ml,50,HH-SC,,4054393469896,05/11/23
IN03412,Polvera Intensive Moisturiser,Polvera,150ml,500,PC-MS,"soy,tree nuts",3725801535847,20/08/22
IN03413,Vanta लोशन Deep Conditioner,Vanta,150ml,100,PC-CD,milk,2019268601735,10/09/23
IN03414,Nuarix Sport Deodorant,Nuarix,250ml,250,PC-DO,"milk,tree nuts",1817614266246,06/06/21
IN03415,Solaris Exfoliating Face Scrub,Solaris,400ml,50,PC-FW,"eggs,gluten",0800264913593,07/05/23
IN03416,Frosten Lightweight Lotion,Frosten,250ml,300,PC-MS,"wheat,tree nuts",2753177910532,15/12/22
IN03417,Purelix Repair Conditioner,Purelix,250ml,300,PC-CD,soy,7343488919000,07/05/18
IN03418,Verdant Refreshing Shower Gel,Verdant,100ml,50,PC-BW,,2776066259574,19/04/23
IN03419,Glova SPF Moisturiser,Glova,75ml,100,PC-MS,"peanuts,sesame,gluten,eggs",1727421940478,20/12/18
IN03420,Velaris Exfoliating Face Scrub,Velaris,75ml,300,PC-FW,,6849899126385,04/06/19
IN03421,Frostine Disinfectant Spray,Frostine,75ml,200,HH-SC,"tree nuts,milk",9733309870388,24/10/19
IN03422,Nexpur Granola Bar,Nexpur,750ml,500,FB-SN,"wheat,shellfish",0497344463460,04/12/20
IN03423,Clarity Bathroom Cleaner,Clarity,300ml,250,HH-SC,"eggs,soy,gluten,milk",0152218159589,22/12/23
IN03424,Serafix Volumising Shampoo,Serafix,300ml,500,PC-SH,"fish,gluten,milk,peanuts",8232351139524,09/12/19
IN03425,Clarity Sport Deodorant,Clarity,1000ml,200,PC-DO,"shellfish,milk",3176810132471,09/08/18
IN03426,Oralix साबुन Kitchen Cleaner,Oralix,500ml,75,HH-SC,"eggs,peanuts",2375745451737,04/03/20
IN03427,Purelix Moisturising Body Wash,Purelix,250ml,200,PC-BW,"shellfish,fish,tree nuts,soy",8159166551726,04/05/22
IN03428,Purevex Night Cream,Purevex,150ml,300,PC-MS,,1714722294539,09/02/19
IN03429,Hevara Heavy Duty Dish Soap,Hevara,250ml,75,HH-DW,"peanuts,gluten,eggs",8054008538098,24/01/21
IN03430,Arovia लोशन Deep Conditioner,Arovia,400ml,300,PC-CD,,9909798965915,15/07/20
IN03431,Luxara Hydrating Shampoo,Luxara,400ml,50,PC-SH,"shellfish,sesame,eggs,wheat",7491671656703,25/11/23
IN03432,Solaris पाउडर Foaming Hand Wash,Solaris,500ml,500,PC-HW,"eggs,fish",8203852857941,05/09/18
IN03433,Elaris Anti-Dandruff Shampoo,Elaris,75ml,250,PC-SH,,6898511881164,01/07/23
IN03434,Serafix Laundry Capsules,Serafix,200ml,500,HH-LN,,8514966757165,20/07/21
IN03435,Tresol Daily Moisturiser,Tresol,150ml,75,PC-MS,peanuts,2683969957134,17/12/21
IN03436,Vanta सीरम Multi-Surface Spray,Vanta,75ml,300,HH-SC,"peanuts,tree nuts,eggs,sesame",2240238789300,11/04/20
IN03437,Elaris सीरम Liquid Laundry Detergent,Elaris,400ml,300,HH-LN,,4096262922590,02/01/22
IN03438,Sovara Exfoliating Face Scrub,Sovara,100ml,75,PC-FW,,9853272720661,12/03/23
IN03439,Frosten Sport Deodorant,Frosten,1000ml,50,PC-DO,"gluten,shellfish",3037537450883,14/04/20
IN03440,Luxara Deep Clean Body Wash,Luxara,100ml,200,PC-BW,"eggs,shellfish,milk,wheat",9672942791912,24/10/22
IN03441,Nuarix Exfoliating Face साबुन Scrub,Nuarix,750ml,500,PC-FW,,0472028882393,19/12/22
IN03442,Zephyr Heavy Duty Dish Soap,Zephyr,500ml,400,HH-DW,"milk,eggs,tree nuts",2424431029931,08/08/19
IN03443,Aurova Hydrating Shampoo,Aurova,300ml,400,PC-SH,"milk,gluten",9254270983186,15/05/19
IN03444,Cristalix Liquid Laundry Detergent,Cristalix,200ml,150,HH-LN,,7148830545087,25/06/19
IN03445,Solvix Bathroom Cleaner,Solvix,750ml,500,HH-SC,"sesame,tree nuts,eggs",9748846748229,18/02/20
IN03446,Cladis Smooth & Shine Conditioner,Cladis,200ml,100,PC-CD,"milk,peanuts",6471742658844,07/08/18
IN03447,Helix फोम Foaming Hand Wash,Helix,100ml,200,PC-HW,"milk,eggs",1601241811609,13/02/23
IN03448,TEST-Tolvex Moisturising Hand Wash,Tolvex,75ml,50,PC-HW,"fish,wheat,gluten,tree nuts",2168472020631,12/10/18
IN03449,Vanta साबुन Daily Moisturiser,Vanta,750ml,100,PC-MS,"peanuts,soy",2954056864292,02/06/22
IN03450,Hevara फोम Salted Crackers,Hevara,400ml,100,FB-SN,"shellfish,wheat",7318897060445,14/05/22
IN03451,Aurova Deep जेल Conditioner,Aurova,400ml,200,PC-CD,"tree nuts,shellfish",1991673421423,10/01/19
IN03452,Luminos Anti-Dandruff Shampoo,Luminos,400ml,500,PC-SH,,3664929070383,27/06/20
IN03453,Kaleo Rinse Aid,Kaleo,400ml,75,HH-DW,peanuts,2470649222572,03/02/19
IN03454,Oralix Fragrance-Free Hand Wash,Oralix,50ml,200,PC-HW,"gluten,tree nuts,wheat,shellfish",1434564663972,22/11/18
IN03455,Helix Liquid Laundry साबुन Detergent,Helix,100ml,50,HH-LN,"soy,gluten,tree nuts",7599794975678,29/12/21
IN03456,Motivo Fragrance-Free Hand Wash,Motivo,1000ml,300,PC-HW,"fish,gluten,shellfish",4913481694032,12/11/19
IN03457,Nexpur सीरम Night Cream,Nexpur,75ml,300,PC-MS,"tree nuts,soy",2442146100493,06/10/23
IN03458,Lumeva Brightening Face Wash,Lumeva,50ml,50,PC-FW,"sesame,eggs",9836514690595,17/12/18
IN03459,Velaris Laundry Powder,Velaris,300ml,250,HH-LN,gluten,7900578341082,22/07/18
IN03460,Vanta फोम Bathroom Cleaner,Vanta,750ml,250,HH-SC,,3545136402948,19/12/19
IN03461,Nuarix Mixed Nuts Blend,Nuarix,50ml,500,FB-SN,"gluten,tree nuts",0312155959950,10/12/19
03462,Aevum Daily Moisturiser,Aevum,400ml,75,PC-MS,"fish,tree nuts,sesame",3601811703288,01/07/18
IN03463,Brightway Mayonnaise,Brightway,250ml,150,FB-CN,"soy,fish,eggs,wheat",4917921651487,10/05/19
IN03464,Elaris Hydrating Shampoo,Elaris,300ml,500,PC-SH,"wheat,fish,eggs",1737021538456,20/06/18
IN03465,Toreva Brightening Face Wash,Toreva,1000ml,300,PC-FW,"soy,eggs,gluten",1213124346667,09/06/19
IN03466,Serafix Dish Liquid,Serafix,300ml,100,HH-DW,,5394406014613,22/06/19
IN03467,Hevara Nourishing Body Cleanser,Hevara,500ml,200,PC-BW,"sesame,peanuts,gluten,soy",5393600748133,13/02/20
IN03468,Aurova सीरम 48hr Spray Deodorant,Aurova,150ml,300,PC-DO,"peanuts,eggs,shellfish,wheat",1800756582558,04/12/20
03469,Primus Laundry Powder,Primus,300ml,500,HH-LN,"eggs,wheat,soy",5879050730909,26/05/23
IN03470,Verdant Smooth & Shine Conditioner,Verdant,1000ml,500,PC-CD,"fish,soy",6667313962865,08/10/20
03471,Clarity Hydrating Face Wash,Clarity,400ml,250,PC-FW,"shellfish,milk",1121435939396,29/11/20
IN03472,Nexpur सीरम Volumising Conditioner,Nexpur,500ml,100,PC-CD,"sesame,eggs,tree nuts,soy",5960402874478,19/03/23
IN03473,Nuvelo Deep Clean Body Wash,Nuvelo,500ml,75,PC-BW,soy,5782992442352,01/07/18
IN03474,Alteva साबुन Aloe Hand Wash,Alteva,200ml,150,PC-HW,"soy,gluten,fish,milk",6263823919292,26/04/21
IN03475,Solvix फोम Disinfectant Spray,Solvix,1000ml,400,HH-SC,"tree nuts,peanuts",5603186865927,29/04/23
IN03476,Frostine Eco Dish Liquid,Frostine,500ml,75,HH-DW,gluten,6454827719593,27/11/18
IN03477,Lumeva Tomato सीरम Ketchup,Lumeva,750ml,200,FB-CN,,3644772911880,06/03/21
IN03478,Glicen Daily पाउडर Moisturiser,Glicen,75ml,200,PC-MS,"milk,sesame,wheat",3196172588280,24/11/20
IN03479,Glicen Granola Bar,Glicen,100ml,400,FB-SN,,8045591289955,20/04/19
IN03480,Teraxis Deep Conditioner,Teraxis,1000ml,400,PC-CD,"peanuts,shellfish",5636518370479,22/06/18
03481,Serafix Mixed Nuts Blend,Serafix,400ml,75,FB-SN,tree nuts,0682120358133,26/12/22
IN03482,Helix Rinse Aid,Helix,750ml,300,HH-DW,peanuts,5240558972359,17/09/18
IN03483,Primus Eco Dish Liquid,Primus,500ml,250,HH-DW,"wheat,gluten",9297702598459,02/08/21
IN03484,Tresol Sport Deodorant,Tresol,100ml,50,PC-DO,"peanuts,sesame",7291298967332,08/02/22
IN03485,Cryston Mayonnaise,Cryston,50ml,300,FB-CN,wheat,3001719557639,28/06/19
IN03486,Gleam Rinse फोम Aid,Gleam,75ml,300,HH-DW,"wheat,eggs,tree nuts",6748637470301,20/05/20
IN03487,Cristalix फोम Foaming Hand Wash,Cristalix,500ml,300,PC-HW,,2687175840532,01/10/18
IN03488,Purelix Stain Remover,Purelix,250ml,500,HH-LN,"wheat,gluten",8876172746006,04/10/20
IN03489,Zephyr Daily Moisturiser,Zephyr,250ml,500,PC-MS,"wheat,sesame,shellfish,milk",3517199497452,03/03/18
IN03490,Velaris Sensitive Skin Body Wash,Velaris,50ml,300,PC-BW,"peanuts,milk",7125346115553,18/01/20
IN03491,TEST-Tresol Daily Moisturiser,Tresol,400ml,500,PC-MS,milk,1581130839535,01/04/19
IN03492,Teraxis साबुन Repair Shampoo,Teraxis,750ml,250,PC-SH,,5223450896077,04/11/18
IN03493,Solaris Mixed Nuts Blend,Solaris,300ml,300,FB-SN,"milk,sesame,gluten",6060506405116,27/07/20
IN03494,Glicen Smooth & Shine Conditioner,Glicen,200ml,50,PC-CD,,4407904389358,11/07/20
IN03495,Serafix Repair स्प्रे Shampoo,Serafix,100ml,200,PC-SH,"eggs,tree nuts,sesame",2241134148123,27/08/22
IN03496,Clarity Oat Protein Bar,Clarity,100ml,300,FB-SN,"sesame,fish,eggs,wheat",5273839688564,21/04/18
IN03497,Lumeva Rice Cakes,Lumeva,200ml,250,FB-SN,"sesame,peanuts,shellfish",0931957996590,01/03/19
IN03498,Aevum Leave-In लोशन Conditioner,Aevum,200ml,200,PC-CD,"peanuts,soy,milk,sesame",8457844902304,22/05/23
IN03499,Frostine Multi-Surface Spray,Frostine,1000ml,300,HH-SC,"milk,wheat",8601183769108,23/09/23
IN03500,Hevara Colour Protect Shampoo,Hevara,750ml,500,PC-SH,,3780110470845,09/02/21
IN03501,Verdant Granola Bar,Verdant,250ml,150,FB-SN,tree nuts,6721195110940,23/01/22
IN03502,Cladis Mixed तेल Nuts Blend,Cladis,250ml,500,FB-SN,eggs,6551462000885,05/11/23
IN03503,Gleam Hot Chilli Sauce,Gleam,300ml,200,FB-CN,,4377222855692,17/02/20
IN03504,Clarity Anti-Dandruff Shampoo,Clarity,150ml,250,PC-SH,"sesame,gluten",1073276199036,08/01/23
03505,Cristalix Glass Cleaner,Cristalix,75ml,75,HH-SC,,2537593358518,22/11/21
IN03506,Teraxis Tomato Ketchup,Teraxis,200ml,200,FB-CN,,0746723979888,30/11/18
IN03507,Primus Colour Protect Shampoo,Primus,100ml,75,PC-SH,,7605955870420,18/02/22
IN03508,Cryston Exfoliating Face Scrub,Cryston,300ml,300,PC-FW,"soy,wheat,tree nuts",4966070287375,05/06/19
IN03509,Luminos Hydrating फोम Face Wash,Luminos,250ml,400,PC-FW,,2166296682738,21/12/20
IN03510,Clarity Smooth & Shine Conditioner,Clarity,50ml,200,PC-CD,fish,8544606889581,06/09/20
IN03511,Lumeva Deep Conditioner,Lumeva,75ml,150,PC-CD,milk,4421795348560,28/10/20
IN03512,Elaris 24hr तेल Roll-On Deodorant,Elaris,200ml,300,PC-DO,peanuts,0441631664177,14/08/18
IN03513,Plexum Moisturising Body Wash,Plexum,150ml,400,PC-BW,"milk,peanuts,shellfish,wheat",2120660580853,12/09/22
IN03514,Krisol Dish जेल Liquid,Krisol,100ml,500,HH-DW,wheat,8807242075306,27/12/22
IN03515,Brightway Kitchen Cleaner,Brightway,300ml,300,HH-SC,"shellfish,soy,peanuts",9586015008589,14/08/21
IN03516,Purevex Lightweight Lotion,Purevex,200ml,300,PC-MS,"eggs,fish",7921271952610,02/06/23
IN03517,Purelix Colour Protect Shampoo,Purelix,400ml,50,PC-SH,"fish,sesame,soy,gluten",7201648547138,15/06/20
IN03518,Luxara फोम Repair Conditioner,Luxara,75ml,300,PC-CD,peanuts,8130043625693,17/04/19
03519,Cristalix Mustard Sauce,Cristalix,1000ml,150,FB-CN,,5818762404661,14/01/19
IN03520,Vanta सीरम Moisturising Body Wash,Vanta,300ml,75,PC-BW,"tree nuts,sesame,eggs,fish",6189329865362,26/04/22
IN03521,Zenpur Anti-Dandruff लोशन Shampoo,Zenpur,50ml,75,PC-SH,"eggs,sesame,shellfish,peanuts",5037436125149,12/11/19
IN03522,Solven Hot तेल Chilli Sauce,Solven,500ml,75,FB-CN,peanuts,1521219338733,12/03/18
IN03523,Vanta Deep Clean Body Wash,Vanta,150ml,100,PC-BW,"gluten,shellfish,tree nuts,soy",3775641089451,19/07/19
IN03524,Tresol Deep Clean साबुन Body Wash,Tresol,250ml,200,PC-BW,,3764941330981,08/11/20
IN03525,Vivara क्रीम Granola Bar,Vivara,100ml,100,FB-SN,"tree nuts,peanuts",9422851413630,29/08/19
03526,Alteva Sport Deodorant,Alteva,300ml,75,PC-DO,soy,3305613111370,27/07/19
IN03527,Velaris Exfoliating Face Scrub,Velaris,750ml,50,PC-FW,"wheat,eggs,soy,tree nuts",5221111890983,03/06/20
IN03528,Primus Tomato Ketchup,Primus,400ml,150,FB-CN,soy,0913891986028,15/03/18
IN03529,Luxara शैम्पू Laundry Powder,Luxara,750ml,300,HH-LN,"eggs,sesame,gluten,wheat",3358628358803,24/01/22
IN03530,Arovia Stain Remover,Arovia,400ml,400,HH-LN,"fish,sesame,milk,soy",6879024464426,28/03/20
IN03531,Clarity Mustard सीरम Sauce,Clarity,500ml,300,FB-CN,"sesame,peanuts",0927029075423,19/09/19
IN03532,Luxara Mustard Sauce,Luxara,750ml,500,FB-CN,,1476898363913,07/10/21
IN03533,Zenpur Heavy Duty Dish Soap,Zenpur,500ml,300,HH-DW,"sesame,eggs,peanuts",0348454536790,11/02/20
IN03534,Purelix Mayonnaise,Purelix,150ml,150,FB-CN,"tree nuts,shellfish",0811759661448,03/10/22
IN03535,Alteva Fragrance-Free Hand Wash,Alteva,1000ml,200,PC-HW,"milk,sesame,tree nuts,soy",1070611402233,22/10/21
IN03536,Zephyr Heavy Duty Dish Soap,Zephyr,300ml,250,HH-DW,"tree nuts,gluten,wheat,eggs",9509443604888,24/03/21
IN03537,DUMMY-Glicen Laundry Capsules,Glicen,75ml,500,HH-LN,,7457576826368,18/02/18
IN03538,Primus Tomato Ketchup,Primus,750ml,400,FB-CN,milk,3659077467437,10/03/20
IN03539,Clarity Daily Moisturiser,Clarity,1000ml,400,PC-MS,,5550133343178,04/07/19
IN03540,Nuarix शैम्पू Hot Chilli Sauce,Nuarix,200ml,300,FB-CN,eggs,8853402610153,03/11/23
IN03541,Motivo 48hr Spray Deodorant,Motivo,150ml,100,PC-DO,eggs,0785778846202,03/03/22
IN03542,Luminos पाउडर Night Cream,Luminos,75ml,75,PC-MS,"fish,gluten,wheat,soy",2634018814977,07/12/22
IN03543,Solven Granola Bar,Solven,500ml,75,FB-SN,"wheat,shellfish,eggs,tree nuts",5131948288276,27/08/22
IN03544,Nuvelo Mixed जेल Nuts Blend,Nuvelo,150ml,200,FB-SN,"soy,tree nuts,shellfish",1886835473740,25/09/21
IN03545,Frostine Multi-Surface Spray,Frostine,400ml,100,HH-SC,"peanuts,shellfish,soy",1980712336781,27/02/19
IN03546,Glicen Mayonnaise,Glicen,75ml,250,FB-CN,"peanuts,wheat",3739977041453,25/12/23
IN03547,Aurova Antibacterial Hand Wash,Aurova,300ml,200,PC-HW,wheat,3590632877554,01/12/20
IN03548,Elaris Oat Protein Bar,Elaris,50ml,50,FB-SN,"wheat,eggs",0997988576019,21/07/22
IN03549,Polvera Rice Cakes,Polvera,300ml,400,FB-SN,"soy,wheat,shellfish,peanuts",3607989097891,20/01/20
IN03550,Polvera Deep Clean तेल Body Wash,Polvera,750ml,500,PC-BW,soy,8101362408311,01/10/21
IN03551,Hevara Mayonnaise,Hevara,300ml,200,FB-CN,"shellfish,peanuts,sesame",5632250546783,03/11/23
IN03552,Primus Mustard Sauce,Primus,500ml,50,FB-CN,"gluten,tree nuts",4742002892349,23/06/20
IN03553,TEST-Solven Hot फोम Chilli Sauce,Solven,200ml,100,FB-CN,"soy,sesame",8013724928842,11/05/18
IN03554,Cladis Oat Protein Bar,Cladis,750ml,300,FB-SN,tree nuts,8537512207211,25/07/21
IN03555,Teraxis साबुन Eco Dish Liquid,Teraxis,50ml,250,HH-DW,"milk,wheat,sesame",2470321337808,01/09/18
IN03556,Frostine Aloe Hand Wash,Frostine,50ml,300,PC-HW,"wheat,soy",8555079320082,01/07/19
IN03557,Frostine शैम्पू Mayonnaise,Frostine,200ml,75,FB-CN,milk,6108557041935,28/07/22
IN03558,Krisol Daily Moisturiser,Krisol,300ml,200,PC-MS,,5118222413296,07/03/22
IN03559,Luminos Moisturising Body क्रीम Wash,Luminos,100ml,150,PC-BW,soy,2139928581426,21/07/23
IN03560,Vanta Brightening Face Wash,Vanta,100ml,100,PC-FW,,4916101995328,12/01/19
IN03561,Lumeva Nourishing सीरम Body Cleanser,Lumeva,400ml,500,PC-BW,"wheat,sesame",1435194199794,22/12/18
IN03562,Cristalix Glass Cleaner,Cristalix,50ml,75,HH-SC,"eggs,gluten,tree nuts,wheat",3167014104883,16/07/19
IN03563,Verdant Deep Clean Body Wash,Verdant,1000ml,250,PC-BW,"wheat,milk,sesame",9832736529392,10/02/23
IN03564,Teraxis Repair Conditioner,Teraxis,100ml,50,PC-CD,"fish,tree nuts",6791671279447,19/03/18
IN03565,Luminos शैम्पू Volumising Shampoo,Luminos,250ml,400,PC-SH,tree nuts,3324970730680,09/10/22
IN03566,Velaris Stain Remover,Velaris,500ml,300,HH-LN,,9202285404028,11/07/22
IN03567,Motivo Repair Shampoo,Motivo,500ml,200,PC-SH,"milk,eggs",5622584819066,23/02/18
IN03568,Gleam SPF Moisturiser,Gleam,750ml,500,PC-MS,shellfish,8147056497179,20/08/19
IN03569,Nexpur Dish सीरम Liquid,Nexpur,300ml,500,HH-DW,,5334533843090,21/07/19
IN03570,Cryston Aloe Hand Wash,Cryston,500ml,500,PC-HW,soy,1020852056450,15/11/23
IN03571,Verdant Refreshing स्प्रे Shower Gel,Verdant,200ml,50,PC-BW,"sesame,tree nuts",6595197439503,25/10/20
IN03572,Hevara SPF Moisturiser,Hevara,750ml,100,PC-MS,"eggs,tree nuts,fish,gluten",9545549128316,05/02/19
IN03573,Elaris Disinfectant शैम्पू Spray,Elaris,750ml,200,HH-SC,"wheat,gluten",8329958742797,08/08/22
IN03574,Zephyr Mixed Nuts Blend,Zephyr,200ml,250,FB-SN,"milk,peanuts",7864163882810,24/02/18
IN03575,Glicen Granola Bar,Glicen,750ml,100,FB-SN,"gluten,eggs,wheat",1189462311660,21/02/22
IN03576,Plexum Sensitive Deodorant,Plexum,1000ml,300,PC-DO,milk,0433590156404,21/02/23
IN03577,Krisol Mustard Sauce,Krisol,250ml,300,FB-CN,"peanuts,eggs,gluten,soy",7359283962578,16/02/23
IN03578,Polvera Daily लोशन Moisturiser,Polvera,300ml,75,PC-MS,"tree nuts,fish,sesame",5764063365586,25/05/22
IN03579,Glova Repair Shampoo,Glova,75ml,50,PC-SH,"gluten,fish,shellfish",9693924962342,06/03/21
IN03580,Aevum तेल Exfoliating Face Scrub,Aevum,100ml,500,PC-FW,"eggs,tree nuts",6283794774171,02/06/20
IN03581,Purelix Oil Control Face पाउडर Wash,Purelix,50ml,75,PC-FW,,7867605345034,06/09/21
IN03582,DUMMY-Sovara Liquid Laundry Detergent,Sovara,1000ml,250,HH-LN,"gluten,sesame",0618464876088,28/02/22
IN03583,Frostine Glass Cleaner,Frostine,300ml,50,HH-SC,fish,3242866227192,04/08/19
IN03584,Plexum सीरम Repair Shampoo,Plexum,300ml,300,PC-SH,"fish,gluten",7390607277237,21/08/22
IN03585,Purelix Sensitive Deodorant,Purelix,75ml,200,PC-DO,"fish,gluten,tree nuts",7164022612344,11/11/20
IN03586,Kaleo स्प्रे Sensitive Deodorant,Kaleo,200ml,200,PC-DO,"eggs,shellfish,fish,wheat",8261481099576,02/10/23
IN03587,Cristalix Colour Protect Shampoo,Cristalix,150ml,500,PC-SH,,7033156670530,14/10/20
IN03588,Novix सीरम Tomato Ketchup,Novix,250ml,75,FB-CN,"sesame,soy,fish,milk",6962498956914,18/09/18
IN03589,Zephyr Refreshing Shower Gel,Zephyr,500ml,400,PC-BW,"sesame,fish",3804044161669,05/02/19
IN03590,Cladis Gentle Face Wash,Cladis,150ml,250,PC-FW,"sesame,tree nuts",3961048088054,14/05/23
IN03591,Alteva तेल Lightweight Lotion,Alteva,400ml,250,PC-MS,"peanuts,milk,wheat,shellfish",9387138992799,30/07/20
IN03592,Krisol Sport Deodorant,Krisol,200ml,200,PC-DO,,5730199526146,15/12/21
IN03593,Teraxis Hot Chilli Sauce,Teraxis,500ml,100,FB-CN,"tree nuts,fish",6363051281632,29/11/22
IN03594,DUMMY-Sovara Eco Dish Liquid,Sovara,150ml,75,HH-DW,"soy,gluten,sesame",8568369570012,10/09/21
IN03595,Hevara Tomato Ketchup,Hevara,150ml,200,FB-CN,eggs,6292356213430,07/09/20
IN03596,Helix Sensitive क्रीम Deodorant,Helix,100ml,50,PC-DO,"shellfish,peanuts",9213860682892,21/01/23
IN03597,Orinum Smooth & Shine Conditioner,Orinum,50ml,100,PC-CD,"tree nuts,fish",4531076907000,29/04/22
IN03598,DUMMY-Clarity Sensitive Skin Body Wash,Clarity,300ml,400,PC-BW,"peanuts,soy",5934571615637,04/10/20
IN03599,Purelix Antibacterial Hand Wash,Purelix,1000ml,75,PC-HW,,1323123036725,17/10/22
IN03600,Orinum Fabric Softener,Orinum,150ml,50,HH-LN,"eggs,fish,milk,gluten",5034206289582,06/02/18
IN03601,Elaris Night पाउडर Cream,Elaris,500ml,250,PC-MS,,1688392114360,23/07/23
IN03602,Alteva Fabric Softener,Alteva,400ml,150,HH-LN,peanuts,6676682930078,05/05/20
IN03603,Cristalix Multi-Surface Spray,Cristalix,500ml,400,HH-SC,"peanuts,fish,gluten",3850882570446,12/10/21
IN03604,Nexpur Sport Deodorant,Nexpur,500ml,150,PC-DO,"sesame,gluten",7421094380541,08/02/23
IN03605,Tolvex Rinse Aid,Tolvex,500ml,500,HH-DW,milk,1860807539399,17/01/22
IN03606,Krisol Foaming Hand स्प्रे Wash,Krisol,300ml,50,PC-HW,,4270983965481,13/05/21
IN03607,Solvix जेल Mayonnaise,Solvix,150ml,500,FB-CN,,5363471678044,24/12/22
IN03608,Oralix Vinegar Dressing,Oralix,250ml,200,FB-CN,"tree nuts,wheat",9258249148088,10/01/23
IN03609,Clarity SPF Moisturiser,Clarity,100ml,75,PC-MS,"gluten,soy,eggs,fish",0587686946186,19/02/21
IN03610,Toreva Repair Shampoo,Toreva,400ml,75,PC-SH,"eggs,shellfish",8741056632624,06/02/21
IN03611,Vanta Moisturising Hand साबुन Wash,Vanta,100ml,250,PC-HW,"sesame,fish,tree nuts",3578666736030,18/08/19
IN03612,Teraxis Hydrating Shampoo,Teraxis,1000ml,100,PC-SH,"tree nuts,sesame",6154799844186,26/11/21
IN03613,Aevum फोम Colour Protect Shampoo,Aevum,300ml,500,PC-SH,fish,7628908237101,11/03/22
IN03614,Zephyr Heavy Duty Dish Soap,Zephyr,100ml,150,HH-DW,gluten,8047327224377,16/07/21
IN03615,Solven पाउडर Liquid Laundry Detergent,Solven,300ml,100,HH-LN,"gluten,fish",9718511477716,22/04/22
IN03616,Nuarix Gentle Face Wash,Nuarix,250ml,150,PC-FW,"milk,fish,wheat,tree nuts",7861189192831,22/02/21
IN03617,Vanta Granola Bar,Vanta,100ml,300,FB-SN,,8358897435408,17/09/23
IN03618,Elaris Whitening Deodorant,Elaris,100ml,50,PC-DO,"gluten,tree nuts",4928767567535,03/11/23
IN03619,Luxara Foaming Hand Wash,Luxara,500ml,75,PC-HW,"tree nuts,soy",9241337332643,01/08/18
03620,Aevum Liquid Laundry Detergent,Aevum,1000ml,200,HH-LN,"peanuts,sesame",9020842735992,24/03/19
IN03621,Helix Dishwasher Tablets,Helix,250ml,400,HH-DW,"fish,peanuts,sesame,tree nuts",8296120528704,26/05/18
IN03622,Oralix Colour Protect Shampoo,Oralix,300ml,100,PC-SH,"fish,tree nuts",2122562443762,20/09/19
IN03623,Glicen Dishwasher Tablets,Glicen,50ml,300,HH-DW,"tree nuts,peanuts,gluten",6670370701094,15/03/22
IN03624,Velaris जेल Granola Bar,Velaris,250ml,150,FB-SN,"sesame,wheat,tree nuts,fish",7843711718566,14/03/19
IN03625,Hevara Salted Crackers,Hevara,400ml,500,FB-SN,,8875815891868,24/07/19
IN03626,Aurova Hydrating Face Wash,Aurova,400ml,500,PC-FW,"milk,sesame",7195715621008,18/03/18
IN03627,Hevara Intensive पाउडर Moisturiser,Hevara,75ml,200,PC-MS,,6568590037089,04/09/22
IN03628,Sovara Anti-Dandruff Shampoo,Sovara,150ml,75,PC-SH,,2742378376230,30/03/19
IN03629,Velaris Granola Bar,Velaris,50ml,75,FB-SN,fish,0562926692368,03/07/19
IN03630,Plexum शैम्पू Moisturising Body Wash,Plexum,200ml,100,PC-BW,,4876302986283,25/03/19
IN03631,Luminos Colour Protect Shampoo,Luminos,150ml,75,PC-SH,"fish,sesame,tree nuts,eggs",5913582637470,21/11/23
IN03632,Brightway Stain Remover,Brightway,200ml,250,HH-LN,"eggs,sesame,shellfish,peanuts",1339172328827,10/07/20
IN03633,Hevara Dishwasher Tablets,Hevara,400ml,250,HH-DW,"eggs,soy",8705544054756,12/12/21
IN03634,Elaris Oil Control Face Wash,Elaris,75ml,150,PC-FW,"gluten,milk,shellfish",0249914107171,24/02/23
IN03635,Purelix Stain Remover,Purelix,400ml,250,HH-LN,fish,0045457942756,01/08/20
IN03636,Cryston Kitchen स्प्रे Cleaner,Cryston,150ml,100,HH-SC,"gluten,tree nuts,soy",7244497122699,12/07/21
IN03637,Gleam Anti-Dandruff Shampoo,Gleam,1000ml,150,PC-SH,"sesame,eggs",0912585340290,08/06/23
IN03638,Clarity Sensitive Skin Body Wash,Clarity,250ml,150,PC-BW,"gluten,shellfish,milk,soy",4013748967821,21/10/22
IN03639,Motivo Exfoliating Face Scrub,Motivo,750ml,100,PC-FW,"fish,eggs",0599318044795,13/03/21
IN03640,Vanta Nourishing Body Cleanser,Vanta,250ml,75,PC-BW,"gluten,peanuts",9060356270619,14/03/18
IN03641,Vanta Mustard तेल Sauce,Vanta,50ml,75,FB-CN,"eggs,tree nuts,soy",7281774089887,29/06/21
IN03642,Orinum Disinfectant Spray,Orinum,250ml,150,HH-SC,,1545164339829,30/10/23
IN03643,TEST-Motivo Laundry Powder,Motivo,400ml,50,HH-LN,,9741886828753,29/06/23
IN03644,Solvix Colour Protect Shampoo,Solvix,500ml,500,PC-SH,"wheat,soy,milk",7557861658411,16/03/20
IN03645,Glicen फोम Moisturising Body Wash,Glicen,750ml,150,PC-BW,wheat,0646206672988,11/09/20
IN03646,Frosten Antibacterial Hand Wash,Frosten,1000ml,200,PC-HW,,0282963802642,22/09/19
IN03647,Plexum क्रीम Liquid Laundry Detergent,Plexum,75ml,250,HH-LN,,2265817729256,02/04/23
IN03648,Sovara Laundry Powder,Sovara,150ml,300,HH-LN,"eggs,wheat,soy,milk",5325260011814,29/01/20
IN03649,Velaris Gentle Face Wash,Velaris,150ml,500,PC-FW,"sesame,milk,eggs,tree nuts",2212436521013,10/05/18
IN03650,Qualis Bathroom Cleaner,Qualis,100ml,50,HH-SC,"milk,gluten",9911971580853,21/05/19
IN03651,Toreva Hydrating Shampoo,Toreva,50ml,200,PC-SH,,2250112875081,15/01/20
IN03652,Vanta Foaming पाउडर Hand Wash,Vanta,150ml,50,PC-HW,"shellfish,soy,milk,sesame",9914937191049,24/02/22
IN03653,Glova Anti-Dandruff Shampoo,Glova,200ml,300,PC-SH,"sesame,eggs,shellfish,wheat",6109583483591,25/09/18
IN03654,Qualis Volumising साबुन Conditioner,Qualis,150ml,300,PC-CD,,7990523347504,14/10/18
IN03655,Serafix साबुन Disinfectant Spray,Serafix,250ml,300,HH-SC,fish,4058588118552,19/01/23
IN03656,Velaris Multi-Surface Spray,Velaris,50ml,400,HH-SC,"tree nuts,shellfish,fish",6271061042030,27/03/18
IN03657,Hevara Kitchen Cleaner,Hevara,250ml,150,HH-SC,"fish,sesame,wheat,gluten",8159780078616,23/10/22
IN03658,Oralix Dish लोशन Liquid,Oralix,500ml,250,HH-DW,peanuts,7550748144434,09/12/20
IN03659,Tolvex Intensive फोम Moisturiser,Tolvex,750ml,100,PC-MS,"fish,wheat,gluten",3951981383347,31/05/21
IN03660,Qualis क्रीम Anti-Dandruff Shampoo,Qualis,100ml,100,PC-SH,"shellfish,gluten,sesame",1358996160017,19/04/20
IN03661,Cristalix Hydrating Shampoo,Cristalix,1000ml,400,PC-SH,"shellfish,eggs,gluten,tree nuts",9789293090776,31/07/19
IN03662,Frostine Whitening Deodorant,Frostine,50ml,50,PC-DO,"milk,fish,wheat,tree nuts",5094666050689,18/04/18
IN03663,TEST-Tolvex Repair तेल Conditioner,Tolvex,250ml,100,PC-CD,"sesame,shellfish,soy,gluten",8407041902416,08/08/22
IN03664,Solaris Tomato Ketchup,Solaris,400ml,100,FB-CN,shellfish,9730905330193,19/10/19
IN03665,Alteva 24hr Roll-On Deodorant,Alteva,300ml,200,PC-DO,"milk,peanuts,tree nuts",5023137447154,30/03/22
IN03666,Aurova 24hr Roll-On Deodorant,Aurova,400ml,75,PC-DO,"milk,gluten",7488382682015,10/08/19
IN03667,Hevara Refreshing Shower Gel,Hevara,75ml,250,PC-BW,fish,2076795757182,10/11/22
IN03668,Brightway Heavy Duty Dish Soap,Brightway,250ml,50,HH-DW,,6973658794925,12/05/20
IN03669,Solven Anti-Dandruff Shampoo,Solven,75ml,50,PC-SH,"eggs,shellfish,soy,milk",3571909366179,05/08/22
IN03670,Primus शैम्पू Whitening Deodorant,Primus,75ml,500,PC-DO,"soy,shellfish,fish,milk",6171255075847,12/03/20
IN03671,Polvera जेल Dish Liquid,Polvera,400ml,500,HH-DW,fish,4083444340280,08/11/23
IN03672,Frosten Sport Deodorant,Frosten,750ml,75,PC-DO,,8771756635793,05/01/18
IN03673,Purevex Hydrating Face Wash,Purevex,500ml,300,PC-FW,"soy,wheat,milk,shellfish",7386543701127,01/06/22
IN03674,Kaleo Eco Dish Liquid,Kaleo,500ml,400,HH-DW,wheat,4976193487767,28/06/18
IN03675,Solven Volumising Shampoo,Solven,50ml,500,PC-SH,"wheat,peanuts,tree nuts",3115718265225,11/02/23
IN03676,Cladis Hydrating साबुन Shampoo,Cladis,500ml,200,PC-SH,"fish,gluten,tree nuts",6584042910373,29/12/20
IN03677,Serafix Heavy Duty Dish Soap,Serafix,300ml,200,HH-DW,"fish,shellfish",1212498764152,11/12/21
IN03678,Glova Kitchen Cleaner,Glova,1000ml,150,HH-SC,,9139683902828,23/01/23
IN03679,Glicen Foaming Hand Wash,Glicen,100ml,100,PC-HW,,7113503366894,23/03/21
IN03680,Aevum Rinse Aid,Aevum,100ml,400,HH-DW,"soy,fish,shellfish,gluten",4473245719550,16/01/21
IN03681,Novix Heavy Duty Dish क्रीम Soap,Novix,200ml,400,HH-DW,shellfish,6041281771719,27/04/22
IN03682,Elaris Eco Dish शैम्पू Liquid,Elaris,200ml,200,HH-DW,sesame,3963247004293,02/03/22
IN03683,Velaris Sport Deodorant,Velaris,75ml,100,PC-DO,,0731680806827,10/01/21
IN03684,Lumeva Leave-In Conditioner,Lumeva,1000ml,400,PC-CD,"fish,shellfish,tree nuts",3299983918755,29/07/18
IN03685,Alteva Whitening Deodorant,Alteva,200ml,75,PC-DO,"peanuts,sesame,wheat,shellfish",6411880346708,15/03/18
IN03686,Krisol Antibacterial Hand Wash,Krisol,300ml,150,PC-HW,"peanuts,shellfish,soy,gluten",1063707218504,08/06/19
IN03687,Purevex Volumising Conditioner,Purevex,300ml,150,PC-CD,"milk,tree nuts",4649859017522,21/06/21
IN03688,Purevex Moisturising Body सीरम Wash,Purevex,400ml,250,PC-BW,"milk,peanuts",9357814127708,07/11/18
IN03689,Cristalix Granola Bar,Cristalix,150ml,500,FB-SN,"gluten,wheat,soy",9291238118747,05/07/18
IN03690,Verdant Deep Clean Body Wash,Verdant,150ml,100,PC-BW,"wheat,sesame,peanuts",3237603567297,17/02/21
IN03691,Elaris लोशन Night Cream,Elaris,400ml,100,PC-MS,wheat,6472833343267,30/06/18
IN03692,Kaleo तेल Mayonnaise,Kaleo,100ml,100,FB-CN,,7583441730987,09/12/18
03693,Krisol Oat फोम Protein Bar,Krisol,75ml,100,FB-SN,"wheat,peanuts",1296359752281,13/09/23
IN03694,Luminos Oil Control Face शैम्पू Wash,Luminos,750ml,150,PC-FW,"shellfish,peanuts,milk,fish",0929367785149,02/12/21
IN03695,Arovia Sport Deodorant,Arovia,750ml,200,PC-DO,"peanuts,gluten",2973726832331,05/11/20
IN03696,Serafix Laundry Powder,Serafix,400ml,250,HH-LN,"shellfish,soy",7851393116532,12/04/19
IN03697,Verdant साबुन Volumising Conditioner,Verdant,250ml,300,PC-CD,"fish,shellfish,tree nuts,gluten",7057171591830,31/07/20
IN03698,Vivara Oil Control Face Wash,Vivara,300ml,100,PC-FW,"tree nuts,milk",1358410341138,12/12/22
IN03699,Luminos Oil Control Face लोशन Wash,Luminos,1000ml,100,PC-FW,milk,1738226068687,23/08/22
IN03700,Zephyr Moisturising Hand Wash,Zephyr,400ml,50,PC-HW,"gluten,fish,peanuts,shellfish",8639987568191,24/11/19
IN03701,Krisol Eco Dish Liquid,Krisol,250ml,75,HH-DW,,0298493835098,29/09/20
IN03702,Vivara Volumising साबुन Conditioner,Vivara,150ml,100,PC-CD,"fish,peanuts,gluten,eggs",2013065332397,25/05/22
IN03703,Solven Dish Liquid,Solven,1000ml,500,HH-DW,"fish,peanuts,eggs",1516446592393,29/08/22
IN03704,Velaris Whitening पाउडर Deodorant,Velaris,500ml,100,PC-DO,"gluten,milk,sesame",8004703226004,04/12/23
IN03705,Frostine Stain फोम Remover,Frostine,1000ml,150,HH-LN,"eggs,soy,peanuts,shellfish",7310538889316,22/10/19
IN03706,Frostine Dish Liquid,Frostine,200ml,100,HH-DW,"wheat,soy,fish,milk",6010972893825,08/10/18
IN03707,Vanta Deep Conditioner,Vanta,75ml,250,PC-CD,,0609784970426,18/05/18
IN03708,Solvix Heavy Duty Dish Soap,Solvix,400ml,300,HH-DW,"soy,eggs,milk",0945319422368,01/09/21
IN03709,Nexpur साबुन Mixed Nuts Blend,Nexpur,400ml,75,FB-SN,"shellfish,wheat",5076233275091,24/01/21
IN03710,Primus तेल SPF Moisturiser,Primus,150ml,75,PC-MS,"peanuts,soy,fish",0161687630734,21/03/23
IN03711,Polvera पाउडर Leave-In Conditioner,Polvera,250ml,400,PC-CD,"sesame,peanuts",8363917013894,22/02/19
IN03712,Clarity Refreshing Shower Gel,Clarity,250ml,400,PC-BW,"sesame,wheat,gluten,tree nuts",3358623422349,22/06/19
IN03713,Frostine Volumising Conditioner,Frostine,75ml,50,PC-CD,,4423056657763,21/02/18
IN03714,Solven Rice Cakes,Solven,1000ml,100,FB-SN,"eggs,shellfish",4342108439884,29/03/20
IN03715,Luminos Oat लोशन Protein Bar,Luminos,150ml,75,FB-SN,"gluten,fish,peanuts",6680268748513,25/02/19
IN03716,Polvera Glass Cleaner,Polvera,300ml,75,HH-SC,peanuts,7685976646921,09/11/22
IN03717,Solvix सीरम Whitening Deodorant,Solvix,1000ml,50,PC-DO,sesame,2774694825451,01/04/23
IN03718,Elaris Moisturising Hand Wash,Elaris,200ml,400,PC-HW,"wheat,milk,sesame,shellfish",3768352813729,17/12/20
IN03719,Elaris Deep Conditioner,Elaris,300ml,250,PC-CD,tree nuts,2170572677981,01/03/20
IN03720,Brightway Moisturising Body Wash,Brightway,50ml,150,PC-BW,,4330779001219,16/01/22
IN03721,Cristalix Oil Control Face Wash,Cristalix,500ml,500,PC-FW,"milk,tree nuts",5506271810638,18/10/18
IN03722,Vivara पाउडर Eco Dish Liquid,Vivara,200ml,200,HH-DW,"milk,fish,sesame,soy",6462906516513,27/06/19
IN03723,Verdant Fragrance-Free Hand Wash,Verdant,400ml,150,PC-HW,"milk,peanuts,wheat",1415238778703,21/04/18
IN03724,Alteva Sensitive Skin Body Wash,Alteva,250ml,200,PC-BW,"milk,fish",9357633812359,01/05/21
IN03725,Gleam Mayonnaise,Gleam,150ml,300,FB-CN,,6203760207076,06/10/20
IN03726,Cladis Kitchen Cleaner,Cladis,300ml,500,HH-SC,,3169760790464,03/11/22
IN03727,Qualis Moisturising Body पाउडर Wash,Qualis,250ml,150,PC-BW,,9949344991616,30/01/22
IN03728,Kaleo Dish Liquid,Kaleo,500ml,400,HH-DW,"sesame,wheat,fish,tree nuts",2255574194503,06/11/23
IN03729,Vanta Vinegar Dressing,Vanta,300ml,300,FB-CN,,3634091616931,21/05/19
IN03730,TEST-Cristalix Oil Control Face Wash,Cristalix,300ml,150,PC-FW,"tree nuts,wheat",8043326444587,26/01/19
IN03731,Frosten Fragrance-Free Hand Wash,Frosten,200ml,300,PC-HW,,5286815915677,20/05/21
IN03732,TEST-Teraxis Tomato Ketchup,Teraxis,400ml,200,FB-CN,"eggs,shellfish,milk,soy",0812570602986,10/11/19
IN03733,Luxara Repair Conditioner,Luxara,750ml,400,PC-CD,,4706759650003,18/01/20
IN03734,Tolvex Colour Protect Shampoo,Tolvex,400ml,400,PC-SH,"shellfish,milk",4860165612465,14/08/22
IN03735,Purelix Repair Conditioner,Purelix,750ml,250,PC-CD,,2516280261423,16/09/19
IN03736,Solaris Fabric Softener,Solaris,200ml,300,HH-LN,"shellfish,sesame,tree nuts,milk",3681948044638,10/10/21
IN03737,Vanta Vinegar Dressing,Vanta,50ml,100,FB-CN,"wheat,eggs,shellfish",1411212905882,24/08/23
IN03738,Frosten Daily Moisturiser,Frosten,150ml,300,PC-MS,fish,3134946078186,18/10/19
IN03739,Tresol Rinse Aid,Tresol,75ml,150,HH-DW,"tree nuts,wheat,sesame,eggs",9311423115471,26/01/23
IN03740,Verdant Tomato Ketchup,Verdant,750ml,500,FB-CN,"soy,eggs,wheat,milk",6053954328458,10/11/18
IN03741,Polvera Smooth & Shine जेल Conditioner,Polvera,750ml,150,PC-CD,"shellfish,sesame,peanuts,eggs",1074914876425,15/12/22
IN03742,Zephyr Gentle Face Wash,Zephyr,750ml,100,PC-FW,,1887069832921,17/01/21
IN03743,Glova Moisturising Body Wash,Glova,300ml,100,PC-BW,"milk,eggs,fish,peanuts",0732819750776,08/09/19
IN03744,Luxara Colour साबुन Protect Shampoo,Luxara,750ml,50,PC-SH,"fish,tree nuts,milk",5655340026712,15/08/22
IN03745,Tresol लोशन Repair Shampoo,Tresol,400ml,400,PC-SH,tree nuts,4316118698142,07/12/19
IN03746,Primus Tomato Ketchup,Primus,250ml,100,FB-CN,"soy,milk,sesame,wheat",4922946897611,28/07/22
IN03747,Glova Antibacterial Hand Wash,Glova,500ml,250,PC-HW,"milk,gluten,eggs",0920737866550,23/04/23
03748,Qualis Colour Protect Shampoo,Qualis,250ml,400,PC-SH,gluten,0341386517677,31/07/20
IN03749,Brightway Hot जेल Chilli Sauce,Brightway,400ml,100,FB-CN,"gluten,milk",6359312151004,20/03/19
IN03750,Frosten Smooth & Shine Conditioner,Frosten,500ml,100,PC-CD,"sesame,fish",1311035807717,21/08/18
IN03751,Nexpur Dish Liquid,Nexpur,50ml,200,HH-DW,"gluten,soy",8795963845356,02/02/21
IN03752,Glova Aloe Hand Wash,Glova,750ml,300,PC-HW,"wheat,soy,milk",0373637570810,18/09/21
IN03753,Hevara Colour Protect Shampoo,Hevara,50ml,400,PC-SH,"sesame,soy,gluten",6826144645570,06/12/21
IN03754,Oralix Gentle Face Wash,Oralix,50ml,100,PC-FW,"fish,sesame,shellfish",4275714891251,03/12/21
IN03755,Solven Smooth & Shine Conditioner,Solven,1000ml,300,PC-CD,"soy,shellfish",9447401586688,03/03/21
IN03756,Orinum Dishwasher Tablets,Orinum,100ml,250,HH-DW,"tree nuts,wheat",8324023089128,26/10/19
IN03757,Elaris Oat Protein Bar,Elaris,150ml,400,FB-SN,,5010239414290,18/08/18
IN03758,Frostine स्प्रे Sensitive Skin Body Wash,Frostine,50ml,75,PC-BW,"shellfish,peanuts,eggs",9283249511099,14/10/22
IN03759,Luminos Rice Cakes,Luminos,1000ml,100,FB-SN,"gluten,eggs",1699347877629,18/04/23
IN03760,Orinum Intensive Moisturiser,Orinum,750ml,150,PC-MS,,7217821927901,16/08/18
IN03761,Gleam Aloe Hand Wash,Gleam,200ml,300,PC-HW,"wheat,sesame",7345763587317,24/12/18
IN03762,Vivara Volumising Shampoo,Vivara,200ml,100,PC-SH,"sesame,fish",7456443132816,11/03/22
IN03763,Serafix Antibacterial Hand Wash,Serafix,300ml,500,PC-HW,soy,3290460846745,18/05/18
IN03764,TEST-Elaris शैम्पू Kitchen Cleaner,Elaris,500ml,50,HH-SC,,8799971790844,30/11/18
IN03765,Solaris 48hr Spray Deodorant,Solaris,400ml,75,PC-DO,,5275073613203,29/05/21
IN03766,Cristalix Deep Clean Body Wash,Cristalix,100ml,100,PC-BW,fish,2819799111303,29/04/23
IN03767,Motivo Exfoliating Face Scrub,Motivo,75ml,300,PC-FW,"eggs,shellfish,fish",9781626671416,11/11/22
IN03768,Purelix Laundry Powder,Purelix,1000ml,250,HH-LN,"shellfish,milk,sesame,soy",3212712151971,19/03/18
IN03769,Krisol Heavy Duty Dish Soap,Krisol,100ml,400,HH-DW,eggs,6734992842679,30/10/23
IN03770,Orinum Antibacterial Hand Wash,Orinum,500ml,200,PC-HW,,5485120612688,05/05/23
IN03771,Zephyr Exfoliating Face Scrub,Zephyr,75ml,200,PC-FW,"gluten,sesame",7715892781250,04/09/23
IN03772,Hevara Oil Control Face Wash,Hevara,750ml,75,PC-FW,"shellfish,soy,fish,peanuts",6421511261096,29/09/18
IN03773,Alteva Mixed Nuts Blend,Alteva,100ml,400,FB-SN,"tree nuts,fish,gluten",3998376732649,26/10/19
IN03774,Arovia Foaming Hand Wash,Arovia,400ml,400,PC-HW,milk,1423527943404,18/02/23
IN03775,Brightway Repair Shampoo,Brightway,400ml,300,PC-SH,"peanuts,shellfish,gluten",8605641310666,31/05/22
IN03776,Lumeva Refreshing Shower Gel,Lumeva,400ml,100,PC-BW,"peanuts,tree nuts,eggs,shellfish",5609901480680,21/10/18
IN03777,Teraxis Deep Clean Body Wash,Teraxis,250ml,250,PC-BW,,3632623750542,08/05/20
IN03778,Glicen Leave-In Conditioner,Glicen,300ml,50,PC-CD,shellfish,8462406837598,26/11/20
IN03779,Alteva Granola Bar,Alteva,400ml,50,FB-SN,soy,0710564006744,11/03/19
IN03780,Motivo Whitening जेल Deodorant,Motivo,400ml,250,PC-DO,peanuts,0874155075769,25/11/20
IN03781,Motivo Lightweight Lotion,Motivo,1000ml,150,PC-MS,"wheat,eggs,peanuts,shellfish",1964240436540,17/08/21
IN03782,Purevex Colour Protect Shampoo,Purevex,300ml,50,PC-SH,,2226567992666,05/07/19
IN03783,Nuvelo जेल Night Cream,Nuvelo,75ml,400,PC-MS,"gluten,wheat,fish,sesame",9658614692114,29/06/20
IN03784,Novix Hot Chilli Sauce,Novix,400ml,250,FB-CN,"peanuts,eggs,wheat",2876704447186,05/05/22
IN03785,Polvera Rinse पाउडर Aid,Polvera,75ml,150,HH-DW,"milk,peanuts,gluten,sesame",0862835571427,28/03/23
IN03786,Aurova Sensitive Skin Body Wash,Aurova,75ml,75,PC-BW,eggs,2595353241265,25/08/22
IN03787,Polvera Moisturising Hand Wash,Polvera,50ml,300,PC-HW,tree nuts,0902885411110,24/06/19
IN03788,Zenpur Moisturising Body Wash,Zenpur,50ml,100,PC-BW,"eggs,tree nuts,sesame",4277141045283,17/04/23
IN03789,XXX-Glicen Fragrance-Free सीरम Hand Wash,Glicen,300ml,500,PC-HW,"milk,gluten,peanuts,shellfish",5260518546413,07/04/20
IN03790,Arovia Kitchen सीरम Cleaner,Arovia,500ml,75,HH-SC,,2231448863669,28/08/23
IN03791,Aevum Refreshing Shower Gel,Aevum,250ml,250,PC-BW,"sesame,tree nuts",9975265700563,26/07/19
IN03792,Elaris Fabric Softener,Elaris,150ml,100,HH-LN,"milk,sesame,eggs,tree nuts",1609629395611,08/03/20
IN03793,Toreva Antibacterial Hand Wash,Toreva,75ml,50,PC-HW,,3749212096988,02/05/22
IN03794,Nuarix Moisturising Body Wash,Nuarix,400ml,400,PC-BW,"shellfish,eggs",5556239476468,15/09/18
IN03795,Qualis Granola Bar,Qualis,400ml,500,FB-SN,"gluten,milk",9519809599055,21/03/22
IN03796,Tresol Refreshing लोशन Shower Gel,Tresol,300ml,300,PC-BW,tree nuts,1031530870336,04/01/18
IN03797,Purelix जेल Repair Conditioner,Purelix,400ml,400,PC-CD,"gluten,fish,shellfish",0641080910720,13/11/22
IN03798,Kaleo क्रीम Kitchen Cleaner,Kaleo,200ml,500,HH-SC,"tree nuts,eggs",5703434917108,05/08/18
IN03799,Solaris Brightening Face Wash,Solaris,1000ml,50,PC-FW,"sesame,soy",3494374750635,06/07/22
IN03800,Aurova Fabric Softener,Aurova,750ml,100,HH-LN,"fish,soy,gluten,peanuts",3411525641659,21/07/18
IN03801,Aurova शैम्पू Fragrance-Free Hand Wash,Aurova,150ml,50,PC-HW,"peanuts,milk",6965148268276,02/08/19
IN03802,Krisol Sensitive Deodorant,Krisol,150ml,150,PC-DO,,0922411771556,26/02/20
IN03803,XXX-Cristalix Foaming Hand Wash,Cristalix,75ml,400,PC-HW,"wheat,eggs",1521926936093,22/07/23
IN03804,Serafix Deep Clean Body क्रीम Wash,Serafix,750ml,250,PC-BW,"eggs,soy",1039868863594,23/04/21
IN03805,Plexum Volumising Shampoo,Plexum,50ml,400,PC-SH,"fish,shellfish",4537709642256,22/08/22
IN03806,Arovia Hydrating फोम Face Wash,Arovia,250ml,75,PC-FW,"milk,soy,eggs",2191442381456,03/02/21
IN03807,Tresol Refreshing Shower Gel,Tresol,400ml,200,PC-BW,,5464225592279,31/10/18
IN03808,Teraxis Dishwasher Tablets,Teraxis,50ml,400,HH-DW,"peanuts,eggs",1486297832842,16/08/21
IN03809,XXX-Glova शैम्पू Hydrating Face Wash,Glova,100ml,75,PC-FW,"fish,milk,peanuts",0098936870170,17/08/19
03810,Nuarix Anti-Dandruff क्रीम Shampoo,Nuarix,75ml,500,PC-SH,"shellfish,peanuts",4000543122265,10/05/21
IN03811,Plexum फोम Dishwasher Tablets,Plexum,100ml,400,HH-DW,peanuts,4503893476496,06/08/21
IN03812,Brightway शैम्पू Leave-In Conditioner,Brightway,250ml,150,PC-CD,"shellfish,peanuts,wheat",2671648435141,11/01/22
03813,Tresol Intensive Moisturiser,Tresol,300ml,50,PC-MS,"tree nuts,soy",8555885991896,13/09/18
IN03814,DUMMY-Velaris Brightening Face Wash,Velaris,400ml,200,PC-FW,"gluten,tree nuts",8539111308320,02/12/18
IN03815,Arovia Deep Conditioner,Arovia,300ml,75,PC-CD,"fish,wheat,tree nuts",1973102983313,11/08/19
IN03816,Brightway Fragrance-Free क्रीम Hand Wash,Brightway,1000ml,500,PC-HW,,0074988871051,13/11/20
IN03817,Vanta Fabric स्प्रे Softener,Vanta,200ml,150,HH-LN,"milk,gluten,fish,soy",6581539362233,13/09/20
IN03818,Motivo Dishwasher Tablets,Motivo,200ml,300,HH-DW,"tree nuts,peanuts,sesame,soy",5920548885073,19/05/20
03819,Cryston Repair Conditioner,Cryston,750ml,75,PC-CD,"wheat,milk,shellfish",7269252320998,17/07/22
IN03820,Orinum Moisturising Hand Wash,Orinum,100ml,250,PC-HW,,7012008407586,28/09/23
IN03821,Brightway Leave-In Conditioner,Brightway,400ml,100,PC-CD,"sesame,tree nuts",9931785878731,23/01/21
IN03822,Plexum Nourishing Body Cleanser,Plexum,500ml,300,PC-BW,"fish,shellfish,sesame",0373796728039,02/08/22
IN03823,Hevara साबुन Multi-Surface Spray,Hevara,750ml,200,HH-SC,"tree nuts,milk,eggs",2357822394977,30/05/18
IN03824,Frostine Laundry लोशन Powder,Frostine,50ml,300,HH-LN,fish,2953644148776,08/12/22
IN03825,Qualis Mustard Sauce,Qualis,750ml,200,FB-CN,,8836808988095,01/03/20
03826,Orinum Deep Conditioner,Orinum,750ml,300,PC-CD,"peanuts,sesame",1755253912554,22/07/19
IN03827,Luminos जेल 24hr Roll-On Deodorant,Luminos,150ml,50,PC-DO,"gluten,shellfish,soy,tree nuts",7602787033214,19/10/21
IN03828,Teraxis लोशन Laundry Powder,Teraxis,300ml,150,HH-LN,,3928586743609,10/04/21
IN03829,Alteva लोशन Stain Remover,Alteva,500ml,150,HH-LN,fish,2817506094710,29/12/23
IN03830,Zephyr Stain Remover,Zephyr,1000ml,300,HH-LN,"tree nuts,eggs,soy,milk",9142967307462,13/05/22
IN03831,Novix Mixed Nuts शैम्पू Blend,Novix,300ml,200,FB-SN,"eggs,milk,shellfish",8127794917658,03/08/21
03832,Luxara Stain Remover,Luxara,500ml,100,HH-LN,gluten,1627049141854,01/09/22
IN03833,Cristalix तेल Leave-In Conditioner,Cristalix,150ml,500,PC-CD,eggs,6729003724709,07/11/20
IN03834,Zenpur Colour Protect Shampoo,Zenpur,75ml,150,PC-SH,,7455290035929,24/03/18
IN03835,Gleam Sensitive क्रीम Deodorant,Gleam,50ml,500,PC-DO,gluten,2263030783710,05/08/22
IN03836,Glicen Night Cream,Glicen,750ml,200,PC-MS,"eggs,wheat,tree nuts",7981233160309,28/01/20
IN03837,Cladis क्रीम Mustard Sauce,Cladis,150ml,75,FB-CN,,4021530804025,24/02/23
IN03838,Cryston Antibacterial Hand Wash,Cryston,400ml,500,PC-HW,,2893323454227,21/04/20
IN03839,Tolvex Tomato Ketchup,Tolvex,400ml,400,FB-CN,"eggs,fish,wheat,sesame",1427656570760,10/09/19
IN03840,Glova Anti-Dandruff Shampoo,Glova,300ml,150,PC-SH,"milk,wheat",1421061141065,05/03/21
IN03841,DUMMY-Primus Sport Deodorant,Primus,100ml,50,PC-DO,,9412445161948,28/07/22
IN03842,Cryston 48hr Spray Deodorant,Cryston,50ml,100,PC-DO,sesame,7983232367703,27/02/22
IN03843,Brightway Brightening Face Wash,Brightway,250ml,75,PC-FW,"milk,eggs,soy",5881215552486,19/10/20
IN03844,Velaris Sensitive Skin Body Wash,Velaris,75ml,150,PC-BW,,1618804112127,27/04/22
IN03845,Frosten Hydrating Shampoo,Frosten,1000ml,50,PC-SH,"eggs,milk,wheat",9674697780340,07/03/20
IN03846,Plexum Repair Shampoo,Plexum,750ml,150,PC-SH,"sesame,soy",5574908574710,05/07/23
IN03847,Toreva Multi-Surface Spray,Toreva,250ml,300,HH-SC,"sesame,fish",4322469631813,25/08/21
IN03848,Lumeva Stain Remover,Lumeva,300ml,50,HH-LN,"gluten,soy,wheat,sesame",3430926204829,27/10/20
IN03849,Zenpur Moisturising Body Wash,Zenpur,100ml,75,PC-BW,"soy,sesame,eggs",0189733247156,28/10/19
IN03850,Frosten Whitening Deodorant,Frosten,750ml,300,PC-DO,"soy,milk,gluten",1697281885847,02/06/18
IN03851,Elaris Kitchen Cleaner,Elaris,150ml,75,HH-SC,"milk,sesame,tree nuts,shellfish",7346986758973,06/09/18
IN03852,Hevara Anti-Dandruff स्प्रे Shampoo,Hevara,200ml,100,PC-SH,shellfish,0955772005367,20/11/23
IN03853,Oralix Oat Protein Bar,Oralix,500ml,300,FB-SN,"soy,tree nuts",3820187767124,06/01/21
IN03854,Glicen फोम Mustard Sauce,Glicen,75ml,75,FB-CN,"soy,milk",9127073662063,12/09/19
IN03855,Verdant Kitchen Cleaner,Verdant,200ml,400,HH-SC,,9967450716237,28/09/19
IN03856,Sovara 48hr Spray Deodorant,Sovara,1000ml,250,PC-DO,"tree nuts,shellfish",5768112005652,20/07/21
IN03857,Oralix 48hr Spray Deodorant,Oralix,1000ml,200,PC-DO,,7439387270752,29/05/20
IN03858,Lumeva Brightening Face Wash,Lumeva,1000ml,100,PC-FW,"wheat,soy",8448232890174,14/09/18
IN03859,Serafix Deep Clean Body Wash,Serafix,400ml,500,PC-BW,,1868938395433,08/02/21
IN03860,Arovia Mustard Sauce,Arovia,400ml,75,FB-CN,sesame,4038405887045,15/01/19
IN03861,Glova Dishwasher Tablets,Glova,500ml,400,HH-DW,wheat,3351950962335,02/06/21
IN03862,Solvix Daily Moisturiser,Solvix,250ml,150,PC-MS,"gluten,sesame,soy,eggs",3378733580586,24/10/19
IN03863,Alteva Eco Dish साबुन Liquid,Alteva,750ml,250,HH-DW,"sesame,eggs,peanuts,shellfish",8059515567463,17/05/21
IN03864,Cryston Leave-In Conditioner,Cryston,150ml,50,PC-CD,,6364704870425,13/12/23
IN03865,Nuvelo Tomato Ketchup,Nuvelo,1000ml,500,FB-CN,"eggs,wheat,peanuts,tree nuts",4763377993806,07/11/20
IN03866,Glova Multi-Surface Spray,Glova,150ml,50,HH-SC,shellfish,6049191799700,20/09/21
IN03867,Solvix Disinfectant Spray,Solvix,400ml,150,HH-SC,,0802713622551,15/06/23
IN03868,Purevex Fabric Softener,Purevex,750ml,50,HH-LN,wheat,2211388691867,11/11/22
IN03869,TEST-Zephyr Deep Clean Body Wash,Zephyr,750ml,200,PC-BW,,9572416858458,04/05/20
IN03870,Clarity Rice Cakes,Clarity,500ml,75,FB-SN,,5340534749231,20/06/18
IN03871,Purevex साबुन Vinegar Dressing,Purevex,50ml,400,FB-CN,"gluten,soy,peanuts,wheat",6513907267451,17/10/20
IN03872,Lumeva Mixed Nuts Blend,Lumeva,300ml,100,FB-SN,"gluten,eggs",7802715227375,23/10/19
03873,Purelix Mixed Nuts Blend,Purelix,150ml,500,FB-SN,"eggs,shellfish,gluten",6813835817811,30/04/18
IN03874,Frostine 48hr Spray Deodorant,Frostine,1000ml,250,PC-DO,,3578354211351,24/04/23
IN03875,Helix Heavy Duty Dish Soap,Helix,200ml,200,HH-DW,"milk,gluten",5799798431527,29/10/19
IN03876,Helix Disinfectant Spray,Helix,75ml,50,HH-SC,"peanuts,fish,tree nuts",5065302006865,22/11/21
IN03877,Serafix सीरम Mayonnaise,Serafix,100ml,50,FB-CN,"wheat,milk",4224704284856,18/07/18
IN03878,Cladis Volumising Shampoo,Cladis,400ml,100,PC-SH,"tree nuts,milk",8932008587523,23/09/18
IN03879,Nexpur Dishwasher Tablets,Nexpur,300ml,200,HH-DW,"fish,peanuts",3102912097653,30/10/23
IN03880,Solaris क्रीम Brightening Face Wash,Solaris,75ml,400,PC-FW,"fish,wheat,milk,peanuts",9279979348326,30/10/20
IN03881,Solaris Liquid Laundry Detergent,Solaris,200ml,100,HH-LN,"sesame,milk,eggs",7501775475039,08/11/18
IN03882,Glova Aloe जेल Hand Wash,Glova,250ml,400,PC-HW,fish,6409680120031,26/03/18
IN03883,Nuarix Liquid Laundry Detergent,Nuarix,750ml,400,HH-LN,,4765954408888,13/08/23
IN03884,Serafix 24hr Roll-On Deodorant,Serafix,400ml,100,PC-DO,,9304180848294,29/07/22
IN03885,Purelix Nourishing Body Cleanser,Purelix,100ml,50,PC-BW,"shellfish,soy,peanuts,eggs",2215634397688,08/08/19
IN03886,Tresol Mustard Sauce,Tresol,150ml,500,FB-CN,,5474329955757,05/07/21
IN03887,Plexum Hydrating Face Wash,Plexum,250ml,50,PC-FW,"tree nuts,peanuts,eggs",3907443297929,11/01/18
IN03888,Kaleo Leave-In Conditioner,Kaleo,75ml,100,PC-CD,shellfish,0322888970269,05/05/18
IN03889,Tresol Nourishing स्प्रे Body Cleanser,Tresol,50ml,300,PC-BW,,0841069777539,26/07/19
IN03890,Cladis Hydrating Face Wash,Cladis,150ml,400,PC-FW,"soy,fish,peanuts",2178572280439,11/06/22
IN03891,Orinum शैम्पू Dish Liquid,Orinum,200ml,100,HH-DW,sesame,0869191809812,28/04/23
03892,Qualis SPF Moisturiser,Qualis,100ml,400,PC-MS,"soy,shellfish",0041023362867,19/03/21
IN03893,Cladis Hydrating Shampoo,Cladis,750ml,100,PC-SH,"shellfish,milk,soy",8931364903657,20/01/23
IN03894,Alteva Repair Shampoo,Alteva,500ml,400,PC-SH,gluten,3190101855405,16/03/22
IN03895,Elaris Bathroom साबुन Cleaner,Elaris,500ml,400,HH-SC,,3817174749072,18/01/20
IN03896,Alteva Oil Control Face Wash,Alteva,250ml,150,PC-FW,shellfish,3623057620723,30/04/22
IN03897,Cristalix Aloe Hand Wash,Cristalix,75ml,500,PC-HW,"sesame,tree nuts",2186253956399,16/12/20
IN03898,Solaris Vinegar Dressing,Solaris,200ml,100,FB-CN,peanuts,3490934269265,26/06/20
IN03899,Frostine स्प्रे SPF Moisturiser,Frostine,500ml,150,PC-MS,,4105458960190,12/07/20
IN03900,Solaris Hot साबुन Chilli Sauce,Solaris,100ml,500,FB-CN,"shellfish,tree nuts,fish",6807345710717,20/02/23
IN03901,Purelix Liquid Laundry शैम्पू Detergent,Purelix,250ml,250,HH-LN,,2647223146429,08/07/18
IN03902,Orinum Deep Conditioner,Orinum,300ml,250,PC-CD,"gluten,fish,sesame",7581343447767,21/11/19
IN03903,Hevara Exfoliating Face Scrub,Hevara,750ml,300,PC-FW,"soy,shellfish,fish",1204597767400,31/10/20
IN03904,Luminos Rinse सीरम Aid,Luminos,300ml,100,HH-DW,"eggs,gluten",1556529278134,18/07/22
IN03905,Solvix Repair Conditioner,Solvix,500ml,50,PC-CD,"fish,shellfish",7933839502786,02/05/22
IN03906,Solvix सीरम Mayonnaise,Solvix,300ml,150,FB-CN,,4135039785140,18/10/18
IN03907,Purevex Deep Conditioner,Purevex,75ml,50,PC-CD,"shellfish,gluten,soy",6852374761155,02/11/21
IN03908,Frosten Fabric Softener,Frosten,1000ml,400,HH-LN,sesame,4008110521244,27/03/18
IN03909,Sovara Hot Chilli Sauce,Sovara,300ml,400,FB-CN,"fish,eggs,gluten,shellfish",6453383733104,03/12/22
IN03910,Orinum Mustard Sauce,Orinum,300ml,50,FB-CN,eggs,0777353396417,11/01/21
IN03911,Nexpur Daily क्रीम Moisturiser,Nexpur,400ml,250,PC-MS,"gluten,sesame,milk",2720993525127,04/01/18
IN03912,Cryston Eco Dish Liquid,Cryston,250ml,250,HH-DW,"fish,shellfish",0047587012804,23/02/23
03913,Nuvelo पाउडर Refreshing Shower Gel,Nuvelo,75ml,75,PC-BW,"soy,sesame,fish",1010830153523,13/01/23
IN03914,Vanta Liquid Laundry Detergent,Vanta,250ml,300,HH-LN,,8863841962843,10/03/19
IN03915,Verdant Rinse Aid,Verdant,400ml,200,HH-DW,"gluten,milk,tree nuts",7923218395764,11/11/21
IN03916,Aevum Hydrating Face Wash,Aevum,150ml,150,PC-FW,"fish,wheat",4195178631890,06/01/20
IN03917,Motivo Disinfectant Spray,Motivo,750ml,500,HH-SC,"fish,sesame",7967379956884,14/05/18
03918,Toreva Oat साबुन Protein Bar,Toreva,750ml,300,FB-SN,"tree nuts,wheat,eggs",6348786480109,12/09/21
IN03919,Primus Hydrating Shampoo,Primus,200ml,100,PC-SH,"peanuts,eggs,milk",2205835957880,29/03/18
IN03920,Plexum Oat फोम Protein Bar,Plexum,250ml,100,FB-SN,"wheat,shellfish,soy",8276067062509,26/11/18
IN03921,DUMMY-Glicen Hot Chilli Sauce,Glicen,1000ml,100,FB-CN,"eggs,gluten,milk",9560699323237,02/11/22
IN03922,Cladis Kitchen Cleaner,Cladis,250ml,200,HH-SC,,1973111202726,30/12/19
IN03923,Cristalix Repair Shampoo,Cristalix,75ml,400,PC-SH,"eggs,soy",8927334095866,28/09/20
IN03924,Sovara Sport लोशन Deodorant,Sovara,750ml,100,PC-DO,wheat,6624299663902,11/01/23
IN03925,Polvera Night Cream,Polvera,300ml,300,PC-MS,soy,8912280023704,07/08/22
IN03926,Arovia Sensitive Skin Body Wash,Arovia,1000ml,150,PC-BW,,4173361239337,08/01/19
IN03927,Verdant Stain Remover,Verdant,250ml,200,HH-LN,"shellfish,tree nuts,eggs,sesame",5238589725068,15/02/23
IN03928,Plexum Salted क्रीम Crackers,Plexum,100ml,100,FB-SN,shellfish,0903134644396,10/02/18
IN03929,Qualis Salted Crackers,Qualis,1000ml,150,FB-SN,gluten,5833265090128,02/12/23
IN03930,Frostine Colour Protect Shampoo,Frostine,1000ml,500,PC-SH,"soy,fish,peanuts,wheat",9030067991349,31/07/22
IN03931,Motivo Liquid Laundry Detergent,Motivo,1000ml,50,HH-LN,"tree nuts,fish,eggs",2174726723401,14/11/22
IN03932,Hevara Stain साबुन Remover,Hevara,400ml,400,HH-LN,shellfish,5386689707344,28/05/19
IN03933,Luminos Colour Protect Shampoo,Luminos,500ml,150,PC-SH,"peanuts,shellfish,milk,tree nuts",6982379953429,30/04/18
IN03934,Cladis Sensitive Deodorant,Cladis,500ml,50,PC-DO,"soy,tree nuts,wheat",6756529805308,07/03/20
IN03935,Zephyr Antibacterial Hand Wash,Zephyr,50ml,200,PC-HW,"milk,tree nuts,eggs",0019950098722,08/06/22
IN03936,DUMMY-Brightway Intensive Moisturiser,Brightway,400ml,75,PC-MS,"shellfish,tree nuts,wheat",0593541572391,25/07/23
IN03937,Verdant Night Cream,Verdant,400ml,200,PC-MS,tree nuts,8919959746513,22/12/23
IN03938,Solvix Intensive सीरम Moisturiser,Solvix,250ml,300,PC-MS,eggs,6032888948970,25/05/21
IN03939,Tresol Repair Shampoo,Tresol,300ml,150,PC-SH,"wheat,sesame",8280823143029,01/12/21
IN03940,Zephyr Deep Conditioner,Zephyr,1000ml,100,PC-CD,"sesame,milk,peanuts,eggs",6980878253460,22/07/23
IN03941,Frosten Tomato Ketchup,Frosten,750ml,400,FB-CN,"tree nuts,milk,fish,sesame",6131217888816,15/11/22
IN03942,Cladis Mayonnaise,Cladis,300ml,300,FB-CN,"sesame,shellfish,peanuts,fish",2233844461173,22/07/21
IN03943,Glicen Lightweight फोम Lotion,Glicen,250ml,400,PC-MS,,1704944153615,21/11/20
IN03944,Solvix 24hr Roll-On शैम्पू Deodorant,Solvix,1000ml,500,PC-DO,eggs,3218167049153,30/05/22
IN03945,Oralix Hydrating Shampoo,Oralix,400ml,100,PC-SH,"milk,shellfish,fish",8516406400587,25/03/21
IN03946,Solven SPF Moisturiser,Solven,100ml,500,PC-MS,shellfish,2942898116648,03/05/23
IN03947,Alteva Repair Conditioner,Alteva,150ml,100,PC-CD,,7485913375996,23/03/20
IN03948,Vivara Brightening Face Wash,Vivara,500ml,100,PC-FW,sesame,8187169467560,11/07/19
IN03949,Frostine Dishwasher Tablets,Frostine,1000ml,400,HH-DW,"sesame,milk,shellfish",2579751315469,08/02/20
IN03950,Gleam Foaming Hand Wash,Gleam,300ml,100,PC-HW,,3606294944722,05/08/23
IN03951,Zenpur Repair Conditioner,Zenpur,250ml,400,PC-CD,"gluten,sesame,shellfish",5119489333631,03/11/22
IN03952,Frostine फोम Moisturising Body Wash,Frostine,200ml,400,PC-BW,,5997719445954,28/05/22
IN03953,Vanta Anti-Dandruff Shampoo,Vanta,750ml,400,PC-SH,"peanuts,eggs,gluten",1264053529324,07/07/19
IN03954,Frosten Glass Cleaner,Frosten,400ml,150,HH-SC,,5721864532616,05/07/22
IN03955,Cryston Dish पाउडर Liquid,Cryston,200ml,150,HH-DW,"peanuts,tree nuts,wheat,eggs",7918055470064,08/12/23
IN03956,Hevara Kitchen Cleaner,Hevara,50ml,100,HH-SC,"fish,wheat,milk,gluten",5633640976289,22/10/19
03957,Polvera Multi-Surface Spray,Polvera,100ml,500,HH-SC,"wheat,fish,soy,milk",0968725407743,11/12/23
IN03958,Purelix Salted Crackers,Purelix,500ml,100,FB-SN,,4328127731772,27/04/21
IN03959,Solvix Mayonnaise,Solvix,400ml,500,FB-CN,"peanuts,soy,shellfish,gluten",8724275814064,04/09/21
IN03960,Novix Nourishing Body क्रीम Cleanser,Novix,50ml,250,PC-BW,peanuts,6470594887532,12/01/21
IN03961,Gleam Deep Clean Body Wash,Gleam,1000ml,150,PC-BW,sesame,4568893228179,23/12/18
IN03962,Kaleo सीरम Sensitive Skin Body Wash,Kaleo,100ml,500,PC-BW,,9403349775935,14/05/20
IN03963,Arovia Foaming Hand Wash,Arovia,500ml,150,PC-HW,"sesame,gluten",4549086781381,31/07/19
IN03964,Hevara Gentle Face स्प्रे Wash,Hevara,75ml,300,PC-FW,"fish,peanuts,shellfish",5833566388283,09/11/19
IN03965,Zephyr Volumising Conditioner,Zephyr,300ml,400,PC-CD,"shellfish,gluten,soy",0842985077024,19/05/20
IN03966,Helix Aloe Hand लोशन Wash,Helix,1000ml,50,PC-HW,"fish,soy",6320154612145,08/01/19
03967,Teraxis Mixed Nuts Blend,Teraxis,100ml,500,FB-SN,"shellfish,soy,eggs",9419492651187,18/09/21
IN03968,Oralix Oat Protein क्रीम Bar,Oralix,100ml,50,FB-SN,soy,1521809612496,25/09/19
IN03969,Luxara Moisturising Body Wash,Luxara,200ml,150,PC-BW,"eggs,sesame,shellfish,soy",3098065727380,15/07/18
IN03970,Nuarix Repair Shampoo,Nuarix,250ml,500,PC-SH,"tree nuts,fish",3245405360657,25/09/22
IN03971,Krisol Liquid Laundry Detergent,Krisol,250ml,200,HH-LN,,9852177296226,31/01/20
IN03972,Tolvex Brightening Face Wash,Tolvex,300ml,400,PC-FW,,8446173274305,24/12/22
IN03973,Orinum Foaming Hand Wash,Orinum,1000ml,200,PC-HW,,0184766995357,20/03/22
IN03974,Helix Deep Clean Body Wash,Helix,100ml,200,PC-BW,,8476520562243,03/02/23
IN03975,Oralix Colour Protect Shampoo,Oralix,150ml,500,PC-SH,"eggs,peanuts,soy,shellfish",1045826096003,07/02/23
IN03976,Cryston 24hr Roll-On Deodorant,Cryston,750ml,400,PC-DO,"wheat,gluten",1780667748185,30/03/20
IN03977,Cladis Moisturising Body Wash,Cladis,150ml,300,PC-BW,"peanuts,wheat,fish,eggs",3618913559651,17/02/23
IN03978,Brightway Volumising Conditioner,Brightway,500ml,400,PC-CD,"eggs,sesame,peanuts,tree nuts",1476238026706,31/03/21
IN03979,Luxara सीरम Antibacterial Hand Wash,Luxara,300ml,400,PC-HW,"eggs,fish,peanuts",1814604991294,29/06/20
IN03980,Arovia Moisturising Hand Wash,Arovia,100ml,100,PC-HW,"milk,wheat,shellfish,peanuts",8013472096732,25/09/22
IN03981,Zenpur Foaming Hand Wash,Zenpur,75ml,300,PC-HW,"soy,shellfish",6703927499141,07/08/20
IN03982,Lumeva Laundry Powder,Lumeva,400ml,250,HH-LN,,5308336014674,04/04/19
IN03983,Helix 24hr Roll-On Deodorant,Helix,1000ml,500,PC-DO,"sesame,gluten,wheat,soy",0322489136040,10/03/20
IN03984,Zenpur Bathroom Cleaner,Zenpur,250ml,400,HH-SC,"fish,soy,peanuts",0819275848275,11/12/22
IN03985,Frostine Whitening Deodorant,Frostine,400ml,100,PC-DO,shellfish,0192467595790,18/04/22
03986,Velaris Oil Control Face Wash,Velaris,75ml,75,PC-FW,"soy,tree nuts,eggs,fish",7087165081702,14/04/20
03987,Cladis Hot Chilli Sauce,Cladis,75ml,150,FB-CN,"wheat,peanuts",2816945384550,03/05/21
IN03988,Tresol Volumising Conditioner,Tresol,200ml,200,PC-CD,"sesame,peanuts",9201482923790,08/01/20
IN03989,Glicen फोम Whitening Deodorant,Glicen,1000ml,300,PC-DO,"fish,tree nuts,milk,soy",6011655865115,19/11/21
IN03990,Toreva Refreshing क्रीम Shower Gel,Toreva,250ml,250,PC-BW,"eggs,sesame,milk,tree nuts",0660567721369,14/03/18
IN03991,Nuvelo Sensitive Skin Body Wash,Nuvelo,150ml,500,PC-BW,,0639937823699,13/04/19
IN03992,Solvix Sensitive Skin Body Wash,Solvix,750ml,400,PC-BW,"shellfish,wheat,eggs,peanuts",1630916516808,08/05/18
IN03993,Kaleo Intensive Moisturiser,Kaleo,75ml,250,PC-MS,tree nuts,7009358717021,10/02/18
IN03994,Toreva Nourishing Body Cleanser,Toreva,1000ml,250,PC-BW,,1878900529940,15/08/19
IN03995,Zenpur Oil Control Face Wash,Zenpur,250ml,200,PC-FW,soy,4923212430259,12/10/23
IN03996,Cristalix फोम Mayonnaise,Cristalix,50ml,150,FB-CN,"eggs,soy,wheat",2769047447305,05/10/23
IN03997,Luminos Hydrating Shampoo,Luminos,400ml,500,PC-SH,,8766784533432,19/09/20
IN03998,Primus साबुन Sensitive Deodorant,Primus,200ml,150,PC-DO,"milk,eggs,sesame",8033613637501,23/09/22
IN03999,XXX-Oralix Nourishing Body Cleanser,Oralix,150ml,150,PC-BW,"eggs,gluten",6378457362533,22/02/18
IN04000,Polvera Brightening Face Wash,Polvera,1000ml,100,PC-FW,"milk,wheat,shellfish",3226992728709,17/06/19
IN04001,Frostine Smooth & Shine Conditioner,Frostine,50ml,50,PC-CD,"shellfish,tree nuts,eggs,fish",1029394099659,09/09/22
IN04002,Clarity Disinfectant Spray,Clarity,250ml,300,HH-SC,"tree nuts,sesame",1713032928448,13/12/19
IN04003,Solven Mixed Nuts Blend,Solven,150ml,500,FB-SN,"gluten,tree nuts,fish",2133000429569,06/01/18
IN04004,Krisol Gentle Face क्रीम Wash,Krisol,100ml,150,PC-FW,,9587202075209,23/03/18
IN04005,Toreva Mixed Nuts Blend,Toreva,250ml,300,FB-SN,"soy,eggs,fish,milk",6231438744370,02/10/20
04006,Plexum Nourishing Body Cleanser,Plexum,250ml,300,PC-BW,shellfish,6300976325270,27/09/20
IN04007,Motivo Heavy Duty Dish Soap,Motivo,400ml,200,HH-DW,"sesame,eggs,soy,peanuts",1420375694144,13/10/20
IN04008,Luminos Anti-Dandruff Shampoo,Luminos,75ml,150,PC-SH,"sesame,gluten,shellfish,tree nuts",8429533718947,07/02/20
IN04009,Zephyr Fabric Softener,Zephyr,500ml,500,HH-LN,"tree nuts,fish,soy,peanuts",0285212004163,29/12/20
IN04010,Hevara सीरम Fabric Softener,Hevara,75ml,250,HH-LN,"gluten,fish",4870321870394,12/02/22
IN04011,Glicen Salted Crackers,Glicen,1000ml,500,FB-SN,"sesame,gluten,peanuts,eggs",3594021698065,12/10/18
04012,Teraxis शैम्पू Brightening Face Wash,Teraxis,300ml,150,PC-FW,"wheat,gluten,peanuts",4626556157720,27/07/20
IN04013,Helix Sport Deodorant,Helix,400ml,100,PC-DO,"peanuts,sesame,gluten",7927059944617,17/01/23
IN04014,Plexum Brightening Face Wash,Plexum,300ml,50,PC-FW,"sesame,peanuts,gluten",7067409126024,09/09/23
IN04015,Luminos Multi-Surface Spray,Luminos,400ml,75,HH-SC,,0648023258697,20/09/23
IN04016,Arovia Moisturising Body Wash,Arovia,500ml,500,PC-BW,,4848946541128,09/02/21
IN04017,Brightway तेल Mixed Nuts Blend,Brightway,750ml,300,FB-SN,,6913821729521,14/11/18
IN04018,Sovara Laundry Capsules,Sovara,400ml,500,HH-LN,soy,9675676594866,07/07/20
IN04019,Velaris Disinfectant Spray,Velaris,1000ml,500,HH-SC,"tree nuts,shellfish",1189724818708,11/11/22
IN04020,Velaris Oil जेल Control Face Wash,Velaris,1000ml,500,PC-FW,"peanuts,shellfish,wheat",6732681361593,29/06/20
IN04021,Oralix Fragrance-Free Hand Wash,Oralix,400ml,300,PC-HW,,2820749596248,31/12/18
IN04022,Arovia Mayonnaise,Arovia,100ml,200,FB-CN,"gluten,eggs",2314142158252,11/11/20
IN04023,Verdant 24hr Roll-On Deodorant,Verdant,150ml,200,PC-DO,sesame,2500869920511,03/09/18
IN04024,Nuarix Brightening Face Wash,Nuarix,75ml,250,PC-FW,"peanuts,wheat,soy,sesame",9428352706073,30/05/23
IN04025,Nuvelo Tomato Ketchup,Nuvelo,750ml,400,FB-CN,"peanuts,wheat,soy",6917032422349,12/10/18
IN04026,Frosten स्प्रे Glass Cleaner,Frosten,100ml,75,HH-SC,,7005245960907,23/01/19
IN04027,Glova Volumising शैम्पू Conditioner,Glova,400ml,100,PC-CD,,9840270943154,28/11/19
IN04028,Krisol Hydrating स्प्रे Shampoo,Krisol,750ml,400,PC-SH,,7862561563683,21/06/22
IN04029,Teraxis Intensive साबुन Moisturiser,Teraxis,1000ml,250,PC-MS,,4569606285366,22/06/23
IN04030,Nexpur Lightweight स्प्रे Lotion,Nexpur,500ml,75,PC-MS,"shellfish,eggs,sesame,fish",3635431331125,27/06/23
IN04031,Sovara Salted Crackers,Sovara,200ml,250,FB-SN,"shellfish,sesame",3990497910302,09/05/20
IN04032,Frosten Exfoliating Face Scrub,Frosten,750ml,75,PC-FW,"eggs,sesame,tree nuts",0297670644096,09/05/20
IN04033,Velaris Nourishing Body Cleanser,Velaris,400ml,300,PC-BW,,4069260054280,24/08/22
IN04034,Solaris फोम Brightening Face Wash,Solaris,200ml,50,PC-FW,"sesame,tree nuts,eggs,soy",4444138825825,02/10/20
IN04035,Qualis Mustard Sauce,Qualis,100ml,300,FB-CN,shellfish,3380617799892,03/07/18
IN04036,Novix Night क्रीम Cream,Novix,75ml,50,PC-MS,,6310595076149,20/01/18
IN04037,Primus पाउडर Mustard Sauce,Primus,300ml,500,FB-CN,"eggs,fish,milk",7338210920096,17/03/19
IN04038,Aevum Anti-Dandruff Shampoo,Aevum,500ml,100,PC-SH,,6850989479397,04/11/23
IN04039,Polvera Mayonnaise,Polvera,300ml,200,FB-CN,"gluten,milk,fish",1096033822381,11/11/19
IN04040,Vivara Leave-In Conditioner,Vivara,150ml,400,PC-CD,"tree nuts,shellfish",2705925018878,14/09/19
IN04041,Lumeva Deep Clean Body Wash,Lumeva,300ml,250,PC-BW,"shellfish,fish,gluten",7887130848398,27/07/23
IN04042,Vanta Deep क्रीम Conditioner,Vanta,300ml,300,PC-CD,wheat,9568986574898,19/09/20
IN04043,Teraxis Foaming Hand Wash,Teraxis,50ml,300,PC-HW,,9750038140438,11/01/18
IN04044,Aurova Anti-Dandruff Shampoo,Aurova,75ml,250,PC-SH,,0583534858427,15/09/21
IN04045,Purevex Sensitive Deodorant,Purevex,200ml,75,PC-DO,"sesame,peanuts,soy",7601832579813,24/04/22
IN04046,Nuarix Rinse Aid,Nuarix,1000ml,150,HH-DW,"wheat,peanuts",6936042599049,30/01/18
IN04047,Cristalix Colour Protect Shampoo,Cristalix,750ml,250,PC-SH,"gluten,sesame,eggs,tree nuts",8432445743426,14/07/21
IN04048,Teraxis जेल Rinse Aid,Teraxis,75ml,100,HH-DW,sesame,6952938210621,13/04/22
IN04049,Tresol Fabric Softener,Tresol,75ml,50,HH-LN,,7359013257042,21/03/21
IN04050,Primus Anti-Dandruff Shampoo,Primus,100ml,100,PC-SH,"soy,milk",2595888557398,20/06/20
IN04051,Nuvelo Heavy साबुन Duty Dish Soap,Nuvelo,100ml,300,HH-DW,,8550262599146,31/08/20
IN04052,Clarity 48hr Spray Deodorant,Clarity,250ml,250,PC-DO,"gluten,eggs,shellfish",2070367988936,27/04/23
IN04053,Plexum Exfoliating Face Scrub,Plexum,50ml,75,PC-FW,"wheat,shellfish",7374811844874,27/12/23
IN04054,Zenpur Dish Liquid,Zenpur,100ml,75,HH-DW,"peanuts,gluten,milk,sesame",0025587825730,25/03/19
IN04055,Kaleo Gentle Face सीरम Wash,Kaleo,100ml,50,PC-FW,shellfish,3540533401648,28/02/23
IN04056,Polvera Fabric Softener,Polvera,50ml,300,HH-LN,,9337198658517,28/03/18
IN04057,Glicen Deep Conditioner,Glicen,200ml,300,PC-CD,"peanuts,sesame",1932206152506,23/11/18
IN04058,Orinum Dish Liquid,Orinum,400ml,500,HH-DW,"gluten,tree nuts,milk",4700622501775,26/09/21
IN04059,Cryston Dish Liquid,Cryston,1000ml,200,HH-DW,"gluten,milk,wheat,eggs",9360447070662,29/07/18
IN04060,Solaris Granola साबुन Bar,Solaris,750ml,300,FB-SN,"wheat,shellfish",3983112598221,17/12/18
IN04061,Novix Stain Remover,Novix,400ml,50,HH-LN,,6244451696137,24/06/23
IN04062,Verdant Refreshing Shower Gel,Verdant,50ml,500,PC-BW,"gluten,shellfish",8531502743932,20/04/19
IN04063,Solvix Dish Liquid,Solvix,300ml,250,HH-DW,"tree nuts,peanuts",8062095279589,06/06/22
IN04064,Nexpur Deep Clean सीरम Body Wash,Nexpur,250ml,50,PC-BW,"soy,gluten,sesame,fish",0206822053846,11/10/21
IN04065,Glova Smooth & Shine Conditioner,Glova,150ml,200,PC-CD,"shellfish,sesame,tree nuts,fish",7523266103825,08/04/19
IN04066,Purelix Colour Protect जेल Shampoo,Purelix,100ml,50,PC-SH,"milk,eggs,soy,peanuts",5513099962944,08/01/20
IN04067,Elaris Hot Chilli Sauce,Elaris,1000ml,400,FB-CN,"milk,shellfish,gluten",3456215552747,20/09/19
IN04068,Clarity Repair Shampoo,Clarity,75ml,250,PC-SH,"tree nuts,peanuts,eggs",9045490654785,24/08/19
IN04069,Frostine Dishwasher Tablets,Frostine,50ml,500,HH-DW,"fish,gluten,sesame,milk",1870074989001,30/08/22
IN04070,Vanta Colour Protect Shampoo,Vanta,100ml,50,PC-SH,peanuts,5567752163599,07/10/19
IN04071,Glicen Mustard Sauce,Glicen,200ml,200,FB-CN,"milk,shellfish",6547889155932,25/03/23
IN04072,Solvix Bathroom Cleaner,Solvix,1000ml,75,HH-SC,"wheat,tree nuts",8074221203733,21/08/22
IN04073,Solven Moisturising तेल Body Wash,Solven,200ml,250,PC-BW,soy,2329142041794,19/05/20
IN04074,Toreva Oat Protein Bar,Toreva,150ml,500,FB-SN,"soy,milk",7184660903512,08/01/21
IN04075,Gleam Dish Liquid,Gleam,150ml,150,HH-DW,eggs,3936057207314,19/10/18
IN04076,Solaris Sensitive तेल Deodorant,Solaris,300ml,100,PC-DO,sesame,6582630161800,13/02/20
IN04077,Alteva Refreshing Shower Gel,Alteva,400ml,200,PC-BW,fish,3405475515696,01/11/23
IN04078,Kaleo Oil Control Face Wash,Kaleo,750ml,75,PC-FW,"eggs,wheat,milk,peanuts",1917701982773,19/04/19
IN04079,TEST-Qualis Disinfectant Spray,Qualis,300ml,400,HH-SC,"tree nuts,sesame,shellfish,fish",6612177444156,27/03/22
IN04080,Elaris Sensitive Deodorant,Elaris,150ml,400,PC-DO,"gluten,sesame",2481328180120,08/02/22
IN04081,Nuvelo Whitening Deodorant,Nuvelo,1000ml,200,PC-DO,"shellfish,soy",5264071491319,20/06/18
IN04082,Glicen Intensive लोशन Moisturiser,Glicen,250ml,100,PC-MS,"peanuts,milk,gluten",5645431290382,24/12/19
IN04083,Solven Fragrance-Free Hand Wash,Solven,100ml,200,PC-HW,"wheat,gluten,fish",3370095113914,26/01/20
IN04084,Orinum Leave-In Conditioner,Orinum,300ml,75,PC-CD,,2511874223184,06/09/21
IN04085,Helix Laundry Powder,Helix,150ml,100,HH-LN,"shellfish,tree nuts,gluten,milk",3409718148542,26/07/20
IN04086,Teraxis Moisturising Hand Wash,Teraxis,400ml,200,PC-HW,"eggs,sesame,shellfish,gluten",1785297642841,18/05/22
IN04087,Glova Fabric Softener,Glova,750ml,100,HH-LN,"eggs,shellfish,tree nuts",8692742900391,05/05/19
IN04088,TEST-Vanta Antibacterial Hand Wash,Vanta,100ml,500,PC-HW,,1117040478733,04/05/23
IN04089,Oralix Lightweight Lotion,Oralix,250ml,100,PC-MS,,7020739701637,26/05/19
IN04090,Frosten Moisturising तेल Hand Wash,Frosten,250ml,500,PC-HW,,0771967674169,25/04/22
IN04091,Nuvelo Deep Clean Body Wash,Nuvelo,500ml,250,PC-BW,"sesame,gluten,peanuts,fish",4424504988644,21/12/21
IN04092,Sovara Hydrating Face Wash,Sovara,500ml,200,PC-FW,"eggs,wheat",6527667315529,18/07/21
IN04093,Nuarix साबुन Daily Moisturiser,Nuarix,400ml,500,PC-MS,wheat,1126818685068,28/05/20
IN04094,Alteva SPF Moisturiser,Alteva,1000ml,250,PC-MS,"gluten,shellfish,sesame",1045688263421,29/05/21
IN04095,Vivara Leave-In Conditioner,Vivara,750ml,100,PC-CD,"sesame,shellfish,milk,gluten",5251362725864,26/04/19
IN04096,Solven साबुन Laundry Powder,Solven,75ml,200,HH-LN,,8487426154715,29/11/19
IN04097,Tresol Repair Shampoo,Tresol,400ml,250,PC-SH,"soy,gluten,wheat",0061193689526,08/04/23
IN04098,Zephyr Lightweight Lotion,Zephyr,100ml,150,PC-MS,tree nuts,2358459638380,15/06/21
IN04099,Orinum Antibacterial Hand तेल Wash,Orinum,200ml,75,PC-HW,gluten,5556139604756,22/04/19
IN04100,Elaris Tomato Ketchup,Elaris,100ml,200,FB-CN,tree nuts,8465899333578,14/01/19
IN04101,Luxara सीरम Glass Cleaner,Luxara,250ml,150,HH-SC,"peanuts,gluten,milk,sesame",4772797280922,31/07/23
IN04102,Frostine Multi-Surface Spray,Frostine,50ml,50,HH-SC,"fish,peanuts",0879817361884,12/10/21
IN04103,Brightway Bathroom Cleaner,Brightway,200ml,250,HH-SC,eggs,6420118082950,29/10/20
IN04104,Gleam Vinegar Dressing,Gleam,250ml,100,FB-CN,,1215946333818,22/04/23
IN04105,Verdant Eco Dish Liquid,Verdant,100ml,400,HH-DW,"gluten,milk,eggs",7706905337014,25/08/20
IN04106,Aevum Moisturising Hand Wash,Aevum,750ml,500,PC-HW,"tree nuts,eggs,peanuts",3646296905451,08/01/20
IN04107,TEST-Vanta Colour Protect शैम्पू Shampoo,Vanta,750ml,100,PC-SH,"shellfish,eggs,wheat",5840476083078,08/10/20
IN04108,Purelix Sport Deodorant,Purelix,50ml,50,PC-DO,"gluten,shellfish,peanuts",0768564492555,03/08/20
IN04109,Novix Brightening Face Wash,Novix,500ml,300,PC-FW,"tree nuts,peanuts,fish,sesame",0022097646534,10/10/18
IN04110,Polvera साबुन Rice Cakes,Polvera,250ml,250,FB-SN,"fish,wheat,shellfish,sesame",2334128343700,14/09/20
IN04111,DUMMY-Kaleo Bathroom Cleaner,Kaleo,300ml,300,HH-SC,"tree nuts,shellfish,gluten,eggs",9169139468936,21/08/20
IN04112,Cladis Volumising Conditioner,Cladis,300ml,75,PC-CD,"soy,sesame,peanuts",8117225125745,24/10/23
IN04113,Aurova Anti-Dandruff Shampoo,Aurova,100ml,200,PC-SH,"milk,fish,soy",9818085542060,10/01/18
IN04114,Hevara Eco Dish Liquid,Hevara,150ml,300,HH-DW,,0789493506175,31/01/23
IN04115,Primus Leave-In Conditioner,Primus,100ml,50,PC-CD,"tree nuts,eggs,sesame",3486579681036,03/02/20
IN04116,Nexpur Refreshing Shower लोशन Gel,Nexpur,200ml,50,PC-BW,,7328159543128,30/11/20
IN04117,Solaris Hot Chilli Sauce,Solaris,200ml,50,FB-CN,,9404378141197,14/03/22
IN04118,DUMMY-Hevara Laundry Capsules,Hevara,150ml,300,HH-LN,,6340513005722,12/08/20
IN04119,Aurova Rinse क्रीम Aid,Aurova,100ml,400,HH-DW,"eggs,sesame,wheat,gluten",3167162996811,01/04/23
IN04120,Luxara Sport Deodorant,Luxara,75ml,200,PC-DO,"wheat,soy",3521560232474,09/06/21
IN04121,Velaris पाउडर Aloe Hand Wash,Velaris,750ml,100,PC-HW,"eggs,sesame,tree nuts",5137035979782,08/03/18
IN04122,Primus Laundry Capsules,Primus,1000ml,200,HH-LN,,7867939369393,17/05/21
IN04123,Frosten Oat तेल Protein Bar,Frosten,1000ml,250,FB-SN,"wheat,milk,gluten",0352104811465,07/12/23
IN04124,Cristalix Tomato Ketchup,Cristalix,500ml,150,FB-CN,"tree nuts,milk",3863492352494,17/03/20
IN04125,Vanta तेल Multi-Surface Spray,Vanta,200ml,75,HH-SC,"fish,wheat,tree nuts",1030164040399,02/04/23
IN04126,Tresol Hot Chilli Sauce,Tresol,75ml,75,FB-CN,"sesame,milk,fish,peanuts",0438911482194,05/04/19
IN04127,TEST-Motivo Deep Conditioner,Motivo,100ml,200,PC-CD,"eggs,sesame",5016641509951,19/07/23
IN04128,Motivo Granola Bar,Motivo,500ml,75,FB-SN,,3431532931499,09/08/20
IN04129,Tolvex Dishwasher स्प्रे Tablets,Tolvex,500ml,100,HH-DW,soy,5963472624714,14/08/20
IN04130,Purelix Dish Liquid,Purelix,250ml,100,HH-DW,"shellfish,soy,milk",8724036480026,25/12/21
IN04131,Zephyr Mustard शैम्पू Sauce,Zephyr,300ml,200,FB-CN,"shellfish,fish,tree nuts",1727753291231,20/04/22
IN04132,Sovara Sport Deodorant,Sovara,200ml,200,PC-DO,,4930015903828,06/11/20
IN04133,Oralix Refreshing Shower Gel,Oralix,750ml,100,PC-BW,sesame,3436445663093,02/07/18
IN04134,Clarity Foaming Hand तेल Wash,Clarity,250ml,500,PC-HW,,4940664465158,12/03/23
IN04135,Polvera Repair Shampoo,Polvera,750ml,100,PC-SH,milk,0288349284453,05/09/21
IN04136,Frostine Deep Clean Body Wash,Frostine,1000ml,100,PC-BW,"sesame,wheat,milk,eggs",7944000105682,05/06/23
IN04137,Oralix Disinfectant Spray,Oralix,150ml,300,HH-SC,"gluten,fish",4422169689289,07/11/22
IN04138,Frosten Heavy Duty Dish Soap,Frosten,400ml,150,HH-DW,"sesame,tree nuts",9635722315265,17/05/18
IN04139,Frosten Sensitive लोशन Deodorant,Frosten,200ml,500,PC-DO,,5758100154479,13/01/22
IN04140,Verdant Volumising Shampoo,Verdant,250ml,400,PC-SH,shellfish,9848002032879,31/07/18
IN04141,Arovia Disinfectant Spray,Arovia,750ml,300,HH-SC,,7832250915574,28/07/20
IN04142,Brightway Leave-In क्रीम Conditioner,Brightway,100ml,150,PC-CD,fish,0175426988321,05/09/18
IN04143,Teraxis Eco Dish Liquid,Teraxis,75ml,100,HH-DW,"wheat,soy",4839061845673,12/08/19
IN04144,Zenpur पाउडर Disinfectant Spray,Zenpur,400ml,150,HH-SC,,2394847714670,15/08/20
IN04145,Glicen Hydrating Face Wash,Glicen,50ml,100,PC-FW,,3701832740313,25/11/22
IN04146,Teraxis Rinse Aid,Teraxis,400ml,200,HH-DW,peanuts,1881576515025,01/02/19
IN04147,Verdant Laundry Capsules,Verdant,250ml,500,HH-LN,eggs,9415176386185,22/04/18
IN04148,Frostine Fabric Softener,Frostine,50ml,150,HH-LN,,3253555995391,14/01/23
IN04149,Arovia स्प्रे Deep Conditioner,Arovia,250ml,300,PC-CD,,0642092259739,26/08/22
IN04150,Orinum Multi-Surface Spray,Orinum,75ml,50,HH-SC,"milk,eggs,sesame",3032232354337,17/07/23
IN04151,Toreva Granola Bar,Toreva,150ml,300,FB-SN,"fish,milk",2674121638244,11/07/21
IN04152,Kaleo Heavy Duty साबुन Dish Soap,Kaleo,100ml,150,HH-DW,"shellfish,wheat,peanuts,tree nuts",8439609960798,19/02/20
IN04153,Zephyr Dish Liquid,Zephyr,250ml,75,HH-DW,"milk,shellfish",1081653598518,04/02/22
IN04154,Teraxis Mayonnaise,Teraxis,100ml,50,FB-CN,"wheat,sesame,soy,tree nuts",5342495015288,01/03/18
IN04155,Verdant Deep Clean Body Wash,Verdant,500ml,300,PC-BW,,5779932469647,30/11/19
04156,Sovara साबुन Stain Remover,Sovara,150ml,500,HH-LN,"gluten,fish,milk,shellfish",2669930054767,19/02/21
IN04157,Lumeva Repair Conditioner,Lumeva,200ml,200,PC-CD,sesame,2818325512669,26/09/18
IN04158,Kaleo Disinfectant साबुन Spray,Kaleo,400ml,100,HH-SC,"shellfish,wheat,eggs,gluten",6908660229639,31/10/18
IN04159,Oralix Fragrance-Free Hand Wash,Oralix,75ml,100,PC-HW,"milk,peanuts",0341760971378,10/05/23
IN04160,Aurova शैम्पू Disinfectant Spray,Aurova,500ml,300,HH-SC,"milk,peanuts",7042086647864,12/02/20
IN04161,Solvix Whitening Deodorant,Solvix,200ml,150,PC-DO,,1226941535435,14/05/19
IN04162,Zephyr Laundry Capsules,Zephyr,1000ml,250,HH-LN,,9822162593227,30/01/21
IN04163,Elaris Sensitive सीरम Skin Body Wash,Elaris,1000ml,50,PC-BW,"peanuts,soy,sesame",4162325287446,16/04/18
IN04164,Glova Smooth & Shine Conditioner,Glova,150ml,150,PC-CD,wheat,7603921916585,04/06/18
IN04165,Aurova Fragrance-Free Hand Wash,Aurova,1000ml,500,PC-HW,"tree nuts,eggs",2998663180581,29/09/20
IN04166,Orinum Sensitive Skin शैम्पू Body Wash,Orinum,300ml,50,PC-BW,"fish,soy",5077318859373,25/02/23
IN04167,Aurova 48hr Spray Deodorant,Aurova,250ml,200,PC-DO,,9533243350690,26/11/23
04168,Cristalix SPF Moisturiser,Cristalix,150ml,500,PC-MS,"milk,wheat,tree nuts,sesame",7127806644856,24/07/22
IN04169,Nuarix Disinfectant Spray,Nuarix,300ml,500,HH-SC,"wheat,fish,tree nuts,shellfish",5127011836062,16/07/20
IN04170,Zephyr Rice Cakes,Zephyr,1000ml,250,FB-SN,"peanuts,tree nuts",6515414238610,07/06/21
IN04171,Aevum 24hr Roll-On Deodorant,Aevum,200ml,75,PC-DO,sesame,2258140101196,12/04/18
IN04172,Polvera 24hr Roll-On Deodorant,Polvera,200ml,200,PC-DO,sesame,1645808106357,31/12/21
IN04173,Solaris Colour Protect Shampoo,Solaris,100ml,300,PC-SH,peanuts,4556582476826,19/07/21
IN04174,Zenpur Fabric Softener,Zenpur,750ml,400,HH-LN,wheat,0501160026843,23/11/22
IN04175,Solaris Glass साबुन Cleaner,Solaris,300ml,75,HH-SC,"wheat,milk,gluten,peanuts",7637755579432,01/03/19
IN04176,Serafix Vinegar Dressing,Serafix,300ml,300,FB-CN,"eggs,gluten,fish",2535229386294,30/11/18
IN04177,Teraxis शैम्पू Laundry Capsules,Teraxis,750ml,150,HH-LN,"tree nuts,soy,shellfish",2751315862071,24/10/18
IN04178,Clarity Hydrating Face Wash,Clarity,200ml,400,PC-FW,"sesame,tree nuts,peanuts",0794539341122,13/06/20
IN04179,Purelix Fragrance-Free Hand Wash,Purelix,100ml,500,PC-HW,"milk,fish",9672064740553,08/03/18
IN04180,Toreva Exfoliating Face तेल Scrub,Toreva,50ml,75,PC-FW,"milk,tree nuts,sesame",7047871237282,05/04/23
IN04181,Vivara Mixed Nuts जेल Blend,Vivara,400ml,300,FB-SN,"tree nuts,fish,peanuts,eggs",9653999095475,01/12/18
IN04182,Verdant Glass Cleaner,Verdant,75ml,300,HH-SC,"fish,shellfish,peanuts,tree nuts",4899615160089,18/02/18
IN04183,Aurova SPF Moisturiser,Aurova,250ml,500,PC-MS,tree nuts,1006707603451,28/06/20
IN04184,Gleam Moisturising Body Wash,Gleam,400ml,150,PC-BW,"eggs,tree nuts",2742128133090,27/04/21
IN04185,Oralix Hydrating Face Wash,Oralix,75ml,500,PC-FW,,8753741260029,02/10/22
IN04186,XXX-Nuvelo Hot Chilli जेल Sauce,Nuvelo,250ml,500,FB-CN,"eggs,sesame,peanuts",2062488782029,10/08/19
IN04187,Arovia 48hr साबुन Spray Deodorant,Arovia,300ml,250,PC-DO,"wheat,gluten",0538480302517,10/11/21
IN04188,TEST-Cladis Multi-Surface Spray,Cladis,75ml,250,HH-SC,"fish,shellfish",2390441850714,14/11/18
IN04189,Serafix Hydrating Face Wash,Serafix,1000ml,250,PC-FW,,4635476584882,15/08/21
IN04190,Purelix Intensive Moisturiser,Purelix,100ml,50,PC-MS,"gluten,soy,peanuts",8673702197617,14/05/23
IN04191,Tresol Night Cream,Tresol,300ml,200,PC-MS,,7225514588506,24/05/19
IN04192,Frosten Laundry Powder,Frosten,750ml,50,HH-LN,"eggs,milk,gluten,sesame",2639001990737,19/01/21
IN04193,Cristalix Stain Remover,Cristalix,200ml,50,HH-LN,gluten,0607718729706,16/02/20
IN04194,Oralix SPF लोशन Moisturiser,Oralix,1000ml,250,PC-MS,"sesame,wheat,milk,eggs",4469439742251,02/07/23
IN04195,Glicen Disinfectant लोशन Spray,Glicen,500ml,150,HH-SC,,4214538233212,04/06/20
IN04196,Purevex Salted Crackers,Purevex,750ml,150,FB-SN,"fish,sesame,wheat,eggs",6723561194363,07/02/19
IN04197,XXX-Toreva Intensive तेल Moisturiser,Toreva,300ml,100,PC-MS,"shellfish,sesame,wheat,eggs",5531844469043,09/10/23
IN04198,Qualis Laundry साबुन Powder,Qualis,300ml,150,HH-LN,"shellfish,eggs",6880177108693,27/05/22
IN04199,Vanta Sport Deodorant,Vanta,300ml,250,PC-DO,,0235641407714,30/10/20
IN04200,Hevara सीरम Deep Conditioner,Hevara,50ml,250,PC-CD,"soy,tree nuts",1371834979923,21/09/19
IN04201,Oralix Dish Liquid,Oralix,500ml,50,HH-DW,"shellfish,sesame,tree nuts",8599192892170,12/11/22
IN04202,Oralix Heavy Duty Dish Soap,Oralix,150ml,500,HH-DW,peanuts,7862646161506,01/10/18
IN04203,Luminos Laundry Capsules,Luminos,250ml,50,HH-LN,tree nuts,0907861140763,25/01/23
IN04204,Frostine Refreshing Shower Gel,Frostine,1000ml,400,PC-BW,,0826374646220,24/11/21
IN04205,Verdant Deep Clean Body Wash,Verdant,400ml,300,PC-BW,eggs,9893835930168,08/09/23
IN04206,Orinum Lightweight Lotion,Orinum,50ml,400,PC-MS,,9925751171445,13/04/18
IN04207,Kaleo Brightening Face शैम्पू Wash,Kaleo,500ml,400,PC-FW,"fish,shellfish",3110176602797,11/01/19
IN04208,Purelix Mayonnaise,Purelix,75ml,250,FB-CN,"milk,sesame",5691039348109,30/08/18
IN04209,Frostine Oil Control क्रीम Face Wash,Frostine,1000ml,250,PC-FW,gluten,3174221659815,14/12/18
IN04210,Arovia Sensitive Deodorant,Arovia,750ml,75,PC-DO,fish,7895379280633,15/04/22
IN04211,Tresol Vinegar Dressing,Tresol,200ml,500,FB-CN,,7297131158257,24/07/18
IN04212,Aurova Fabric Softener,Aurova,200ml,100,HH-LN,,1218288291457,26/06/21
IN04213,Gleam तेल Multi-Surface Spray,Gleam,1000ml,250,HH-SC,"soy,gluten",2125954324434,22/01/20
IN04214,Cryston Deep Conditioner,Cryston,500ml,75,PC-CD,,5089894081673,21/10/19
IN04215,Cladis Oil Control Face Wash,Cladis,750ml,150,PC-FW,"shellfish,gluten,soy",7385153435675,15/03/21
IN04216,Elaris Anti-Dandruff Shampoo,Elaris,1000ml,50,PC-SH,"peanuts,fish,eggs,soy",4556378018711,28/08/21
IN04217,Zephyr तेल Volumising Shampoo,Zephyr,50ml,300,PC-SH,peanuts,0961299262367,28/03/19
IN04218,XXX-Vivara Liquid Laundry Detergent,Vivara,400ml,400,HH-LN,"fish,peanuts,wheat",3788507904751,27/11/21
IN04219,Krisol शैम्पू Leave-In Conditioner,Krisol,50ml,150,PC-CD,tree nuts,0123290011249,23/08/20
IN04220,Teraxis Daily Moisturiser,Teraxis,250ml,500,PC-MS,wheat,1215110880988,08/11/21
IN04221,Purelix Deep Clean Body Wash,Purelix,250ml,150,PC-BW,"fish,eggs",4008145286064,02/10/19
IN04222,Tolvex Repair Shampoo,Tolvex,200ml,200,PC-SH,"milk,shellfish,peanuts",9522499498973,23/06/22
IN04223,Glova Hydrating Face Wash,Glova,300ml,50,PC-FW,,7694165870153,01/06/19
IN04224,Oralix Rinse Aid,Oralix,300ml,150,HH-DW,"peanuts,eggs",6785304456756,03/10/23
IN04225,Luxara Tomato Ketchup,Luxara,1000ml,300,FB-CN,"tree nuts,eggs,shellfish",4335085112741,30/09/23
IN04226,Motivo Tomato सीरम Ketchup,Motivo,100ml,300,FB-CN,"sesame,tree nuts,wheat,milk",5660599932196,08/03/23
IN04227,Vivara Intensive साबुन Moisturiser,Vivara,300ml,150,PC-MS,"wheat,tree nuts,fish,peanuts",0287619768136,06/09/23
IN04228,Luminos सीरम Dish Liquid,Luminos,100ml,50,HH-DW,"shellfish,peanuts,milk,eggs",8993650031901,20/12/23
IN04229,Luxara Sensitive Deodorant,Luxara,500ml,100,PC-DO,"sesame,peanuts",2208652077489,14/05/22
IN04230,XXX-Zenpur Refreshing Shower Gel,Zenpur,300ml,150,PC-BW,"sesame,eggs,gluten",6909727328555,10/07/23
IN04231,Velaris Disinfectant साबुन Spray,Velaris,200ml,500,HH-SC,"milk,sesame",5228619827268,27/01/18
IN04232,Velaris Fragrance-Free Hand Wash,Velaris,300ml,500,PC-HW,gluten,9672824197863,06/09/23
IN04233,DUMMY-Nexpur क्रीम Nourishing Body Cleanser,Nexpur,500ml,500,PC-BW,"sesame,wheat,tree nuts",9867241954155,21/04/23
IN04234,Sovara Repair Shampoo,Sovara,100ml,300,PC-SH,"fish,shellfish,wheat,gluten",8925765551463,18/01/22
IN04235,Primus Eco Dish Liquid,Primus,150ml,75,HH-DW,"soy,milk",9953218931530,11/07/18
IN04236,Glicen Whitening Deodorant,Glicen,300ml,250,PC-DO,"sesame,soy",3880671917428,29/01/22
IN04237,Polvera Colour Protect Shampoo,Polvera,300ml,400,PC-SH,"fish,gluten",7175240975869,19/03/19
IN04238,Plexum Hydrating Face Wash,Plexum,200ml,400,PC-FW,"gluten,tree nuts",0044185006037,02/02/18
IN04239,Alteva Disinfectant Spray,Alteva,200ml,150,HH-SC,,1565887934040,31/05/22
IN04240,Novix Dishwasher Tablets,Novix,200ml,75,HH-DW,shellfish,0787033014111,06/09/23
IN04241,Teraxis Volumising Conditioner,Teraxis,50ml,300,PC-CD,,6821797646707,05/11/21
IN04242,Nexpur Bathroom Cleaner,Nexpur,50ml,250,HH-SC,,0800018260621,12/09/18
IN04243,Lumeva Hydrating Shampoo,Lumeva,750ml,50,PC-SH,"sesame,gluten,shellfish",0909042326638,23/02/21
IN04244,Frostine Sensitive Deodorant,Frostine,250ml,50,PC-DO,"milk,shellfish",9425922021390,31/08/21
IN04245,Velaris Deep Conditioner,Velaris,300ml,200,PC-CD,tree nuts,9325618370156,03/02/23
IN04246,Frostine Bathroom Cleaner,Frostine,75ml,300,HH-SC,"wheat,eggs,peanuts",5984847169364,05/02/19
IN04247,Motivo Bathroom Cleaner,Motivo,500ml,100,HH-SC,"sesame,eggs,peanuts",1550145700406,20/01/19
IN04248,Gleam स्प्रे Kitchen Cleaner,Gleam,150ml,400,HH-SC,"gluten,eggs",1286131883951,10/09/21
IN04249,Helix Multi-Surface Spray,Helix,300ml,50,HH-SC,,6199594253528,19/01/22
IN04250,Zephyr Exfoliating Face Scrub,Zephyr,750ml,200,PC-FW,milk,6599954408092,22/07/21
IN04251,Brightway Stain Remover,Brightway,1000ml,500,HH-LN,eggs,5496308397723,20/10/21
IN04252,Primus Colour Protect Shampoo,Primus,150ml,150,PC-SH,"gluten,tree nuts,soy,wheat",9102639864938,16/02/22
IN04253,Frosten SPF Moisturiser,Frosten,750ml,400,PC-MS,,7554538822342,04/05/18
IN04254,Orinum Dish Liquid,Orinum,50ml,500,HH-DW,"tree nuts,shellfish,peanuts,eggs",8267828275986,27/01/23
IN04255,Vanta Aloe Hand तेल Wash,Vanta,400ml,500,PC-HW,,0513146929932,12/04/20
IN04256,Motivo Vinegar Dressing,Motivo,1000ml,150,FB-CN,"tree nuts,sesame",7236362858499,30/10/18
IN04257,Vivara Anti-Dandruff Shampoo,Vivara,400ml,250,PC-SH,"shellfish,soy,fish,peanuts",8050745115240,10/03/23
IN04258,Tolvex Colour Protect Shampoo,Tolvex,400ml,75,PC-SH,,0030035275173,09/12/19
IN04259,Plexum Laundry Capsules,Plexum,100ml,200,HH-LN,"peanuts,sesame,shellfish,fish",8360029845580,23/01/20
IN04260,Elaris Liquid फोम Laundry Detergent,Elaris,300ml,75,HH-LN,"wheat,shellfish,milk",1891388721729,01/10/20
IN04261,Sovara Antibacterial Hand Wash,Sovara,750ml,300,PC-HW,"sesame,gluten,peanuts",4879493173326,17/06/19
IN04262,Kaleo Deep Clean Body Wash,Kaleo,200ml,500,PC-BW,,7274358569325,21/08/23
IN04263,Nuarix तेल Bathroom Cleaner,Nuarix,150ml,200,HH-SC,milk,5024090508340,25/11/21
IN04264,Orinum Refreshing Shower Gel,Orinum,150ml,250,PC-BW,,9269252617515,10/02/22
IN04265,Alteva Daily Moisturiser,Alteva,500ml,100,PC-MS,sesame,7002136139992,29/11/19
IN04266,XXX-Aurova Oil Control Face जेल Wash,Aurova,750ml,500,PC-FW,"peanuts,gluten,tree nuts",1227607866078,11/07/22
IN04267,Gleam स्प्रे SPF Moisturiser,Gleam,1000ml,100,PC-MS,,7077135992336,27/12/18
IN04268,Lumeva Smooth & Shine Conditioner,Lumeva,750ml,500,PC-CD,"eggs,gluten",8605423112624,18/12/21
IN04269,Primus क्रीम Bathroom Cleaner,Primus,750ml,200,HH-SC,"fish,shellfish,peanuts",6550575194344,08/06/19
IN04270,Primus Sport Deodorant,Primus,100ml,250,PC-DO,"tree nuts,milk,eggs,shellfish",8511549475041,29/09/22
IN04271,Verdant 48hr Spray जेल Deodorant,Verdant,100ml,250,PC-DO,"wheat,gluten",8803260297485,10/04/18
IN04272,Aevum पाउडर Sensitive Deodorant,Aevum,300ml,500,PC-DO,"soy,gluten,tree nuts",2018897611092,05/01/23
IN04273,Vanta Moisturising Hand शैम्पू Wash,Vanta,100ml,500,PC-HW,"fish,tree nuts,soy",5818985791722,26/11/18
IN04274,Cladis Lightweight Lotion,Cladis,500ml,500,PC-MS,soy,8551510934665,30/11/22
IN04275,Primus Gentle तेल Face Wash,Primus,500ml,50,PC-FW,"sesame,milk",8127274600117,31/12/18
IN04276,Purelix जेल Sensitive Deodorant,Purelix,150ml,75,PC-DO,,0848557939387,20/02/19
IN04277,Luminos Repair Conditioner,Luminos,75ml,200,PC-CD,"fish,gluten,sesame",4846159101450,21/11/19
IN04278,Gleam Heavy Duty Dish Soap,Gleam,75ml,400,HH-DW,milk,4311387509311,12/01/18
IN04279,Hevara Rice Cakes,Hevara,75ml,400,FB-SN,,5997177721669,29/03/21
IN04280,Motivo Moisturising Body Wash,Motivo,100ml,250,PC-BW,"tree nuts,soy,peanuts,wheat",4797280893724,06/08/21
IN04281,Sovara साबुन Rinse Aid,Sovara,75ml,300,HH-DW,"gluten,sesame,soy,fish",7501481027034,15/06/22
IN04282,Zenpur जेल Intensive Moisturiser,Zenpur,400ml,300,PC-MS,,0527237543549,19/04/23
IN04283,Solvix Disinfectant तेल Spray,Solvix,50ml,75,HH-SC,"wheat,fish",0748699358834,09/06/23
IN04284,Krisol Oat Protein Bar,Krisol,200ml,400,FB-SN,"eggs,fish,sesame,wheat",9144450323126,13/12/20
IN04285,Gleam Vinegar Dressing,Gleam,750ml,75,FB-CN,"wheat,shellfish",4258915965457,09/09/19
IN04286,Cryston Kitchen Cleaner,Cryston,100ml,50,HH-SC,"eggs,fish",8939424185043,21/11/23
IN04287,Zephyr Dish Liquid,Zephyr,300ml,50,HH-DW,"shellfish,milk,gluten",6240828330093,19/01/20
IN04288,Plexum Kitchen Cleaner,Plexum,500ml,250,HH-SC,sesame,9257026721827,15/12/21
IN04289,Vivara Multi-Surface Spray,Vivara,400ml,400,HH-SC,eggs,7536397869034,28/05/22
IN04290,Nuvelo Colour Protect Shampoo,Nuvelo,150ml,300,PC-SH,"wheat,gluten,soy,eggs",6919571783004,06/03/20
IN04291,Motivo Nourishing Body Cleanser,Motivo,200ml,200,PC-BW,,5896897482877,23/07/21
IN04292,Tolvex Vinegar Dressing,Tolvex,150ml,150,FB-CN,,8390215732080,06/05/20
IN04293,Solven Rice Cakes,Solven,300ml,100,FB-SN,sesame,7947311098209,21/04/21
IN04294,Purelix Liquid Laundry Detergent,Purelix,75ml,75,HH-LN,soy,6288570158961,20/04/23
IN04295,Purelix Colour Protect Shampoo,Purelix,250ml,100,PC-SH,"soy,milk,wheat",6698032739964,15/11/22
IN04296,Clarity Moisturising Hand Wash,Clarity,50ml,75,PC-HW,shellfish,4128391756736,20/10/21
IN04297,Kaleo Sensitive Skin Body Wash,Kaleo,100ml,50,PC-BW,"shellfish,soy",0192490748828,13/02/21
IN04298,Aurova Colour Protect Shampoo,Aurova,1000ml,150,PC-SH,"fish,shellfish",2071901473420,31/03/23
IN04299,Oralix पाउडर Leave-In Conditioner,Oralix,500ml,250,PC-CD,"milk,gluten,eggs,wheat",1748986220683,16/09/22
IN04300,Purelix Kitchen Cleaner,Purelix,200ml,150,HH-SC,"gluten,peanuts,eggs,fish",5235982029014,03/06/22
IN04301,Vivara Rice Cakes,Vivara,75ml,250,FB-SN,,7477234366647,30/11/22
IN04302,Polvera Eco Dish Liquid,Polvera,1000ml,200,HH-DW,"tree nuts,milk,soy",3504680152761,01/12/21
IN04303,Cladis Sensitive Skin Body Wash,Cladis,50ml,150,PC-BW,,7585693963229,18/05/19
IN04304,Glicen Rinse Aid,Glicen,1000ml,250,HH-DW,"fish,soy,peanuts",3399712363068,27/04/19
IN04305,Orinum Dishwasher तेल Tablets,Orinum,1000ml,400,HH-DW,,6198780187166,25/04/22
IN04306,XXX-Clarity Vinegar Dressing,Clarity,150ml,200,FB-CN,,0556724274208,19/12/22
IN04307,Kaleo Fabric Softener,Kaleo,1000ml,400,HH-LN,,7137564867145,26/06/20
IN04308,Novix शैम्पू Fragrance-Free Hand Wash,Novix,750ml,150,PC-HW,"eggs,shellfish,tree nuts",9088700251886,02/12/19
IN04309,Cladis Liquid Laundry Detergent,Cladis,50ml,100,HH-LN,"soy,gluten",4411022013927,20/10/18
IN04310,Teraxis Antibacterial Hand Wash,Teraxis,750ml,100,PC-HW,sesame,9370997263322,12/03/20
IN04311,Zephyr Gentle Face साबुन Wash,Zephyr,100ml,150,PC-FW,sesame,5212400622415,03/06/23
IN04312,Cladis Lightweight Lotion,Cladis,50ml,50,PC-MS,"peanuts,sesame,wheat",4769029027691,30/03/18
IN04313,Vanta SPF Moisturiser,Vanta,1000ml,500,PC-MS,milk,2692782972538,24/11/23
IN04314,Elaris Exfoliating Face जेल Scrub,Elaris,250ml,150,PC-FW,"peanuts,milk,eggs",2684908564321,08/02/18
IN04315,Lumeva Fragrance-Free Hand Wash,Lumeva,150ml,75,PC-HW,peanuts,8382790654574,01/09/20
IN04316,Tolvex लोशन Lightweight Lotion,Tolvex,250ml,200,PC-MS,,3236616252305,04/10/18
IN04317,Aurova Heavy Duty Dish Soap,Aurova,1000ml,150,HH-DW,"gluten,peanuts",5204524205261,08/07/23
IN04318,Gleam Hydrating Face Wash,Gleam,500ml,50,PC-FW,"fish,eggs,soy",1876395400225,05/02/18
IN04319,Hevara Mixed Nuts Blend,Hevara,300ml,400,FB-SN,"sesame,fish,tree nuts,milk",2705702730382,22/01/20
IN04320,Zephyr Moisturising जेल Body Wash,Zephyr,1000ml,50,PC-BW,gluten,0110800928210,16/01/18
IN04321,Alteva Hydrating Face Wash,Alteva,400ml,500,PC-FW,,5141789265404,18/11/18
IN04322,Tolvex Moisturising स्प्रे Hand Wash,Tolvex,200ml,100,PC-HW,"tree nuts,gluten,sesame,eggs",8709791542202,12/01/22
IN04323,Tresol Laundry Powder,Tresol,500ml,150,HH-LN,"eggs,tree nuts,shellfish",5449632424665,26/08/18
IN04324,Kaleo Intensive Moisturiser,Kaleo,750ml,200,PC-MS,"peanuts,wheat,sesame,milk",9001431016098,14/12/22
IN04325,Tolvex फोम Salted Crackers,Tolvex,300ml,400,FB-SN,,4302419350803,28/02/22
IN04326,Aurova Night Cream,Aurova,150ml,250,PC-MS,"peanuts,eggs,tree nuts",1813428815144,14/12/22
04327,Clarity Mixed क्रीम Nuts Blend,Clarity,750ml,50,FB-SN,"soy,shellfish",9991557287680,22/05/21
IN04328,Alteva Tomato Ketchup,Alteva,75ml,300,FB-CN,sesame,2613624341916,13/03/23
IN04329,Nuarix Mayonnaise,Nuarix,750ml,250,FB-CN,"soy,wheat,tree nuts,sesame",4055463218277,26/03/18
IN04330,Arovia Deep Clean Body Wash,Arovia,100ml,300,PC-BW,"fish,eggs,milk,peanuts",4476077989894,28/04/22
IN04331,Alteva Mayonnaise,Alteva,300ml,400,FB-CN,"soy,gluten",3989852588041,20/06/22
IN04332,Zenpur Mixed जेल Nuts Blend,Zenpur,100ml,250,FB-SN,"sesame,milk",3153953131356,16/06/19
IN04333,Glicen Anti-Dandruff Shampoo,Glicen,500ml,250,PC-SH,"tree nuts,eggs,shellfish",4319262197318,07/05/21
IN04334,Kaleo Sensitive Deodorant,Kaleo,300ml,250,PC-DO,"wheat,tree nuts",8660194611608,15/04/19
IN04335,Frostine Deep Clean Body Wash,Frostine,1000ml,250,PC-BW,tree nuts,4861508551106,14/03/18
IN04336,Cladis Gentle Face Wash,Cladis,1000ml,75,PC-FW,"peanuts,shellfish",1057870371319,28/12/18
IN04337,Teraxis साबुन Rinse Aid,Teraxis,100ml,400,HH-DW,,0036660632879,16/11/23
IN04338,Krisol Liquid Laundry Detergent,Krisol,250ml,200,HH-LN,"fish,milk",6955991524278,08/07/21
IN04339,Aevum Tomato Ketchup,Aevum,50ml,75,FB-CN,"eggs,tree nuts,soy",6443162300306,02/05/18
IN04340,Arovia SPF Moisturiser,Arovia,1000ml,100,PC-MS,,8235096888832,01/10/18
IN04341,Frosten Anti-Dandruff Shampoo,Frosten,300ml,150,PC-SH,"fish,shellfish,gluten,peanuts",4441219170621,14/08/19
IN04342,Solaris स्प्रे Tomato Ketchup,Solaris,500ml,200,FB-CN,fish,0320039029156,21/06/21
IN04343,Aevum Repair पाउडर Conditioner,Aevum,200ml,100,PC-CD,"soy,sesame,eggs,milk",2105970124423,19/03/20
IN04344,Nuarix Antibacterial Hand साबुन Wash,Nuarix,100ml,250,PC-HW,"shellfish,soy,wheat",2917123209556,08/06/21
IN04345,Serafix Sensitive Skin Body Wash,Serafix,200ml,150,PC-BW,"sesame,gluten,fish",9148030665699,26/03/20
IN04346,Glicen Moisturising क्रीम Body Wash,Glicen,1000ml,50,PC-BW,sesame,7556761342826,04/08/20
IN04347,Nuvelo पाउडर Brightening Face Wash,Nuvelo,150ml,50,PC-FW,"shellfish,eggs",4272051395411,05/04/21
IN04348,XXX-Krisol Dish Liquid,Krisol,300ml,75,HH-DW,,1284256196239,06/07/19
IN04349,Tolvex Hot Chilli Sauce,Tolvex,500ml,300,FB-CN,tree nuts,1377276905551,15/02/18
IN04350,Polvera Fabric Softener,Polvera,500ml,150,HH-LN,"shellfish,fish",0344694307497,19/08/23
IN04351,Oralix पाउडर Mayonnaise,Oralix,750ml,400,FB-CN,"sesame,eggs,wheat",7888901226995,17/12/21
IN04352,Oralix Colour Protect क्रीम Shampoo,Oralix,300ml,100,PC-SH,"peanuts,gluten,wheat,milk",5203065712870,22/12/21
IN04353,Aurova Mixed Nuts Blend,Aurova,1000ml,200,FB-SN,"milk,sesame,gluten,shellfish",3604947421422,10/10/21
IN04354,Kaleo Lightweight Lotion,Kaleo,400ml,75,PC-MS,"gluten,sesame,milk,wheat",5769229625849,01/05/23
IN04355,Velaris Tomato Ketchup,Velaris,1000ml,100,FB-CN,,7699959053040,02/01/21
IN04356,Gleam Gentle Face Wash,Gleam,750ml,400,PC-FW,"milk,fish",3959070097403,30/03/23
IN04357,Clarity Oil पाउडर Control Face Wash,Clarity,400ml,150,PC-FW,"eggs,milk",9093318683981,15/08/21
IN04358,Verdant Dish Liquid,Verdant,300ml,150,HH-DW,"sesame,shellfish",9189009180737,19/10/19
IN04359,Frosten तेल Colour Protect Shampoo,Frosten,1000ml,250,PC-SH,,4197348607179,17/06/23
IN04360,Vivara Sport Deodorant,Vivara,50ml,400,PC-DO,"fish,sesame",6804779001381,24/12/23
IN04361,Orinum Whitening Deodorant,Orinum,1000ml,500,PC-DO,"eggs,gluten,soy",9211705946697,17/05/22
IN04362,Polvera Anti-Dandruff Shampoo,Polvera,400ml,400,PC-SH,"soy,sesame,wheat,gluten",9481335295407,01/05/18
IN04363,Qualis Sport Deodorant,Qualis,150ml,50,PC-DO,"wheat,eggs",4316651899945,11/04/18
IN04364,Polvera Exfoliating Face Scrub,Polvera,200ml,50,PC-FW,gluten,8168783326211,16/03/18
IN04365,Polvera Refreshing Shower Gel,Polvera,500ml,250,PC-BW,"gluten,peanuts,shellfish,eggs",9155152198363,04/08/19
04366,Novix Gentle Face Wash,Novix,75ml,400,PC-FW,fish,0761242044152,03/06/22
IN04367,Glicen Laundry Powder,Glicen,1000ml,50,HH-LN,"eggs,soy",9940189892663,14/01/20
IN04368,Krisol Dishwasher Tablets,Krisol,1000ml,300,HH-DW,"peanuts,milk,fish",5600229570343,25/02/20
IN04369,Aurova Sport Deodorant,Aurova,200ml,75,PC-DO,"fish,milk,shellfish",9876799368918,07/01/22
IN04370,Frosten Deep Conditioner,Frosten,500ml,200,PC-CD,"soy,peanuts,shellfish",7741546334411,29/05/18
IN04371,Luxara स्प्रे Volumising Shampoo,Luxara,50ml,100,PC-SH,"eggs,peanuts,soy,fish",9420748015592,19/02/23
IN04372,TEST-Zenpur Deep Conditioner,Zenpur,300ml,250,PC-CD,wheat,7192680750092,05/05/22
IN04373,Primus Multi-Surface Spray,Primus,150ml,150,HH-SC,,9733828789918,17/12/22
IN04374,Qualis Leave-In जेल Conditioner,Qualis,100ml,500,PC-CD,"eggs,tree nuts,gluten,shellfish",6992871002396,14/04/23
IN04375,Nuvelo Multi-Surface Spray,Nuvelo,150ml,75,HH-SC,peanuts,5516388832898,17/12/22
IN04376,Vanta Tomato जेल Ketchup,Vanta,250ml,400,FB-CN,"peanuts,sesame",1118098166085,20/03/19
IN04377,Brightway Salted लोशन Crackers,Brightway,500ml,75,FB-SN,"shellfish,eggs",4384011540332,25/10/21
IN04378,Frosten Heavy Duty Dish जेल Soap,Frosten,50ml,50,HH-DW,"milk,tree nuts,sesame",3096277186988,08/08/22
IN04379,Oralix Laundry Powder,Oralix,75ml,400,HH-LN,"fish,wheat,gluten",0949274537952,03/07/22
IN04380,Luxara Heavy Duty Dish Soap,Luxara,100ml,300,HH-DW,,6928041795881,14/06/20
IN04381,Plexum क्रीम Refreshing Shower Gel,Plexum,250ml,50,PC-BW,,3766002855037,21/02/21
IN04382,Arovia Hot Chilli Sauce,Arovia,75ml,50,FB-CN,"sesame,shellfish,soy",1736723101098,31/03/21
IN04383,Cryston Whitening Deodorant,Cryston,250ml,75,PC-DO,milk,1207308163485,14/04/19
IN04384,Krisol स्प्रे Hydrating Shampoo,Krisol,250ml,50,PC-SH,shellfish,2577261958435,05/05/22
IN04385,Solaris Volumising Shampoo,Solaris,150ml,250,PC-SH,"tree nuts,sesame,wheat,shellfish",3482280857623,14/05/20
IN04386,Cristalix Moisturising लोशन Hand Wash,Cristalix,750ml,75,PC-HW,"eggs,soy,tree nuts",0248552568702,22/11/23
IN04387,Cladis Liquid Laundry Detergent,Cladis,150ml,250,HH-LN,"wheat,sesame,gluten",0541372829122,02/12/22
IN04388,Elaris Repair Shampoo,Elaris,150ml,75,PC-SH,"gluten,tree nuts,milk",0684116020123,17/08/19
IN04389,Zenpur लोशन Volumising Shampoo,Zenpur,500ml,200,PC-SH,"wheat,soy,shellfish",4848936980227,08/10/21
IN04390,Solven Sensitive Skin जेल Body Wash,Solven,150ml,250,PC-BW,"sesame,eggs,soy",7421415709952,27/06/19
IN04391,Krisol Hydrating Shampoo,Krisol,200ml,300,PC-SH,,5989926110442,14/06/23
IN04392,Polvera Rice Cakes,Polvera,75ml,200,FB-SN,"peanuts,soy,gluten,milk",5013681945756,20/11/20
IN04393,Nexpur जेल Granola Bar,Nexpur,150ml,250,FB-SN,"sesame,shellfish",2955055241107,29/10/23
IN04394,Toreva Multi-Surface Spray,Toreva,200ml,50,HH-SC,"gluten,wheat,sesame,peanuts",3466297254835,16/12/21
IN04395,Hevara SPF Moisturiser,Hevara,750ml,250,PC-MS,"wheat,fish,soy",4855002309721,31/03/22
IN04396,Arovia Hot Chilli Sauce,Arovia,500ml,100,FB-CN,"fish,gluten,eggs,peanuts",8285904062091,07/06/21
IN04397,Glova Brightening Face Wash,Glova,50ml,100,PC-FW,milk,1301132633982,06/08/22
IN04398,Frosten Fabric Softener,Frosten,300ml,300,HH-LN,"shellfish,milk,eggs,wheat",3481539122192,28/02/18
IN04399,Nuarix Night पाउडर Cream,Nuarix,1000ml,300,PC-MS,,5690436444698,02/12/20
IN04400,Gleam शैम्पू Night Cream,Gleam,75ml,75,PC-MS,,6709905303264,03/01/19
IN04401,Teraxis 24hr Roll-On Deodorant,Teraxis,500ml,400,PC-DO,,0404464638982,13/09/19
IN04402,Frostine Smooth लोशन & Shine Conditioner,Frostine,50ml,75,PC-CD,"peanuts,shellfish",9057358054163,23/09/20
04403,Aevum Colour Protect Shampoo,Aevum,100ml,400,PC-SH,"milk,gluten",6921539005066,04/06/23
IN04404,Arovia Granola Bar,Arovia,500ml,75,FB-SN,"gluten,sesame,milk",3303937581305,14/02/19
IN04405,Cryston साबुन Deep Conditioner,Cryston,50ml,200,PC-CD,"gluten,tree nuts",7181341029066,26/04/19
IN04406,Solven Aloe Hand Wash,Solven,500ml,250,PC-HW,fish,1067076967025,21/08/21
IN04407,Lumeva Oat Protein Bar,Lumeva,75ml,100,FB-SN,"eggs,shellfish,sesame",3268578105283,04/04/21
IN04408,Polvera Repair Shampoo,Polvera,500ml,300,PC-SH,eggs,8552567678793,12/01/18
IN04409,Glova Sport Deodorant,Glova,75ml,300,PC-DO,"gluten,eggs,sesame",5340524269961,01/11/22
IN04410,Purelix Heavy क्रीम Duty Dish Soap,Purelix,500ml,300,HH-DW,"gluten,milk,sesame,soy",8281604137961,14/01/21
IN04411,Elaris Tomato पाउडर Ketchup,Elaris,750ml,400,FB-CN,,3834103111557,09/06/23
IN04412,Oralix Hot पाउडर Chilli Sauce,Oralix,75ml,500,FB-CN,milk,7849082456090,01/04/21
IN04413,Luminos Oil Control Face Wash,Luminos,75ml,150,PC-FW,,2239354035712,12/08/20
IN04414,Verdant Hydrating Face Wash,Verdant,200ml,400,PC-FW,"gluten,peanuts",8121965735157,24/03/21
IN04415,Oralix क्रीम Heavy Duty Dish Soap,Oralix,1000ml,300,HH-DW,"milk,shellfish,fish",6471243468348,29/11/23
IN04416,Frosten Sport Deodorant,Frosten,400ml,250,PC-DO,,5798005832690,15/04/23
IN04417,Cladis Mayonnaise,Cladis,50ml,300,FB-CN,milk,1798210959278,24/09/20
IN04418,Kaleo Mixed Nuts Blend,Kaleo,500ml,250,FB-SN,"fish,sesame,soy,wheat",5116106515135,12/10/23
IN04419,Nexpur Leave-In Conditioner,Nexpur,300ml,100,PC-CD,"soy,fish,tree nuts,peanuts",8349960520480,03/08/19
IN04420,Motivo 48hr Spray Deodorant,Motivo,1000ml,400,PC-DO,"eggs,soy,tree nuts,milk",5869409487189,15/12/23
IN04421,Lumeva Smooth & Shine Conditioner,Lumeva,75ml,400,PC-CD,"milk,shellfish,fish,soy",1545806187009,26/11/18
IN04422,Toreva Exfoliating Face लोशन Scrub,Toreva,75ml,100,PC-FW,milk,1635769136470,18/01/20
IN04423,Frosten Mustard क्रीम Sauce,Frosten,500ml,250,FB-CN,"sesame,peanuts,wheat",1228985354140,29/09/20
IN04424,Teraxis Moisturising लोशन Body Wash,Teraxis,750ml,200,PC-BW,fish,7363251531048,06/07/20
IN04425,Luminos Sensitive Skin Body Wash,Luminos,200ml,250,PC-BW,eggs,0025904754767,26/12/18
IN04426,Plexum Multi-Surface Spray,Plexum,250ml,250,HH-SC,,8469172847127,26/01/23
IN04427,Aevum Colour Protect Shampoo,Aevum,100ml,400,PC-SH,peanuts,1987833330650,16/11/21
IN04428,Orinum Vinegar Dressing,Orinum,300ml,75,FB-CN,tree nuts,5220227961778,23/04/18
IN04429,Kaleo Moisturising जेल Body Wash,Kaleo,500ml,50,PC-BW,"tree nuts,gluten,eggs,soy",2948898331197,23/09/23
IN04430,Luxara Heavy Duty तेल Dish Soap,Luxara,150ml,250,HH-DW,"milk,tree nuts",2564060564325,14/02/18
IN04431,Luxara Sensitive Skin Body Wash,Luxara,750ml,250,PC-BW,,9157275063627,17/09/19
IN04432,Kaleo Eco Dish Liquid,Kaleo,100ml,250,HH-DW,,5386531235841,27/10/23
IN04433,Brightway शैम्पू Granola Bar,Brightway,50ml,200,FB-SN,,8444620424570,03/04/23
IN04434,Serafix Volumising Conditioner,Serafix,75ml,150,PC-CD,"wheat,eggs,sesame,tree nuts",8082938074386,07/11/21
IN04435,Kaleo Hot Chilli Sauce,Kaleo,750ml,50,FB-CN,wheat,1651556733769,26/10/18
04436,Tresol Deep Clean Body शैम्पू Wash,Tresol,400ml,400,PC-BW,"shellfish,fish,tree nuts,gluten",9732460570502,11/07/19
IN04437,Solven Salted Crackers,Solven,750ml,100,FB-SN,"milk,tree nuts",8368251702459,25/02/22
IN04438,Motivo Mayonnaise,Motivo,400ml,200,FB-CN,"gluten,soy,peanuts",4322283721301,29/01/20
IN04439,Aurova Hot Chilli Sauce,Aurova,100ml,100,FB-CN,,4484000453442,28/01/21
IN04440,Nexpur Moisturising स्प्रे Hand Wash,Nexpur,400ml,100,PC-HW,"eggs,shellfish,wheat,soy",2433477204844,20/03/21
IN04441,Motivo लोशन Exfoliating Face Scrub,Motivo,100ml,500,PC-FW,tree nuts,5994848275964,02/02/22
IN04442,Luxara Whitening Deodorant,Luxara,400ml,300,PC-DO,"peanuts,eggs,soy,milk",0871062359166,22/05/20
IN04443,Kaleo Colour Protect Shampoo,Kaleo,1000ml,200,PC-SH,"fish,peanuts",9566566020766,03/08/19
IN04444,Helix SPF Moisturiser,Helix,150ml,50,PC-MS,"fish,eggs,wheat,soy",3485794941840,06/05/21
IN04445,Toreva स्प्रे Volumising Conditioner,Toreva,1000ml,200,PC-CD,,5754941587445,16/05/19
IN04446,Kaleo 24hr Roll-On Deodorant,Kaleo,100ml,100,PC-DO,"tree nuts,eggs,gluten,shellfish",8976811655086,08/04/19
IN04447,Oralix Lightweight Lotion,Oralix,500ml,400,PC-MS,wheat,7480048690808,28/09/19
IN04448,Glicen Foaming Hand Wash,Glicen,500ml,100,PC-HW,peanuts,9093427497844,16/02/23
IN04449,Nexpur 48hr क्रीम Spray Deodorant,Nexpur,500ml,75,PC-DO,"wheat,fish,gluten,shellfish",5624993729950,10/07/19
IN04450,Aurova Nourishing Body स्प्रे Cleanser,Aurova,50ml,75,PC-BW,"milk,peanuts,wheat",6375997298469,29/10/23
IN04451,Qualis Whitening Deodorant,Qualis,400ml,300,PC-DO,,5057599753928,05/12/18
IN04452,Arovia Stain Remover,Arovia,1000ml,75,HH-LN,"peanuts,milk,tree nuts,wheat",8465291893588,31/07/18
IN04453,Serafix Whitening तेल Deodorant,Serafix,50ml,400,PC-DO,"sesame,wheat,milk",5426024421174,24/07/20
IN04454,Lumeva शैम्पू Fabric Softener,Lumeva,300ml,100,HH-LN,"peanuts,soy,fish",8485070134220,22/07/20
IN04455,Tolvex Sport Deodorant,Tolvex,50ml,200,PC-DO,"milk,tree nuts",7106208020116,29/07/18
IN04456,Brightway Daily Moisturiser,Brightway,250ml,500,PC-MS,"fish,milk,peanuts,shellfish",6022509201195,19/08/23
IN04457,Nexpur Sport Deodorant,Nexpur,300ml,75,PC-DO,"wheat,sesame,gluten",7026125927971,21/07/22
IN04458,DUMMY-Vanta Nourishing Body Cleanser,Vanta,100ml,400,PC-BW,,8301008495259,04/12/20
IN04459,Tolvex Moisturising Body Wash,Tolvex,150ml,250,PC-BW,,8893457649470,03/09/23
IN04460,Cryston Vinegar क्रीम Dressing,Cryston,750ml,100,FB-CN,"gluten,eggs,sesame",6164666326639,26/11/18
IN04461,Tresol लोशन Stain Remover,Tresol,750ml,400,HH-LN,"shellfish,fish,wheat,gluten",5848516626353,07/12/22
IN04462,Nuarix Sport Deodorant,Nuarix,500ml,200,PC-DO,"wheat,peanuts",0541683314218,15/06/21
IN04463,Gleam Kitchen पाउडर Cleaner,Gleam,150ml,500,HH-SC,,3270554402743,18/01/19
IN04464,Plexum Repair Conditioner,Plexum,100ml,50,PC-CD,"sesame,wheat",0790426613679,31/08/22
IN04465,Teraxis Brightening Face Wash,Teraxis,500ml,250,PC-FW,sesame,5295803120139,21/11/19
IN04466,Tolvex Rice Cakes,Tolvex,750ml,300,FB-SN,"tree nuts,gluten,fish,wheat",2117780028105,04/08/21
IN04467,Aevum Dishwasher Tablets,Aevum,50ml,150,HH-DW,,6416702149291,13/08/18
IN04468,DUMMY-Serafix Disinfectant Spray,Serafix,200ml,50,HH-SC,,0772502109856,08/06/20
IN04469,Nuarix Deep Clean Body Wash,Nuarix,50ml,500,PC-BW,"soy,sesame",2913539411873,08/08/19
IN04470,Kaleo Bathroom Cleaner,Kaleo,750ml,150,HH-SC,eggs,7561363115969,01/12/21
IN04471,Frostine Mustard Sauce,Frostine,750ml,75,FB-CN,"sesame,milk,tree nuts",5763416253167,25/12/20
IN04472,Nuarix Refreshing Shower Gel,Nuarix,150ml,400,PC-BW,gluten,3045741298603,16/10/20
IN04473,Clarity Glass Cleaner,Clarity,50ml,250,HH-SC,,3170277721780,09/07/23
IN04474,Novix Mixed Nuts Blend,Novix,400ml,500,FB-SN,fish,5003123548362,22/09/22
IN04475,Plexum Repair जेल Conditioner,Plexum,750ml,300,PC-CD,"eggs,sesame,soy",2395302155953,02/02/20
IN04476,XXX-Frosten सीरम Leave-In Conditioner,Frosten,1000ml,150,PC-CD,,5910518507975,28/05/19
IN04477,Solven Smooth & Shine Conditioner,Solven,50ml,500,PC-CD,"eggs,sesame,shellfish,milk",8985000388919,20/02/19
IN04478,Tresol Mixed Nuts Blend,Tresol,50ml,150,FB-SN,"milk,fish,gluten",3374961269071,26/06/19
IN04479,Oralix Oat Protein Bar,Oralix,400ml,150,FB-SN,"peanuts,fish",9690910231932,19/12/22
IN04480,Oralix शैम्पू Eco Dish Liquid,Oralix,200ml,200,HH-DW,"milk,gluten,shellfish",9194923592023,13/06/23
IN04481,Frostine Gentle Face Wash,Frostine,750ml,400,PC-FW,"milk,tree nuts,sesame,fish",0144301116708,14/11/21
IN04482,Solvix Volumising Shampoo,Solvix,75ml,50,PC-SH,"tree nuts,soy,gluten",3542365375586,20/12/20
IN04483,Tresol Dish Liquid,Tresol,1000ml,500,HH-DW,fish,4249148596181,21/04/21
IN04484,Gleam Fragrance-Free Hand साबुन Wash,Gleam,500ml,250,PC-HW,"shellfish,soy",9893016127929,05/05/21
IN04485,Tresol Volumising Conditioner,Tresol,500ml,75,PC-CD,,5071689232179,03/04/19
IN04486,Motivo Anti-Dandruff Shampoo,Motivo,400ml,250,PC-SH,milk,1570557014304,22/08/19
IN04487,Orinum तेल Glass Cleaner,Orinum,1000ml,75,HH-SC,"wheat,peanuts,sesame,milk",4283242009543,01/12/18
04488,Elaris Sensitive Skin Body Wash,Elaris,100ml,400,PC-BW,"fish,shellfish,gluten,wheat",2633313256215,11/12/19
IN04489,Nuvelo Hot Chilli Sauce,Nuvelo,75ml,200,FB-CN,,5516297729166,22/05/19
IN04490,Frosten Hot Chilli Sauce,Frosten,150ml,200,FB-CN,"fish,eggs,shellfish,wheat",6487820795202,05/08/23
IN04491,Luminos Sensitive Deodorant,Luminos,200ml,300,PC-DO,"sesame,soy",7153037631747,02/09/23
IN04492,Cryston Repair Shampoo,Cryston,200ml,150,PC-SH,,2182725967344,02/08/23
IN04493,Gleam 48hr Spray Deodorant,Gleam,75ml,400,PC-DO,"peanuts,eggs,fish,tree nuts",4756091575410,10/03/22
IN04494,Sovara Disinfectant Spray,Sovara,75ml,200,HH-SC,sesame,2342820978861,28/05/19
IN04495,Solvix Leave-In Conditioner,Solvix,250ml,150,PC-CD,"wheat,gluten",1328687973257,09/05/22
IN04496,Clarity Sensitive तेल Skin Body Wash,Clarity,150ml,200,PC-BW,"tree nuts,sesame,gluten",9893443280198,15/11/20
IN04497,Lumeva Tomato Ketchup,Lumeva,200ml,250,FB-CN,"wheat,tree nuts",7790171548946,02/08/21
IN04498,Cristalix Nourishing Body Cleanser,Cristalix,1000ml,300,PC-BW,soy,6076826374063,20/08/23
IN04499,Clarity Granola Bar,Clarity,300ml,200,FB-SN,"tree nuts,wheat,eggs",5724895665469,26/02/21
IN04500,Primus Hydrating जेल Face Wash,Primus,750ml,400,PC-FW,"soy,milk,shellfish,sesame",0466605226120,14/05/21
IN04501,TEST-Serafix Multi-Surface Spray,Serafix,50ml,250,HH-SC,milk,6409191706694,25/07/20
IN04502,Primus Sport Deodorant,Primus,750ml,75,PC-DO,,2114091558161,29/06/23
IN04503,Aurova Hydrating Face Wash,Aurova,150ml,400,PC-FW,,4983563277033,20/07/22
IN04504,Plexum Colour Protect Shampoo,Plexum,100ml,500,PC-SH,"shellfish,tree nuts,wheat,gluten",7687526437973,08/07/23
IN04505,Tresol Granola क्रीम Bar,Tresol,250ml,200,FB-SN,,7191684959821,29/03/22
IN04506,Nuarix Brightening Face Wash,Nuarix,750ml,200,PC-FW,"gluten,milk",5375499049515,28/09/18
IN04507,Glova Granola Bar,Glova,50ml,75,FB-SN,,8987269059470,02/02/19
IN04508,Serafix Exfoliating Face Scrub,Serafix,750ml,100,PC-FW,"fish,gluten,tree nuts",9818370394732,22/03/19
IN04509,Nuvelo Repair Conditioner,Nuvelo,750ml,400,PC-CD,,7514976740028,24/12/23
IN04510,Verdant Foaming Hand Wash,Verdant,75ml,300,PC-HW,,7319850478826,18/10/21
04511,Solvix Sensitive Deodorant,Solvix,300ml,75,PC-DO,sesame,2408287274066,27/06/21
IN04512,Novix Multi-Surface Spray,Novix,500ml,400,HH-SC,,4491607302752,23/12/23
IN04513,Verdant Disinfectant Spray,Verdant,150ml,100,HH-SC,,5000943659605,26/06/23
IN04514,Arovia Sport Deodorant,Arovia,250ml,200,PC-DO,wheat,3360694347292,15/10/22
IN04515,Nexpur Dishwasher Tablets,Nexpur,75ml,250,HH-DW,gluten,9596170885482,07/04/19
IN04516,Tresol Stain Remover,Tresol,300ml,200,HH-LN,"milk,peanuts,eggs,tree nuts",2547246330341,22/10/21
IN04517,Zephyr Fabric Softener,Zephyr,750ml,200,HH-LN,milk,8943666470546,21/04/23
IN04518,Clarity Colour Protect Shampoo,Clarity,300ml,75,PC-SH,milk,6957071308020,14/09/23
IN04519,Toreva Disinfectant Spray,Toreva,100ml,400,HH-SC,peanuts,4069535171711,11/05/19
IN04520,Tresol Stain शैम्पू Remover,Tresol,100ml,75,HH-LN,eggs,7236132800017,30/09/21
IN04521,Zephyr Rinse Aid,Zephyr,500ml,400,HH-DW,"gluten,tree nuts",0334670577365,28/12/20
IN04522,Oralix फोम Anti-Dandruff Shampoo,Oralix,100ml,100,PC-SH,"gluten,tree nuts,fish",2094846180284,22/09/23
IN04523,Clarity Leave-In Conditioner,Clarity,500ml,500,PC-CD,"soy,shellfish",7211831851751,13/09/20
IN04524,Gleam Sensitive Skin Body Wash,Gleam,400ml,100,PC-BW,,4868182041299,23/07/19
IN04525,Purelix 24hr Roll-On Deodorant,Purelix,750ml,500,PC-DO,wheat,1445686314680,22/06/23
IN04526,XXX-Tolvex Nourishing Body क्रीम Cleanser,Tolvex,75ml,75,PC-BW,"eggs,fish",6955392181124,24/03/21
IN04527,Polvera Fragrance-Free Hand Wash,Polvera,500ml,500,PC-HW,,7889907077307,31/08/20
IN04528,Kaleo Dishwasher Tablets,Kaleo,100ml,500,HH-DW,eggs,0215234841712,24/08/20
04529,Qualis Leave-In Conditioner,Qualis,400ml,75,PC-CD,"shellfish,eggs,tree nuts",0641977320366,21/02/18
IN04530,Elaris क्रीम Multi-Surface Spray,Elaris,750ml,500,HH-SC,"milk,soy,shellfish",8445767631418,04/05/20
IN04531,Hevara Tomato Ketchup,Hevara,750ml,100,FB-CN,"wheat,sesame,gluten",3947800050675,17/04/19
IN04532,Polvera Sensitive Deodorant,Polvera,300ml,150,PC-DO,"sesame,tree nuts,fish",8801099973488,31/01/20
IN04533,Nuvelo Dish Liquid,Nuvelo,250ml,50,HH-DW,"shellfish,soy",2663056259723,16/06/19
IN04534,Luminos Exfoliating लोशन Face Scrub,Luminos,750ml,75,PC-FW,"peanuts,wheat",8845831604964,13/06/18
IN04535,Serafix Dish Liquid,Serafix,150ml,50,HH-DW,"shellfish,wheat,fish",2928750453281,30/07/19
IN04536,Vivara Lightweight Lotion,Vivara,1000ml,500,PC-MS,,2576998589394,07/05/23
IN04537,Solven Repair Conditioner,Solven,50ml,500,PC-CD,"fish,gluten,peanuts,milk",7288551895532,22/02/21
IN04538,Nuvelo क्रीम 48hr Spray Deodorant,Nuvelo,250ml,100,PC-DO,sesame,5214611105596,09/03/23
IN04539,Tolvex Oat Protein Bar,Tolvex,200ml,100,FB-SN,soy,4132426289892,19/05/20
IN04540,Glova Fragrance-Free तेल Hand Wash,Glova,750ml,250,PC-HW,"tree nuts,peanuts,gluten",6035661973992,22/03/22
IN04541,Velaris Daily Moisturiser,Velaris,300ml,250,PC-MS,"milk,shellfish,sesame",9491200325863,22/03/22
IN04542,Luminos Exfoliating Face Scrub,Luminos,100ml,75,PC-FW,"gluten,sesame,shellfish",0912667173822,30/05/20
IN04543,Aevum Exfoliating Face पाउडर Scrub,Aevum,400ml,75,PC-FW,"peanuts,tree nuts,soy,fish",2715133269016,27/06/23
IN04544,DUMMY-Purelix Mayonnaise,Purelix,150ml,400,FB-CN,"wheat,shellfish,peanuts",2086002191241,14/11/18
IN04545,Nuvelo Fragrance-Free Hand Wash,Nuvelo,1000ml,400,PC-HW,"fish,sesame,wheat,shellfish",8932317484872,14/12/20
IN04546,Brightway Anti-Dandruff Shampoo,Brightway,50ml,150,PC-SH,,4754880617471,02/10/20
IN04547,Tolvex Laundry Powder,Tolvex,300ml,300,HH-LN,"peanuts,shellfish,eggs,gluten",3449985647256,12/02/22
IN04548,Toreva Exfoliating Face Scrub,Toreva,1000ml,250,PC-FW,"fish,milk",5923389251694,17/05/19
IN04549,Purelix Gentle Face Wash,Purelix,500ml,150,PC-FW,,2928503413593,31/05/18
IN04550,Cladis Multi-Surface साबुन Spray,Cladis,400ml,75,HH-SC,"eggs,tree nuts",2586217008780,05/10/18
IN04551,Lumeva Oil Control Face Wash,Lumeva,750ml,75,PC-FW,,1182798405829,09/07/23
IN04552,Krisol Brightening Face पाउडर Wash,Krisol,250ml,500,PC-FW,"tree nuts,sesame,wheat",0858245503165,27/08/20
IN04553,Glicen Deep Clean Body Wash,Glicen,150ml,150,PC-BW,"gluten,sesame",5751225376986,23/06/21
IN04554,Hevara Laundry Powder,Hevara,500ml,100,HH-LN,"eggs,milk",4207101563397,09/02/19
IN04555,Teraxis Liquid Laundry Detergent,Teraxis,400ml,250,HH-LN,"fish,peanuts,sesame",9322933074233,03/09/19
IN04556,Cristalix साबुन Stain Remover,Cristalix,75ml,50,HH-LN,"gluten,sesame",8069440637216,15/05/20
04557,Krisol Foaming Hand Wash,Krisol,75ml,250,PC-HW,"wheat,sesame,gluten,eggs",4963825697168,18/11/18
IN04558,Vivara Bathroom जेल Cleaner,Vivara,1000ml,200,HH-SC,,3308151130018,14/06/18
IN04559,Luxara Granola Bar,Luxara,1000ml,75,FB-SN,tree nuts,4434249415619,02/03/20
IN04560,Motivo Sport Deodorant,Motivo,300ml,150,PC-DO,"milk,shellfish,soy,fish",8756561911294,21/04/21
IN04561,Zephyr Vinegar क्रीम Dressing,Zephyr,200ml,50,FB-CN,,2724197502885,18/02/23
IN04562,Luxara Oil Control Face Wash,Luxara,75ml,400,PC-FW,"tree nuts,peanuts",9856275777786,16/03/20
IN04563,Teraxis Deep पाउडर Conditioner,Teraxis,500ml,300,PC-CD,"soy,gluten,shellfish",2656837200458,24/09/18
IN04564,Zenpur Fragrance-Free Hand Wash,Zenpur,750ml,75,PC-HW,"eggs,shellfish",8273350214218,08/06/23
IN04565,Lumeva Deep Conditioner,Lumeva,750ml,500,PC-CD,"sesame,wheat,soy,tree nuts",7224282344291,22/08/18
IN04566,Kaleo Multi-Surface पाउडर Spray,Kaleo,100ml,150,HH-SC,,2530072324844,07/01/21
IN04567,Oralix SPF Moisturiser,Oralix,250ml,75,PC-MS,shellfish,4887055480058,02/04/23
IN04568,Qualis Mixed Nuts Blend,Qualis,100ml,200,FB-SN,"gluten,soy",0998233215325,23/10/23
IN04569,Cristalix Leave-In पाउडर Conditioner,Cristalix,100ml,50,PC-CD,,8616264560987,24/06/18
IN04570,Orinum Disinfectant Spray,Orinum,100ml,75,HH-SC,,3847040227496,17/03/20
IN04571,Tolvex Moisturising Body Wash,Tolvex,150ml,500,PC-BW,gluten,5536315737034,19/10/21
IN04572,Tresol Glass Cleaner,Tresol,1000ml,300,HH-SC,,3336063599999,23/04/18
IN04573,Teraxis Foaming Hand पाउडर Wash,Teraxis,50ml,100,PC-HW,"sesame,soy,peanuts,milk",7508105352169,29/12/19
IN04574,Purelix Smooth & Shine Conditioner,Purelix,250ml,100,PC-CD,"peanuts,soy",1986447133411,29/10/23
IN04575,XXX-Aevum Volumising Shampoo,Aevum,75ml,300,PC-SH,"fish,milk,gluten,eggs",5361381848786,05/04/22
IN04576,Cryston Glass जेल Cleaner,Cryston,75ml,75,HH-SC,,9093320762575,22/05/20
IN04577,Aevum Repair Shampoo,Aevum,250ml,300,PC-SH,sesame,5916915820914,11/03/18
IN04578,Sovara Refreshing Shower Gel,Sovara,300ml,400,PC-BW,"sesame,milk",8273377997934,16/10/18
IN04579,Alteva Granola स्प्रे Bar,Alteva,750ml,150,FB-SN,"tree nuts,shellfish,peanuts",8586858732574,24/04/21
IN04580,Plexum Night स्प्रे Cream,Plexum,500ml,400,PC-MS,,4142939911968,17/08/23
IN04581,Kaleo Rice तेल Cakes,Kaleo,75ml,75,FB-SN,shellfish,5964887206793,22/03/23
IN04582,Serafix Mayonnaise,Serafix,500ml,200,FB-CN,sesame,1826954900109,12/07/20
IN04583,Solven Liquid Laundry Detergent,Solven,100ml,75,HH-LN,"wheat,peanuts,sesame,soy",3302973995992,22/09/19
IN04584,Vanta Bathroom Cleaner,Vanta,150ml,150,HH-SC,"wheat,eggs,soy,sesame",8390684005159,27/04/22
IN04585,Plexum Hydrating Face Wash,Plexum,250ml,75,PC-FW,milk,3994920133030,23/06/21
IN04586,Novix Leave-In Conditioner,Novix,750ml,250,PC-CD,,8243256509480,19/04/21
IN04587,Arovia Fragrance-Free Hand Wash,Arovia,250ml,250,PC-HW,"gluten,milk,soy",3654531574348,03/04/23
IN04588,Vivara पाउडर Heavy Duty Dish Soap,Vivara,300ml,200,HH-DW,wheat,7332999604321,05/09/18
IN04589,Glova Hot Chilli Sauce,Glova,75ml,100,FB-CN,,7043796508438,14/02/20
IN04590,Verdant Kitchen Cleaner,Verdant,75ml,400,HH-SC,"gluten,milk",9782769817167,22/03/21
IN04591,Gleam Deep Conditioner,Gleam,400ml,200,PC-CD,shellfish,5177784251081,30/12/18
IN04592,Gleam Fragrance-Free Hand Wash,Gleam,500ml,500,PC-HW,"sesame,shellfish,eggs",1967477531620,30/03/23
IN04593,Vanta Heavy Duty Dish Soap,Vanta,300ml,300,HH-DW,"gluten,tree nuts,sesame,milk",5403289262476,24/09/21
IN04594,Purelix Exfoliating तेल Face Scrub,Purelix,300ml,500,PC-FW,,2894614554510,05/04/19
IN04595,Arovia Rice Cakes,Arovia,250ml,250,FB-SN,"tree nuts,sesame,soy,peanuts",8215709564629,24/12/21
IN04596,Kaleo Foaming Hand क्रीम Wash,Kaleo,150ml,50,PC-HW,"tree nuts,gluten,peanuts,sesame",4364493747900,01/09/23
IN04597,Novix Glass Cleaner,Novix,500ml,150,HH-SC,"eggs,milk,shellfish,fish",7157628948061,19/10/20
IN04598,Qualis Mixed Nuts Blend,Qualis,1000ml,75,FB-SN,"fish,wheat,gluten,shellfish",4778809367667,03/03/19
IN04599,Kaleo Glass Cleaner,Kaleo,50ml,50,HH-SC,soy,1939020014508,15/11/18
IN04600,Elaris Moisturising Hand Wash,Elaris,200ml,200,PC-HW,,0903722472424,28/05/21
IN04601,Zenpur Gentle Face Wash,Zenpur,300ml,300,PC-FW,,5808230067993,09/12/19
IN04602,Elaris पाउडर Vinegar Dressing,Elaris,300ml,150,FB-CN,"tree nuts,gluten,sesame,soy",4226081759705,25/04/19
IN04603,Clarity Tomato Ketchup,Clarity,50ml,500,FB-CN,,4794905158480,12/11/23
IN04604,Vivara Laundry Powder,Vivara,500ml,75,HH-LN,milk,2725811416892,24/10/21
IN04605,Zenpur Deep Clean Body Wash,Zenpur,400ml,150,PC-BW,"wheat,tree nuts,gluten",3285155297421,02/11/23
IN04606,Velaris Foaming Hand Wash,Velaris,400ml,75,PC-HW,"milk,wheat,soy,eggs",6828780897078,20/06/21
IN04607,XXX-Oralix Kitchen Cleaner,Oralix,250ml,100,HH-SC,"eggs,shellfish,sesame,wheat",0863927769845,10/02/20
IN04608,Nexpur Hydrating Shampoo,Nexpur,200ml,50,PC-SH,"sesame,fish,milk,tree nuts",4366899570410,08/03/19
IN04609,Plexum फोम Fabric Softener,Plexum,250ml,300,HH-LN,"wheat,soy",1642196346105,05/01/23
IN04610,Alteva Whitening Deodorant,Alteva,300ml,50,PC-DO,"sesame,fish,soy",8124057926822,07/01/21
IN04611,Velaris Laundry Powder,Velaris,250ml,75,HH-LN,"peanuts,fish",4035195730094,25/04/23
IN04612,Vivara Intensive स्प्रे Moisturiser,Vivara,100ml,200,PC-MS,"soy,peanuts,gluten,tree nuts",1145064533497,04/09/21
IN04613,Brightway Aloe Hand Wash,Brightway,200ml,50,PC-HW,,3859864684805,11/09/23
IN04614,Polvera Granola Bar,Polvera,100ml,100,FB-SN,"gluten,wheat,tree nuts,milk",3236298259951,09/09/21
IN04615,Krisol Hydrating पाउडर Shampoo,Krisol,200ml,50,PC-SH,"sesame,peanuts,milk",0067947199129,24/05/18
IN04616,Purevex Tomato Ketchup,Purevex,75ml,300,FB-CN,sesame,2055641990393,09/02/23
IN04617,Velaris Sensitive Skin Body Wash,Velaris,50ml,200,PC-BW,"wheat,gluten,eggs,milk",5612199975257,23/10/20
IN04618,Orinum Multi-Surface Spray,Orinum,500ml,500,HH-SC,tree nuts,9944725121200,24/07/22
IN04619,Nuarix Mustard Sauce,Nuarix,250ml,50,FB-CN,"gluten,milk,shellfish,sesame",1943058471639,10/02/21
IN04620,Toreva Daily Moisturiser,Toreva,75ml,150,PC-MS,"eggs,wheat,peanuts",0360127827097,25/02/19
IN04621,Vanta Glass Cleaner,Vanta,100ml,200,HH-SC,,2635688795528,22/01/19
04622,Cladis Moisturising Body Wash,Cladis,100ml,75,PC-BW,"gluten,fish,shellfish",0832387825088,02/03/20
IN04623,Vanta सीरम Mustard Sauce,Vanta,50ml,75,FB-CN,"milk,peanuts,shellfish",6400381606039,03/08/19
IN04624,Kaleo Antibacterial Hand Wash,Kaleo,200ml,200,PC-HW,soy,7495688968279,15/07/20
IN04625,Vanta Intensive Moisturiser,Vanta,400ml,100,PC-MS,"shellfish,tree nuts,gluten",5999798968621,31/08/18
IN04626,Luminos Sport Deodorant,Luminos,300ml,400,PC-DO,sesame,2360835233911,17/10/23
IN04627,Gleam Moisturising Hand Wash,Gleam,1000ml,400,PC-HW,"milk,wheat,shellfish",4892823131971,24/01/19
IN04628,Oralix जेल Leave-In Conditioner,Oralix,300ml,250,PC-CD,"soy,gluten",5174964684677,05/03/19
IN04629,Elaris Oat Protein साबुन Bar,Elaris,400ml,75,FB-SN,"soy,tree nuts",1617240539475,19/01/23
IN04630,Purevex Leave-In Conditioner,Purevex,150ml,150,PC-CD,fish,1434564867110,26/10/21
IN04631,Vivara Hydrating पाउडर Face Wash,Vivara,400ml,150,PC-FW,,3341604629073,18/05/18
IN04632,Vanta Rinse तेल Aid,Vanta,75ml,200,HH-DW,shellfish,5526354057019,14/10/20
IN04633,Nexpur Moisturising Hand लोशन Wash,Nexpur,200ml,150,PC-HW,"peanuts,tree nuts,shellfish,milk",5966991498255,24/08/18
IN04634,Helix Intensive Moisturiser,Helix,300ml,75,PC-MS,"eggs,soy,wheat",7147118563065,24/07/18
IN04635,Gleam Foaming शैम्पू Hand Wash,Gleam,75ml,150,PC-HW,,2129887466834,14/08/21
IN04636,Helix Repair Shampoo,Helix,100ml,150,PC-SH,"fish,eggs",1926339309067,23/11/21
IN04637,Brightway Laundry Powder,Brightway,500ml,150,HH-LN,,0946348186955,24/07/21
IN04638,Helix Heavy Duty Dish फोम Soap,Helix,300ml,500,HH-DW,"eggs,peanuts,milk,tree nuts",8899212030828,26/02/23
IN04639,Serafix Exfoliating Face Scrub,Serafix,1000ml,300,PC-FW,"fish,shellfish",5696542095823,30/10/19
IN04640,Zephyr साबुन Bathroom Cleaner,Zephyr,1000ml,200,HH-SC,"fish,tree nuts",6701629988581,31/05/21
04641,Cladis पाउडर Dish Liquid,Cladis,250ml,500,HH-DW,"gluten,eggs",4416860525731,29/01/21
IN04642,Tolvex Eco क्रीम Dish Liquid,Tolvex,500ml,250,HH-DW,,3083892449000,26/09/18
IN04643,Nexpur Sport Deodorant,Nexpur,100ml,75,PC-DO,"peanuts,soy,wheat,eggs",0748745340103,20/03/23
IN04644,Clarity Mustard Sauce,Clarity,1000ml,50,FB-CN,tree nuts,7359728046672,22/04/21
IN04645,Aevum Fragrance-Free स्प्रे Hand Wash,Aevum,150ml,100,PC-HW,"eggs,fish",4998742701896,20/03/23
IN04646,Plexum Mixed Nuts Blend,Plexum,750ml,500,FB-SN,"sesame,shellfish",9806665524889,16/01/22
IN04647,Cristalix Gentle Face लोशन Wash,Cristalix,200ml,300,PC-FW,"fish,shellfish,soy,milk",4000953656732,04/08/23
IN04648,Kaleo Smooth & Shine Conditioner,Kaleo,300ml,500,PC-CD,"fish,eggs,wheat",8844142533604,26/11/19
IN04649,Aevum Laundry Capsules,Aevum,50ml,500,HH-LN,tree nuts,7873594463420,17/08/23
IN04650,Plexum Mustard Sauce,Plexum,250ml,400,FB-CN,"fish,wheat",0665273596553,26/09/19
IN04651,Primus Stain Remover,Primus,50ml,50,HH-LN,,7696667156308,02/12/22
IN04652,Clarity Granola स्प्रे Bar,Clarity,100ml,250,FB-SN,"gluten,shellfish,sesame",6680002731375,19/07/19
IN04653,Purevex Fragrance-Free Hand Wash,Purevex,100ml,250,PC-HW,"sesame,tree nuts",7992523402115,05/09/18
IN04654,Aurova Fragrance-Free Hand Wash,Aurova,300ml,400,PC-HW,"gluten,peanuts,sesame",7749205031824,31/05/23
04655,Frosten Exfoliating Face Scrub,Frosten,1000ml,100,PC-FW,,9167710866942,10/01/23
IN04656,Luxara Dishwasher पाउडर Tablets,Luxara,50ml,100,HH-DW,"soy,wheat,shellfish,fish",8178952786906,12/03/20
04657,Frostine लोशन Moisturising Body Wash,Frostine,250ml,75,PC-BW,gluten,7991671613701,24/02/19
IN04658,Solven Liquid Laundry Detergent,Solven,50ml,400,HH-LN,tree nuts,5278451271057,14/06/20
IN04659,Nuarix Vinegar Dressing,Nuarix,500ml,150,FB-CN,"soy,sesame,peanuts",7789415679782,31/03/18
IN04660,DUMMY-Luxara फोम Laundry Capsules,Luxara,200ml,400,HH-LN,"wheat,tree nuts,fish",7233461789174,07/05/23
IN04661,Solvix Hydrating जेल Shampoo,Solvix,1000ml,100,PC-SH,,3786411894748,13/04/23
IN04662,Clarity Repair Shampoo,Clarity,750ml,150,PC-SH,"sesame,fish,peanuts,shellfish",7863824698715,11/08/22
IN04663,Krisol Fabric Softener,Krisol,250ml,75,HH-LN,eggs,2773152815904,15/02/21
IN04664,Teraxis Exfoliating Face Scrub,Teraxis,75ml,100,PC-FW,"eggs,tree nuts,gluten,sesame",6394512858919,04/03/20
IN04665,Aevum Sensitive Skin Body Wash,Aevum,500ml,75,PC-BW,"gluten,eggs,sesame",5987248343067,11/04/23
IN04666,DUMMY-Cladis Daily Moisturiser,Cladis,400ml,75,PC-MS,soy,9889139979682,19/12/23
IN04667,Lumeva Disinfectant Spray,Lumeva,750ml,400,HH-SC,peanuts,3724367523565,17/09/20
IN04668,Luminos Multi-Surface शैम्पू Spray,Luminos,1000ml,500,HH-SC,"shellfish,soy,sesame,fish",5613085247199,13/03/22
IN04669,Aurova Brightening Face Wash,Aurova,50ml,400,PC-FW,"wheat,eggs,shellfish",1634578483997,16/04/23
IN04670,Aurova Daily Moisturiser,Aurova,250ml,150,PC-MS,,2346929783708,20/10/18
IN04671,Solaris Repair Conditioner,Solaris,75ml,50,PC-CD,,0383331129795,01/04/23
IN04672,Verdant स्प्रे Mustard Sauce,Verdant,250ml,100,FB-CN,"fish,gluten,sesame",2428237663788,17/10/20
IN04673,Vanta Volumising Shampoo,Vanta,300ml,300,PC-SH,"eggs,wheat,soy",7868943383641,29/12/21
IN04674,Nuarix क्रीम Mustard Sauce,Nuarix,500ml,100,FB-CN,"soy,tree nuts,peanuts",8166149871085,29/10/19
IN04675,Sovara Oat Protein Bar,Sovara,500ml,100,FB-SN,"wheat,peanuts,tree nuts,sesame",0947215563251,29/08/19
IN04676,Hevara स्प्रे Whitening Deodorant,Hevara,1000ml,500,PC-DO,"tree nuts,sesame,wheat,milk",2402381404909,22/03/23
IN04677,Plexum Gentle Face Wash,Plexum,150ml,75,PC-FW,soy,6809634893651,12/04/21
04678,Velaris Sport साबुन Deodorant,Velaris,50ml,75,PC-DO,"wheat,shellfish,tree nuts",3987457364145,23/07/19
IN04679,Elaris Laundry Capsules,Elaris,1000ml,50,HH-LN,,8101290021071,04/09/22
IN04680,Motivo Mayonnaise,Motivo,300ml,50,FB-CN,milk,5109328212524,25/11/21
IN04681,Tolvex 48hr Spray Deodorant,Tolvex,50ml,100,PC-DO,"sesame,eggs,soy,wheat",2833882855783,18/09/22
IN04682,Motivo Disinfectant Spray,Motivo,150ml,50,HH-SC,soy,5988600000468,15/10/23
IN04683,Brightway Brightening Face Wash,Brightway,200ml,75,PC-FW,"milk,shellfish",6523357019166,03/08/21
IN04684,Tresol Sensitive Skin Body Wash,Tresol,750ml,500,PC-BW,,6515270127400,14/04/19
IN04685,Arovia Smooth & Shine Conditioner,Arovia,300ml,400,PC-CD,"peanuts,wheat,gluten",9547671922473,11/09/19
IN04686,Glicen Deep Conditioner,Glicen,1000ml,150,PC-CD,,8807612927068,15/03/22
IN04687,Cladis Exfoliating Face Scrub,Cladis,75ml,100,PC-FW,,1237928148029,04/11/19
IN04688,Serafix Eco Dish Liquid,Serafix,250ml,500,HH-DW,"peanuts,shellfish,gluten",4124043842888,18/08/20
IN04689,Tolvex सीरम Brightening Face Wash,Tolvex,1000ml,75,PC-FW,,5827024528595,18/12/19
IN04690,Elaris Brightening Face Wash,Elaris,300ml,150,PC-FW,wheat,1119470117237,14/04/22
IN04691,Hevara Gentle Face Wash,Hevara,750ml,50,PC-FW,,0762378556717,02/12/19
IN04692,Purevex Gentle क्रीम Face Wash,Purevex,300ml,400,PC-FW,"soy,milk",2120663267393,04/03/22
IN04693,Elaris Stain Remover,Elaris,500ml,150,HH-LN,sesame,6464126630598,15/08/22
IN04694,Arovia Laundry लोशन Powder,Arovia,100ml,500,HH-LN,soy,3177736493356,30/11/20
IN04695,Helix Aloe Hand Wash,Helix,400ml,250,PC-HW,"shellfish,tree nuts",8780668660960,20/12/21
IN04696,Vivara Deep Clean Body Wash,Vivara,300ml,300,PC-BW,sesame,6233884101790,26/11/21
IN04697,Nuarix Liquid Laundry Detergent,Nuarix,200ml,250,HH-LN,"fish,milk,soy",5623802555780,20/12/18
IN04698,Elaris Disinfectant Spray,Elaris,300ml,150,HH-SC,gluten,5146747023751,05/07/22
IN04699,Lumeva Tomato Ketchup,Lumeva,50ml,200,FB-CN,peanuts,4624167497488,04/01/22
IN04700,Clarity Laundry Powder,Clarity,300ml,50,HH-LN,"sesame,soy",1821181485061,05/03/19
IN04701,Frosten Laundry Capsules,Frosten,750ml,300,HH-LN,peanuts,4060882479222,05/11/19
IN04702,Novix Heavy Duty Dish Soap,Novix,150ml,50,HH-DW,"gluten,eggs,shellfish,peanuts",2293989085535,26/10/19
IN04703,Solvix Glass Cleaner,Solvix,400ml,400,HH-SC,,5503718196249,21/04/23
IN04704,Solvix Foaming Hand Wash,Solvix,250ml,50,PC-HW,"soy,peanuts",9757445101595,26/10/20
IN04705,Zenpur स्प्रे Sport Deodorant,Zenpur,200ml,250,PC-DO,"wheat,soy,gluten",1791401864351,07/04/23
IN04706,Purevex Repair Shampoo,Purevex,400ml,50,PC-SH,gluten,7272029455465,08/04/23
IN04707,Helix Volumising Conditioner,Helix,200ml,100,PC-CD,"peanuts,sesame",3941757230890,01/06/22
IN04708,Gleam Volumising Shampoo,Gleam,300ml,200,PC-SH,"fish,tree nuts",5173723423823,08/04/20
IN04709,Brightway Stain Remover,Brightway,250ml,300,HH-LN,"sesame,peanuts",6637682874250,20/02/21
IN04710,Cristalix Exfoliating Face Scrub,Cristalix,250ml,75,PC-FW,"eggs,tree nuts,milk,peanuts",4994766273876,20/06/19
IN04711,XXX-Novix स्प्रे Lightweight Lotion,Novix,300ml,150,PC-MS,"gluten,wheat",2169337536144,13/04/20
IN04712,Aevum Volumising Conditioner,Aevum,750ml,250,PC-CD,shellfish,6882409194122,30/10/19
IN04713,Tolvex Rinse Aid,Tolvex,200ml,400,HH-DW,,3489931926493,08/11/19
IN04714,Primus Stain Remover,Primus,100ml,75,HH-LN,"peanuts,gluten,sesame",5986739211212,22/05/22
IN04715,Cryston Colour Protect Shampoo,Cryston,100ml,50,PC-SH,,1029271822905,01/06/21
IN04716,Tolvex Intensive Moisturiser,Tolvex,400ml,250,PC-MS,,7504612247141,29/11/18
IN04717,Solaris Repair Shampoo,Solaris,150ml,300,PC-SH,"tree nuts,milk",6761461177697,01/04/22
IN04718,Lumeva Dishwasher Tablets,Lumeva,75ml,75,HH-DW,,9898397395271,10/06/20
IN04719,Velaris Rice Cakes,Velaris,200ml,75,FB-SN,milk,4504744243830,17/12/22
IN04720,Zephyr तेल Hydrating Face Wash,Zephyr,50ml,400,PC-FW,,3659106183550,29/11/20
IN04721,Frosten Heavy Duty Dish Soap,Frosten,200ml,200,HH-DW,"eggs,milk,shellfish",9235955107257,09/11/20
IN04722,Cryston Mustard Sauce,Cryston,50ml,100,FB-CN,"sesame,wheat,gluten",1476228989929,24/02/21
IN04723,Zephyr Smooth & Shine Conditioner,Zephyr,150ml,75,PC-CD,,8461759265997,07/06/20
IN04724,Teraxis Laundry Capsules,Teraxis,500ml,500,HH-LN,"tree nuts,sesame,wheat,peanuts",1889667271850,12/04/18
04725,Hevara Vinegar Dressing,Hevara,75ml,200,FB-CN,"soy,tree nuts,milk",8057916339283,07/11/19
IN04726,Helix Eco Dish Liquid,Helix,75ml,500,HH-DW,"wheat,peanuts,soy",8011803865033,28/05/18
IN04727,Cladis Foaming Hand Wash,Cladis,1000ml,250,PC-HW,"shellfish,tree nuts",1842381490068,15/07/22
04728,Krisol Moisturising Hand Wash,Krisol,100ml,100,PC-HW,"sesame,eggs",6022377994502,26/01/22
IN04729,Zenpur Lightweight Lotion,Zenpur,100ml,100,PC-MS,peanuts,9867942205853,22/11/19
IN04730,Arovia Glass Cleaner,Arovia,250ml,75,HH-SC,,9373297291408,16/01/20
IN04731,Sovara पाउडर Mayonnaise,Sovara,500ml,50,FB-CN,"eggs,peanuts,fish,tree nuts",3550666540794,19/04/19
IN04732,Luminos Exfoliating Face Scrub,Luminos,250ml,400,PC-FW,,1327235662575,19/05/20
IN04733,Krisol Deep Conditioner,Krisol,300ml,500,PC-CD,"peanuts,tree nuts",6552013320575,13/04/20
IN04734,Nuarix Multi-Surface Spray,Nuarix,750ml,200,HH-SC,,2071277719108,07/02/19
IN04735,Gleam Fragrance-Free Hand Wash,Gleam,300ml,50,PC-HW,"wheat,sesame,gluten,fish",1927265755294,20/10/20
IN04736,Solaris Mayonnaise,Solaris,300ml,400,FB-CN,soy,0229308485115,26/11/18
IN04737,Alteva लोशन Antibacterial Hand Wash,Alteva,500ml,300,PC-HW,eggs,6494202781838,07/02/20
IN04738,TEST-Frostine 48hr सीरम Spray Deodorant,Frostine,200ml,500,PC-DO,"soy,eggs",7268215567197,30/06/19
IN04739,Kaleo Moisturising लोशन Body Wash,Kaleo,200ml,500,PC-BW,"tree nuts,peanuts,milk",7154439618909,27/06/23
IN04740,Serafix Oat Protein Bar,Serafix,75ml,250,FB-SN,soy,4993726995193,12/05/19
IN04741,Zephyr Oil Control Face Wash,Zephyr,250ml,500,PC-FW,"soy,shellfish",4858048276422,11/03/20
IN04742,Purelix साबुन Mayonnaise,Purelix,750ml,150,FB-CN,"milk,eggs,peanuts,tree nuts",7200809125734,29/07/23
IN04743,Nexpur Vinegar Dressing,Nexpur,75ml,50,FB-CN,"fish,shellfish",3380665256705,05/11/21
IN04744,Serafix Granola Bar,Serafix,200ml,150,FB-SN,"soy,tree nuts",6502671534555,23/05/23
IN04745,Zephyr Granola शैम्पू Bar,Zephyr,200ml,200,FB-SN,"gluten,wheat,shellfish,milk",1083790879802,12/12/20
IN04746,Purelix तेल Colour Protect Shampoo,Purelix,250ml,300,PC-SH,"soy,sesame,tree nuts",6488001253900,01/11/21
IN04747,Glova Oil Control Face Wash,Glova,250ml,300,PC-FW,fish,0402451719492,30/01/21
IN04748,Primus 48hr Spray लोशन Deodorant,Primus,150ml,75,PC-DO,"shellfish,milk,tree nuts,eggs",8960105282270,15/08/21
IN04749,DUMMY-Clarity Brightening Face Wash,Clarity,250ml,500,PC-FW,"tree nuts,fish,shellfish",4436322503244,13/06/22
IN04750,Primus Glass Cleaner,Primus,75ml,400,HH-SC,wheat,2657114187349,20/07/23
IN04751,DUMMY-Primus Glass Cleaner,Primus,200ml,100,HH-SC,"tree nuts,shellfish,peanuts",3620171114237,23/08/18
IN04752,Purevex Oat Protein Bar,Purevex,500ml,150,FB-SN,"wheat,fish,milk",3463178902366,03/07/23
IN04753,Sovara शैम्पू Hydrating Face Wash,Sovara,150ml,300,PC-FW,"gluten,fish,eggs,tree nuts",7870017453884,23/09/20
IN04754,Helix Leave-In Conditioner,Helix,750ml,400,PC-CD,"milk,wheat",8231643035902,16/11/18
IN04755,Primus Liquid Laundry Detergent,Primus,75ml,50,HH-LN,eggs,0502538120446,04/09/22
IN04756,Orinum Vinegar Dressing,Orinum,750ml,250,FB-CN,"gluten,soy",6654552180853,21/10/21
IN04757,Alteva सीरम SPF Moisturiser,Alteva,300ml,150,PC-MS,"sesame,shellfish",1832950608109,15/08/23
IN04758,Kaleo SPF तेल Moisturiser,Kaleo,400ml,300,PC-MS,,9880242743412,24/11/23
IN04759,Nuvelo Night Cream,Nuvelo,150ml,250,PC-MS,,4814853968310,06/02/22
IN04760,Nuvelo Dishwasher Tablets,Nuvelo,750ml,150,HH-DW,"shellfish,soy",7257730638550,12/04/22
IN04761,Vanta Colour Protect Shampoo,Vanta,500ml,50,PC-SH,"soy,peanuts,wheat",5879772625767,29/09/19
IN04762,Solaris Smooth क्रीम & Shine Conditioner,Solaris,500ml,100,PC-CD,"sesame,eggs",8245537242000,04/11/19
IN04763,Aevum Vinegar Dressing,Aevum,300ml,250,FB-CN,sesame,0707718815857,05/11/19
IN04764,Frosten लोशन Volumising Conditioner,Frosten,150ml,250,PC-CD,"wheat,tree nuts,sesame",9165434967099,04/07/23
IN04765,Aevum Hydrating Face Wash,Aevum,150ml,75,PC-FW,,2811018013801,22/01/22
IN04766,Zephyr Mayonnaise,Zephyr,300ml,150,FB-CN,"shellfish,wheat",4344048902176,29/12/22
IN04767,Cryston Deep Conditioner,Cryston,200ml,200,PC-CD,"wheat,gluten,shellfish",6439117228375,28/08/21
IN04768,Novix Colour Protect Shampoo,Novix,100ml,500,PC-SH,"milk,peanuts,tree nuts",9593897872610,08/11/22
IN04769,Tolvex Heavy Duty लोशन Dish Soap,Tolvex,75ml,300,HH-DW,"shellfish,gluten,tree nuts,wheat",1184762974942,10/01/23
IN04770,Helix Oat Protein Bar,Helix,300ml,75,FB-SN,"eggs,milk,wheat",7630901573049,08/01/22
IN04771,Helix Leave-In Conditioner,Helix,750ml,75,PC-CD,peanuts,3757467665422,08/09/18
04772,Cladis Eco साबुन Dish Liquid,Cladis,300ml,300,HH-DW,"tree nuts,milk",7073181442108,14/10/19
IN04773,Frosten Tomato Ketchup,Frosten,50ml,75,FB-CN,"shellfish,peanuts,sesame",3619353858243,22/02/18
IN04774,Qualis Aloe Hand Wash,Qualis,500ml,500,PC-HW,"soy,sesame,eggs,tree nuts",3524624702173,12/01/23
IN04775,Qualis Refreshing Shower Gel,Qualis,150ml,500,PC-BW,fish,9779109922087,04/06/22
IN04776,Primus लोशन Rinse Aid,Primus,100ml,250,HH-DW,,7491455925346,03/09/22
IN04777,Novix Nourishing Body Cleanser,Novix,1000ml,75,PC-BW,,9523613775345,20/01/20
IN04778,Lumeva SPF Moisturiser,Lumeva,75ml,100,PC-MS,"soy,fish",8586433114597,13/06/20
IN04779,Hevara Dishwasher Tablets,Hevara,1000ml,50,HH-DW,"shellfish,milk,soy",9540635160980,27/06/21
IN04780,Teraxis साबुन Salted Crackers,Teraxis,200ml,250,FB-SN,"sesame,soy",0386065512819,23/06/19
IN04781,XXX-Nuvelo Colour Protect Shampoo,Nuvelo,50ml,400,PC-SH,"fish,shellfish,soy",9049078243361,27/05/19
IN04782,Tolvex Antibacterial Hand Wash,Tolvex,300ml,150,PC-HW,,2583668240639,23/10/23
IN04783,Elaris Mayonnaise,Elaris,300ml,300,FB-CN,,1749538767984,22/01/23
IN04784,Frostine Hot Chilli Sauce,Frostine,200ml,150,FB-CN,eggs,2547560800797,08/07/20
IN04785,Cladis Hot Chilli Sauce,Cladis,100ml,100,FB-CN,"eggs,peanuts",1981025078535,05/12/22
IN04786,Toreva Oil Control Face Wash,Toreva,50ml,100,PC-FW,,6723827814691,08/05/22
IN04787,Velaris सीरम Glass Cleaner,Velaris,75ml,200,HH-SC,"sesame,soy,fish,wheat",8878873812943,19/03/22
IN04788,Purelix Sensitive Deodorant,Purelix,1000ml,50,PC-DO,peanuts,9124690259683,25/12/18
IN04789,Frostine Foaming Hand पाउडर Wash,Frostine,50ml,75,PC-HW,"peanuts,sesame,milk",9013028783320,09/09/18
IN04790,Hevara Foaming Hand Wash,Hevara,75ml,200,PC-HW,"shellfish,milk,soy",1286913214751,11/11/19
IN04791,Nuarix 48hr Spray Deodorant,Nuarix,500ml,200,PC-DO,sesame,6322217050758,03/03/23
IN04792,Zephyr Oat Protein Bar,Zephyr,200ml,400,FB-SN,"gluten,peanuts,eggs,shellfish",6428879705323,20/09/22
IN04793,Purelix जेल Laundry Capsules,Purelix,400ml,50,HH-LN,,6861814762225,21/12/18
IN04794,Solvix Intensive Moisturiser,Solvix,75ml,75,PC-MS,"tree nuts,wheat,fish,shellfish",6533067739544,17/11/20
IN04795,Zenpur Bathroom Cleaner,Zenpur,300ml,500,HH-SC,tree nuts,4277185516879,17/06/23
IN04796,Purevex Moisturising Body Wash,Purevex,500ml,200,PC-BW,"peanuts,tree nuts,fish,wheat",8035676115644,16/08/18
IN04797,Solaris Whitening Deodorant,Solaris,150ml,200,PC-DO,wheat,2538618173147,19/07/20
IN04798,Arovia Sensitive Skin Body Wash,Arovia,50ml,100,PC-BW,,6818369124893,01/03/23
IN04799,Krisol Volumising Shampoo,Krisol,400ml,150,PC-SH,"sesame,shellfish,wheat,gluten",0024324050497,20/12/18
IN04800,Novix साबुन Volumising Shampoo,Novix,50ml,500,PC-SH,,8137972417429,15/06/19
IN04801,Toreva Hot Chilli Sauce,Toreva,200ml,500,FB-CN,"tree nuts,eggs,milk,shellfish",0211334078140,05/01/20
IN04802,Cristalix स्प्रे Foaming Hand Wash,Cristalix,100ml,400,PC-HW,"gluten,soy",4875535597877,20/11/22
IN04803,Cristalix Oil Control Face Wash,Cristalix,500ml,300,PC-FW,"peanuts,wheat,shellfish",4224417539670,26/03/23
IN04804,Purelix 48hr लोशन Spray Deodorant,Purelix,100ml,75,PC-DO,,2735810790244,08/06/23
IN04805,Velaris Sensitive Deodorant,Velaris,1000ml,50,PC-DO,"shellfish,milk,wheat",1474550148236,31/01/21
IN04806,Krisol Hot Chilli Sauce,Krisol,750ml,150,FB-CN,"milk,eggs",8457543170677,18/03/20
IN04807,Sovara Foaming Hand Wash,Sovara,50ml,300,PC-HW,"fish,sesame,shellfish,peanuts",9286308253909,18/03/18
IN04808,Plexum Sport Deodorant,Plexum,75ml,300,PC-DO,"milk,peanuts,gluten",4922240666067,01/11/20
IN04809,Verdant Deep Clean Body Wash,Verdant,300ml,100,PC-BW,"sesame,gluten,fish",6380033137589,16/02/23
IN04810,Cryston Liquid Laundry लोशन Detergent,Cryston,400ml,300,HH-LN,"shellfish,tree nuts,soy",1312978552962,19/12/20
IN04811,Gleam Stain Remover,Gleam,150ml,500,HH-LN,"fish,eggs,sesame,shellfish",9554340541620,21/08/21
IN04812,Oralix Whitening Deodorant,Oralix,500ml,75,PC-DO,"sesame,fish,shellfish",7288736051104,01/04/20
IN04813,Zenpur 48hr Spray Deodorant,Zenpur,500ml,150,PC-DO,"gluten,tree nuts,wheat,shellfish",8000963180094,18/12/23
IN04814,Cristalix Rice Cakes,Cristalix,150ml,75,FB-SN,"fish,tree nuts,soy",7350103800612,04/10/21
IN04815,Serafix Laundry Capsules,Serafix,50ml,75,HH-LN,"wheat,peanuts,sesame,fish",1892348222478,10/12/18
IN04816,Nuarix Sport Deodorant,Nuarix,75ml,250,PC-DO,,5285489598711,31/12/18
IN04817,Teraxis Heavy Duty Dish Soap,Teraxis,750ml,50,HH-DW,eggs,3868611839498,09/08/23
IN04818,Tolvex 48hr पाउडर Spray Deodorant,Tolvex,400ml,75,PC-DO,gluten,0424082746197,07/12/23
IN04819,Frostine Repair Shampoo,Frostine,200ml,150,PC-SH,"soy,eggs",3090090629912,15/07/20
IN04820,Verdant Dish पाउडर Liquid,Verdant,75ml,50,HH-DW,"milk,fish",3314767300912,21/07/22
IN04821,Purevex Intensive Moisturiser,Purevex,750ml,75,PC-MS,"sesame,tree nuts",3089674631946,07/11/21
IN04822,Glicen Leave-In Conditioner,Glicen,300ml,100,PC-CD,,9036165438441,08/05/19
IN04823,Sovara Mayonnaise,Sovara,150ml,100,FB-CN,"wheat,soy,shellfish",6345962635353,29/05/19
IN04824,Cryston Mixed साबुन Nuts Blend,Cryston,400ml,200,FB-SN,"milk,shellfish,fish,soy",6096545925445,14/10/21
IN04825,Orinum Salted Crackers,Orinum,300ml,200,FB-SN,"eggs,fish",9327384887616,27/01/18
IN04826,Lumeva Nourishing Body Cleanser,Lumeva,200ml,500,PC-BW,shellfish,0690871319723,20/09/23
IN04827,Oralix Whitening Deodorant,Oralix,100ml,50,PC-DO,"wheat,milk,fish,gluten",6028836857869,04/06/18
IN04828,TEST-Zenpur Salted Crackers,Zenpur,500ml,50,FB-SN,"soy,gluten",9881869675049,12/05/21
IN04829,Teraxis Fragrance-Free क्रीम Hand Wash,Teraxis,150ml,50,PC-HW,"shellfish,wheat,milk",7802827398093,25/09/23
IN04830,Qualis Vinegar Dressing,Qualis,150ml,400,FB-CN,"peanuts,shellfish,fish",9304510583789,25/06/21
IN04831,Sovara Eco Dish Liquid,Sovara,50ml,50,HH-DW,"peanuts,wheat",5188689055070,13/04/23
IN04832,Verdant Stain Remover,Verdant,150ml,250,HH-LN,,9181498350264,18/12/21
IN04833,Velaris Smooth & Shine Conditioner,Velaris,750ml,50,PC-CD,peanuts,3077781088135,14/06/18
IN04834,Qualis Sensitive Deodorant,Qualis,200ml,75,PC-DO,,0316996213929,17/03/20
IN04835,Cladis Liquid Laundry Detergent,Cladis,250ml,75,HH-LN,"wheat,peanuts",3294292840643,16/09/21
IN04836,Novix Oil फोम Control Face Wash,Novix,200ml,250,PC-FW,peanuts,7994197357180,09/01/20
IN04837,Aurova Fabric Softener,Aurova,150ml,100,HH-LN,eggs,9512154878974,22/06/18
IN04838,Frostine Laundry Capsules,Frostine,300ml,400,HH-LN,"milk,gluten",6143563108234,18/01/20
IN04839,Glova Tomato Ketchup,Glova,75ml,250,FB-CN,,8248611416359,04/10/21
IN04840,Primus Sensitive Deodorant,Primus,500ml,200,PC-DO,,4574735587854,05/08/23
IN04841,Arovia Foaming Hand Wash,Arovia,75ml,300,PC-HW,peanuts,4779873311976,15/11/21
IN04842,Cristalix Bathroom Cleaner,Cristalix,50ml,200,HH-SC,"soy,shellfish",0747131439698,11/09/19
IN04843,Clarity Antibacterial Hand Wash,Clarity,1000ml,100,PC-HW,"wheat,shellfish,soy,milk",7504757097410,11/12/20
IN04844,Frostine Repair शैम्पू Shampoo,Frostine,250ml,50,PC-SH,,1595931857193,23/12/22
IN04845,XXX-Cladis 24hr Roll-On Deodorant,Cladis,200ml,200,PC-DO,"sesame,tree nuts,peanuts",4397621089740,25/12/21
IN04846,Nexpur शैम्पू Granola Bar,Nexpur,50ml,500,FB-SN,"sesame,eggs",3951904771862,29/04/23
IN04847,Alteva Gentle Face Wash,Alteva,250ml,300,PC-FW,"shellfish,wheat,milk",2392415134011,11/03/23
IN04848,Polvera फोम Lightweight Lotion,Polvera,1000ml,400,PC-MS,,3641254189508,11/11/23
IN04849,Nuvelo Repair Shampoo,Nuvelo,500ml,400,PC-SH,gluten,5179385252740,30/01/23
IN04850,Krisol Nourishing Body Cleanser,Krisol,300ml,250,PC-BW,"eggs,shellfish,soy",7715787293066,19/01/18
IN04851,Hevara पाउडर Stain Remover,Hevara,500ml,75,HH-LN,"wheat,milk,soy,peanuts",2963553258787,10/11/23
IN04852,Tolvex Multi-Surface Spray,Tolvex,100ml,100,HH-SC,,2446416166943,16/10/21
IN04853,Primus क्रीम Rinse Aid,Primus,150ml,50,HH-DW,"peanuts,eggs,soy",9914542289742,13/05/20
IN04854,Velaris Granola तेल Bar,Velaris,300ml,100,FB-SN,"fish,eggs,sesame,gluten",7139608389217,17/11/22
04855,Hevara Moisturising Hand Wash,Hevara,100ml,200,PC-HW,,6567386805611,03/02/18
IN04856,Glova Moisturising Hand Wash,Glova,400ml,250,PC-HW,"wheat,fish,gluten",3383312467677,30/07/23
IN04857,Orinum Mixed Nuts Blend,Orinum,750ml,500,FB-SN,"gluten,milk,sesame,tree nuts",8438485159692,26/02/19
IN04858,Nexpur Oil Control Face तेल Wash,Nexpur,1000ml,75,PC-FW,peanuts,9543299032532,20/09/22
IN04859,Nuvelo Anti-Dandruff Shampoo,Nuvelo,150ml,500,PC-SH,,5158952778340,10/09/18
IN04860,Purelix Intensive Moisturiser,Purelix,250ml,50,PC-MS,"fish,soy",8282326680865,23/05/22
IN04861,Zenpur Gentle Face Wash,Zenpur,100ml,400,PC-FW,,7767466203569,03/04/22
IN04862,Verdant Sensitive Skin Body Wash,Verdant,200ml,300,PC-BW,"shellfish,sesame,tree nuts,fish",5004796262579,04/12/23
04863,Purelix Heavy Duty Dish Soap,Purelix,75ml,300,HH-DW,"wheat,fish,eggs,peanuts",2810871768217,01/12/21
IN04864,Primus Fragrance-Free Hand Wash,Primus,500ml,300,PC-HW,"milk,wheat,sesame,soy",3471411363171,27/12/22
IN04865,Motivo Moisturising Hand Wash,Motivo,50ml,75,PC-HW,"soy,tree nuts,shellfish,fish",8417087014509,05/08/22
IN04866,Zephyr Whitening Deodorant,Zephyr,200ml,300,PC-DO,"tree nuts,shellfish,gluten,wheat",5266664155707,13/10/18
IN04867,Cryston Dish Liquid,Cryston,750ml,500,HH-DW,"tree nuts,eggs",7438818040094,14/09/21
IN04868,Solvix सीरम Moisturising Hand Wash,Solvix,1000ml,200,PC-HW,"tree nuts,soy",2217841516616,24/06/23
IN04869,Sovara Whitening Deodorant,Sovara,150ml,75,PC-DO,fish,4396219764038,02/08/20
IN04870,Nuarix सीरम Volumising Conditioner,Nuarix,100ml,400,PC-CD,"eggs,peanuts",2145478168963,28/12/21
IN04871,Vanta 48hr Spray Deodorant,Vanta,500ml,300,PC-DO,milk,7669421700017,12/12/23
IN04872,Cryston Rinse Aid,Cryston,250ml,400,HH-DW,"fish,wheat,eggs,peanuts",0816360209621,27/09/22
IN04873,DUMMY-Oralix Laundry Capsules,Oralix,200ml,200,HH-LN,,9997570618517,31/03/22
IN04874,TEST-Teraxis Stain Remover,Teraxis,300ml,100,HH-LN,,4378815814102,03/02/20
IN04875,Brightway Fragrance-Free Hand क्रीम Wash,Brightway,250ml,400,PC-HW,"fish,milk",7823944804878,17/05/20
IN04876,Toreva Daily Moisturiser,Toreva,400ml,75,PC-MS,"gluten,sesame,tree nuts",7539463431524,12/02/18
IN04877,Vivara Laundry Powder,Vivara,500ml,50,HH-LN,gluten,8251628167275,21/03/22
IN04878,XXX-Purevex Fragrance-Free Hand Wash,Purevex,50ml,50,PC-HW,,2834492073109,17/09/23
IN04879,Luminos पाउडर Exfoliating Face Scrub,Luminos,500ml,50,PC-FW,"soy,shellfish",7998519652847,24/06/21
IN04880,Oralix तेल Sport Deodorant,Oralix,300ml,200,PC-DO,"shellfish,gluten,fish,peanuts",9799032384813,24/08/21
IN04881,Zephyr Moisturising Body Wash,Zephyr,75ml,250,PC-BW,"fish,soy,tree nuts,wheat",1989320989938,13/10/22
IN04882,Toreva Whitening Deodorant,Toreva,250ml,100,PC-DO,fish,6264377157895,02/08/20
IN04883,Serafix Multi-Surface Spray,Serafix,500ml,400,HH-SC,fish,2178829314481,16/01/23
IN04884,Frostine फोम Oat Protein Bar,Frostine,400ml,300,FB-SN,"soy,wheat,tree nuts,shellfish",7260449092520,03/06/19
IN04885,Plexum Liquid Laundry Detergent,Plexum,750ml,50,HH-LN,"sesame,gluten,milk,eggs",5352348471246,21/05/21
IN04886,Velaris Heavy Duty Dish Soap,Velaris,500ml,400,HH-DW,fish,8565505284307,12/05/21
IN04887,Gleam Night Cream,Gleam,200ml,100,PC-MS,"fish,peanuts",5220394805332,24/02/19
IN04888,Vivara Vinegar Dressing,Vivara,200ml,150,FB-CN,"sesame,wheat,fish",2594583852142,03/12/21
IN04889,Qualis Disinfectant साबुन Spray,Qualis,400ml,300,HH-SC,"fish,milk,wheat",4401143205486,06/10/23
IN04890,Velaris Refreshing Shower Gel,Velaris,100ml,75,PC-BW,"sesame,gluten,shellfish",8441505682865,01/08/18
IN04891,Novix Bathroom क्रीम Cleaner,Novix,250ml,100,HH-SC,"sesame,fish,shellfish,gluten",5542283924727,27/03/18
IN04892,Helix Oat Protein Bar,Helix,400ml,100,FB-SN,"tree nuts,gluten,wheat",5893942596237,05/01/23
IN04893,Nuarix Daily Moisturiser,Nuarix,75ml,75,PC-MS,eggs,3951167374978,01/11/22
IN04894,DUMMY-Vanta Leave-In साबुन Conditioner,Vanta,100ml,75,PC-CD,"peanuts,gluten",2389934758439,23/03/23
IN04895,Tresol Daily Moisturiser,Tresol,1000ml,400,PC-MS,"milk,fish,wheat,tree nuts",0922751589552,05/09/19
IN04896,Verdant Gentle Face Wash,Verdant,250ml,75,PC-FW,"wheat,peanuts",6963710999641,04/01/19
IN04897,Frosten Repair Conditioner,Frosten,250ml,300,PC-CD,"sesame,eggs,gluten,milk",1291974269411,17/10/18
IN04898,Solvix Repair Shampoo,Solvix,100ml,150,PC-SH,"fish,gluten",0380901317187,14/05/23
IN04899,Oralix Colour Protect Shampoo,Oralix,150ml,300,PC-SH,eggs,3479219032879,09/04/19
IN04900,Primus Multi-Surface सीरम Spray,Primus,250ml,300,HH-SC,,6714898153208,22/02/19
IN04901,Solvix Deep Clean Body Wash,Solvix,150ml,250,PC-BW,"sesame,soy",1062128891693,10/05/21
IN04902,Clarity Nourishing सीरम Body Cleanser,Clarity,300ml,150,PC-BW,"tree nuts,milk,wheat",9031186090913,14/07/22
IN04903,Sovara लोशन Foaming Hand Wash,Sovara,250ml,50,PC-HW,"tree nuts,fish,wheat,shellfish",5553810904297,09/09/23
IN04904,Toreva लोशन Sensitive Deodorant,Toreva,500ml,250,PC-DO,,3797275458144,30/07/20
IN04905,Serafix लोशन Refreshing Shower Gel,Serafix,200ml,250,PC-BW,"gluten,wheat,shellfish,sesame",6621678555766,24/01/18
IN04906,Velaris Whitening लोशन Deodorant,Velaris,500ml,75,PC-DO,"fish,soy,milk",2964082184950,30/12/23
IN04907,Cladis Tomato लोशन Ketchup,Cladis,200ml,250,FB-CN,"gluten,fish,soy,milk",8871879882354,08/04/19
IN04908,Glicen Heavy साबुन Duty Dish Soap,Glicen,50ml,250,HH-DW,"fish,milk,tree nuts,gluten",0558147912255,16/04/19
IN04909,Qualis Sensitive Deodorant,Qualis,150ml,500,PC-DO,,9158849028912,07/09/18
IN04910,Glicen Daily Moisturiser,Glicen,75ml,50,PC-MS,"shellfish,wheat,soy,tree nuts",6258404093379,20/04/20
IN04911,Vanta सीरम Volumising Conditioner,Vanta,500ml,50,PC-CD,"wheat,sesame,shellfish,eggs",3885656654862,20/07/19
IN04912,Nuarix Refreshing Shower Gel,Nuarix,1000ml,300,PC-BW,fish,9580004891688,29/12/21
IN04913,Purevex Fabric Softener,Purevex,300ml,250,HH-LN,,1639931973306,07/09/23
IN04914,DUMMY-Lumeva Aloe Hand Wash,Lumeva,150ml,400,PC-HW,"shellfish,milk,peanuts",2519952903065,03/02/22
IN04915,TEST-Elaris पाउडर Aloe Hand Wash,Elaris,250ml,400,PC-HW,"eggs,peanuts",5187365158548,03/09/20
IN04916,Frosten SPF Moisturiser,Frosten,100ml,50,PC-MS,eggs,3482024633834,11/01/20
IN04917,Kaleo Liquid Laundry Detergent,Kaleo,500ml,400,HH-LN,tree nuts,3941173717845,19/01/22
IN04918,Qualis Laundry Capsules,Qualis,500ml,300,HH-LN,sesame,5743311647896,24/06/22
IN04919,Qualis Hydrating Shampoo,Qualis,150ml,300,PC-SH,,7433989980903,29/03/23
IN04920,Frostine 24hr Roll-On Deodorant,Frostine,150ml,150,PC-DO,,5999887046285,01/10/18
IN04921,Cristalix Whitening Deodorant,Cristalix,150ml,300,PC-DO,"sesame,soy,milk,shellfish",1606416681353,25/06/23
IN04922,Cristalix Hot Chilli Sauce,Cristalix,75ml,75,FB-CN,"shellfish,wheat,eggs,peanuts",3160887453515,12/11/23
IN04923,Luxara Rice Cakes,Luxara,300ml,150,FB-SN,"tree nuts,sesame,peanuts,fish",7726795035586,21/06/18
IN04924,Aurova Mustard Sauce,Aurova,150ml,100,FB-CN,"tree nuts,shellfish",5974887697040,22/01/20
IN04925,Nexpur Deep Conditioner,Nexpur,200ml,200,PC-CD,"sesame,milk",2370240241876,05/06/23
IN04926,Frosten Fabric Softener,Frosten,100ml,500,HH-LN,"shellfish,fish,milk",1491696801597,29/08/21
IN04927,Purevex Hydrating तेल Shampoo,Purevex,1000ml,75,PC-SH,"peanuts,wheat,tree nuts,shellfish",2640517958920,12/10/18
IN04928,Teraxis Dish साबुन Liquid,Teraxis,400ml,250,HH-DW,"tree nuts,wheat,eggs,sesame",6209759177665,27/06/21
IN04929,Oralix Salted Crackers,Oralix,400ml,100,FB-SN,,3225857282851,14/06/23
IN04930,Glova Volumising Shampoo,Glova,250ml,400,PC-SH,"tree nuts,gluten,milk,sesame",4868049875098,05/04/21
IN04931,Motivo Deep Conditioner,Motivo,750ml,100,PC-CD,,7767977175935,14/05/18
IN04932,Motivo Tomato Ketchup,Motivo,75ml,400,FB-CN,"sesame,peanuts,gluten",4517030368735,29/09/20
IN04933,Solven फोम Dish Liquid,Solven,250ml,500,HH-DW,"soy,milk",1313487422746,01/06/20
IN04934,Frostine 48hr लोशन Spray Deodorant,Frostine,75ml,200,PC-DO,gluten,8401048807446,12/12/23
IN04935,Glova Liquid Laundry Detergent,Glova,750ml,100,HH-LN,"fish,soy,shellfish",8628250994249,12/10/18
IN04936,Kaleo SPF Moisturiser,Kaleo,750ml,75,PC-MS,"soy,milk",0406388698479,06/08/21
IN04937,Helix तेल Rinse Aid,Helix,500ml,300,HH-DW,"fish,eggs",4035440600530,23/01/20
IN04938,Krisol Whitening Deodorant,Krisol,750ml,400,PC-DO,"sesame,fish",9712106983576,29/01/23
IN04939,Orinum Hydrating Face Wash,Orinum,500ml,150,PC-FW,"eggs,wheat",7083457307116,27/08/18
IN04940,Glicen Repair Conditioner,Glicen,100ml,300,PC-CD,"shellfish,soy",8733417205042,06/04/22
IN04941,Novix Sensitive Deodorant,Novix,200ml,300,PC-DO,"fish,wheat,shellfish",1312401326535,31/12/22
IN04942,Clarity Oil Control Face Wash,Clarity,400ml,500,PC-FW,"milk,soy",7523355499204,04/10/23
IN04943,Hevara Foaming लोशन Hand Wash,Hevara,250ml,50,PC-HW,,9334436591537,04/10/19
IN04944,Aurova Glass Cleaner,Aurova,1000ml,250,HH-SC,"sesame,tree nuts,eggs",4237048551317,27/06/20
IN04945,Plexum फोम Fabric Softener,Plexum,300ml,300,HH-LN,,1358884577507,09/11/19
IN04946,Cryston Vinegar Dressing,Cryston,250ml,500,FB-CN,tree nuts,1819505285893,26/07/20
IN04947,Novix Salted Crackers,Novix,100ml,75,FB-SN,,7910877980875,02/05/21
IN04948,Cristalix Sensitive Deodorant,Cristalix,200ml,400,PC-DO,shellfish,2830093063389,17/03/22
IN04949,Sovara तेल Tomato Ketchup,Sovara,50ml,100,FB-CN,wheat,7421782771057,17/04/18
IN04950,Hevara Tomato Ketchup,Hevara,1000ml,500,FB-CN,wheat,5512138308330,06/03/20
IN04951,Sovara Brightening Face Wash,Sovara,100ml,100,PC-FW,"peanuts,wheat,gluten",0017425914478,05/09/20
04952,Arovia Laundry Powder,Arovia,150ml,150,HH-LN,"shellfish,milk,gluten",6280995605242,03/07/21
04953,Teraxis Sensitive Skin Body लोशन Wash,Teraxis,200ml,400,PC-BW,"eggs,milk,sesame",2757898687780,06/05/19
IN04954,Nuvelo Repair Shampoo,Nuvelo,750ml,50,PC-SH,peanuts,8389665367638,23/07/18
IN04955,XXX-Hevara फोम Kitchen Cleaner,Hevara,500ml,400,HH-SC,shellfish,5731829131334,03/04/22
IN04956,Clarity फोम Deep Clean Body Wash,Clarity,100ml,400,PC-BW,"fish,wheat",2225446396397,11/07/19
IN04957,Clarity Foaming Hand Wash,Clarity,75ml,400,PC-HW,"gluten,fish,soy",3024159844961,21/02/23
IN04958,Verdant Oat Protein Bar,Verdant,500ml,200,FB-SN,"eggs,fish,shellfish",5694856483091,07/09/23
IN04959,Krisol क्रीम Stain Remover,Krisol,50ml,500,HH-LN,,5506403356263,28/02/21
IN04960,Novix Tomato जेल Ketchup,Novix,250ml,250,FB-CN,"eggs,peanuts",9572281605966,07/07/18
IN04961,Motivo 48hr Spray Deodorant,Motivo,400ml,75,PC-DO,"gluten,shellfish,sesame",8197673148121,20/12/20
IN04962,TEST-Vivara तेल Disinfectant Spray,Vivara,300ml,50,HH-SC,"milk,wheat",0651572024194,22/04/18
IN04963,Motivo 48hr Spray Deodorant,Motivo,100ml,300,PC-DO,gluten,6385690536256,21/08/22
IN04964,Vivara तेल Hot Chilli Sauce,Vivara,200ml,500,FB-CN,,9011707821172,18/09/22
IN04965,Polvera Night Cream,Polvera,750ml,300,PC-MS,,6752475071293,01/01/23
IN04966,DUMMY-Zenpur Mayonnaise,Zenpur,500ml,500,FB-CN,"eggs,soy,wheat",2875428900564,04/04/23
IN04967,Alteva Daily Moisturiser,Alteva,100ml,200,PC-MS,milk,5044839173004,31/05/22
04968,Solvix Granola Bar,Solvix,400ml,500,FB-SN,"gluten,shellfish,milk",4157429943213,04/01/22
IN04969,Purelix Oat Protein क्रीम Bar,Purelix,300ml,500,FB-SN,gluten,2730739370737,01/03/21
IN04970,DUMMY-Krisol Fabric Softener,Krisol,300ml,400,HH-LN,"sesame,peanuts",9900974993753,07/01/23
IN04971,Solaris Dishwasher Tablets,Solaris,50ml,500,HH-DW,"tree nuts,soy",1665043448463,21/11/22
IN04972,Teraxis Salted Crackers,Teraxis,75ml,400,FB-SN,"eggs,fish,wheat",3024829813204,10/06/19
IN04973,Brightway Rice Cakes,Brightway,250ml,400,FB-SN,"wheat,gluten",6255483152294,30/05/20
IN04974,Solven Moisturising Body Wash,Solven,400ml,300,PC-BW,"tree nuts,eggs,peanuts,wheat",0854912486687,06/08/18
IN04975,Solven Salted साबुन Crackers,Solven,250ml,300,FB-SN,eggs,4377014389206,25/05/21
IN04976,Serafix Intensive शैम्पू Moisturiser,Serafix,250ml,500,PC-MS,"wheat,eggs",1017992077056,26/06/23
IN04977,Lumeva Kitchen Cleaner,Lumeva,400ml,250,HH-SC,soy,3565732946011,06/09/19
IN04978,Novix Oat Protein Bar,Novix,200ml,250,FB-SN,gluten,6933894726975,22/07/18
IN04979,Arovia Kitchen Cleaner,Arovia,400ml,50,HH-SC,"shellfish,soy,sesame,tree nuts",3816975078381,28/11/23
IN04980,Zenpur Fragrance-Free Hand Wash,Zenpur,500ml,75,PC-HW,tree nuts,4665228975330,14/07/22
IN04981,Sovara Stain Remover,Sovara,50ml,75,HH-LN,,2569829976999,23/12/22
IN04982,Sovara Anti-Dandruff Shampoo,Sovara,500ml,500,PC-SH,"fish,soy,wheat,sesame",7540555083484,02/02/21
IN04983,Cladis Refreshing तेल Shower Gel,Cladis,100ml,500,PC-BW,"gluten,tree nuts,sesame,wheat",4479289709267,09/11/23
IN04984,Glova Eco Dish Liquid,Glova,100ml,75,HH-DW,,8588533929576,03/05/22
IN04985,Luminos फोम Granola Bar,Luminos,750ml,250,FB-SN,tree nuts,6308000038103,28/01/23
IN04986,DUMMY-Kaleo Daily Moisturiser,Kaleo,300ml,50,PC-MS,,9103128072995,28/05/21
IN04987,Krisol Mustard Sauce,Krisol,400ml,200,FB-CN,"peanuts,wheat",9640763863187,28/06/22
IN04988,Qualis Brightening Face Wash,Qualis,250ml,250,PC-FW,"shellfish,milk",6078054071295,12/11/23
IN04989,Arovia Eco Dish Liquid,Arovia,400ml,50,HH-DW,,1762158873149,05/08/21
04990,Polvera Tomato Ketchup,Polvera,150ml,150,FB-CN,,5235253220812,29/01/20
IN04991,Tolvex Hot Chilli साबुन Sauce,Tolvex,200ml,150,FB-CN,"eggs,milk,sesame,tree nuts",1128401723447,30/05/22
IN04992,Solaris Rice Cakes,Solaris,1000ml,250,FB-SN,fish,8908268154232,07/01/20
IN04993,Frosten लोशन Dish Liquid,Frosten,300ml,500,HH-DW,"milk,peanuts,eggs,sesame",8170015919771,05/02/18
IN04994,Tolvex Bathroom Cleaner,Tolvex,200ml,150,HH-SC,"shellfish,sesame",2173891455056,10/08/22
IN04995,Gleam स्प्रे Mustard Sauce,Gleam,1000ml,100,FB-CN,,2446428595250,09/11/19
IN04996,Kaleo पाउडर Vinegar Dressing,Kaleo,200ml,100,FB-CN,,9042584329918,08/02/20
IN04997,Luxara Rice Cakes,Luxara,50ml,400,FB-SN,"wheat,gluten,peanuts",4146332788455,16/06/20
IN04998,Zephyr Nourishing पाउडर Body Cleanser,Zephyr,300ml,500,PC-BW,"tree nuts,sesame,gluten",2572492598764,20/12/20
IN04999,Krisol Moisturising Body Wash,Krisol,300ml,300,PC-BW,"fish,milk",1644237014158,06/02/22
